_ObjectName,_SourceFile,_Script,_ScriptGUID,_ScriptFileID,MonoBehaviour.- {fileID,MonoBehaviour.Canvas,MonoBehaviour.Canvas_fileID,MonoBehaviour.arrowClosed,MonoBehaviour.arrowClosed_fileID,MonoBehaviour.arrowOpened,MonoBehaviour.arrowOpened_fileID,MonoBehaviour.blendDistance,MonoBehaviour.checkmarkImage,MonoBehaviour.checkmarkImage_fileID,MonoBehaviour.colorDefault,MonoBehaviour.colorImage,MonoBehaviour.colorImage_fileID,MonoBehaviour.colorSelected,MonoBehaviour.components,MonoBehaviour.content,MonoBehaviour.contentHolder,MonoBehaviour.contentHolder_fileID,MonoBehaviour.content_fileID,MonoBehaviour.fieldA,MonoBehaviour.fieldA_fileID,MonoBehaviour.fieldB,MonoBehaviour.fieldB_fileID,MonoBehaviour.fieldG,MonoBehaviour.fieldG_fileID,MonoBehaviour.fieldR,MonoBehaviour.fieldR_fileID,MonoBehaviour.fieldW,MonoBehaviour.fieldW_fileID,MonoBehaviour.fieldX,MonoBehaviour.fieldX_fileID,MonoBehaviour.fieldY,MonoBehaviour.fieldY_fileID,MonoBehaviour.fieldZ,MonoBehaviour.fieldZ_fileID,MonoBehaviour.graphic,MonoBehaviour.graphic_fileID,MonoBehaviour.header,MonoBehaviour.header_fileID,MonoBehaviour.m_AnimationTriggers.m_DisabledTrigger,MonoBehaviour.m_AnimationTriggers.m_HighlightedTrigger,MonoBehaviour.m_AnimationTriggers.m_NormalTrigger,MonoBehaviour.m_AnimationTriggers.m_PressedTrigger,MonoBehaviour.m_AnimationTriggers.m_SelectedTrigger,MonoBehaviour.m_Colors.m_ColorMultiplier,MonoBehaviour.m_Colors.m_DisabledColor,MonoBehaviour.m_Colors.m_FadeDuration,MonoBehaviour.m_Colors.m_HighlightedColor,MonoBehaviour.m_Colors.m_NormalColor,MonoBehaviour.m_Colors.m_PressedColor,MonoBehaviour.m_Colors.m_SelectedColor,MonoBehaviour.m_CorrespondingSourceObject,MonoBehaviour.m_CorrespondingSourceObject_fileID,MonoBehaviour.m_EditorHideFlags,MonoBehaviour.m_Enabled,MonoBehaviour.m_GameObject,MonoBehaviour.m_GameObject_fileID,MonoBehaviour.m_Group,MonoBehaviour.m_Group_fileID,MonoBehaviour.m_Interactable,MonoBehaviour.m_IsGlobal,MonoBehaviour.m_IsOn,MonoBehaviour.m_Name,MonoBehaviour.m_Navigation.m_Mode,MonoBehaviour.m_Navigation.m_SelectOnDown,MonoBehaviour.m_Navigation.m_SelectOnDown_fileID,MonoBehaviour.m_Navigation.m_SelectOnLeft,MonoBehaviour.m_Navigation.m_SelectOnLeft_fileID,MonoBehaviour.m_Navigation.m_SelectOnRight,MonoBehaviour.m_Navigation.m_SelectOnRight_fileID,MonoBehaviour.m_Navigation.m_SelectOnUp,MonoBehaviour.m_Navigation.m_SelectOnUp_fileID,MonoBehaviour.m_Navigation.m_WrapAround,MonoBehaviour.m_ObjectHideFlags,MonoBehaviour.m_PrefabAsset,MonoBehaviour.m_PrefabAsset_fileID,MonoBehaviour.m_PrefabInstance,MonoBehaviour.m_PrefabInstance_fileID,MonoBehaviour.m_Script,MonoBehaviour.m_Script_fileID,MonoBehaviour.m_Script_guid,MonoBehaviour.m_SpriteState.m_DisabledSprite,MonoBehaviour.m_SpriteState.m_DisabledSprite_fileID,MonoBehaviour.m_SpriteState.m_HighlightedSprite,MonoBehaviour.m_SpriteState.m_HighlightedSprite_fileID,MonoBehaviour.m_SpriteState.m_PressedSprite,MonoBehaviour.m_SpriteState.m_PressedSprite_fileID,MonoBehaviour.m_SpriteState.m_SelectedSprite,MonoBehaviour.m_SpriteState.m_SelectedSprite_fileID,MonoBehaviour.m_TargetGraphic,MonoBehaviour.m_TargetGraphic_fileID,MonoBehaviour.m_Transition,MonoBehaviour.nameLabel,MonoBehaviour.nameLabel_fileID,MonoBehaviour.nextButtonText,MonoBehaviour.nextButtonText_fileID,MonoBehaviour.onValueChanged.m_PersistentCalls.m_Calls,MonoBehaviour.previousButtonText,MonoBehaviour.previousButtonText_fileID,MonoBehaviour.priority,MonoBehaviour.progressBarRect,MonoBehaviour.progressBarRect_fileID,MonoBehaviour.scrollRect,MonoBehaviour.scrollRect_fileID,MonoBehaviour.sharedProfile,MonoBehaviour.sharedProfile_fileID,MonoBehaviour.sharedProfile_guid,MonoBehaviour.sharedProfile_path,MonoBehaviour.toggleTransition,MonoBehaviour.valueLabel,MonoBehaviour.valueLabel_fileID,MonoBehaviour.valueToggle,MonoBehaviour.valueToggle_fileID,MonoBehaviour.viewport,MonoBehaviour.viewport_fileID,MonoBehaviour.weight
MiniGameVolume_Snake,Assets/MonoBehaviour/MiniGameVolume_Snake.asset,57c9a3e5193e26c4b968cc86e528416d,57c9a3e5193e26c4b968cc86e528416d,250344640,,,,,,,,,,,,,,,[],,,,,,,,,,,,,,,,,,,,,,,,,,,,,,,,,,,,,{fileID: 0},0,0,1,{fileID: 0},0,,,,,,MiniGameVolume_Snake,,,,,,,,,,,0,{fileID: 0},0,{fileID: 0},0,"{fileID: 250344640, guid: 57c9a3e5193e26c4b968cc86e528416d, type: 3}",250344640,57c9a3e5193e26c4b968cc86e528416d,,,,,,,,,,,,,,,,,,,,,,,,,,,,,,,,,,,
BlindVolume,Assets/MonoBehaviour/BlindVolume.asset,57c9a3e5193e26c4b968cc86e528416d,57c9a3e5193e26c4b968cc86e528416d,250344640,"11400000, guid: 6dc6a185b3604454d819ae71489f4fea, type: 2}",,,,,,,,,,,,,,,,,,,,,,,,,,,,,,,,,,,,,,,,,,,,,,,,,,,{fileID: 0},0,0,1,{fileID: 0},0,,,,,,BlindVolume,,,,,,,,,,,0,{fileID: 0},0,{fileID: 0},0,"{fileID: 250344640, guid: 57c9a3e5193e26c4b968cc86e528416d, type: 3}",250344640,57c9a3e5193e26c4b968cc86e528416d,,,,,,,,,,,,,,,,,,,,,,,,,,,,,,,,,,,
DevCamProfile,Assets/MonoBehaviour/DevCamProfile.asset,57c9a3e5193e26c4b968cc86e528416d,57c9a3e5193e26c4b968cc86e528416d,250344640,"11400000, guid: 19f20eb083aa1fd4f812f7da98a9e7db, type: 2}",,,,,,,,,,,,,,,,,,,,,,,,,,,,,,,,,,,,,,,,,,,,,,,,,,,{fileID: 0},0,0,1,{fileID: 0},0,,,,,,DevCamProfile,,,,,,,,,,,0,{fileID: 0},0,{fileID: 0},0,"{fileID: 250344640, guid: 57c9a3e5193e26c4b968cc86e528416d, type: 3}",250344640,57c9a3e5193e26c4b968cc86e528416d,,,,,,,,,,,,,,,,,,,,,,,,,,,,,,,,,,,
Ending_Day,Assets/MonoBehaviour/Ending_Day.asset,57c9a3e5193e26c4b968cc86e528416d,57c9a3e5193e26c4b968cc86e528416d,250344640,"11400000, guid: a95d48852461d4041859a82300592e80, type: 2}",,,,,,,,,,,,,,,,,,,,,,,,,,,,,,,,,,,,,,,,,,,,,,,,,,,{fileID: 0},0,0,1,{fileID: 0},0,,,,,,Ending_Day,,,,,,,,,,,0,{fileID: 0},0,{fileID: 0},0,"{fileID: 250344640, guid: 57c9a3e5193e26c4b968cc86e528416d, type: 3}",250344640,57c9a3e5193e26c4b968cc86e528416d,,,,,,,,,,,,,,,,,,,,,,,,,,,,,,,,,,,
HurtVolume,Assets/MonoBehaviour/HurtVolume.asset,57c9a3e5193e26c4b968cc86e528416d,57c9a3e5193e26c4b968cc86e528416d,250344640,"11400000, guid: afbfc8421f66d084b977509416e5639b, type: 2}",,,,,,,,,,,,,,,,,,,,,,,,,,,,,,,,,,,,,,,,,,,,,,,,,,,{fileID: 0},0,0,1,{fileID: 0},0,,,,,,HurtVolume,,,,,,,,,,,0,{fileID: 0},0,{fileID: 0},0,"{fileID: 250344640, guid: 57c9a3e5193e26c4b968cc86e528416d, type: 3}",250344640,57c9a3e5193e26c4b968cc86e528416d,,,,,,,,,,,,,,,,,,,,,,,,,,,,,,,,,,,
GamingConsole_0,Assets/MonoBehaviour/GamingConsole_0.asset,57c9a3e5193e26c4b968cc86e528416d,57c9a3e5193e26c4b968cc86e528416d,250344640,"11400000, guid: c3dd981eb136e5047a3cddffee4cfb55, type: 2}",,,,,,,,,,,,,,,,,,,,,,,,,,,,,,,,,,,,,,,,,,,,,,,,,,,{fileID: 0},0,0,1,{fileID: 0},0,,,,,,GamingConsole,,,,,,,,,,,0,{fileID: 0},0,{fileID: 0},0,"{fileID: 250344640, guid: 57c9a3e5193e26c4b968cc86e528416d, type: 3}",250344640,57c9a3e5193e26c4b968cc86e528416d,,,,,,,,,,,,,,,,,,,,,,,,,,,,,,,,,,,
Volume_Level_GroundZero_Rainy Night,Assets/MonoBehaviour/Volume_Level_GroundZero_Rainy Night.asset,57c9a3e5193e26c4b968cc86e528416d,57c9a3e5193e26c4b968cc86e528416d,250344640,"11400000, guid: da695abb357da0b489902170a9308e20, type: 2}",,,,,,,,,,,,,,,,,,,,,,,,,,,,,,,,,,,,,,,,,,,,,,,,,,,{fileID: 0},0,0,1,{fileID: 0},0,,,,,,Volume_Level_GroundZero_Rainy Night,,,,,,,,,,,0,{fileID: 0},0,{fileID: 0},0,"{fileID: 250344640, guid: 57c9a3e5193e26c4b968cc86e528416d, type: 3}",250344640,57c9a3e5193e26c4b968cc86e528416d,,,,,,,,,,,,,,,,,,,,,,,,,,,,,,,,,,,
Ending_DepthMiddle,Assets/MonoBehaviour/Ending_DepthMiddle.asset,57c9a3e5193e26c4b968cc86e528416d,57c9a3e5193e26c4b968cc86e528416d,250344640,"11400000, guid: 9818a6ef281554c4b938579e47d9fa26, type: 2}",,,,,,,,,,,,,,,,,,,,,,,,,,,,,,,,,,,,,,,,,,,,,,,,,,,{fileID: 0},0,0,1,{fileID: 0},0,,,,,,Ending_DepthMiddle,,,,,,,,,,,0,{fileID: 0},0,{fileID: 0},0,"{fileID: 250344640, guid: 57c9a3e5193e26c4b968cc86e528416d, type: 3}",250344640,57c9a3e5193e26c4b968cc86e528416d,,,,,,,,,,,,,,,,,,,,,,,,,,,,,,,,,,,
StormZoneVolume_Vally,Assets/MonoBehaviour/StormZoneVolume_Vally.asset,57c9a3e5193e26c4b968cc86e528416d,57c9a3e5193e26c4b968cc86e528416d,250344640,"11400000, guid: 25aff88a5a270314f847e48b254498bd, type: 2}",,,,,,,,,,,,,,,,,,,,,,,,,,,,,,,,,,,,,,,,,,,,,,,,,,,{fileID: 0},0,0,1,{fileID: 0},0,,,,,,StormZoneVolume_Vally,,,,,,,,,,,0,{fileID: 0},0,{fileID: 0},0,"{fileID: 250344640, guid: 57c9a3e5193e26c4b968cc86e528416d, type: 3}",250344640,57c9a3e5193e26c4b968cc86e528416d,,,,,,,,,,,,,,,,,,,,,,,,,,,,,,,,,,,
Volume_Level_JLab_Dark,Assets/MonoBehaviour/Volume_Level_JLab_Dark.asset,57c9a3e5193e26c4b968cc86e528416d,57c9a3e5193e26c4b968cc86e528416d,250344640,"11400000, guid: 4b42c33a21c7a0d48b725830b2f98298, type: 2}",,,,,,,,,,,,,,,,,,,,,,,,,,,,,,,,,,,,,,,,,,,,,,,,,,,{fileID: 0},0,0,1,{fileID: 0},0,,,,,,Volume_Level_JLab_Dark,,,,,,,,,,,0,{fileID: 0},0,{fileID: 0},0,"{fileID: 250344640, guid: 57c9a3e5193e26c4b968cc86e528416d, type: 3}",250344640,57c9a3e5193e26c4b968cc86e528416d,,,,,,,,,,,,,,,,,,,,,,,,,,,,,,,,,,,
StormZoneVolume_Override_BN,Assets/MonoBehaviour/StormZoneVolume_Override_BN.asset,57c9a3e5193e26c4b968cc86e528416d,57c9a3e5193e26c4b968cc86e528416d,250344640,"11400000, guid: 1777e9e7277d61740ad196f6978b1c27, type: 2}",,,,,,,,,,,,,,,,,,,,,,,,,,,,,,,,,,,,,,,,,,,,,,,,,,,{fileID: 0},0,0,1,{fileID: 0},0,,,,,,StormZoneVolume_Override_BN,,,,,,,,,,,0,{fileID: 0},0,{fileID: 0},0,"{fileID: 250344640, guid: 57c9a3e5193e26c4b968cc86e528416d, type: 3}",250344640,57c9a3e5193e26c4b968cc86e528416d,,,,,,,,,,,,,,,,,,,,,,,,,,,,,,,,,,,
PlanetVolume Profile,Assets/MonoBehaviour/PlanetVolume Profile.asset,57c9a3e5193e26c4b968cc86e528416d,57c9a3e5193e26c4b968cc86e528416d,250344640,"11400000, guid: 387d84e6a63a04c41bd554e6ab1a0993, type: 2}",,,,,,,,,,,,,,,,,,,,,,,,,,,,,,,,,,,,,,,,,,,,,,,,,,,{fileID: 0},0,0,1,{fileID: 0},0,,,,,,PlanetVolume Profile,,,,,,,,,,,0,{fileID: 0},0,{fileID: 0},0,"{fileID: 250344640, guid: 57c9a3e5193e26c4b968cc86e528416d, type: 3}",250344640,57c9a3e5193e26c4b968cc86e528416d,,,,,,,,,,,,,,,,,,,,,,,,,,,,,,,,,,,
Boss_Red_Profile,Assets/MonoBehaviour/Boss_Red_Profile.asset,57c9a3e5193e26c4b968cc86e528416d,57c9a3e5193e26c4b968cc86e528416d,250344640,"11400000, guid: 06535601636c59a4bb492666f100b021, type: 2}",,,,,,,,,,,,,,,,,,,,,,,,,,,,,,,,,,,,,,,,,,,,,,,,,,,{fileID: 0},0,0,1,{fileID: 0},0,,,,,,Boss_Red_Profile,,,,,,,,,,,0,{fileID: 0},0,{fileID: 0},0,"{fileID: 250344640, guid: 57c9a3e5193e26c4b968cc86e528416d, type: 3}",250344640,57c9a3e5193e26c4b968cc86e528416d,,,,,,,,,,,,,,,,,,,,,,,,,,,,,,,,,,,
Ending_Night,Assets/MonoBehaviour/Ending_Night.asset,57c9a3e5193e26c4b968cc86e528416d,57c9a3e5193e26c4b968cc86e528416d,250344640,"11400000, guid: fde5b5b6565e02a4f833f8022c8b92ac, type: 2}",,,,,,,,,,,,,,,,,,,,,,,,,,,,,,,,,,,,,,,,,,,,,,,,,,,{fileID: 0},0,0,1,{fileID: 0},0,,,,,,Ending_Night,,,,,,,,,,,0,{fileID: 0},0,{fileID: 0},0,"{fileID: 250344640, guid: 57c9a3e5193e26c4b968cc86e528416d, type: 3}",250344640,57c9a3e5193e26c4b968cc86e528416d,,,,,,,,,,,,,,,,,,,,,,,,,,,,,,,,,,,
Volume_Level_GroundZero_Morning,Assets/MonoBehaviour/Volume_Level_GroundZero_Morning.asset,57c9a3e5193e26c4b968cc86e528416d,57c9a3e5193e26c4b968cc86e528416d,250344640,"11400000, guid: ce11c6ec608785a4cba535bc0bcecce4, type: 2}",,,,,,,,,,,,,,,,,,,,,,,,,,,,,,,,,,,,,,,,,,,,,,,,,,,{fileID: 0},0,0,1,{fileID: 0},0,,,,,,Volume_Level_GroundZero_Morning,,,,,,,,,,,0,{fileID: 0},0,{fileID: 0},0,"{fileID: 250344640, guid: 57c9a3e5193e26c4b968cc86e528416d, type: 3}",250344640,57c9a3e5193e26c4b968cc86e528416d,,,,,,,,,,,,,,,,,,,,,,,,,,,,,,,,,,,
Volume_Level_GroundZero_Storm2,Assets/MonoBehaviour/Volume_Level_GroundZero_Storm2.asset,57c9a3e5193e26c4b968cc86e528416d,57c9a3e5193e26c4b968cc86e528416d,250344640,"11400000, guid: b6f97f241c704ab46a13e06d849466df, type: 2}",,,,,,,,,,,,,,,,,,,,,,,,,,,,,,,,,,,,,,,,,,,,,,,,,,,{fileID: 0},0,0,1,{fileID: 0},0,,,,,,Volume_Level_GroundZero_Storm2,,,,,,,,,,,0,{fileID: 0},0,{fileID: 0},0,"{fileID: 250344640, guid: 57c9a3e5193e26c4b968cc86e528416d, type: 3}",250344640,57c9a3e5193e26c4b968cc86e528416d,,,,,,,,,,,,,,,,,,,,,,,,,,,,,,,,,,,
Volume_Level_GroundZero_Rainy,Assets/MonoBehaviour/Volume_Level_GroundZero_Rainy.asset,57c9a3e5193e26c4b968cc86e528416d,57c9a3e5193e26c4b968cc86e528416d,250344640,"11400000, guid: 2021ff0a0f6685146b605024892b7338, type: 2}",,,,,,,,,,,,,,,,,,,,,,,,,,,,,,,,,,,,,,,,,,,,,,,,,,,{fileID: 0},0,0,1,{fileID: 0},0,,,,,,Volume_Level_GroundZero_Rainy,,,,,,,,,,,0,{fileID: 0},0,{fileID: 0},0,"{fileID: 250344640, guid: 57c9a3e5193e26c4b968cc86e528416d, type: 3}",250344640,57c9a3e5193e26c4b968cc86e528416d,,,,,,,,,,,,,,,,,,,,,,,,,,,,,,,,,,,
TopDownProfile,Assets/MonoBehaviour/TopDownProfile.asset,57c9a3e5193e26c4b968cc86e528416d,57c9a3e5193e26c4b968cc86e528416d,250344640,"11400000, guid: 4510c0baf1b791e4fbbe26cd0a138ee9, type: 2}",,,,,,,,,,,,,,,,,,,,,,,,,,,,,,,,,,,,,,,,,,,,,,,,,,,{fileID: 0},0,0,1,{fileID: 0},0,,,,,,TopDownProfile,,,,,,,,,,,0,{fileID: 0},0,{fileID: 0},0,"{fileID: 250344640, guid: 57c9a3e5193e26c4b968cc86e528416d, type: 3}",250344640,57c9a3e5193e26c4b968cc86e528416d,,,,,,,,,,,,,,,,,,,,,,,,,,,,,,,,,,,
MainMenuBasicVolume,Assets/MonoBehaviour/MainMenuBasicVolume.asset,57c9a3e5193e26c4b968cc86e528416d,57c9a3e5193e26c4b968cc86e528416d,250344640,"11400000, guid: 63c2c6a50f524dd4f8a46556543983af, type: 2}",,,,,,,,,,,,,,,,,,,,,,,,,,,,,,,,,,,,,,,,,,,,,,,,,,,{fileID: 0},0,0,1,{fileID: 0},0,,,,,,MainMenuBasicVolume,,,,,,,,,,,0,{fileID: 0},0,{fileID: 0},0,"{fileID: 250344640, guid: 57c9a3e5193e26c4b968cc86e528416d, type: 3}",250344640,57c9a3e5193e26c4b968cc86e528416d,,,,,,,,,,,,,,,,,,,,,,,,,,,,,,,,,,,
BaseVolume_Underground,Assets/MonoBehaviour/BaseVolume_Underground.asset,57c9a3e5193e26c4b968cc86e528416d,57c9a3e5193e26c4b968cc86e528416d,250344640,"11400000, guid: 3f045e5e135d6f645b500bbb92323f4e, type: 2}",,,,,,,,,,,,,,,,,,,,,,,,,,,,,,,,,,,,,,,,,,,,,,,,,,,{fileID: 0},0,0,1,{fileID: 0},0,,,,,,BaseVolume_Underground,,,,,,,,,,,0,{fileID: 0},0,{fileID: 0},0,"{fileID: 250344640, guid: 57c9a3e5193e26c4b968cc86e528416d, type: 3}",250344640,57c9a3e5193e26c4b968cc86e528416d,,,,,,,,,,,,,,,,,,,,,,,,,,,,,,,,,,,
Ending_Cloudy,Assets/MonoBehaviour/Ending_Cloudy.asset,57c9a3e5193e26c4b968cc86e528416d,57c9a3e5193e26c4b968cc86e528416d,250344640,"11400000, guid: 8ac0757624de4fd4aba7cbc746f039de, type: 2}",,,,,,,,,,,,,,,,,,,,,,,,,,,,,,,,,,,,,,,,,,,,,,,,,,,{fileID: 0},0,0,1,{fileID: 0},0,,,,,,Ending_Cloudy,,,,,,,,,,,0,{fileID: 0},0,{fileID: 0},0,"{fileID: 250344640, guid: 57c9a3e5193e26c4b968cc86e528416d, type: 3}",250344640,57c9a3e5193e26c4b968cc86e528416d,,,,,,,,,,,,,,,,,,,,,,,,,,,,,,,,,,,
Volume_Teleporter,Assets/MonoBehaviour/Volume_Teleporter.asset,57c9a3e5193e26c4b968cc86e528416d,57c9a3e5193e26c4b968cc86e528416d,250344640,"11400000, guid: bc36363b06d2e7c45982eb01f2db7650, type: 2}",,,,,,,,,,,,,,,,,,,,,,,,,,,,,,,,,,,,,,,,,,,,,,,,,,,{fileID: 0},0,0,1,{fileID: 0},0,,,,,,Volume_Teleporter,,,,,,,,,,,0,{fileID: 0},0,{fileID: 0},0,"{fileID: 250344640, guid: 57c9a3e5193e26c4b968cc86e528416d, type: 3}",250344640,57c9a3e5193e26c4b968cc86e528416d,,,,,,,,,,,,,,,,,,,,,,,,,,,,,,,,,,,
GroundZeroVolume_CaveInside_Close,Assets/MonoBehaviour/GroundZeroVolume_CaveInside_Close.asset,57c9a3e5193e26c4b968cc86e528416d,57c9a3e5193e26c4b968cc86e528416d,250344640,"11400000, guid: 13643590590846141b559b0e5f1962ca, type: 2}",,,,,,,,,,,,,,,,,,,,,,,,,,,,,,,,,,,,,,,,,,,,,,,,,,,{fileID: 0},0,0,1,{fileID: 0},0,,,,,,GroundZeroVolume_CaveInside_Close,,,,,,,,,,,0,{fileID: 0},0,{fileID: 0},0,"{fileID: 250344640, guid: 57c9a3e5193e26c4b968cc86e528416d, type: 3}",250344640,57c9a3e5193e26c4b968cc86e528416d,,,,,,,,,,,,,,,,,,,,,,,,,,,,,,,,,,,
InteractVolume Profile,Assets/MonoBehaviour/InteractVolume Profile.asset,57c9a3e5193e26c4b968cc86e528416d,57c9a3e5193e26c4b968cc86e528416d,250344640,"11400000, guid: 169bfc77484061642bfdeb694d79342d, type: 2}",,,,,,,,,,,,,,,,,,,,,,,,,,,,,,,,,,,,,,,,,,,,,,,,,,,{fileID: 0},0,0,1,{fileID: 0},0,,,,,,InteractVolume Profile,,,,,,,,,,,0,{fileID: 0},0,{fileID: 0},0,"{fileID: 250344640, guid: 57c9a3e5193e26c4b968cc86e528416d, type: 3}",250344640,57c9a3e5193e26c4b968cc86e528416d,,,,,,,,,,,,,,,,,,,,,,,,,,,,,,,,,,,
SceneBuilderCameraVolumeProfile,Assets/MonoBehaviour/SceneBuilderCameraVolumeProfile.asset,57c9a3e5193e26c4b968cc86e528416d,57c9a3e5193e26c4b968cc86e528416d,250344640,"11400000, guid: 3756f298023d1604d879d3d9522d556e, type: 2}",,,,,,,,,,,,,,,,,,,,,,,,,,,,,,,,,,,,,,,,,,,,,,,,,,,{fileID: 0},0,0,1,{fileID: 0},0,,,,,,SceneBuilderCameraVolumeProfile,,,,,,,,,,,0,{fileID: 0},0,{fileID: 0},0,"{fileID: 250344640, guid: 57c9a3e5193e26c4b968cc86e528416d, type: 3}",250344640,57c9a3e5193e26c4b968cc86e528416d,,,,,,,,,,,,,,,,,,,,,,,,,,,,,,,,,,,
BaseVolume,Assets/MonoBehaviour/BaseVolume.asset,57c9a3e5193e26c4b968cc86e528416d,57c9a3e5193e26c4b968cc86e528416d,250344640,"11400000, guid: 633174af96373af4ca22e59747ce1fe3, type: 2}",,,,,,,,,,,,,,,,,,,,,,,,,,,,,,,,,,,,,,,,,,,,,,,,,,,{fileID: 0},0,0,1,{fileID: 0},0,,,,,,BaseVolume,,,,,,,,,,,0,{fileID: 0},0,{fileID: 0},0,"{fileID: 250344640, guid: 57c9a3e5193e26c4b968cc86e528416d, type: 3}",250344640,57c9a3e5193e26c4b968cc86e528416d,,,,,,,,,,,,,,,,,,,,,,,,,,,,,,,,,,,
Ending_DepthShallow,Assets/MonoBehaviour/Ending_DepthShallow.asset,57c9a3e5193e26c4b968cc86e528416d,57c9a3e5193e26c4b968cc86e528416d,250344640,"11400000, guid: fb6b8e7c7e5d2434ba73be3b1dc4651d, type: 2}",,,,,,,,,,,,,,,,,,,,,,,,,,,,,,,,,,,,,,,,,,,,,,,,,,,{fileID: 0},0,0,1,{fileID: 0},0,,,,,,Ending_DepthShallow,,,,,,,,,,,0,{fileID: 0},0,{fileID: 0},0,"{fileID: 250344640, guid: 57c9a3e5193e26c4b968cc86e528416d, type: 3}",250344640,57c9a3e5193e26c4b968cc86e528416d,,,,,,,,,,,,,,,,,,,,,,,,,,,,,,,,,,,
DuckovGlobalVolumeProfile,Assets/MonoBehaviour/DuckovGlobalVolumeProfile.asset,57c9a3e5193e26c4b968cc86e528416d,57c9a3e5193e26c4b968cc86e528416d,250344640,"11400000, guid: e9df3faafaa875c41be168c406673c7c, type: 2}",,,,,,,,,,,,,,,,,,,,,,,,,,,,,,,,,,,,,,,,,,,,,,,,,,,{fileID: 0},0,0,1,{fileID: 0},0,,,,,,DuckovGlobalVolumeProfile,,,,,,,,,,,0,{fileID: 0},0,{fileID: 0},0,"{fileID: 250344640, guid: 57c9a3e5193e26c4b968cc86e528416d, type: 3}",250344640,57c9a3e5193e26c4b968cc86e528416d,,,,,,,,,,,,,,,,,,,,,,,,,,,,,,,,,,,
GroundZeroVolume_HighMountain_m,Assets/MonoBehaviour/GroundZeroVolume_HighMountain_m.asset,57c9a3e5193e26c4b968cc86e528416d,57c9a3e5193e26c4b968cc86e528416d,250344640,"11400000, guid: 6f7e4b6e9a344d14ca40a81fd3b9d8e3, type: 2}",,,,,,,,,,,,,,,,,,,,,,,,,,,,,,,,,,,,,,,,,,,,,,,,,,,{fileID: 0},0,0,1,{fileID: 0},0,,,,,,GroundZeroVolume_HighMountain_m,,,,,,,,,,,0,{fileID: 0},0,{fileID: 0},0,"{fileID: 250344640, guid: 57c9a3e5193e26c4b968cc86e528416d, type: 3}",250344640,57c9a3e5193e26c4b968cc86e528416d,,,,,,,,,,,,,,,,,,,,,,,,,,,,,,,,,,,
GroundZeroStartVolume,Assets/MonoBehaviour/GroundZeroStartVolume.asset,57c9a3e5193e26c4b968cc86e528416d,57c9a3e5193e26c4b968cc86e528416d,250344640,"11400000, guid: 2e3ba13c51721c044ba9a61325235ba1, type: 2}",,,,,,,,,,,,,,,,,,,,,,,,,,,,,,,,,,,,,,,,,,,,,,,,,,,{fileID: 0},0,0,1,{fileID: 0},0,,,,,,GroundZeroStartVolume,,,,,,,,,,,0,{fileID: 0},0,{fileID: 0},0,"{fileID: 250344640, guid: 57c9a3e5193e26c4b968cc86e528416d, type: 3}",250344640,57c9a3e5193e26c4b968cc86e528416d,,,,,,,,,,,,,,,,,,,,,,,,,,,,,,,,,,,
FarmConstructionVolume Profile,Assets/MonoBehaviour/FarmConstructionVolume Profile.asset,57c9a3e5193e26c4b968cc86e528416d,57c9a3e5193e26c4b968cc86e528416d,250344640,"11400000, guid: d2ff7e8cde111ed48a029f793032c86e, type: 2}",,,,,,,,,,,,,,,,,,,,,,,,,,,,,,,,,,,,,,,,,,,,,,,,,,,{fileID: 0},0,0,1,{fileID: 0},0,,,,,,FarmConstructionVolume Profile,,,,,,,,,,,0,{fileID: 0},0,{fileID: 0},0,"{fileID: 250344640, guid: 57c9a3e5193e26c4b968cc86e528416d, type: 3}",250344640,57c9a3e5193e26c4b968cc86e528416d,,,,,,,,,,,,,,,,,,,,,,,,,,,,,,,,,,,
Volume_Level_JLab_TOD,Assets/MonoBehaviour/Volume_Level_JLab_TOD.asset,57c9a3e5193e26c4b968cc86e528416d,57c9a3e5193e26c4b968cc86e528416d,250344640,"11400000, guid: d21649b955cd3d34faf63301dc91ef3b, type: 2}",,,,,,,,,,,,,,,,,,,,,,,,,,,,,,,,,,,,,,,,,,,,,,,,,,,{fileID: 0},0,0,1,{fileID: 0},0,,,,,,Volume_Level_JLab_TOD,,,,,,,,,,,0,{fileID: 0},0,{fileID: 0},0,"{fileID: 250344640, guid: 57c9a3e5193e26c4b968cc86e528416d, type: 3}",250344640,57c9a3e5193e26c4b968cc86e528416d,,,,,,,,,,,,,,,,,,,,,,,,,,,,,,,,,,,
CameraModeVolume,Assets/MonoBehaviour/CameraModeVolume.asset,57c9a3e5193e26c4b968cc86e528416d,57c9a3e5193e26c4b968cc86e528416d,250344640,"11400000, guid: 5ef79d7926e480d43ad43e356da50580, type: 2}",,,,,,,,,,,,,,,,,,,,,,,,,,,,,,,,,,,,,,,,,,,,,,,,,,,{fileID: 0},0,0,1,{fileID: 0},0,,,,,,CameraModeVolume,,,,,,,,,,,0,{fileID: 0},0,{fileID: 0},0,"{fileID: 250344640, guid: 57c9a3e5193e26c4b968cc86e528416d, type: 3}",250344640,57c9a3e5193e26c4b968cc86e528416d,,,,,,,,,,,,,,,,,,,,,,,,,,,,,,,,,,,
Volume_Level_GroundZero_AfterNoon,Assets/MonoBehaviour/Volume_Level_GroundZero_AfterNoon.asset,57c9a3e5193e26c4b968cc86e528416d,57c9a3e5193e26c4b968cc86e528416d,250344640,"11400000, guid: e1095177fd904d74383ae636801f3921, type: 2}",,,,,,,,,,,,,,,,,,,,,,,,,,,,,,,,,,,,,,,,,,,,,,,,,,,{fileID: 0},0,0,1,{fileID: 0},0,,,,,,Volume_Level_GroundZero_AfterNoon,,,,,,,,,,,0,{fileID: 0},0,{fileID: 0},0,"{fileID: 250344640, guid: 57c9a3e5193e26c4b968cc86e528416d, type: 3}",250344640,57c9a3e5193e26c4b968cc86e528416d,,,,,,,,,,,,,,,,,,,,,,,,,,,,,,,,,,,
GuideInDoorVolume,Assets/MonoBehaviour/GuideInDoorVolume.asset,57c9a3e5193e26c4b968cc86e528416d,57c9a3e5193e26c4b968cc86e528416d,250344640,"11400000, guid: 697dc16c284fba2459e4c481aadf7d48, type: 2}",,,,,,,,,,,,,,,,,,,,,,,,,,,,,,,,,,,,,,,,,,,,,,,,,,,{fileID: 0},0,0,1,{fileID: 0},0,,,,,,GuideInDoorVolume,,,,,,,,,,,0,{fileID: 0},0,{fileID: 0},0,"{fileID: 250344640, guid: 57c9a3e5193e26c4b968cc86e528416d, type: 3}",250344640,57c9a3e5193e26c4b968cc86e528416d,,,,,,,,,,,,,,,,,,,,,,,,,,,,,,,,,,,
Volume_Level_GroundZero_ Night,Assets/MonoBehaviour/Volume_Level_GroundZero_ Night.asset,57c9a3e5193e26c4b968cc86e528416d,57c9a3e5193e26c4b968cc86e528416d,250344640,"11400000, guid: c7f4142b38103df41b3549d8f4467e97, type: 2}",,,,,,,,,,,,,,,,,,,,,,,,,,,,,,,,,,,,,,,,,,,,,,,,,,,{fileID: 0},0,0,1,{fileID: 0},0,,,,,,Volume_Level_GroundZero_ Night,,,,,,,,,,,0,{fileID: 0},0,{fileID: 0},0,"{fileID: 250344640, guid: 57c9a3e5193e26c4b968cc86e528416d, type: 3}",250344640,57c9a3e5193e26c4b968cc86e528416d,,,,,,,,,,,,,,,,,,,,,,,,,,,,,,,,,,,
GroundZeroVolume_HighMountain,Assets/MonoBehaviour/GroundZeroVolume_HighMountain.asset,57c9a3e5193e26c4b968cc86e528416d,57c9a3e5193e26c4b968cc86e528416d,250344640,"11400000, guid: 2a10ae3e84baa6c4fbded66702703342, type: 2}",,,,,,,,,,,,,,,,,,,,,,,,,,,,,,,,,,,,,,,,,,,,,,,,,,,{fileID: 0},0,0,1,{fileID: 0},0,,,,,,GroundZeroVolume_HighMountain,,,,,,,,,,,0,{fileID: 0},0,{fileID: 0},0,"{fileID: 250344640, guid: 57c9a3e5193e26c4b968cc86e528416d, type: 3}",250344640,57c9a3e5193e26c4b968cc86e528416d,,,,,,,,,,,,,,,,,,,,,,,,,,,,,,,,,,,
MiniGameVolume_FPS,Assets/MonoBehaviour/MiniGameVolume_FPS.asset,57c9a3e5193e26c4b968cc86e528416d,57c9a3e5193e26c4b968cc86e528416d,250344640,"11400000, guid: 775a41a64746805429e74683d90d7d1d, type: 2}",,,,,,,,,,,,,,,,,,,,,,,,,,,,,,,,,,,,,,,,,,,,,,,,,,,{fileID: 0},0,0,1,{fileID: 0},0,,,,,,MiniGameVolume_FPS,,,,,,,,,,,0,{fileID: 0},0,{fileID: 0},0,"{fileID: 250344640, guid: 57c9a3e5193e26c4b968cc86e528416d, type: 3}",250344640,57c9a3e5193e26c4b968cc86e528416d,,,,,,,,,,,,,,,,,,,,,,,,,,,,,,,,,,,
Volume_Level_StormZone_Storm,Assets/MonoBehaviour/Volume_Level_StormZone_Storm.asset,57c9a3e5193e26c4b968cc86e528416d,57c9a3e5193e26c4b968cc86e528416d,250344640,"11400000, guid: 056a90814e0dc2642af06737f55a4d88, type: 2}",,,,,,,,,,,,,,,,,,,,,,,,,,,,,,,,,,,,,,,,,,,,,,,,,,,{fileID: 0},0,0,1,{fileID: 0},0,,,,,,Volume_Level_StormZone_Storm,,,,,,,,,,,0,{fileID: 0},0,{fileID: 0},0,"{fileID: 250344640, guid: 57c9a3e5193e26c4b968cc86e528416d, type: 3}",250344640,57c9a3e5193e26c4b968cc86e528416d,,,,,,,,,,,,,,,,,,,,,,,,,,,,,,,,,,,
GroundZeroVolume_CaveEntry,Assets/MonoBehaviour/GroundZeroVolume_CaveEntry.asset,57c9a3e5193e26c4b968cc86e528416d,57c9a3e5193e26c4b968cc86e528416d,250344640,"11400000, guid: 52825636c982bbb488b0c6faeeb421d4, type: 2}",,,,,,,,,,,,,,,,,,,,,,,,,,,,,,,,,,,,,,,,,,,,,,,,,,,{fileID: 0},0,0,1,{fileID: 0},0,,,,,,GroundZeroVolume_CaveEntry,,,,,,,,,,,0,{fileID: 0},0,{fileID: 0},0,"{fileID: 250344640, guid: 57c9a3e5193e26c4b968cc86e528416d, type: 3}",250344640,57c9a3e5193e26c4b968cc86e528416d,,,,,,,,,,,,,,,,,,,,,,,,,,,,,,,,,,,
GuideOutDoorOverrideVolume,Assets/MonoBehaviour/GuideOutDoorOverrideVolume.asset,57c9a3e5193e26c4b968cc86e528416d,57c9a3e5193e26c4b968cc86e528416d,250344640,"11400000, guid: 16fcb091c92452a4ca2c795acd8035a1, type: 2}",,,,,,,,,,,,,,,,,,,,,,,,,,,,,,,,,,,,,,,,,,,,,,,,,,,{fileID: 0},0,0,1,{fileID: 0},0,,,,,,GuideOutDoorOverrideVolume,,,,,,,,,,,0,{fileID: 0},0,{fileID: 0},0,"{fileID: 250344640, guid: 57c9a3e5193e26c4b968cc86e528416d, type: 3}",250344640,57c9a3e5193e26c4b968cc86e528416d,,,,,,,,,,,,,,,,,,,,,,,,,,,,,,,,,,,
NightVisionVolume Profile,Assets/MonoBehaviour/NightVisionVolume Profile.asset,57c9a3e5193e26c4b968cc86e528416d,57c9a3e5193e26c4b968cc86e528416d,250344640,"11400000, guid: af4390a2aeff8c44c9604feaf2f34dd3, type: 2}",,,,,,,,,,,,,,,,,,,,,,,,,,,,,,,,,,,,,,,,,,,,,,,,,,,{fileID: 0},0,0,1,{fileID: 0},0,,,,,,NightVisionVolume Profile,,,,,,,,,,,0,{fileID: 0},0,{fileID: 0},0,"{fileID: 250344640, guid: 57c9a3e5193e26c4b968cc86e528416d, type: 3}",250344640,57c9a3e5193e26c4b968cc86e528416d,,,,,,,,,,,,,,,,,,,,,,,,,,,,,,,,,,,
GroundZeroVolume_Basketball,Assets/MonoBehaviour/GroundZeroVolume_Basketball.asset,57c9a3e5193e26c4b968cc86e528416d,57c9a3e5193e26c4b968cc86e528416d,250344640,"11400000, guid: 671d18b6c8189a046b0012911f92c55a, type: 2}",,,,,,,,,,,,,,,,,,,,,,,,,,,,,,,,,,,,,,,,,,,,,,,,,,,{fileID: 0},0,0,1,{fileID: 0},0,,,,,,GroundZeroVolume_Basketball,,,,,,,,,,,0,{fileID: 0},0,{fileID: 0},0,"{fileID: 250344640, guid: 57c9a3e5193e26c4b968cc86e528416d, type: 3}",250344640,57c9a3e5193e26c4b968cc86e528416d,,,,,,,,,,,,,,,,,,,,,,,,,,,,,,,,,,,
GroundZeroVolume_CaveInside,Assets/MonoBehaviour/GroundZeroVolume_CaveInside.asset,57c9a3e5193e26c4b968cc86e528416d,57c9a3e5193e26c4b968cc86e528416d,250344640,"11400000, guid: 749bdc272b059c94fa56e789c48952a5, type: 2}",,,,,,,,,,,,,,,,,,,,,,,,,,,,,,,,,,,,,,,,,,,,,,,,,,,{fileID: 0},0,0,1,{fileID: 0},0,,,,,,GroundZeroVolume_CaveInside,,,,,,,,,,,0,{fileID: 0},0,{fileID: 0},0,"{fileID: 250344640, guid: 57c9a3e5193e26c4b968cc86e528416d, type: 3}",250344640,57c9a3e5193e26c4b968cc86e528416d,,,,,,,,,,,,,,,,,,,,,,,,,,,,,,,,,,,
BaseVolume_CutScene,Assets/MonoBehaviour/BaseVolume_CutScene.asset,57c9a3e5193e26c4b968cc86e528416d,57c9a3e5193e26c4b968cc86e528416d,250344640,"11400000, guid: 70090067c57a0874cbceb0628a4a2c4a, type: 2}",,,,,,,,,,,,,,,,,,,,,,,,,,,,,,,,,,,,,,,,,,,,,,,,,,,{fileID: 0},0,0,1,{fileID: 0},0,,,,,,BaseVolume_CutScene,,,,,,,,,,,0,{fileID: 0},0,{fileID: 0},0,"{fileID: 250344640, guid: 57c9a3e5193e26c4b968cc86e528416d, type: 3}",250344640,57c9a3e5193e26c4b968cc86e528416d,,,,,,,,,,,,,,,,,,,,,,,,,,,,,,,,,,,
OverrideVolumeDemoChallenge,Assets/MonoBehaviour/OverrideVolumeDemoChallenge.asset,57c9a3e5193e26c4b968cc86e528416d,57c9a3e5193e26c4b968cc86e528416d,250344640,"11400000, guid: bb2a82a7c2c0a6343b26d36c1be065ee, type: 2}",,,,,,,,,,,,,,,,,,,,,,,,,,,,,,,,,,,,,,,,,,,,,,,,,,,{fileID: 0},0,0,1,{fileID: 0},0,,,,,,OverrideVolumeDemoChallenge,,,,,,,,,,,0,{fileID: 0},0,{fileID: 0},0,"{fileID: 250344640, guid: 57c9a3e5193e26c4b968cc86e528416d, type: 3}",250344640,57c9a3e5193e26c4b968cc86e528416d,,,,,,,,,,,,,,,,,,,,,,,,,,,,,,,,,,,
Volume_Dark,Assets/MonoBehaviour/Volume_Dark.asset,57c9a3e5193e26c4b968cc86e528416d,57c9a3e5193e26c4b968cc86e528416d,250344640,"11400000, guid: 5e5e153a5b8bfa34a8e40f2bec118be9, type: 2}",,,,,,,,,,,,,,,,,,,,,,,,,,,,,,,,,,,,,,,,,,,,,,,,,,,{fileID: 0},0,0,1,{fileID: 0},0,,,,,,Volume_Dark,,,,,,,,,,,0,{fileID: 0},0,{fileID: 0},0,"{fileID: 250344640, guid: 57c9a3e5193e26c4b968cc86e528416d, type: 3}",250344640,57c9a3e5193e26c4b968cc86e528416d,,,,,,,,,,,,,,,,,,,,,,,,,,,,,,,,,,,
BaseGoVolume Profile,Assets/MonoBehaviour/BaseGoVolume Profile.asset,57c9a3e5193e26c4b968cc86e528416d,57c9a3e5193e26c4b968cc86e528416d,250344640,"11400000, guid: c91bc54eb9a103242815664eb03ee881, type: 2}",,,,,,,,,,,,,,,,,,,,,,,,,,,,,,,,,,,,,,,,,,,,,,,,,,,{fileID: 0},0,0,1,{fileID: 0},0,,,,,,BaseGoVolume Profile,,,,,,,,,,,0,{fileID: 0},0,{fileID: 0},0,"{fileID: 250344640, guid: 57c9a3e5193e26c4b968cc86e528416d, type: 3}",250344640,57c9a3e5193e26c4b968cc86e528416d,,,,,,,,,,,,,,,,,,,,,,,,,,,,,,,,,,,
Volume_Level_GroundZero_Rainy Dawn,Assets/MonoBehaviour/Volume_Level_GroundZero_Rainy Dawn.asset,57c9a3e5193e26c4b968cc86e528416d,57c9a3e5193e26c4b968cc86e528416d,250344640,"11400000, guid: 298bb7918233800499f733b1fab5d4ab, type: 2}",,,,,,,,,,,,,,,,,,,,,,,,,,,,,,,,,,,,,,,,,,,,,,,,,,,{fileID: 0},0,0,1,{fileID: 0},0,,,,,,Volume_Level_GroundZero_Rainy Dawn,,,,,,,,,,,0,{fileID: 0},0,{fileID: 0},0,"{fileID: 250344640, guid: 57c9a3e5193e26c4b968cc86e528416d, type: 3}",250344640,57c9a3e5193e26c4b968cc86e528416d,,,,,,,,,,,,,,,,,,,,,,,,,,,,,,,,,,,
LevelGuideSpecialVolume,Assets/MonoBehaviour/LevelGuideSpecialVolume.asset,57c9a3e5193e26c4b968cc86e528416d,57c9a3e5193e26c4b968cc86e528416d,250344640,"11400000, guid: 2d59a4b1ef1ad54459737d8f86d71129, type: 2}",,,,,,,,,,,,,,,,,,,,,,,,,,,,,,,,,,,,,,,,,,,,,,,,,,,{fileID: 0},0,0,1,{fileID: 0},0,,,,,,LevelGuideSpecialVolume,,,,,,,,,,,0,{fileID: 0},0,{fileID: 0},0,"{fileID: 250344640, guid: 57c9a3e5193e26c4b968cc86e528416d, type: 3}",250344640,57c9a3e5193e26c4b968cc86e528416d,,,,,,,,,,,,,,,,,,,,,,,,,,,,,,,,,,,
ThermalVolume,Assets/MonoBehaviour/ThermalVolume.asset,57c9a3e5193e26c4b968cc86e528416d,57c9a3e5193e26c4b968cc86e528416d,250344640,"11400000, guid: 6f3fa86e6fcb52f4e81d6d9aaf042b40, type: 2}",,,,,,,,,,,,,,,,,,,,,,,,,,,,,,,,,,,,,,,,,,,,,,,,,,,{fileID: 0},0,0,1,{fileID: 0},0,,,,,,ThermalVolume,,,,,,,,,,,0,{fileID: 0},0,{fileID: 0},0,"{fileID: 250344640, guid: 57c9a3e5193e26c4b968cc86e528416d, type: 3}",250344640,57c9a3e5193e26c4b968cc86e528416d,,,,,,,,,,,,,,,,,,,,,,,,,,,,,,,,,,,
Volume_Level_Custom MapShooting,Assets/MonoBehaviour/Volume_Level_Custom MapShooting.asset,57c9a3e5193e26c4b968cc86e528416d,57c9a3e5193e26c4b968cc86e528416d,250344640,"11400000, guid: da1cfe25e11f0d0418d5a0c73fd2cb66, type: 2}",,,,,,,,,,,,,,,,,,,,,,,,,,,,,,,,,,,,,,,,,,,,,,,,,,,{fileID: 0},0,0,1,{fileID: 0},0,,,,,,Volume_Level_Custom MapShooting,,,,,,,,,,,0,{fileID: 0},0,{fileID: 0},0,"{fileID: 250344640, guid: 57c9a3e5193e26c4b968cc86e528416d, type: 3}",250344640,57c9a3e5193e26c4b968cc86e528416d,,,,,,,,,,,,,,,,,,,,,,,,,,,,,,,,,,,
Ending_DepthDeep,Assets/MonoBehaviour/Ending_DepthDeep.asset,57c9a3e5193e26c4b968cc86e528416d,57c9a3e5193e26c4b968cc86e528416d,250344640,"11400000, guid: f69f780fe0f7d8c49875ce1065d32ee9, type: 2}",,,,,,,,,,,,,,,,,,,,,,,,,,,,,,,,,,,,,,,,,,,,,,,,,,,{fileID: 0},0,0,1,{fileID: 0},0,,,,,,Ending_DepthDeep,,,,,,,,,,,0,{fileID: 0},0,{fileID: 0},0,"{fileID: 250344640, guid: 57c9a3e5193e26c4b968cc86e528416d, type: 3}",250344640,57c9a3e5193e26c4b968cc86e528416d,,,,,,,,,,,,,,,,,,,,,,,,,,,,,,,,,,,
LoadingScreenVolume_Go,Assets/MonoBehaviour/LoadingScreenVolume_Go.asset,57c9a3e5193e26c4b968cc86e528416d,57c9a3e5193e26c4b968cc86e528416d,250344640,"11400000, guid: 5873314a40f900140b11d9138890426e, type: 2}",,,,,,,,,,,,,,,,,,,,,,,,,,,,,,,,,,,,,,,,,,,,,,,,,,,{fileID: 0},0,0,1,{fileID: 0},0,,,,,,LoadingScreenVolume_Go,,,,,,,,,,,0,{fileID: 0},0,{fileID: 0},0,"{fileID: 250344640, guid: 57c9a3e5193e26c4b968cc86e528416d, type: 3}",250344640,57c9a3e5193e26c4b968cc86e528416d,,,,,,,,,,,,,,,,,,,,,,,,,,,,,,,,,,,
Volume_Level_GroundZero_Storm1,Assets/MonoBehaviour/Volume_Level_GroundZero_Storm1.asset,57c9a3e5193e26c4b968cc86e528416d,57c9a3e5193e26c4b968cc86e528416d,250344640,"11400000, guid: 71ea37ab1e6f5e7439711603786d15f2, type: 2}",,,,,,,,,,,,,,,,,,,,,,,,,,,,,,,,,,,,,,,,,,,,,,,,,,,{fileID: 0},0,0,1,{fileID: 0},0,,,,,,Volume_Level_GroundZero_Storm1,,,,,,,,,,,0,{fileID: 0},0,{fileID: 0},0,"{fileID: 250344640, guid: 57c9a3e5193e26c4b968cc86e528416d, type: 3}",250344640,57c9a3e5193e26c4b968cc86e528416d,,,,,,,,,,,,,,,,,,,,,,,,,,,,,,,,,,,
PrologueVolumeCustomFace,Assets/MonoBehaviour/PrologueVolumeCustomFace.asset,57c9a3e5193e26c4b968cc86e528416d,57c9a3e5193e26c4b968cc86e528416d,250344640,"11400000, guid: d76bb57d15d36394d926b435b053626a, type: 2}",,,,,,,,,,,,,,,,,,,,,,,,,,,,,,,,,,,,,,,,,,,,,,,,,,,{fileID: 0},0,0,1,{fileID: 0},0,,,,,,PrologueVolumeCustomFace,,,,,,,,,,,0,{fileID: 0},0,{fileID: 0},0,"{fileID: 250344640, guid: 57c9a3e5193e26c4b968cc86e528416d, type: 3}",250344640,57c9a3e5193e26c4b968cc86e528416d,,,,,,,,,,,,,,,,,,,,,,,,,,,,,,,,,,,
LoadingScreenVolume_ToStormZone,Assets/MonoBehaviour/LoadingScreenVolume_ToStormZone.asset,57c9a3e5193e26c4b968cc86e528416d,57c9a3e5193e26c4b968cc86e528416d,250344640,"11400000, guid: 37da112d63f009a4d8331aee08130d14, type: 2}",,,,,,,,,,,,,,,,,,,,,,,,,,,,,,,,,,,,,,,,,,,,,,,,,,,{fileID: 0},0,0,1,{fileID: 0},0,,,,,,LoadingScreenVolume_ToStormZone,,,,,,,,,,,0,{fileID: 0},0,{fileID: 0},0,"{fileID: 250344640, guid: 57c9a3e5193e26c4b968cc86e528416d, type: 3}",250344640,57c9a3e5193e26c4b968cc86e528416d,,,,,,,,,,,,,,,,,,,,,,,,,,,,,,,,,,,
MainMenuVolumeOverride Profile,Assets/MonoBehaviour/MainMenuVolumeOverride Profile.asset,57c9a3e5193e26c4b968cc86e528416d,57c9a3e5193e26c4b968cc86e528416d,250344640,"11400000, guid: 5f71677448114fc41889585597289cbd, type: 2}",,,,,,,,,,,,,,,,,,,,,,,,,,,,,,,,,,,,,,,,,,,,,,,,,,,{fileID: 0},0,0,1,{fileID: 0},0,,,,,,MainMenuVolumeOverride Profile,,,,,,,,,,,0,{fileID: 0},0,{fileID: 0},0,"{fileID: 250344640, guid: 57c9a3e5193e26c4b968cc86e528416d, type: 3}",250344640,57c9a3e5193e26c4b968cc86e528416d,,,,,,,,,,,,,,,,,,,,,,,,,,,,,,,,,,,
CustomFace,Assets/MonoBehaviour/CustomFace.asset,57c9a3e5193e26c4b968cc86e528416d,57c9a3e5193e26c4b968cc86e528416d,250344640,"11400000, guid: c742970f1f7e30d4d82a93850260375a, type: 2}",,,,,,,,,,,,,,,,,,,,,,,,,,,,,,,,,,,,,,,,,,,,,,,,,,,{fileID: 0},0,0,1,{fileID: 0},0,,,,,,CustomFace,,,,,,,,,,,0,{fileID: 0},0,{fileID: 0},0,"{fileID: 250344640, guid: 57c9a3e5193e26c4b968cc86e528416d, type: 3}",250344640,57c9a3e5193e26c4b968cc86e528416d,,,,,,,,,,,,,,,,,,,,,,,,,,,,,,,,,,,
Ending_Dawn,Assets/MonoBehaviour/Ending_Dawn.asset,57c9a3e5193e26c4b968cc86e528416d,57c9a3e5193e26c4b968cc86e528416d,250344640,"11400000, guid: 57e0c6d716d8da446a142e89fc3f1091, type: 2}",,,,,,,,,,,,,,,,,,,,,,,,,,,,,,,,,,,,,,,,,,,,,,,,,,,{fileID: 0},0,0,1,{fileID: 0},0,,,,,,Ending_Dawn,,,,,,,,,,,0,{fileID: 0},0,{fileID: 0},0,"{fileID: 250344640, guid: 57c9a3e5193e26c4b968cc86e528416d, type: 3}",250344640,57c9a3e5193e26c4b968cc86e528416d,,,,,,,,,,,,,,,,,,,,,,,,,,,,,,,,,,,
MainVirtualCamera Profile,Assets/MonoBehaviour/MainVirtualCamera Profile.asset,57c9a3e5193e26c4b968cc86e528416d,57c9a3e5193e26c4b968cc86e528416d,250344640,"11400000, guid: de357bf78af66b14db166858a8bb8968, type: 2}",,,,,,,,,,,,,,,,,,,,,,,,,,,,,,,,,,,,,,,,,,,,,,,,,,,{fileID: 0},0,0,1,{fileID: 0},0,,,,,,MainVirtualCamera Profile,,,,,,,,,,,0,{fileID: 0},0,{fileID: 0},0,"{fileID: 250344640, guid: 57c9a3e5193e26c4b968cc86e528416d, type: 3}",250344640,57c9a3e5193e26c4b968cc86e528416d,,,,,,,,,,,,,,,,,,,,,,,,,,,,,,,,,,,
FarmVolume_MystRoom,Assets/MonoBehaviour/FarmVolume_MystRoom.asset,57c9a3e5193e26c4b968cc86e528416d,57c9a3e5193e26c4b968cc86e528416d,250344640,"11400000, guid: d6a180bd1cbfacb4ab67f7c2df879c16, type: 2}",,,,,,,,,,,,,,,,,,,,,,,,,,,,,,,,,,,,,,,,,,,,,,,,,,,{fileID: 0},0,0,1,{fileID: 0},0,,,,,,FarmVolume_MystRoom,,,,,,,,,,,0,{fileID: 0},0,{fileID: 0},0,"{fileID: 250344640, guid: 57c9a3e5193e26c4b968cc86e528416d, type: 3}",250344640,57c9a3e5193e26c4b968cc86e528416d,,,,,,,,,,,,,,,,,,,,,,,,,,,,,,,,,,,
HiddenWarehouse_Underground,Assets/MonoBehaviour/HiddenWarehouse_Underground.asset,57c9a3e5193e26c4b968cc86e528416d,57c9a3e5193e26c4b968cc86e528416d,250344640,"11400000, guid: 7103661547a78e64abb8ff091e443668, type: 2}",,,,,,,,,,,,,,,,,,,,,,,,,,,,,,,,,,,,,,,,,,,,,,,,,,,{fileID: 0},0,0,1,{fileID: 0},0,,,,,,HiddenWarehouse_Underground,,,,,,,,,,,0,{fileID: 0},0,{fileID: 0},0,"{fileID: 250344640, guid: 57c9a3e5193e26c4b968cc86e528416d, type: 3}",250344640,57c9a3e5193e26c4b968cc86e528416d,,,,,,,,,,,,,,,,,,,,,,,,,,,,,,,,,,,
Volume_Morning_Warehouse,Assets/MonoBehaviour/Volume_Morning_Warehouse.asset,57c9a3e5193e26c4b968cc86e528416d,57c9a3e5193e26c4b968cc86e528416d,250344640,"11400000, guid: 67c10b61e9f717f4e82033dd81eb033a, type: 2}",,,,,,,,,,,,,,,,,,,,,,,,,,,,,,,,,,,,,,,,,,,,,,,,,,,{fileID: 0},0,0,1,{fileID: 0},0,,,,,,Volume_Morning_Warehouse,,,,,,,,,,,0,{fileID: 0},0,{fileID: 0},0,"{fileID: 250344640, guid: 57c9a3e5193e26c4b968cc86e528416d, type: 3}",250344640,57c9a3e5193e26c4b968cc86e528416d,,,,,,,,,,,,,,,,,,,,,,,,,,,,,,,,,,,
LoadingScreenVolume_WakeUp,Assets/MonoBehaviour/LoadingScreenVolume_WakeUp.asset,57c9a3e5193e26c4b968cc86e528416d,57c9a3e5193e26c4b968cc86e528416d,250344640,"11400000, guid: af4abbe8b02d8394caafe628b3fafd76, type: 2}",,,,,,,,,,,,,,,,,,,,,,,,,,,,,,,,,,,,,,,,,,,,,,,,,,,{fileID: 0},0,0,1,{fileID: 0},0,,,,,,LoadingScreenVolume_WakeUp,,,,,,,,,,,0,{fileID: 0},0,{fileID: 0},0,"{fileID: 250344640, guid: 57c9a3e5193e26c4b968cc86e528416d, type: 3}",250344640,57c9a3e5193e26c4b968cc86e528416d,,,,,,,,,,,,,,,,,,,,,,,,,,,,,,,,,,,
PrologueVolume,Assets/MonoBehaviour/PrologueVolume.asset,57c9a3e5193e26c4b968cc86e528416d,57c9a3e5193e26c4b968cc86e528416d,250344640,"11400000, guid: f34b66e360e51d1499f54a3eb7ed50ed, type: 2}",,,,,,,,,,,,,,,,,,,,,,,,,,,,,,,,,,,,,,,,,,,,,,,,,,,{fileID: 0},0,0,1,{fileID: 0},0,,,,,,PrologueVolume,,,,,,,,,,,0,{fileID: 0},0,{fileID: 0},0,"{fileID: 250344640, guid: 57c9a3e5193e26c4b968cc86e528416d, type: 3}",250344640,57c9a3e5193e26c4b968cc86e528416d,,,,,,,,,,,,,,,,,,,,,,,,,,,,,,,,,,,
LoadingScreenVolume_Dead,Assets/MonoBehaviour/LoadingScreenVolume_Dead.asset,57c9a3e5193e26c4b968cc86e528416d,57c9a3e5193e26c4b968cc86e528416d,250344640,"11400000, guid: d193e2f1787250846a973bdb7dba1f00, type: 2}",,,,,,,,,,,,,,,,,,,,,,,,,,,,,,,,,,,,,,,,,,,,,,,,,,,{fileID: 0},0,0,1,{fileID: 0},0,,,,,,LoadingScreenVolume_Dead,,,,,,,,,,,0,{fileID: 0},0,{fileID: 0},0,"{fileID: 250344640, guid: 57c9a3e5193e26c4b968cc86e528416d, type: 3}",250344640,57c9a3e5193e26c4b968cc86e528416d,,,,,,,,,,,,,,,,,,,,,,,,,,,,,,,,,,,
MapCamLighting,Assets/MonoBehaviour/MapCamLighting.asset,57c9a3e5193e26c4b968cc86e528416d,57c9a3e5193e26c4b968cc86e528416d,250344640,"11400000, guid: cc1e8cc14c679cd47be32f1ded68aa89, type: 2}",,,,,,,,,,,,,,,,,,,,,,,,,,,,,,,,,,,,,,,,,,,,,,,,,,,{fileID: 0},0,0,1,{fileID: 0},0,,,,,,MapCamLighting,,,,,,,,,,,0,{fileID: 0},0,{fileID: 0},0,"{fileID: 250344640, guid: 57c9a3e5193e26c4b968cc86e528416d, type: 3}",250344640,57c9a3e5193e26c4b968cc86e528416d,,,,,,,,,,,,,,,,,,,,,,,,,,,,,,,,,,,
GlobalVolumeOverride_Cinema,Assets/MonoBehaviour/GlobalVolumeOverride_Cinema.asset,57c9a3e5193e26c4b968cc86e528416d,57c9a3e5193e26c4b968cc86e528416d,250344640,"11400000, guid: 53e93e039c00b3a4e955bfba86d84802, type: 2}",,,,,,,,,,,,,,,,,,,,,,,,,,,,,,,,,,,,,,,,,,,,,,,,,,,{fileID: 0},0,0,1,{fileID: 0},0,,,,,,GlobalVolumeOverride_Cinema,,,,,,,,,,,0,{fileID: 0},0,{fileID: 0},0,"{fileID: 250344640, guid: 57c9a3e5193e26c4b968cc86e528416d, type: 3}",250344640,57c9a3e5193e26c4b968cc86e528416d,,,,,,,,,,,,,,,,,,,,,,,,,,,,,,,,,,,
LoadingScreenVolume_Evacuate,Assets/MonoBehaviour/LoadingScreenVolume_Evacuate.asset,57c9a3e5193e26c4b968cc86e528416d,57c9a3e5193e26c4b968cc86e528416d,250344640,"11400000, guid: ecc257c24724ea74b8f81f596a0300b0, type: 2}",,,,,,,,,,,,,,,,,,,,,,,,,,,,,,,,,,,,,,,,,,,,,,,,,,,{fileID: 0},0,0,1,{fileID: 0},0,,,,,,LoadingScreenVolume_Evacuate,,,,,,,,,,,0,{fileID: 0},0,{fileID: 0},0,"{fileID: 250344640, guid: 57c9a3e5193e26c4b968cc86e528416d, type: 3}",250344640,57c9a3e5193e26c4b968cc86e528416d,,,,,,,,,,,,,,,,,,,,,,,,,,,,,,,,,,,
ControlDepth,Assets/MonoBehaviour/ControlDepth.asset,57c9a3e5193e26c4b968cc86e528416d,57c9a3e5193e26c4b968cc86e528416d,250344640,"11400000, guid: 01addd5e85926e540bdda28770b198cd, type: 2}",,,,,,,,,,,,,,,,,,,,,,,,,,,,,,,,,,,,,,,,,,,,,,,,,,,{fileID: 0},0,0,1,{fileID: 0},0,,,,,,ControlDepth,,,,,,,,,,,0,{fileID: 0},0,{fileID: 0},0,"{fileID: 250344640, guid: 57c9a3e5193e26c4b968cc86e528416d, type: 3}",250344640,57c9a3e5193e26c4b968cc86e528416d,,,,,,,,,,,,,,,,,,,,,,,,,,,,,,,,,,,
StormZoneVolume_Override_B0,Assets/MonoBehaviour/StormZoneVolume_Override_B0.asset,57c9a3e5193e26c4b968cc86e528416d,57c9a3e5193e26c4b968cc86e528416d,250344640,"11400000, guid: 65e9cee3333643045b5c187eee75c4c2, type: 2}",,,,,,,,,,,,,,,,,,,,,,,,,,,,,,,,,,,,,,,,,,,,,,,,,,,{fileID: 0},0,0,1,{fileID: 0},0,,,,,,StormZoneVolume_Override_B0,,,,,,,,,,,0,{fileID: 0},0,{fileID: 0},0,"{fileID: 250344640, guid: 57c9a3e5193e26c4b968cc86e528416d, type: 3}",250344640,57c9a3e5193e26c4b968cc86e528416d,,,,,,,,,,,,,,,,,,,,,,,,,,,,,,,,,,,
JLabInFarm,Assets/MonoBehaviour/JLabInFarm.asset,57c9a3e5193e26c4b968cc86e528416d,57c9a3e5193e26c4b968cc86e528416d,250344640,"11400000, guid: e4a5d08738447d94791620042a3d9977, type: 2}",,,,,,,,,,,,,,,,,,,,,,,,,,,,,,,,,,,,,,,,,,,,,,,,,,,{fileID: 0},0,0,1,{fileID: 0},0,,,,,,JLabInFarm,,,,,,,,,,,0,{fileID: 0},0,{fileID: 0},0,"{fileID: 250344640, guid: 57c9a3e5193e26c4b968cc86e528416d, type: 3}",250344640,57c9a3e5193e26c4b968cc86e528416d,,,,,,,,,,,,,,,,,,,,,,,,,,,,,,,,,,,
DebugUIProgressBar,Assets/GameObject/DebugUIProgressBar.prefab,57c9a3e5193e26c4b968cc86e528416d,57c9a3e5193e26c4b968cc86e528416d,-299163931,,,,,,,,,,,"{r: 0.8, g: 0.8, b: 0.8, a: 1}",,,"{r: 0.25, g: 0.65, b: 0.8, a: 1}",,,,,,,,,,,,,,,,,,,,,,,,,,,,,,,,,,,,,,{fileID: 0},0,0,1,{fileID: 1834661188233136},1834661188233136,,,,,,,,,,,,,,,,,0,{fileID: 0},0,{fileID: 0},0,"{fileID: -299163931, guid: 57c9a3e5193e26c4b968cc86e528416d, type: 3}",-299163931,57c9a3e5193e26c4b968cc86e528416d,,,,,,,,,,,,{fileID: 114121340078206368},114121340078206368,,,,,,,{fileID: 224281824827814731},224281824827814731,,,,,,,,{fileID: 114619933385901977},114619933385901977,,,,,
DebugUIVector2,Assets/GameObject/DebugUIVector2.prefab,57c9a3e5193e26c4b968cc86e528416d,57c9a3e5193e26c4b968cc86e528416d,-1244478167,,,,,,,,,,,,,,,,,{fileID: 224900794001073576},224900794001073576,,,,,,,,,,,,,,,,,,,,,,,,,,,,,,,,,,{fileID: 0},0,0,1,{fileID: 1342789328899718},1342789328899718,,,,,,,,,,,,,,,,,0,{fileID: 0},0,{fileID: 0},0,"{fileID: -1244478167, guid: 57c9a3e5193e26c4b968cc86e528416d, type: 3}",-1244478167,57c9a3e5193e26c4b968cc86e528416d,,,,,,,,,,,,,,,,,,,,,,,,,,,,,,,,,,,
DebugUIVector2,Assets/GameObject/DebugUIVector2.prefab,57c9a3e5193e26c4b968cc86e528416d,57c9a3e5193e26c4b968cc86e528416d,473584849,,,,,,,,,,,"{r: 0.8, g: 0.8, b: 0.8, a: 1}",,,"{r: 0.25, g: 0.65, b: 0.8, a: 1}",,,,,,,,,,,,,,,,{fileID: 114586308798949807},114586308798949807,{fileID: 114670340939223647},114670340939223647,,,,,,,,,,,,,,,,,,,{fileID: 0},0,0,1,{fileID: 1342789328899718},1342789328899718,,,,,,,,,,,,,,,,,0,{fileID: 0},0,{fileID: 0},0,"{fileID: 473584849, guid: 57c9a3e5193e26c4b968cc86e528416d, type: 3}",473584849,57c9a3e5193e26c4b968cc86e528416d,,,,,,,,,,,,{fileID: 114194505523323518},114194505523323518,,,,,,,,,,,,,,,,,,{fileID: 114437592507738425},114437592507738425,,,
DebugUIVector2,Assets/GameObject/DebugUIVector2.prefab,57c9a3e5193e26c4b968cc86e528416d,57c9a3e5193e26c4b968cc86e528416d,1584280941,,,,{fileID: 1236186133442194},1236186133442194,{fileID: 1138023828170531},1138023828170531,,,,,,,,,{fileID: 1007552560688965},,,1007552560688965,,,,,,,,,,,,,,,,,{fileID: 0},0,,,Disabled,Highlighted,Normal,Pressed,Highlighted,1,"{r: 0.78431374, g: 0.78431374, b: 0.78431374, a: 0.5019608}",0.1,"{r: 0.9607843, g: 0.9607843, b: 0.9607843, a: 1}","{r: 1, g: 1, b: 1, a: 1}","{r: 0.78431374, g: 0.78431374, b: 0.78431374, a: 1}","{r: 0.9607843, g: 0.9607843, b: 0.9607843, a: 1}",{fileID: 0},0,0,1,{fileID: 1292005132953031},1292005132953031,{fileID: 0},0,1,,0,,3,{fileID: 0},0,{fileID: 0},0,{fileID: 0},0,{fileID: 0},0,0,0,{fileID: 0},0,{fileID: 0},0,"{fileID: 1584280941, guid: 57c9a3e5193e26c4b968cc86e528416d, type: 3}",1584280941,57c9a3e5193e26c4b968cc86e528416d,{fileID: 0},0,{fileID: 0},0,{fileID: 0},0,{fileID: 0},0,{fileID: 0},0,0,,,,,[],,,,,,,,,,,,0,,,,,,,
DebugUIVector2,Assets/GameObject/DebugUIVector2.prefab,57c9a3e5193e26c4b968cc86e528416d,57c9a3e5193e26c4b968cc86e528416d,-874900598,,,,,,,,,,,"{r: 0.8, g: 0.8, b: 0.8, a: 1}",,,"{r: 0.25, g: 0.65, b: 0.8, a: 1}",,,,,,,,,,,,,,,,,,,,,,,,,,,,,,,,,,,,,,{fileID: 0},0,0,1,{fileID: 1492477965890574},1492477965890574,,,,,,,,,,,,,,,,,0,{fileID: 0},0,{fileID: 0},0,"{fileID: -874900598, guid: 57c9a3e5193e26c4b968cc86e528416d, type: 3}",-874900598,57c9a3e5193e26c4b968cc86e528416d,,,,,,,,,,,,{fileID: 114671557623269170},114671557623269170,,,,,,,,,,,,,,,,{fileID: 114476048375533589},114476048375533589,,,,,
DebugUIVector2,Assets/GameObject/DebugUIVector2.prefab,57c9a3e5193e26c4b968cc86e528416d,57c9a3e5193e26c4b968cc86e528416d,-874900598,,,,,,,,,,,"{r: 0.8, g: 0.8, b: 0.8, a: 1}",,,"{r: 0.25, g: 0.65, b: 0.8, a: 1}",,,,,,,,,,,,,,,,,,,,,,,,,,,,,,,,,,,,,,{fileID: 0},0,0,1,{fileID: 1337962979011212},1337962979011212,,,,,,,,,,,,,,,,,0,{fileID: 0},0,{fileID: 0},0,"{fileID: -874900598, guid: 57c9a3e5193e26c4b968cc86e528416d, type: 3}",-874900598,57c9a3e5193e26c4b968cc86e528416d,,,,,,,,,,,,{fileID: 114099695058568135},114099695058568135,,,,,,,,,,,,,,,,{fileID: 114289133353429423},114289133353429423,,,,,
DebugUIColor,Assets/GameObject/DebugUIColor.prefab,57c9a3e5193e26c4b968cc86e528416d,57c9a3e5193e26c4b968cc86e528416d,841238517,,,,,,,,,,,"{r: 0.8, g: 0.8, b: 0.8, a: 1}",{fileID: 114996500180991808},114996500180991808,"{r: 0.25, g: 0.65, b: 0.8, a: 1}",,,,,,{fileID: 114278640972481203},114278640972481203,{fileID: 114136640446067950},114136640446067950,{fileID: 114382360799198747},114382360799198747,{fileID: 114775500709583815},114775500709583815,,,,,,,,,,,,,,,,,,,,,,,,,{fileID: 0},0,0,1,{fileID: 1567276331546849},1567276331546849,,,,,,,,,,,,,,,,,0,{fileID: 0},0,{fileID: 0},0,"{fileID: 841238517, guid: 57c9a3e5193e26c4b968cc86e528416d, type: 3}",841238517,57c9a3e5193e26c4b968cc86e528416d,,,,,,,,,,,,{fileID: 114621094570982559},114621094570982559,,,,,,,,,,,,,,,,,,{fileID: 114458686093778068},114458686093778068,,,
DebugUIColor,Assets/GameObject/DebugUIColor.prefab,57c9a3e5193e26c4b968cc86e528416d,57c9a3e5193e26c4b968cc86e528416d,-1244478167,,,,,,,,,,,,,,,,,{fileID: 224318313440870904},224318313440870904,,,,,,,,,,,,,,,,,,,,,,,,,,,,,,,,,,{fileID: 0},0,0,1,{fileID: 1567276331546849},1567276331546849,,,,,,,,,,,,,,,,,0,{fileID: 0},0,{fileID: 0},0,"{fileID: -1244478167, guid: 57c9a3e5193e26c4b968cc86e528416d, type: 3}",-1244478167,57c9a3e5193e26c4b968cc86e528416d,,,,,,,,,,,,,,,,,,,,,,,,,,,,,,,,,,,
DebugUIColor,Assets/GameObject/DebugUIColor.prefab,57c9a3e5193e26c4b968cc86e528416d,57c9a3e5193e26c4b968cc86e528416d,1584280941,,,,{fileID: 1863585418361354},1863585418361354,{fileID: 1948985696762447},1948985696762447,,,,,,,,,{fileID: 1617529095715285},,,1617529095715285,,,,,,,,,,,,,,,,,{fileID: 0},0,,,Disabled,Highlighted,Normal,Pressed,Highlighted,1,"{r: 0.78431374, g: 0.78431374, b: 0.78431374, a: 0.5019608}",0.1,"{r: 0.9607843, g: 0.9607843, b: 0.9607843, a: 1}","{r: 1, g: 1, b: 1, a: 1}","{r: 0.78431374, g: 0.78431374, b: 0.78431374, a: 1}","{r: 0.9607843, g: 0.9607843, b: 0.9607843, a: 1}",{fileID: 0},0,0,1,{fileID: 1547244853029268},1547244853029268,{fileID: 0},0,1,,0,,3,{fileID: 0},0,{fileID: 0},0,{fileID: 0},0,{fileID: 0},0,0,0,{fileID: 0},0,{fileID: 0},0,"{fileID: 1584280941, guid: 57c9a3e5193e26c4b968cc86e528416d, type: 3}",1584280941,57c9a3e5193e26c4b968cc86e528416d,{fileID: 0},0,{fileID: 0},0,{fileID: 0},0,{fileID: 0},0,{fileID: 0},0,0,,,,,[],,,,,,,,,,,,0,,,,,,,
DebugUIColor,Assets/GameObject/DebugUIColor.prefab,57c9a3e5193e26c4b968cc86e528416d,57c9a3e5193e26c4b968cc86e528416d,-874900598,,,,,,,,,,,"{r: 0.8, g: 0.8, b: 0.8, a: 1}",,,"{r: 0.25, g: 0.65, b: 0.8, a: 1}",,,,,,,,,,,,,,,,,,,,,,,,,,,,,,,,,,,,,,{fileID: 0},0,0,1,{fileID: 1483095783372826},1483095783372826,,,,,,,,,,,,,,,,,0,{fileID: 0},0,{fileID: 0},0,"{fileID: -874900598, guid: 57c9a3e5193e26c4b968cc86e528416d, type: 3}",-874900598,57c9a3e5193e26c4b968cc86e528416d,,,,,,,,,,,,{fileID: 114943567112663869},114943567112663869,,,,,,,,,,,,,,,,{fileID: 114281876548112636},114281876548112636,,,,,
DebugUIColor,Assets/GameObject/DebugUIColor.prefab,57c9a3e5193e26c4b968cc86e528416d,57c9a3e5193e26c4b968cc86e528416d,-874900598,,,,,,,,,,,"{r: 0.8, g: 0.8, b: 0.8, a: 1}",,,"{r: 0.25, g: 0.65, b: 0.8, a: 1}",,,,,,,,,,,,,,,,,,,,,,,,,,,,,,,,,,,,,,{fileID: 0},0,0,1,{fileID: 1916130660919681},1916130660919681,,,,,,,,,,,,,,,,,0,{fileID: 0},0,{fileID: 0},0,"{fileID: -874900598, guid: 57c9a3e5193e26c4b968cc86e528416d, type: 3}",-874900598,57c9a3e5193e26c4b968cc86e528416d,,,,,,,,,,,,{fileID: 114808809980354447},114808809980354447,,,,,,,,,,,,,,,,{fileID: 114939577459460472},114939577459460472,,,,,
DebugUIColor,Assets/GameObject/DebugUIColor.prefab,57c9a3e5193e26c4b968cc86e528416d,57c9a3e5193e26c4b968cc86e528416d,-874900598,,,,,,,,,,,"{r: 0.8, g: 0.8, b: 0.8, a: 1}",,,"{r: 0.25, g: 0.65, b: 0.8, a: 1}",,,,,,,,,,,,,,,,,,,,,,,,,,,,,,,,,,,,,,{fileID: 0},0,0,1,{fileID: 1993975232923617},1993975232923617,,,,,,,,,,,,,,,,,0,{fileID: 0},0,{fileID: 0},0,"{fileID: -874900598, guid: 57c9a3e5193e26c4b968cc86e528416d, type: 3}",-874900598,57c9a3e5193e26c4b968cc86e528416d,,,,,,,,,,,,{fileID: 114016088313978565},114016088313978565,,,,,,,,,,,,,,,,{fileID: 114686150534786164},114686150534786164,,,,,
DebugUIColor,Assets/GameObject/DebugUIColor.prefab,57c9a3e5193e26c4b968cc86e528416d,57c9a3e5193e26c4b968cc86e528416d,-874900598,,,,,,,,,,,"{r: 0.8, g: 0.8, b: 0.8, a: 1}",,,"{r: 0.25, g: 0.65, b: 0.8, a: 1}",,,,,,,,,,,,,,,,,,,,,,,,,,,,,,,,,,,,,,{fileID: 0},0,0,1,{fileID: 1941404762093422},1941404762093422,,,,,,,,,,,,,,,,,0,{fileID: 0},0,{fileID: 0},0,"{fileID: -874900598, guid: 57c9a3e5193e26c4b968cc86e528416d, type: 3}",-874900598,57c9a3e5193e26c4b968cc86e528416d,,,,,,,,,,,,{fileID: 114654338970102750},114654338970102750,,,,,,,,,,,,,,,,{fileID: 114356923958884822},114356923958884822,,,,,
DebugUIToggle,Assets/GameObject/DebugUIToggle.prefab,57c9a3e5193e26c4b968cc86e528416d,57c9a3e5193e26c4b968cc86e528416d,1740881597,,,,,,,,,{fileID: 114561268585369441},114561268585369441,"{r: 0.8, g: 0.8, b: 0.8, a: 1}",,,"{r: 0.25, g: 0.65, b: 0.8, a: 1}",,,,,,,,,,,,,,,,,,,,,,,,,,,,,,,,,,,,,,{fileID: 0},0,0,1,{fileID: 1278355617736938},1278355617736938,,,,,,,,,,,,,,,,,0,{fileID: 0},0,{fileID: 0},0,"{fileID: 1740881597, guid: 57c9a3e5193e26c4b968cc86e528416d, type: 3}",1740881597,57c9a3e5193e26c4b968cc86e528416d,,,,,,,,,,,,{fileID: 114170981268312467},114170981268312467,,,,,,,,,,,,,,,,,,{fileID: 114024098545285054},114024098545285054,,,
DebugUIUIntField,Assets/GameObject/DebugUIUIntField.prefab,57c9a3e5193e26c4b968cc86e528416d,57c9a3e5193e26c4b968cc86e528416d,1559174154,,,,,,,,,,,"{r: 0.8, g: 0.8, b: 0.8, a: 1}",,,"{r: 0.25, g: 0.65, b: 0.8, a: 1}",,,,,,,,,,,,,,,,,,,,,,,,,,,,,,,,,,,,,,{fileID: 0},0,0,1,{fileID: 1888949028218283},1888949028218283,,,,,,,,,,,,,,,,,0,{fileID: 0},0,{fileID: 0},0,"{fileID: 1559174154, guid: 57c9a3e5193e26c4b968cc86e528416d, type: 3}",1559174154,57c9a3e5193e26c4b968cc86e528416d,,,,,,,,,,,,{fileID: 114742475971380335},114742475971380335,,,,,,,,,,,,,,,,{fileID: 114658507690910168},114658507690910168,,,,,
DebugUIFoldout,Assets/GameObject/DebugUIFoldout.prefab,57c9a3e5193e26c4b968cc86e528416d,57c9a3e5193e26c4b968cc86e528416d,-1244478167,,,,,,,,,,,,,,,,,{fileID: 224842606807838169},224842606807838169,,,,,,,,,,,,,,,,,,,,,,,,,,,,,,,,,,{fileID: 0},0,0,1,{fileID: 1623428385103550},1623428385103550,,,,,,,,,,,,,,,,,0,{fileID: 0},0,{fileID: 0},0,"{fileID: -1244478167, guid: 57c9a3e5193e26c4b968cc86e528416d, type: 3}",-1244478167,57c9a3e5193e26c4b968cc86e528416d,,,,,,,,,,,,,,,,,,,,,,,,,,,,,,,,,,,
DebugUIFoldout,Assets/GameObject/DebugUIFoldout.prefab,57c9a3e5193e26c4b968cc86e528416d,57c9a3e5193e26c4b968cc86e528416d,908903843,,,,,,,,,,,"{r: 0.8, g: 0.8, b: 0.8, a: 1}",,,"{r: 0.25, g: 0.65, b: 0.8, a: 1}",,,,,,,,,,,,,,,,,,,,,,,,,,,,,,,,,,,,,,{fileID: 0},0,0,1,{fileID: 1623428385103550},1623428385103550,,,,,,,,,,,,,,,,,0,{fileID: 0},0,{fileID: 0},0,"{fileID: 908903843, guid: 57c9a3e5193e26c4b968cc86e528416d, type: 3}",908903843,57c9a3e5193e26c4b968cc86e528416d,,,,,,,,,,,,{fileID: 114784732443260915},114784732443260915,,,,,,,,,,,,,,,,,,{fileID: 114988473099956167},114988473099956167,,,
DebugUIFoldout,Assets/GameObject/DebugUIFoldout.prefab,57c9a3e5193e26c4b968cc86e528416d,57c9a3e5193e26c4b968cc86e528416d,1584280941,,,,{fileID: 1337888929618661},1337888929618661,{fileID: 1102542190983505},1102542190983505,,,,,,,,,{fileID: 1880509361258020},,,1880509361258020,,,,,,,,,,,,,,,,,{fileID: 0},0,,,Disabled,Highlighted,Normal,Pressed,Highlighted,1,"{r: 0.78431374, g: 0.78431374, b: 0.78431374, a: 0.5019608}",0.1,"{r: 0.9607843, g: 0.9607843, b: 0.9607843, a: 1}","{r: 1, g: 1, b: 1, a: 1}","{r: 0.78431374, g: 0.78431374, b: 0.78431374, a: 1}","{r: 0.9607843, g: 0.9607843, b: 0.9607843, a: 1}",{fileID: 0},0,0,1,{fileID: 1223268124308031},1223268124308031,{fileID: 0},0,1,,0,,3,{fileID: 0},0,{fileID: 0},0,{fileID: 0},0,{fileID: 0},0,0,0,{fileID: 0},0,{fileID: 0},0,"{fileID: 1584280941, guid: 57c9a3e5193e26c4b968cc86e528416d, type: 3}",1584280941,57c9a3e5193e26c4b968cc86e528416d,{fileID: 0},0,{fileID: 0},0,{fileID: 0},0,{fileID: 0},0,{fileID: 0},0,0,,,,,[],,,,,,,,,,,,0,,,,,,,
FactoryPanicShock,Assets/GameObject/FactoryPanicShock.prefab,57c9a3e5193e26c4b968cc86e528416d,57c9a3e5193e26c4b968cc86e528416d,1520420858,,,,,,,,0,,,,,,,,,,,,,,,,,,,,,,,,,,,,,,,,,,,,,,,,,,,,{fileID: 0},0,0,1,{fileID: 1705775093461918},1705775093461918,,,,1,,,,,,,,,,,,,0,{fileID: 0},0,{fileID: 0},0,"{fileID: 1520420858, guid: 57c9a3e5193e26c4b968cc86e528416d, type: 3}",1520420858,57c9a3e5193e26c4b968cc86e528416d,,,,,,,,,,,,,,,,,,,0,,,,,"{fileID: 11400000, guid: cbb6bca76529caa448342f8bc3d35214, type: 2}",11400000,cbb6bca76529caa448342f8bc3d35214,Assets/MonoBehaviour/MiniGameVolume_FPS.asset,,,,,,,,1
DebugUIVBox,Assets/GameObject/DebugUIVBox.prefab,57c9a3e5193e26c4b968cc86e528416d,57c9a3e5193e26c4b968cc86e528416d,-1244478167,,,,,,,,,,,,,,,,,{fileID: 224805265566260122},224805265566260122,,,,,,,,,,,,,,,,,,,,,,,,,,,,,,,,,,{fileID: 0},0,0,1,{fileID: 1798060101321727},1798060101321727,,,,,,,,,,,,,,,,,0,{fileID: 0},0,{fileID: 0},0,"{fileID: -1244478167, guid: 57c9a3e5193e26c4b968cc86e528416d, type: 3}",-1244478167,57c9a3e5193e26c4b968cc86e528416d,,,,,,,,,,,,,,,,,,,,,,,,,,,,,,,,,,,
DebugUIVBox,Assets/GameObject/DebugUIVBox.prefab,57c9a3e5193e26c4b968cc86e528416d,57c9a3e5193e26c4b968cc86e528416d,-1326230830,,,,,,,,,,,"{r: 0.8, g: 0.8, b: 0.8, a: 1}",,,"{r: 0.25, g: 0.65, b: 0.8, a: 1}",,,,,,,,,,,,,,,,,,,,,,,,,,,,,,,,,,,,,,{fileID: 0},0,0,1,{fileID: 1798060101321727},1798060101321727,,,,,,,,,,,,,,,,,0,{fileID: 0},0,{fileID: 0},0,"{fileID: -1326230830, guid: 57c9a3e5193e26c4b968cc86e528416d, type: 3}",-1326230830,57c9a3e5193e26c4b968cc86e528416d,,,,,,,,,,,,,,,,,,,,,,,,,,,,,,,,,,,
DebugUIValuePersistent,Assets/GameObject/DebugUIValuePersistent.prefab,57c9a3e5193e26c4b968cc86e528416d,57c9a3e5193e26c4b968cc86e528416d,786239023,,,,,,,,,,,"{r: 0.8, g: 0.8, b: 0.8, a: 1}",,,"{r: 0.25, g: 0.65, b: 0.8, a: 1}",,,,,,,,,,,,,,,,,,,,,,,,,,,,,,,,,,,,,,{fileID: 0},0,0,1,{fileID: 1285561758335848},1285561758335848,,,,,,,,,,,,,,,,,0,{fileID: 0},0,{fileID: 0},0,"{fileID: 786239023, guid: 57c9a3e5193e26c4b968cc86e528416d, type: 3}",786239023,57c9a3e5193e26c4b968cc86e528416d,,,,,,,,,,,,{fileID: 114681108478381397},114681108478381397,,,,,,,,,,,,,,,,{fileID: 114881996054096701},114881996054096701,,,,,
DebugUIObject,Assets/GameObject/DebugUIObject.prefab,57c9a3e5193e26c4b968cc86e528416d,57c9a3e5193e26c4b968cc86e528416d,710982576,,,,,,,,,,,"{r: 0.8, g: 0.8, b: 0.8, a: 1}",,,"{r: 0.25, g: 0.65, b: 0.8, a: 1}",,,,,,,,,,,,,,,,,,,,,,,,,,,,,,,,,,,,,,{fileID: 0},0,0,1,{fileID: 1533612103999114},1533612103999114,,,,,,,,,,,,,,,,,0,{fileID: 0},0,{fileID: 0},0,"{fileID: 710982576, guid: 57c9a3e5193e26c4b968cc86e528416d, type: 3}",710982576,57c9a3e5193e26c4b968cc86e528416d,,,,,,,,,,,,{fileID: 114831500324640741},114831500324640741,,,,,,,,,,,,,,,,{fileID: 114225360146225515},114225360146225515,,,,,
DebugUIToggleHistory,Assets/GameObject/DebugUIToggleHistory.prefab,57c9a3e5193e26c4b968cc86e528416d,57c9a3e5193e26c4b968cc86e528416d,-1593630288,,,,,,,,,{fileID: 114428387088688855},114428387088688855,"{r: 0.8, g: 0.8, b: 0.8, a: 1}",,,"{r: 0.25, g: 0.65, b: 0.8, a: 1}",,,,,,,,,,,,,,,,,,,,,,,,,,,,,,,,,,,,,,{fileID: 0},0,0,1,{fileID: 1264123895942295},1264123895942295,,,,,,,,,,,,,,,,,0,{fileID: 0},0,{fileID: 0},0,"{fileID: -1593630288, guid: 57c9a3e5193e26c4b968cc86e528416d, type: 3}",-1593630288,57c9a3e5193e26c4b968cc86e528416d,,,,,,,,,,,,{fileID: 114113790972522291},114113790972522291,,,,,,,,,,,,,,,,,,{fileID: 114899252357782977},114899252357782977,,,
GoldMiner,Assets/GameObject/GoldMiner.prefab,57c9a3e5193e26c4b968cc86e528416d,57c9a3e5193e26c4b968cc86e528416d,1520420858,,,,,,,,0,,,,,,,,,,,,,,,,,,,,,,,,,,,,,,,,,,,,,,,,,,,,{fileID: 0},0,0,1,{fileID: 1727855830734646},1727855830734646,,,,1,,,,,,,,,,,,,0,{fileID: 0},0,{fileID: 0},0,"{fileID: 1520420858, guid: 57c9a3e5193e26c4b968cc86e528416d, type: 3}",1520420858,57c9a3e5193e26c4b968cc86e528416d,,,,,,,,,,,,,,,,,,,0,,,,,"{fileID: 11400000, guid: 820baade7895dbf41a3ac6c434bdc057, type: 2}",11400000,820baade7895dbf41a3ac6c434bdc057,Assets/MonoBehaviour/MiniGameVolume_Snake.asset,,,,,,,,1
DebugUIGroup,Assets/GameObject/DebugUIGroup.prefab,57c9a3e5193e26c4b968cc86e528416d,57c9a3e5193e26c4b968cc86e528416d,-1244478167,,,,,,,,,,,,,,,,,{fileID: 224659201889922331},224659201889922331,,,,,,,,,,,,,,,,,,,,,,,,,,,,,,,,,,{fileID: 0},0,0,1,{fileID: 1763739701236043},1763739701236043,,,,,,,,,,,,,,,,,0,{fileID: 0},0,{fileID: 0},0,"{fileID: -1244478167, guid: 57c9a3e5193e26c4b968cc86e528416d, type: 3}",-1244478167,57c9a3e5193e26c4b968cc86e528416d,,,,,,,,,,,,,,,,,,,,,,,,,,,,,,,,,,,
DebugUIGroup,Assets/GameObject/DebugUIGroup.prefab,57c9a3e5193e26c4b968cc86e528416d,57c9a3e5193e26c4b968cc86e528416d,1991480869,,,,,,,,,,,"{r: 0.8, g: 0.8, b: 0.8, a: 1}",,,"{r: 0.25, g: 0.65, b: 0.8, a: 1}",,,,,,,,,,,,,,,,,,,,,,,,{fileID: 224472510687631227},224472510687631227,,,,,,,,,,,,,{fileID: 0},0,0,1,{fileID: 1763739701236043},1763739701236043,,,,,,,,,,,,,,,,,0,{fileID: 0},0,{fileID: 0},0,"{fileID: 1991480869, guid: 57c9a3e5193e26c4b968cc86e528416d, type: 3}",1991480869,57c9a3e5193e26c4b968cc86e528416d,,,,,,,,,,,,{fileID: 114430820247328476},114430820247328476,,,,,,,,,,,,,,,,,,,,,,
DebugUIEnumHistory,Assets/GameObject/DebugUIEnumHistory.prefab,57c9a3e5193e26c4b968cc86e528416d,57c9a3e5193e26c4b968cc86e528416d,1252061853,,,,,,,,,,,"{r: 0.8, g: 0.8, b: 0.8, a: 1}",,,"{r: 0.25, g: 0.65, b: 0.8, a: 1}",,,,,,,,,,,,,,,,,,,,,,,,,,,,,,,,,,,,,,{fileID: 0},0,0,1,{fileID: 1895290331755958},1895290331755958,,,,,,,,,,,,,,,,,0,{fileID: 0},0,{fileID: 0},0,"{fileID: 1252061853, guid: 57c9a3e5193e26c4b968cc86e528416d, type: 3}",1252061853,57c9a3e5193e26c4b968cc86e528416d,,,,,,,,,,,,{fileID: 114272668195441318},114272668195441318,{fileID: 0},0,,{fileID: 0},0,,,,,,,,,,,{fileID: 114962229159314046},114962229159314046,,,,,
DebugUIObjectList,Assets/GameObject/DebugUIObjectList.prefab,57c9a3e5193e26c4b968cc86e528416d,57c9a3e5193e26c4b968cc86e528416d,-783771462,,,,,,,,,,,"{r: 0.8, g: 0.8, b: 0.8, a: 1}",,,"{r: 0.25, g: 0.65, b: 0.8, a: 1}",,,,,,,,,,,,,,,,,,,,,,,,,,,,,,,,,,,,,,{fileID: 0},0,0,1,{fileID: 1303063703894523},1303063703894523,,,,,,,,,,,,,,,,,0,{fileID: 0},0,{fileID: 0},0,"{fileID: -783771462, guid: 57c9a3e5193e26c4b968cc86e528416d, type: 3}",-783771462,57c9a3e5193e26c4b968cc86e528416d,,,,,,,,,,,,{fileID: 114626013994604233},114626013994604233,{fileID: 114630527812328055},114630527812328055,,{fileID: 114029113905213785},114029113905213785,,,,,,,,,,,{fileID: 114083861373105957},114083861373105957,,,,,
DebugUIRow,Assets/GameObject/DebugUIRow.prefab,57c9a3e5193e26c4b968cc86e528416d,57c9a3e5193e26c4b968cc86e528416d,-1244478167,,,,,,,,,,,,,,,,,{fileID: 224623999688006294},224623999688006294,,,,,,,,,,,,,,,,,,,,,,,,,,,,,,,,,,{fileID: 0},0,0,1,{fileID: 1729646699928578},1729646699928578,,,,,,,,,,,,,,,,,0,{fileID: 0},0,{fileID: 0},0,"{fileID: -1244478167, guid: 57c9a3e5193e26c4b968cc86e528416d, type: 3}",-1244478167,57c9a3e5193e26c4b968cc86e528416d,,,,,,,,,,,,,,,,,,,,,,,,,,,,,,,,,,,
DebugUIRow,Assets/GameObject/DebugUIRow.prefab,57c9a3e5193e26c4b968cc86e528416d,57c9a3e5193e26c4b968cc86e528416d,-1009444461,,,,,,,,,,,"{r: 0.8, g: 0.8, b: 0.8, a: 1}",,,"{r: 0.25, g: 0.65, b: 0.8, a: 1}",,,,,,,,,,,,,,,,,,,,,,,,,,,,,,,,,,,,,,{fileID: 0},0,0,1,{fileID: 1729646699928578},1729646699928578,,,,,,,,,,,,,,,,,0,{fileID: 0},0,{fileID: 0},0,"{fileID: -1009444461, guid: 57c9a3e5193e26c4b968cc86e528416d, type: 3}",-1009444461,57c9a3e5193e26c4b968cc86e528416d,,,,,,,,,,,,{fileID: 114885676846789957},114885676846789957,,,,,,,,,,,,,,,,,,{fileID: 114609579161992061},114609579161992061,,,
DebugUIRow,Assets/GameObject/DebugUIRow.prefab,57c9a3e5193e26c4b968cc86e528416d,57c9a3e5193e26c4b968cc86e528416d,1584280941,,,,{fileID: 1949787855157199},1949787855157199,{fileID: 1370360299804337},1370360299804337,,,,,,,,,{fileID: 1545273089843149},,,1545273089843149,,,,,,,,,,,,,,,,,{fileID: 0},0,,,Disabled,Highlighted,Normal,Pressed,Highlighted,1,"{r: 0.78431374, g: 0.78431374, b: 0.78431374, a: 0.5019608}",0.1,"{r: 0.9607843, g: 0.9607843, b: 0.9607843, a: 1}","{r: 1, g: 1, b: 1, a: 1}","{r: 0.78431374, g: 0.78431374, b: 0.78431374, a: 1}","{r: 0.9607843, g: 0.9607843, b: 0.9607843, a: 1}",{fileID: 0},0,0,1,{fileID: 1590761631577724},1590761631577724,{fileID: 0},0,1,,0,,3,{fileID: 0},0,{fileID: 0},0,{fileID: 0},0,{fileID: 0},0,0,0,{fileID: 0},0,{fileID: 0},0,"{fileID: 1584280941, guid: 57c9a3e5193e26c4b968cc86e528416d, type: 3}",1584280941,57c9a3e5193e26c4b968cc86e528416d,{fileID: 0},0,{fileID: 0},0,{fileID: 0},0,{fileID: 0},0,{fileID: 0},0,0,,,,,[],,,,,,,,,,,,0,,,,,,,
DebugUIButton,Assets/GameObject/DebugUIButton.prefab,57c9a3e5193e26c4b968cc86e528416d,57c9a3e5193e26c4b968cc86e528416d,1971800143,,,,,,,,,,,"{r: 0.8, g: 0.8, b: 0.8, a: 1}",,,"{r: 0.25, g: 0.65, b: 0.8, a: 1}",,,,,,,,,,,,,,,,,,,,,,,,,,,,,,,,,,,,,,{fileID: 0},0,0,1,{fileID: 1931752678433933},1931752678433933,,,,,,,,,,,,,,,,,0,{fileID: 0},0,{fileID: 0},0,"{fileID: 1971800143, guid: 57c9a3e5193e26c4b968cc86e528416d, type: 3}",1971800143,57c9a3e5193e26c4b968cc86e528416d,,,,,,,,,,,,{fileID: 114756028690465143},114756028690465143,,,,,,,,,,,,,,,,,,,,,,
DebugUIObjectPopupField,Assets/GameObject/DebugUIObjectPopupField.prefab,57c9a3e5193e26c4b968cc86e528416d,57c9a3e5193e26c4b968cc86e528416d,837809467,,,,,,,,,,,"{r: 0.8, g: 0.8, b: 0.8, a: 1}",,,"{r: 0.25, g: 0.65, b: 0.8, a: 1}",,,,,,,,,,,,,,,,,,,,,,,,,,,,,,,,,,,,,,{fileID: 0},0,0,1,{fileID: 1863452892619331},1863452892619331,,,,,,,,,,,,,,,,,0,{fileID: 0},0,{fileID: 0},0,"{fileID: 837809467, guid: 57c9a3e5193e26c4b968cc86e528416d, type: 3}",837809467,57c9a3e5193e26c4b968cc86e528416d,,,,,,,,,,,,{fileID: 114763454465182663},114763454465182663,{fileID: 114150783883619590},114150783883619590,,{fileID: 114143259176084468},114143259176084468,,,,,,,,,,,{fileID: 114078084579410183},114078084579410183,,,,,
LevelManager,Assets/GameObject/LevelManager.prefab,57c9a3e5193e26c4b968cc86e528416d,57c9a3e5193e26c4b968cc86e528416d,1520420858,,,,,,,,0,,,,,,,,,,,,,,,,,,,,,,,,,,,,,,,,,,,,,,,,,,,,{fileID: 0},0,0,1,{fileID: 1291354940929564},1291354940929564,,,,1,,,,,,,,,,,,,0,{fileID: 0},0,{fileID: 0},0,"{fileID: 1520420858, guid: 57c9a3e5193e26c4b968cc86e528416d, type: 3}",1520420858,57c9a3e5193e26c4b968cc86e528416d,,,,,,,,,,,,,,,,,,,3,,,,,"{fileID: 11400000, guid: 8d31108843f8418479944048362d8839, type: 2}",11400000,8d31108843f8418479944048362d8839,Assets/MonoBehaviour/Volume_Morning_Warehouse.asset,,,,,,,,1
LevelManager,Assets/GameObject/LevelManager.prefab,57c9a3e5193e26c4b968cc86e528416d,57c9a3e5193e26c4b968cc86e528416d,1520420858,,,,,,,,0,,,,,,,,,,,,,,,,,,,,,,,,,,,,,,,,,,,,,,,,,,,,{fileID: 0},0,0,1,{fileID: 1053146212971841},1053146212971841,,,,1,,,,,,,,,,,,,0,{fileID: 0},0,{fileID: 0},0,"{fileID: 1520420858, guid: 57c9a3e5193e26c4b968cc86e528416d, type: 3}",1520420858,57c9a3e5193e26c4b968cc86e528416d,,,,,,,,,,,,,,,,,,,4,,,,,"{fileID: 11400000, guid: 8d31108843f8418479944048362d8839, type: 2}",11400000,8d31108843f8418479944048362d8839,Assets/MonoBehaviour/Volume_Morning_Warehouse.asset,,,,,,,,1
LevelManager,Assets/GameObject/LevelManager.prefab,57c9a3e5193e26c4b968cc86e528416d,57c9a3e5193e26c4b968cc86e528416d,1520420858,,,,,,,,0,,,,,,,,,,,,,,,,,,,,,,,,,,,,,,,,,,,,,,,,,,,,{fileID: 0},0,0,1,{fileID: 1992252447953548},1992252447953548,,,,1,,,,,,,,,,,,,0,{fileID: 0},0,{fileID: 0},0,"{fileID: 1520420858, guid: 57c9a3e5193e26c4b968cc86e528416d, type: 3}",1520420858,57c9a3e5193e26c4b968cc86e528416d,,,,,,,,,,,,,,,,,,,0,,,,,"{fileID: 11400000, guid: d32346f5e6925194cbb3669df9033ec3, type: 2}",11400000,d32346f5e6925194cbb3669df9033ec3,Assets/MonoBehaviour/DuckovGlobalVolumeProfile.asset,,,,,,,,1
LevelManager,Assets/GameObject/LevelManager.prefab,57c9a3e5193e26c4b968cc86e528416d,57c9a3e5193e26c4b968cc86e528416d,1520420858,,,,,,,,0,,,,,,,,,,,,,,,,,,,,,,,,,,,,,,,,,,,,,,,,,,,,{fileID: 0},0,0,1,{fileID: 1129647991025768},1129647991025768,,,,1,,,,,,,,,,,,,0,{fileID: 0},0,{fileID: 0},0,"{fileID: 1520420858, guid: 57c9a3e5193e26c4b968cc86e528416d, type: 3}",1520420858,57c9a3e5193e26c4b968cc86e528416d,,,,,,,,,,,,,,,,,,,10,,,,,"{fileID: 11400000, guid: 0335c42594d9aff4c82c291b2d567a75, type: 2}",11400000,0335c42594d9aff4c82c291b2d567a75,Assets/MonoBehaviour/HurtVolume.asset,,,,,,,,0
LevelManager,Assets/GameObject/LevelManager.prefab,57c9a3e5193e26c4b968cc86e528416d,57c9a3e5193e26c4b968cc86e528416d,1520420858,,,,,,,,0,,,,,,,,,,,,,,,,,,,,,,,,,,,,,,,,,,,,,,,,,,,,{fileID: 0},0,0,1,{fileID: 1511035574120521},1511035574120521,,,,1,,,,,,,,,,,,,0,{fileID: 0},0,{fileID: 0},0,"{fileID: 1520420858, guid: 57c9a3e5193e26c4b968cc86e528416d, type: 3}",1520420858,57c9a3e5193e26c4b968cc86e528416d,,,,,,,,,,,,,,,,,,,99,,,,,"{fileID: 11400000, guid: 3598ebd640ff19a4a8a15639c7c0e4a6, type: 2}",11400000,3598ebd640ff19a4a8a15639c7c0e4a6,Assets/MonoBehaviour/TopDownProfile.asset,,,,,,,,1
LevelManager,Assets/GameObject/LevelManager.prefab,57c9a3e5193e26c4b968cc86e528416d,57c9a3e5193e26c4b968cc86e528416d,1520420858,,,,,,,,0,,,,,,,,,,,,,,,,,,,,,,,,,,,,,,,,,,,,,,,,,,,,{fileID: 0},0,0,1,{fileID: 1002200670447870},1002200670447870,,,,1,,,,,,,,,,,,,0,{fileID: 0},0,{fileID: 0},0,"{fileID: 1520420858, guid: 57c9a3e5193e26c4b968cc86e528416d, type: 3}",1520420858,57c9a3e5193e26c4b968cc86e528416d,,,,,,,,,,,,,,,,,,,4,,,,,"{fileID: 11400000, guid: c98aabc2404ea92489d6937713ed47ee, type: 2}",11400000,c98aabc2404ea92489d6937713ed47ee,Assets/MonoBehaviour/InteractVolume Profile.asset,,,,,,,,0
DebugUIValue,Assets/GameObject/DebugUIValue.prefab,57c9a3e5193e26c4b968cc86e528416d,57c9a3e5193e26c4b968cc86e528416d,786239023,,,,,,,,,,,"{r: 0.8, g: 0.8, b: 0.8, a: 1}",,,"{r: 0.25, g: 0.65, b: 0.8, a: 1}",,,,,,,,,,,,,,,,,,,,,,,,,,,,,,,,,,,,,,{fileID: 0},0,0,1,{fileID: 1126059052091905},1126059052091905,,,,,,,,,,,,,,,,,0,{fileID: 0},0,{fileID: 0},0,"{fileID: 786239023, guid: 57c9a3e5193e26c4b968cc86e528416d, type: 3}",786239023,57c9a3e5193e26c4b968cc86e528416d,,,,,,,,,,,,{fileID: 114611300795456265},114611300795456265,,,,,,,,,,,,,,,,{fileID: 114305973187712517},114305973187712517,,,,,
DebugUIPanel,Assets/GameObject/DebugUIPanel.prefab,57c9a3e5193e26c4b968cc86e528416d,57c9a3e5193e26c4b968cc86e528416d,-1244478167,,,,,,,,,,,,,,,,,{fileID: 224397121089468195},224397121089468195,,,,,,,,,,,,,,,,,,,,,,,,,,,,,,,,,,{fileID: 0},0,0,1,{fileID: 1688645016398275},1688645016398275,,,,,,,,,,,,,,,,,0,{fileID: 0},0,{fileID: 0},0,"{fileID: -1244478167, guid: 57c9a3e5193e26c4b968cc86e528416d, type: 3}",-1244478167,57c9a3e5193e26c4b968cc86e528416d,,,,,,,,,,,,,,,,,,,,,,,,,,,,,,,,,,,
DebugUIPanel,Assets/GameObject/DebugUIPanel.prefab,57c9a3e5193e26c4b968cc86e528416d,57c9a3e5193e26c4b968cc86e528416d,1896559392,,{fileID: 0},0,,,,,,,,,,,,,,,,,,,,,,,,,,,,,,,,,,,,,,,,,,,,,,,,,{fileID: 0},0,0,1,{fileID: 1688645016398275},1688645016398275,,,,,,,,,,,,,,,,,0,{fileID: 0},0,{fileID: 0},0,"{fileID: 1896559392, guid: 57c9a3e5193e26c4b968cc86e528416d, type: 3}",1896559392,57c9a3e5193e26c4b968cc86e528416d,,,,,,,,,,,,{fileID: 114140528682105978},114140528682105978,,,,,,,,,{fileID: 114949701599378463},114949701599378463,,,,,,,,,,{fileID: 224107557530698079},224107557530698079,
SimpleTeleport,Assets/GameObject/SimpleTeleport.prefab,57c9a3e5193e26c4b968cc86e528416d,57c9a3e5193e26c4b968cc86e528416d,1520420858,,,,,,,,0,,,,,,,,,,,,,,,,,,,,,,,,,,,,,,,,,,,,,,,,,,,,{fileID: 0},0,0,1,{fileID: 1334701482792889},1334701482792889,,,,1,,,,,,,,,,,,,0,{fileID: 0},0,{fileID: 0},0,"{fileID: 1520420858, guid: 57c9a3e5193e26c4b968cc86e528416d, type: 3}",1520420858,57c9a3e5193e26c4b968cc86e528416d,,,,,,,,,,,,,,,,,,,-1,,,,,"{fileID: 11400000, guid: 5536044ffd955fd40be482c749ef244c, type: 2}",11400000,5536044ffd955fd40be482c749ef244c,Assets/MonoBehaviour/Volume_Teleporter.asset,,,,,,,,0
DebugUIFloatField,Assets/GameObject/DebugUIFloatField.prefab,57c9a3e5193e26c4b968cc86e528416d,57c9a3e5193e26c4b968cc86e528416d,-947882065,,,,,,,,,,,"{r: 0.8, g: 0.8, b: 0.8, a: 1}",,,"{r: 0.25, g: 0.65, b: 0.8, a: 1}",,,,,,,,,,,,,,,,,,,,,,,,,,,,,,,,,,,,,,{fileID: 0},0,0,1,{fileID: 1123105783478237},1123105783478237,,,,,,,,,,,,,,,,,0,{fileID: 0},0,{fileID: 0},0,"{fileID: -947882065, guid: 57c9a3e5193e26c4b968cc86e528416d, type: 3}",-947882065,57c9a3e5193e26c4b968cc86e528416d,,,,,,,,,,,,{fileID: 114673621374507684},114673621374507684,,,,,,,,,,,,,,,,{fileID: 114106161018385815},114106161018385815,,,,,
DebugUIHBox,Assets/GameObject/DebugUIHBox.prefab,57c9a3e5193e26c4b968cc86e528416d,57c9a3e5193e26c4b968cc86e528416d,-1244478167,,,,,,,,,,,,,,,,,{fileID: 224794798288163752},224794798288163752,,,,,,,,,,,,,,,,,,,,,,,,,,,,,,,,,,{fileID: 0},0,0,1,{fileID: 1603995509033719},1603995509033719,,,,,,,,,,,,,,,,,0,{fileID: 0},0,{fileID: 0},0,"{fileID: -1244478167, guid: 57c9a3e5193e26c4b968cc86e528416d, type: 3}",-1244478167,57c9a3e5193e26c4b968cc86e528416d,,,,,,,,,,,,,,,,,,,,,,,,,,,,,,,,,,,
DebugUIHBox,Assets/GameObject/DebugUIHBox.prefab,57c9a3e5193e26c4b968cc86e528416d,57c9a3e5193e26c4b968cc86e528416d,-2094448278,,,,,,,,,,,"{r: 0.8, g: 0.8, b: 0.8, a: 1}",,,"{r: 0.25, g: 0.65, b: 0.8, a: 1}",,,,,,,,,,,,,,,,,,,,,,,,,,,,,,,,,,,,,,{fileID: 0},0,0,1,{fileID: 1603995509033719},1603995509033719,,,,,,,,,,,,,,,,,0,{fileID: 0},0,{fileID: 0},0,"{fileID: -2094448278, guid: 57c9a3e5193e26c4b968cc86e528416d, type: 3}",-2094448278,57c9a3e5193e26c4b968cc86e528416d,,,,,,,,,,,,,,,,,,,,,,,,,,,,,,,,,,,
DebugUIEnumField,Assets/GameObject/DebugUIEnumField.prefab,57c9a3e5193e26c4b968cc86e528416d,57c9a3e5193e26c4b968cc86e528416d,-1967957788,,,,,,,,,,,"{r: 0.8, g: 0.8, b: 0.8, a: 1}",,,"{r: 0.25, g: 0.65, b: 0.8, a: 1}",,,,,,,,,,,,,,,,,,,,,,,,,,,,,,,,,,,,,,{fileID: 0},0,0,1,{fileID: 1924448404847334},1924448404847334,,,,,,,,,,,,,,,,,0,{fileID: 0},0,{fileID: 0},0,"{fileID: -1967957788, guid: 57c9a3e5193e26c4b968cc86e528416d, type: 3}",-1967957788,57c9a3e5193e26c4b968cc86e528416d,,,,,,,,,,,,{fileID: 114968665895452244},114968665895452244,{fileID: 114564316351479969},114564316351479969,,{fileID: 114383970187770791},114383970187770791,,,,,,,,,,,{fileID: 114434110224909093},114434110224909093,,,,,
DebugUIMessageBox,Assets/GameObject/DebugUIMessageBox.prefab,57c9a3e5193e26c4b968cc86e528416d,57c9a3e5193e26c4b968cc86e528416d,-604948099,,,,,,,,,,,"{r: 0.8, g: 0.8, b: 0.8, a: 1}",,,"{r: 0.25, g: 0.65, b: 0.8, a: 1}",,,,,,,,,,,,,,,,,,,,,,,,,,,,,,,,,,,,,,{fileID: 0},0,0,1,{fileID: 1395201528885809},1395201528885809,,,,,,,,,,,,,,,,,0,{fileID: 0},0,{fileID: 0},0,"{fileID: -604948099, guid: 57c9a3e5193e26c4b968cc86e528416d, type: 3}",-604948099,57c9a3e5193e26c4b968cc86e528416d,,,,,,,,,,,,{fileID: 114759377775010651},114759377775010651,,,,,,,,,,,,,,,,,,,,,,
DebugUIIntField,Assets/GameObject/DebugUIIntField.prefab,57c9a3e5193e26c4b968cc86e528416d,57c9a3e5193e26c4b968cc86e528416d,-1500305735,,,,,,,,,,,"{r: 0.8, g: 0.8, b: 0.8, a: 1}",,,"{r: 0.25, g: 0.65, b: 0.8, a: 1}",,,,,,,,,,,,,,,,,,,,,,,,,,,,,,,,,,,,,,{fileID: 0},0,0,1,{fileID: 1313543910856108},1313543910856108,,,,,,,,,,,,,,,,,0,{fileID: 0},0,{fileID: 0},0,"{fileID: -1500305735, guid: 57c9a3e5193e26c4b968cc86e528416d, type: 3}",-1500305735,57c9a3e5193e26c4b968cc86e528416d,,,,,,,,,,,,{fileID: 114084819448532338},114084819448532338,,,,,,,,,,,,,,,,{fileID: 114495779085960899},114495779085960899,,,,,
Snake,Assets/GameObject/Snake.prefab,57c9a3e5193e26c4b968cc86e528416d,57c9a3e5193e26c4b968cc86e528416d,1520420858,,,,,,,,0,,,,,,,,,,,,,,,,,,,,,,,,,,,,,,,,,,,,,,,,,,,,{fileID: 0},0,0,1,{fileID: 1766114873275996},1766114873275996,,,,1,,,,,,,,,,,,,0,{fileID: 0},0,{fileID: 0},0,"{fileID: 1520420858, guid: 57c9a3e5193e26c4b968cc86e528416d, type: 3}",1520420858,57c9a3e5193e26c4b968cc86e528416d,,,,,,,,,,,,,,,,,,,0,,,,,"{fileID: 11400000, guid: 820baade7895dbf41a3ac6c434bdc057, type: 2}",11400000,820baade7895dbf41a3ac6c434bdc057,Assets/MonoBehaviour/MiniGameVolume_Snake.asset,,,,,,,,1
DebugUIBitField,Assets/GameObject/DebugUIBitField.prefab,57c9a3e5193e26c4b968cc86e528416d,57c9a3e5193e26c4b968cc86e528416d,-1244478167,,,,,,,,,,,,,,,,,{fileID: 224809806857290751},224809806857290751,,,,,,,,,,,,,,,,,,,,,,,,,,,,,,,,,,{fileID: 0},0,0,1,{fileID: 1029130183810982},1029130183810982,,,,,,,,,,,,,,,,,0,{fileID: 0},0,{fileID: 0},0,"{fileID: -1244478167, guid: 57c9a3e5193e26c4b968cc86e528416d, type: 3}",-1244478167,57c9a3e5193e26c4b968cc86e528416d,,,,,,,,,,,,,,,,,,,,,,,,,,,,,,,,,,,
DebugUIBitField,Assets/GameObject/DebugUIBitField.prefab,57c9a3e5193e26c4b968cc86e528416d,57c9a3e5193e26c4b968cc86e528416d,1461880871,114541074652410329},,,,,,,,,,"{r: 0.8, g: 0.8, b: 0.8, a: 1}",,,"{r: 0.25, g: 0.65, b: 0.8, a: 1}",,,,,,,,,,,,,,,,,,,,,,,,,,,,,,,,,,,,,,{fileID: 0},0,0,1,{fileID: 1029130183810982},1029130183810982,,,,,,,,,,,,,,,,,0,{fileID: 0},0,{fileID: 0},0,"{fileID: 1461880871, guid: 57c9a3e5193e26c4b968cc86e528416d, type: 3}",1461880871,57c9a3e5193e26c4b968cc86e528416d,,,,,,,,,,,,{fileID: 114584497433151942},114584497433151942,,,,,,,,,,,,,,,,,,{fileID: 114057204048609609},114057204048609609,,,
DebugUIBitField,Assets/GameObject/DebugUIBitField.prefab,57c9a3e5193e26c4b968cc86e528416d,57c9a3e5193e26c4b968cc86e528416d,1584280941,,,,{fileID: 1160226605003315},1160226605003315,{fileID: 1974181069713414},1974181069713414,,,,,,,,,{fileID: 1345145201972747},,,1345145201972747,,,,,,,,,,,,,,,,,{fileID: 0},0,,,Disabled,Highlighted,Normal,Pressed,Highlighted,1,"{r: 0.78431374, g: 0.78431374, b: 0.78431374, a: 0.5019608}",0.1,"{r: 0.9607843, g: 0.9607843, b: 0.9607843, a: 1}","{r: 1, g: 1, b: 1, a: 1}","{r: 0.78431374, g: 0.78431374, b: 0.78431374, a: 1}","{r: 0.9607843, g: 0.9607843, b: 0.9607843, a: 1}",{fileID: 0},0,0,1,{fileID: 1963469704612930},1963469704612930,{fileID: 0},0,1,,0,,3,{fileID: 0},0,{fileID: 0},0,{fileID: 0},0,{fileID: 0},0,0,0,{fileID: 0},0,{fileID: 0},0,"{fileID: 1584280941, guid: 57c9a3e5193e26c4b968cc86e528416d, type: 3}",1584280941,57c9a3e5193e26c4b968cc86e528416d,{fileID: 0},0,{fileID: 0},0,{fileID: 0},0,{fileID: 0},0,{fileID: 0},0,0,,,,,[],,,,,,,,,,,,0,,,,,,,
DebugUIBitField,Assets/GameObject/DebugUIBitField.prefab,57c9a3e5193e26c4b968cc86e528416d,57c9a3e5193e26c4b968cc86e528416d,-1298775899,,,,,,,,,{fileID: 114066675649819196},114066675649819196,"{r: 0.8, g: 0.8, b: 0.8, a: 1}",,,"{r: 0.25, g: 0.65, b: 0.8, a: 1}",,,,,,,,,,,,,,,,,,,,,,,,,,,,,,,,,,,,,,{fileID: 0},0,0,1,{fileID: 1248980586682936},1248980586682936,,,,,,,,,,,,,,,,,0,{fileID: 0},0,{fileID: 0},0,"{fileID: -1298775899, guid: 57c9a3e5193e26c4b968cc86e528416d, type: 3}",-1298775899,57c9a3e5193e26c4b968cc86e528416d,,,,,,,,,,,,{fileID: 114968159124125987},114968159124125987,,,,,,,,,,,,,,,,,,{fileID: 114301263812531631},114301263812531631,,,
DebugUIBitField,Assets/GameObject/DebugUIBitField.prefab,57c9a3e5193e26c4b968cc86e528416d,57c9a3e5193e26c4b968cc86e528416d,-1298775899,,,,,,,,,{fileID: 114216985125655950},114216985125655950,"{r: 0.8, g: 0.8, b: 0.8, a: 1}",,,"{r: 0.25, g: 0.65, b: 0.8, a: 1}",,,,,,,,,,,,,,,,,,,,,,,,,,,,,,,,,,,,,,{fileID: 0},0,0,1,{fileID: 1052371158173039},1052371158173039,,,,,,,,,,,,,,,,,0,{fileID: 0},0,{fileID: 0},0,"{fileID: -1298775899, guid: 57c9a3e5193e26c4b968cc86e528416d, type: 3}",-1298775899,57c9a3e5193e26c4b968cc86e528416d,,,,,,,,,,,,{fileID: 114073282422675105},114073282422675105,,,,,,,,,,,,,,,,,,{fileID: 114603316002618131},114603316002618131,,,
DebugUIBitField,Assets/GameObject/DebugUIBitField.prefab,57c9a3e5193e26c4b968cc86e528416d,57c9a3e5193e26c4b968cc86e528416d,-1298775899,,,,,,,,,{fileID: 114170893450515987},114170893450515987,"{r: 0.8, g: 0.8, b: 0.8, a: 1}",,,"{r: 0.25, g: 0.65, b: 0.8, a: 1}",,,,,,,,,,,,,,,,,,,,,,,,,,,,,,,,,,,,,,{fileID: 0},0,0,1,{fileID: 1864985605398567},1864985605398567,,,,,,,,,,,,,,,,,0,{fileID: 0},0,{fileID: 0},0,"{fileID: -1298775899, guid: 57c9a3e5193e26c4b968cc86e528416d, type: 3}",-1298775899,57c9a3e5193e26c4b968cc86e528416d,,,,,,,,,,,,{fileID: 114994784405722098},114994784405722098,,,,,,,,,,,,,,,,,,{fileID: 114262795607835516},114262795607835516,,,
DebugUIBitField,Assets/GameObject/DebugUIBitField.prefab,57c9a3e5193e26c4b968cc86e528416d,57c9a3e5193e26c4b968cc86e528416d,-1298775899,,,,,,,,,{fileID: 114460368120664297},114460368120664297,"{r: 0.8, g: 0.8, b: 0.8, a: 1}",,,"{r: 0.25, g: 0.65, b: 0.8, a: 1}",,,,,,,,,,,,,,,,,,,,,,,,,,,,,,,,,,,,,,{fileID: 0},0,0,1,{fileID: 1139760177048789},1139760177048789,,,,,,,,,,,,,,,,,0,{fileID: 0},0,{fileID: 0},0,"{fileID: -1298775899, guid: 57c9a3e5193e26c4b968cc86e528416d, type: 3}",-1298775899,57c9a3e5193e26c4b968cc86e528416d,,,,,,,,,,,,{fileID: 114817503938532800},114817503938532800,,,,,,,,,,,,,,,,,,{fileID: 114094304489034729},114094304489034729,,,
DebugUIBitField,Assets/GameObject/DebugUIBitField.prefab,57c9a3e5193e26c4b968cc86e528416d,57c9a3e5193e26c4b968cc86e528416d,-1298775899,,,,,,,,,{fileID: 114065314006353506},114065314006353506,"{r: 0.8, g: 0.8, b: 0.8, a: 1}",,,"{r: 0.25, g: 0.65, b: 0.8, a: 1}",,,,,,,,,,,,,,,,,,,,,,,,,,,,,,,,,,,,,,{fileID: 0},0,0,1,{fileID: 1971574017009330},1971574017009330,,,,,,,,,,,,,,,,,0,{fileID: 0},0,{fileID: 0},0,"{fileID: -1298775899, guid: 57c9a3e5193e26c4b968cc86e528416d, type: 3}",-1298775899,57c9a3e5193e26c4b968cc86e528416d,,,,,,,,,,,,{fileID: 114720344364851940},114720344364851940,,,,,,,,,,,,,,,,,,{fileID: 114661467036325388},114661467036325388,,,
DebugUIBitField,Assets/GameObject/DebugUIBitField.prefab,57c9a3e5193e26c4b968cc86e528416d,57c9a3e5193e26c4b968cc86e528416d,-1298775899,,,,,,,,,{fileID: 114133645361321325},114133645361321325,"{r: 0.8, g: 0.8, b: 0.8, a: 1}",,,"{r: 0.25, g: 0.65, b: 0.8, a: 1}",,,,,,,,,,,,,,,,,,,,,,,,,,,,,,,,,,,,,,{fileID: 0},0,0,1,{fileID: 1116333389124719},1116333389124719,,,,,,,,,,,,,,,,,0,{fileID: 0},0,{fileID: 0},0,"{fileID: -1298775899, guid: 57c9a3e5193e26c4b968cc86e528416d, type: 3}",-1298775899,57c9a3e5193e26c4b968cc86e528416d,,,,,,,,,,,,{fileID: 114497331567562306},114497331567562306,,,,,,,,,,,,,,,,,,{fileID: 114602724606680577},114602724606680577,,,
DebugUIBitField,Assets/GameObject/DebugUIBitField.prefab,57c9a3e5193e26c4b968cc86e528416d,57c9a3e5193e26c4b968cc86e528416d,-1298775899,,,,,,,,,{fileID: 114571842292414520},114571842292414520,"{r: 0.8, g: 0.8, b: 0.8, a: 1}",,,"{r: 0.25, g: 0.65, b: 0.8, a: 1}",,,,,,,,,,,,,,,,,,,,,,,,,,,,,,,,,,,,,,{fileID: 0},0,0,1,{fileID: 1977418210180899},1977418210180899,,,,,,,,,,,,,,,,,0,{fileID: 0},0,{fileID: 0},0,"{fileID: -1298775899, guid: 57c9a3e5193e26c4b968cc86e528416d, type: 3}",-1298775899,57c9a3e5193e26c4b968cc86e528416d,,,,,,,,,,,,{fileID: 114882457254437894},114882457254437894,,,,,,,,,,,,,,,,,,{fileID: 114967482797886228},114967482797886228,,,
DebugUIBitField,Assets/GameObject/DebugUIBitField.prefab,57c9a3e5193e26c4b968cc86e528416d,57c9a3e5193e26c4b968cc86e528416d,-1298775899,,,,,,,,,{fileID: 114130518098487247},114130518098487247,"{r: 0.8, g: 0.8, b: 0.8, a: 1}",,,"{r: 0.25, g: 0.65, b: 0.8, a: 1}",,,,,,,,,,,,,,,,,,,,,,,,,,,,,,,,,,,,,,{fileID: 0},0,0,1,{fileID: 1214628721272011},1214628721272011,,,,,,,,,,,,,,,,,0,{fileID: 0},0,{fileID: 0},0,"{fileID: -1298775899, guid: 57c9a3e5193e26c4b968cc86e528416d, type: 3}",-1298775899,57c9a3e5193e26c4b968cc86e528416d,,,,,,,,,,,,{fileID: 114284622825866444},114284622825866444,,,,,,,,,,,,,,,,,,{fileID: 114680127586895977},114680127586895977,,,
DebugUIBitField,Assets/GameObject/DebugUIBitField.prefab,57c9a3e5193e26c4b968cc86e528416d,57c9a3e5193e26c4b968cc86e528416d,-1298775899,,,,,,,,,{fileID: 114240325196370577},114240325196370577,"{r: 0.8, g: 0.8, b: 0.8, a: 1}",,,"{r: 0.25, g: 0.65, b: 0.8, a: 1}",,,,,,,,,,,,,,,,,,,,,,,,,,,,,,,,,,,,,,{fileID: 0},0,0,1,{fileID: 1010283623342748},1010283623342748,,,,,,,,,,,,,,,,,0,{fileID: 0},0,{fileID: 0},0,"{fileID: -1298775899, guid: 57c9a3e5193e26c4b968cc86e528416d, type: 3}",-1298775899,57c9a3e5193e26c4b968cc86e528416d,,,,,,,,,,,,{fileID: 114452550796942001},114452550796942001,,,,,,,,,,,,,,,,,,{fileID: 114378095828516144},114378095828516144,,,
DebugUIBitField,Assets/GameObject/DebugUIBitField.prefab,57c9a3e5193e26c4b968cc86e528416d,57c9a3e5193e26c4b968cc86e528416d,-1298775899,,,,,,,,,{fileID: 114837534912548762},114837534912548762,"{r: 0.8, g: 0.8, b: 0.8, a: 1}",,,"{r: 0.25, g: 0.65, b: 0.8, a: 1}",,,,,,,,,,,,,,,,,,,,,,,,,,,,,,,,,,,,,,{fileID: 0},0,0,1,{fileID: 1972255350426776},1972255350426776,,,,,,,,,,,,,,,,,0,{fileID: 0},0,{fileID: 0},0,"{fileID: -1298775899, guid: 57c9a3e5193e26c4b968cc86e528416d, type: 3}",-1298775899,57c9a3e5193e26c4b968cc86e528416d,,,,,,,,,,,,{fileID: 114873262511235226},114873262511235226,,,,,,,,,,,,,,,,,,{fileID: 114624035643556628},114624035643556628,,,
DebugUIBitField,Assets/GameObject/DebugUIBitField.prefab,57c9a3e5193e26c4b968cc86e528416d,57c9a3e5193e26c4b968cc86e528416d,-1298775899,,,,,,,,,{fileID: 114821960631992415},114821960631992415,"{r: 0.8, g: 0.8, b: 0.8, a: 1}",,,"{r: 0.25, g: 0.65, b: 0.8, a: 1}",,,,,,,,,,,,,,,,,,,,,,,,,,,,,,,,,,,,,,{fileID: 0},0,0,1,{fileID: 1352947731772727},1352947731772727,,,,,,,,,,,,,,,,,0,{fileID: 0},0,{fileID: 0},0,"{fileID: -1298775899, guid: 57c9a3e5193e26c4b968cc86e528416d, type: 3}",-1298775899,57c9a3e5193e26c4b968cc86e528416d,,,,,,,,,,,,{fileID: 114972339692459379},114972339692459379,,,,,,,,,,,,,,,,,,{fileID: 114101117996956621},114101117996956621,,,
DebugUIBitField,Assets/GameObject/DebugUIBitField.prefab,57c9a3e5193e26c4b968cc86e528416d,57c9a3e5193e26c4b968cc86e528416d,-1298775899,,,,,,,,,{fileID: 114840342317051532},114840342317051532,"{r: 0.8, g: 0.8, b: 0.8, a: 1}",,,"{r: 0.25, g: 0.65, b: 0.8, a: 1}",,,,,,,,,,,,,,,,,,,,,,,,,,,,,,,,,,,,,,{fileID: 0},0,0,1,{fileID: 1053004794338173},1053004794338173,,,,,,,,,,,,,,,,,0,{fileID: 0},0,{fileID: 0},0,"{fileID: -1298775899, guid: 57c9a3e5193e26c4b968cc86e528416d, type: 3}",-1298775899,57c9a3e5193e26c4b968cc86e528416d,,,,,,,,,,,,{fileID: 114321973281650912},114321973281650912,,,,,,,,,,,,,,,,,,{fileID: 114227696287193296},114227696287193296,,,
DebugUIBitField,Assets/GameObject/DebugUIBitField.prefab,57c9a3e5193e26c4b968cc86e528416d,57c9a3e5193e26c4b968cc86e528416d,-1298775899,,,,,,,,,{fileID: 114704715267972885},114704715267972885,"{r: 0.8, g: 0.8, b: 0.8, a: 1}",,,"{r: 0.25, g: 0.65, b: 0.8, a: 1}",,,,,,,,,,,,,,,,,,,,,,,,,,,,,,,,,,,,,,{fileID: 0},0,0,1,{fileID: 1438254950814924},1438254950814924,,,,,,,,,,,,,,,,,0,{fileID: 0},0,{fileID: 0},0,"{fileID: -1298775899, guid: 57c9a3e5193e26c4b968cc86e528416d, type: 3}",-1298775899,57c9a3e5193e26c4b968cc86e528416d,,,,,,,,,,,,{fileID: 114433249423080175},114433249423080175,,,,,,,,,,,,,,,,,,{fileID: 114725610250896438},114725610250896438,,,
DebugUIBitField,Assets/GameObject/DebugUIBitField.prefab,57c9a3e5193e26c4b968cc86e528416d,57c9a3e5193e26c4b968cc86e528416d,-1298775899,,,,,,,,,{fileID: 114313357148463673},114313357148463673,"{r: 0.8, g: 0.8, b: 0.8, a: 1}",,,"{r: 0.25, g: 0.65, b: 0.8, a: 1}",,,,,,,,,,,,,,,,,,,,,,,,,,,,,,,,,,,,,,{fileID: 0},0,0,1,{fileID: 1515015324221442},1515015324221442,,,,,,,,,,,,,,,,,0,{fileID: 0},0,{fileID: 0},0,"{fileID: -1298775899, guid: 57c9a3e5193e26c4b968cc86e528416d, type: 3}",-1298775899,57c9a3e5193e26c4b968cc86e528416d,,,,,,,,,,,,{fileID: 114068712350848271},114068712350848271,,,,,,,,,,,,,,,,,,{fileID: 114880109200615857},114880109200615857,,,
DebugUIBitField,Assets/GameObject/DebugUIBitField.prefab,57c9a3e5193e26c4b968cc86e528416d,57c9a3e5193e26c4b968cc86e528416d,-1298775899,,,,,,,,,{fileID: 114605609832219612},114605609832219612,"{r: 0.8, g: 0.8, b: 0.8, a: 1}",,,"{r: 0.25, g: 0.65, b: 0.8, a: 1}",,,,,,,,,,,,,,,,,,,,,,,,,,,,,,,,,,,,,,{fileID: 0},0,0,1,{fileID: 1070739895530998},1070739895530998,,,,,,,,,,,,,,,,,0,{fileID: 0},0,{fileID: 0},0,"{fileID: -1298775899, guid: 57c9a3e5193e26c4b968cc86e528416d, type: 3}",-1298775899,57c9a3e5193e26c4b968cc86e528416d,,,,,,,,,,,,{fileID: 114214409187129466},114214409187129466,,,,,,,,,,,,,,,,,,{fileID: 114814432069878635},114814432069878635,,,
DebugUIBitField,Assets/GameObject/DebugUIBitField.prefab,57c9a3e5193e26c4b968cc86e528416d,57c9a3e5193e26c4b968cc86e528416d,-1298775899,,,,,,,,,{fileID: 114044023125470398},114044023125470398,"{r: 0.8, g: 0.8, b: 0.8, a: 1}",,,"{r: 0.25, g: 0.65, b: 0.8, a: 1}",,,,,,,,,,,,,,,,,,,,,,,,,,,,,,,,,,,,,,{fileID: 0},0,0,1,{fileID: 1438860889400403},1438860889400403,,,,,,,,,,,,,,,,,0,{fileID: 0},0,{fileID: 0},0,"{fileID: -1298775899, guid: 57c9a3e5193e26c4b968cc86e528416d, type: 3}",-1298775899,57c9a3e5193e26c4b968cc86e528416d,,,,,,,,,,,,{fileID: 114321617119627150},114321617119627150,,,,,,,,,,,,,,,,,,{fileID: 114617148988428867},114617148988428867,,,
DebugUIBitField,Assets/GameObject/DebugUIBitField.prefab,57c9a3e5193e26c4b968cc86e528416d,57c9a3e5193e26c4b968cc86e528416d,-1298775899,,,,,,,,,{fileID: 114955621050068478},114955621050068478,"{r: 0.8, g: 0.8, b: 0.8, a: 1}",,,"{r: 0.25, g: 0.65, b: 0.8, a: 1}",,,,,,,,,,,,,,,,,,,,,,,,,,,,,,,,,,,,,,{fileID: 0},0,0,1,{fileID: 1984326741755001},1984326741755001,,,,,,,,,,,,,,,,,0,{fileID: 0},0,{fileID: 0},0,"{fileID: -1298775899, guid: 57c9a3e5193e26c4b968cc86e528416d, type: 3}",-1298775899,57c9a3e5193e26c4b968cc86e528416d,,,,,,,,,,,,{fileID: 114588104257751423},114588104257751423,,,,,,,,,,,,,,,,,,{fileID: 114259179295766491},114259179295766491,,,
DebugUIBitField,Assets/GameObject/DebugUIBitField.prefab,57c9a3e5193e26c4b968cc86e528416d,57c9a3e5193e26c4b968cc86e528416d,-1298775899,,,,,,,,,{fileID: 114282691867703421},114282691867703421,"{r: 0.8, g: 0.8, b: 0.8, a: 1}",,,"{r: 0.25, g: 0.65, b: 0.8, a: 1}",,,,,,,,,,,,,,,,,,,,,,,,,,,,,,,,,,,,,,{fileID: 0},0,0,1,{fileID: 1485838980697258},1485838980697258,,,,,,,,,,,,,,,,,0,{fileID: 0},0,{fileID: 0},0,"{fileID: -1298775899, guid: 57c9a3e5193e26c4b968cc86e528416d, type: 3}",-1298775899,57c9a3e5193e26c4b968cc86e528416d,,,,,,,,,,,,{fileID: 114653430047805551},114653430047805551,,,,,,,,,,,,,,,,,,{fileID: 114370266374305476},114370266374305476,,,
DebugUIBitField,Assets/GameObject/DebugUIBitField.prefab,57c9a3e5193e26c4b968cc86e528416d,57c9a3e5193e26c4b968cc86e528416d,-1298775899,,,,,,,,,{fileID: 114788284708932414},114788284708932414,"{r: 0.8, g: 0.8, b: 0.8, a: 1}",,,"{r: 0.25, g: 0.65, b: 0.8, a: 1}",,,,,,,,,,,,,,,,,,,,,,,,,,,,,,,,,,,,,,{fileID: 0},0,0,1,{fileID: 1562163712016948},1562163712016948,,,,,,,,,,,,,,,,,0,{fileID: 0},0,{fileID: 0},0,"{fileID: -1298775899, guid: 57c9a3e5193e26c4b968cc86e528416d, type: 3}",-1298775899,57c9a3e5193e26c4b968cc86e528416d,,,,,,,,,,,,{fileID: 114513039101330252},114513039101330252,,,,,,,,,,,,,,,,,,{fileID: 114725124367191824},114725124367191824,,,
DebugUIBitField,Assets/GameObject/DebugUIBitField.prefab,57c9a3e5193e26c4b968cc86e528416d,57c9a3e5193e26c4b968cc86e528416d,-1298775899,,,,,,,,,{fileID: 114022199089963767},114022199089963767,"{r: 0.8, g: 0.8, b: 0.8, a: 1}",,,"{r: 0.25, g: 0.65, b: 0.8, a: 1}",,,,,,,,,,,,,,,,,,,,,,,,,,,,,,,,,,,,,,{fileID: 0},0,0,1,{fileID: 1171713273929759},1171713273929759,,,,,,,,,,,,,,,,,0,{fileID: 0},0,{fileID: 0},0,"{fileID: -1298775899, guid: 57c9a3e5193e26c4b968cc86e528416d, type: 3}",-1298775899,57c9a3e5193e26c4b968cc86e528416d,,,,,,,,,,,,{fileID: 114134105608342983},114134105608342983,,,,,,,,,,,,,,,,,,{fileID: 114908007420837152},114908007420837152,,,
DebugUIBitField,Assets/GameObject/DebugUIBitField.prefab,57c9a3e5193e26c4b968cc86e528416d,57c9a3e5193e26c4b968cc86e528416d,-1298775899,,,,,,,,,{fileID: 114004590219015142},114004590219015142,"{r: 0.8, g: 0.8, b: 0.8, a: 1}",,,"{r: 0.25, g: 0.65, b: 0.8, a: 1}",,,,,,,,,,,,,,,,,,,,,,,,,,,,,,,,,,,,,,{fileID: 0},0,0,1,{fileID: 1461704411796440},1461704411796440,,,,,,,,,,,,,,,,,0,{fileID: 0},0,{fileID: 0},0,"{fileID: -1298775899, guid: 57c9a3e5193e26c4b968cc86e528416d, type: 3}",-1298775899,57c9a3e5193e26c4b968cc86e528416d,,,,,,,,,,,,{fileID: 114718315620491461},114718315620491461,,,,,,,,,,,,,,,,,,{fileID: 114340808205620488},114340808205620488,,,
DebugUIBitField,Assets/GameObject/DebugUIBitField.prefab,57c9a3e5193e26c4b968cc86e528416d,57c9a3e5193e26c4b968cc86e528416d,-1298775899,,,,,,,,,{fileID: 114484383912827437},114484383912827437,"{r: 0.8, g: 0.8, b: 0.8, a: 1}",,,"{r: 0.25, g: 0.65, b: 0.8, a: 1}",,,,,,,,,,,,,,,,,,,,,,,,,,,,,,,,,,,,,,{fileID: 0},0,0,1,{fileID: 1236235984825019},1236235984825019,,,,,,,,,,,,,,,,,0,{fileID: 0},0,{fileID: 0},0,"{fileID: -1298775899, guid: 57c9a3e5193e26c4b968cc86e528416d, type: 3}",-1298775899,57c9a3e5193e26c4b968cc86e528416d,,,,,,,,,,,,{fileID: 114891056957062458},114891056957062458,,,,,,,,,,,,,,,,,,{fileID: 114954467476966379},114954467476966379,,,
DebugUIBitField,Assets/GameObject/DebugUIBitField.prefab,57c9a3e5193e26c4b968cc86e528416d,57c9a3e5193e26c4b968cc86e528416d,-1298775899,,,,,,,,,{fileID: 114536325712559530},114536325712559530,"{r: 0.8, g: 0.8, b: 0.8, a: 1}",,,"{r: 0.25, g: 0.65, b: 0.8, a: 1}",,,,,,,,,,,,,,,,,,,,,,,,,,,,,,,,,,,,,,{fileID: 0},0,0,1,{fileID: 1831579036203680},1831579036203680,,,,,,,,,,,,,,,,,0,{fileID: 0},0,{fileID: 0},0,"{fileID: -1298775899, guid: 57c9a3e5193e26c4b968cc86e528416d, type: 3}",-1298775899,57c9a3e5193e26c4b968cc86e528416d,,,,,,,,,,,,{fileID: 114712165638389670},114712165638389670,,,,,,,,,,,,,,,,,,{fileID: 114080471188638055},114080471188638055,,,
DebugUIBitField,Assets/GameObject/DebugUIBitField.prefab,57c9a3e5193e26c4b968cc86e528416d,57c9a3e5193e26c4b968cc86e528416d,-1298775899,,,,,,,,,{fileID: 114926788109325230},114926788109325230,"{r: 0.8, g: 0.8, b: 0.8, a: 1}",,,"{r: 0.25, g: 0.65, b: 0.8, a: 1}",,,,,,,,,,,,,,,,,,,,,,,,,,,,,,,,,,,,,,{fileID: 0},0,0,1,{fileID: 1913539394922835},1913539394922835,,,,,,,,,,,,,,,,,0,{fileID: 0},0,{fileID: 0},0,"{fileID: -1298775899, guid: 57c9a3e5193e26c4b968cc86e528416d, type: 3}",-1298775899,57c9a3e5193e26c4b968cc86e528416d,,,,,,,,,,,,{fileID: 114251046559205645},114251046559205645,,,,,,,,,,,,,,,,,,{fileID: 114664507959885594},114664507959885594,,,
DebugUIBitField,Assets/GameObject/DebugUIBitField.prefab,57c9a3e5193e26c4b968cc86e528416d,57c9a3e5193e26c4b968cc86e528416d,-1298775899,,,,,,,,,{fileID: 114988202017102535},114988202017102535,"{r: 0.8, g: 0.8, b: 0.8, a: 1}",,,"{r: 0.25, g: 0.65, b: 0.8, a: 1}",,,,,,,,,,,,,,,,,,,,,,,,,,,,,,,,,,,,,,{fileID: 0},0,0,1,{fileID: 1989614042331572},1989614042331572,,,,,,,,,,,,,,,,,0,{fileID: 0},0,{fileID: 0},0,"{fileID: -1298775899, guid: 57c9a3e5193e26c4b968cc86e528416d, type: 3}",-1298775899,57c9a3e5193e26c4b968cc86e528416d,,,,,,,,,,,,{fileID: 114784884856961179},114784884856961179,,,,,,,,,,,,,,,,,,{fileID: 114280008082480665},114280008082480665,,,
DebugUIBitField,Assets/GameObject/DebugUIBitField.prefab,57c9a3e5193e26c4b968cc86e528416d,57c9a3e5193e26c4b968cc86e528416d,-1298775899,,,,,,,,,{fileID: 114333828228079388},114333828228079388,"{r: 0.8, g: 0.8, b: 0.8, a: 1}",,,"{r: 0.25, g: 0.65, b: 0.8, a: 1}",,,,,,,,,,,,,,,,,,,,,,,,,,,,,,,,,,,,,,{fileID: 0},0,0,1,{fileID: 1076979778004434},1076979778004434,,,,,,,,,,,,,,,,,0,{fileID: 0},0,{fileID: 0},0,"{fileID: -1298775899, guid: 57c9a3e5193e26c4b968cc86e528416d, type: 3}",-1298775899,57c9a3e5193e26c4b968cc86e528416d,,,,,,,,,,,,{fileID: 114365645913005039},114365645913005039,,,,,,,,,,,,,,,,,,{fileID: 114052512384601808},114052512384601808,,,
DebugUIBitField,Assets/GameObject/DebugUIBitField.prefab,57c9a3e5193e26c4b968cc86e528416d,57c9a3e5193e26c4b968cc86e528416d,-1298775899,,,,,,,,,{fileID: 114614960939123907},114614960939123907,"{r: 0.8, g: 0.8, b: 0.8, a: 1}",,,"{r: 0.25, g: 0.65, b: 0.8, a: 1}",,,,,,,,,,,,,,,,,,,,,,,,,,,,,,,,,,,,,,{fileID: 0},0,0,1,{fileID: 1982666948654409},1982666948654409,,,,,,,,,,,,,,,,,0,{fileID: 0},0,{fileID: 0},0,"{fileID: -1298775899, guid: 57c9a3e5193e26c4b968cc86e528416d, type: 3}",-1298775899,57c9a3e5193e26c4b968cc86e528416d,,,,,,,,,,,,{fileID: 114081347536040037},114081347536040037,,,,,,,,,,,,,,,,,,{fileID: 114804521503061683},114804521503061683,,,
DebugUIBitField,Assets/GameObject/DebugUIBitField.prefab,57c9a3e5193e26c4b968cc86e528416d,57c9a3e5193e26c4b968cc86e528416d,-1298775899,,,,,,,,,{fileID: 114196581222906619},114196581222906619,"{r: 0.8, g: 0.8, b: 0.8, a: 1}",,,"{r: 0.25, g: 0.65, b: 0.8, a: 1}",,,,,,,,,,,,,,,,,,,,,,,,,,,,,,,,,,,,,,{fileID: 0},0,0,1,{fileID: 1967037961311663},1967037961311663,,,,,,,,,,,,,,,,,0,{fileID: 0},0,{fileID: 0},0,"{fileID: -1298775899, guid: 57c9a3e5193e26c4b968cc86e528416d, type: 3}",-1298775899,57c9a3e5193e26c4b968cc86e528416d,,,,,,,,,,,,{fileID: 114008466795927394},114008466795927394,,,,,,,,,,,,,,,,,,{fileID: 114983750063660262},114983750063660262,,,
DebugUIBitField,Assets/GameObject/DebugUIBitField.prefab,57c9a3e5193e26c4b968cc86e528416d,57c9a3e5193e26c4b968cc86e528416d,-1298775899,,,,,,,,,{fileID: 114424314179049345},114424314179049345,"{r: 0.8, g: 0.8, b: 0.8, a: 1}",,,"{r: 0.25, g: 0.65, b: 0.8, a: 1}",,,,,,,,,,,,,,,,,,,,,,,,,,,,,,,,,,,,,,{fileID: 0},0,0,1,{fileID: 1755245641053027},1755245641053027,,,,,,,,,,,,,,,,,0,{fileID: 0},0,{fileID: 0},0,"{fileID: -1298775899, guid: 57c9a3e5193e26c4b968cc86e528416d, type: 3}",-1298775899,57c9a3e5193e26c4b968cc86e528416d,,,,,,,,,,,,{fileID: 114050764348549290},114050764348549290,,,,,,,,,,,,,,,,,,{fileID: 114398423773695530},114398423773695530,,,
DebugUIBitField,Assets/GameObject/DebugUIBitField.prefab,57c9a3e5193e26c4b968cc86e528416d,57c9a3e5193e26c4b968cc86e528416d,-1298775899,,,,,,,,,{fileID: 114236601012288576},114236601012288576,"{r: 0.8, g: 0.8, b: 0.8, a: 1}",,,"{r: 0.25, g: 0.65, b: 0.8, a: 1}",,,,,,,,,,,,,,,,,,,,,,,,,,,,,,,,,,,,,,{fileID: 0},0,0,1,{fileID: 1642572363951458},1642572363951458,,,,,,,,,,,,,,,,,0,{fileID: 0},0,{fileID: 0},0,"{fileID: -1298775899, guid: 57c9a3e5193e26c4b968cc86e528416d, type: 3}",-1298775899,57c9a3e5193e26c4b968cc86e528416d,,,,,,,,,,,,{fileID: 114477380368873685},114477380368873685,,,,,,,,,,,,,,,,,,{fileID: 114864450031596548},114864450031596548,,,
DebugUIBitField,Assets/GameObject/DebugUIBitField.prefab,57c9a3e5193e26c4b968cc86e528416d,57c9a3e5193e26c4b968cc86e528416d,-1298775899,,,,,,,,,{fileID: 114161464817489057},114161464817489057,"{r: 0.8, g: 0.8, b: 0.8, a: 1}",,,"{r: 0.25, g: 0.65, b: 0.8, a: 1}",,,,,,,,,,,,,,,,,,,,,,,,,,,,,,,,,,,,,,{fileID: 0},0,0,1,{fileID: 1937007365460297},1937007365460297,,,,,,,,,,,,,,,,,0,{fileID: 0},0,{fileID: 0},0,"{fileID: -1298775899, guid: 57c9a3e5193e26c4b968cc86e528416d, type: 3}",-1298775899,57c9a3e5193e26c4b968cc86e528416d,,,,,,,,,,,,{fileID: 114578114020252857},114578114020252857,,,,,,,,,,,,,,,,,,{fileID: 114804088992345262},114804088992345262,,,
DebugUIBitField,Assets/GameObject/DebugUIBitField.prefab,57c9a3e5193e26c4b968cc86e528416d,57c9a3e5193e26c4b968cc86e528416d,-1298775899,,,,,,,,,{fileID: 114582011088220471},114582011088220471,"{r: 0.8, g: 0.8, b: 0.8, a: 1}",,,"{r: 0.25, g: 0.65, b: 0.8, a: 1}",,,,,,,,,,,,,,,,,,,,,,,,,,,,,,,,,,,,,,{fileID: 0},0,0,1,{fileID: 1735426636930049},1735426636930049,,,,,,,,,,,,,,,,,0,{fileID: 0},0,{fileID: 0},0,"{fileID: -1298775899, guid: 57c9a3e5193e26c4b968cc86e528416d, type: 3}",-1298775899,57c9a3e5193e26c4b968cc86e528416d,,,,,,,,,,,,{fileID: 114434092201811757},114434092201811757,,,,,,,,,,,,,,,,,,{fileID: 114572818606116907},114572818606116907,,,
DebugUIVector3,Assets/GameObject/DebugUIVector3.prefab,57c9a3e5193e26c4b968cc86e528416d,57c9a3e5193e26c4b968cc86e528416d,-1244478167,,,,,,,,,,,,,,,,,{fileID: 224883299126232023},224883299126232023,,,,,,,,,,,,,,,,,,,,,,,,,,,,,,,,,,{fileID: 0},0,0,1,{fileID: 1828351195071444},1828351195071444,,,,,,,,,,,,,,,,,0,{fileID: 0},0,{fileID: 0},0,"{fileID: -1244478167, guid: 57c9a3e5193e26c4b968cc86e528416d, type: 3}",-1244478167,57c9a3e5193e26c4b968cc86e528416d,,,,,,,,,,,,,,,,,,,,,,,,,,,,,,,,,,,
DebugUIVector3,Assets/GameObject/DebugUIVector3.prefab,57c9a3e5193e26c4b968cc86e528416d,57c9a3e5193e26c4b968cc86e528416d,-1774521519,,,,,,,,,,,"{r: 0.8, g: 0.8, b: 0.8, a: 1}",,,"{r: 0.25, g: 0.65, b: 0.8, a: 1}",,,,,,,,,,,,,,,,{fileID: 114082489301590496},114082489301590496,{fileID: 114805142018220369},114805142018220369,{fileID: 114748067887419230},114748067887419230,,,,,,,,,,,,,,,,,{fileID: 0},0,0,1,{fileID: 1828351195071444},1828351195071444,,,,,,,,,,,,,,,,,0,{fileID: 0},0,{fileID: 0},0,"{fileID: -1774521519, guid: 57c9a3e5193e26c4b968cc86e528416d, type: 3}",-1774521519,57c9a3e5193e26c4b968cc86e528416d,,,,,,,,,,,,{fileID: 114643330324070748},114643330324070748,,,,,,,,,,,,,,,,,,{fileID: 114977806565272078},114977806565272078,,,
DebugUIVector3,Assets/GameObject/DebugUIVector3.prefab,57c9a3e5193e26c4b968cc86e528416d,57c9a3e5193e26c4b968cc86e528416d,1584280941,,,,{fileID: 1236101294107982},1236101294107982,{fileID: 1164241611226970},1164241611226970,,,,,,,,,{fileID: 1112194596257347},,,1112194596257347,,,,,,,,,,,,,,,,,{fileID: 0},0,,,Disabled,Highlighted,Normal,Pressed,Highlighted,1,"{r: 0.78431374, g: 0.78431374, b: 0.78431374, a: 0.5019608}",0.1,"{r: 0.9607843, g: 0.9607843, b: 0.9607843, a: 1}","{r: 1, g: 1, b: 1, a: 1}","{r: 0.78431374, g: 0.78431374, b: 0.78431374, a: 1}","{r: 0.9607843, g: 0.9607843, b: 0.9607843, a: 1}",{fileID: 0},0,0,1,{fileID: 1964877110936991},1964877110936991,{fileID: 0},0,1,,0,,3,{fileID: 0},0,{fileID: 0},0,{fileID: 0},0,{fileID: 0},0,0,0,{fileID: 0},0,{fileID: 0},0,"{fileID: 1584280941, guid: 57c9a3e5193e26c4b968cc86e528416d, type: 3}",1584280941,57c9a3e5193e26c4b968cc86e528416d,{fileID: 0},0,{fileID: 0},0,{fileID: 0},0,{fileID: 0},0,{fileID: 0},0,0,,,,,[],,,,,,,,,,,,0,,,,,,,
DebugUIVector3,Assets/GameObject/DebugUIVector3.prefab,57c9a3e5193e26c4b968cc86e528416d,57c9a3e5193e26c4b968cc86e528416d,-874900598,,,,,,,,,,,"{r: 0.8, g: 0.8, b: 0.8, a: 1}",,,"{r: 0.25, g: 0.65, b: 0.8, a: 1}",,,,,,,,,,,,,,,,,,,,,,,,,,,,,,,,,,,,,,{fileID: 0},0,0,1,{fileID: 1346839448135792},1346839448135792,,,,,,,,,,,,,,,,,0,{fileID: 0},0,{fileID: 0},0,"{fileID: -874900598, guid: 57c9a3e5193e26c4b968cc86e528416d, type: 3}",-874900598,57c9a3e5193e26c4b968cc86e528416d,,,,,,,,,,,,{fileID: 114895110708536095},114895110708536095,,,,,,,,,,,,,,,,{fileID: 114017934233006910},114017934233006910,,,,,
DebugUIVector3,Assets/GameObject/DebugUIVector3.prefab,57c9a3e5193e26c4b968cc86e528416d,57c9a3e5193e26c4b968cc86e528416d,-874900598,,,,,,,,,,,"{r: 0.8, g: 0.8, b: 0.8, a: 1}",,,"{r: 0.25, g: 0.65, b: 0.8, a: 1}",,,,,,,,,,,,,,,,,,,,,,,,,,,,,,,,,,,,,,{fileID: 0},0,0,1,{fileID: 1764169599844967},1764169599844967,,,,,,,,,,,,,,,,,0,{fileID: 0},0,{fileID: 0},0,"{fileID: -874900598, guid: 57c9a3e5193e26c4b968cc86e528416d, type: 3}",-874900598,57c9a3e5193e26c4b968cc86e528416d,,,,,,,,,,,,{fileID: 114676398000076572},114676398000076572,,,,,,,,,,,,,,,,{fileID: 114127245044920002},114127245044920002,,,,,
DebugUIVector3,Assets/GameObject/DebugUIVector3.prefab,57c9a3e5193e26c4b968cc86e528416d,57c9a3e5193e26c4b968cc86e528416d,-874900598,,,,,,,,,,,"{r: 0.8, g: 0.8, b: 0.8, a: 1}",,,"{r: 0.25, g: 0.65, b: 0.8, a: 1}",,,,,,,,,,,,,,,,,,,,,,,,,,,,,,,,,,,,,,{fileID: 0},0,0,1,{fileID: 1649837197678087},1649837197678087,,,,,,,,,,,,,,,,,0,{fileID: 0},0,{fileID: 0},0,"{fileID: -874900598, guid: 57c9a3e5193e26c4b968cc86e528416d, type: 3}",-874900598,57c9a3e5193e26c4b968cc86e528416d,,,,,,,,,,,,{fileID: 114287733614682200},114287733614682200,,,,,,,,,,,,,,,,{fileID: 114809272770641948},114809272770641948,,,,,
DebugUIVector4,Assets/GameObject/DebugUIVector4.prefab,57c9a3e5193e26c4b968cc86e528416d,57c9a3e5193e26c4b968cc86e528416d,-1244478167,,,,,,,,,,,,,,,,,{fileID: 224503029492671892},224503029492671892,,,,,,,,,,,,,,,,,,,,,,,,,,,,,,,,,,{fileID: 0},0,0,1,{fileID: 1287130797222538},1287130797222538,,,,,,,,,,,,,,,,,0,{fileID: 0},0,{fileID: 0},0,"{fileID: -1244478167, guid: 57c9a3e5193e26c4b968cc86e528416d, type: 3}",-1244478167,57c9a3e5193e26c4b968cc86e528416d,,,,,,,,,,,,,,,,,,,,,,,,,,,,,,,,,,,
DebugUIVector4,Assets/GameObject/DebugUIVector4.prefab,57c9a3e5193e26c4b968cc86e528416d,57c9a3e5193e26c4b968cc86e528416d,-1704656213,,,,,,,,,,,"{r: 0.8, g: 0.8, b: 0.8, a: 1}",,,"{r: 0.25, g: 0.65, b: 0.8, a: 1}",,,,,,,,,,,,,,{fileID: 114841713241886500},114841713241886500,{fileID: 114258759050914180},114258759050914180,{fileID: 114495184566981377},114495184566981377,{fileID: 114216311581588644},114216311581588644,,,,,,,,,,,,,,,,,{fileID: 0},0,0,1,{fileID: 1287130797222538},1287130797222538,,,,,,,,,,,,,,,,,0,{fileID: 0},0,{fileID: 0},0,"{fileID: -1704656213, guid: 57c9a3e5193e26c4b968cc86e528416d, type: 3}",-1704656213,57c9a3e5193e26c4b968cc86e528416d,,,,,,,,,,,,{fileID: 114288674004169779},114288674004169779,,,,,,,,,,,,,,,,,,{fileID: 114040838113635795},114040838113635795,,,
DebugUIVector4,Assets/GameObject/DebugUIVector4.prefab,57c9a3e5193e26c4b968cc86e528416d,57c9a3e5193e26c4b968cc86e528416d,1584280941,,,,{fileID: 1090702089046392},1090702089046392,{fileID: 1223540151176350},1223540151176350,,,,,,,,,{fileID: 1364077539434584},,,1364077539434584,,,,,,,,,,,,,,,,,{fileID: 0},0,,,Disabled,Highlighted,Normal,Pressed,Highlighted,1,"{r: 0.78431374, g: 0.78431374, b: 0.78431374, a: 0.5019608}",0.1,"{r: 0.9607843, g: 0.9607843, b: 0.9607843, a: 1}","{r: 1, g: 1, b: 1, a: 1}","{r: 0.78431374, g: 0.78431374, b: 0.78431374, a: 1}","{r: 0.9607843, g: 0.9607843, b: 0.9607843, a: 1}",{fileID: 0},0,0,1,{fileID: 1111003609667243},1111003609667243,{fileID: 0},0,1,,0,,3,{fileID: 0},0,{fileID: 0},0,{fileID: 0},0,{fileID: 0},0,0,0,{fileID: 0},0,{fileID: 0},0,"{fileID: 1584280941, guid: 57c9a3e5193e26c4b968cc86e528416d, type: 3}",1584280941,57c9a3e5193e26c4b968cc86e528416d,{fileID: 0},0,{fileID: 0},0,{fileID: 0},0,{fileID: 0},0,{fileID: 0},0,0,,,,,[],,,,,,,,,,,,0,,,,,,,
DebugUIVector4,Assets/GameObject/DebugUIVector4.prefab,57c9a3e5193e26c4b968cc86e528416d,57c9a3e5193e26c4b968cc86e528416d,-874900598,,,,,,,,,,,"{r: 0.8, g: 0.8, b: 0.8, a: 1}",,,"{r: 0.25, g: 0.65, b: 0.8, a: 1}",,,,,,,,,,,,,,,,,,,,,,,,,,,,,,,,,,,,,,{fileID: 0},0,0,1,{fileID: 1657091484822504},1657091484822504,,,,,,,,,,,,,,,,,0,{fileID: 0},0,{fileID: 0},0,"{fileID: -874900598, guid: 57c9a3e5193e26c4b968cc86e528416d, type: 3}",-874900598,57c9a3e5193e26c4b968cc86e528416d,,,,,,,,,,,,{fileID: 114751860184371306},114751860184371306,,,,,,,,,,,,,,,,{fileID: 114752930494650336},114752930494650336,,,,,
DebugUIVector4,Assets/GameObject/DebugUIVector4.prefab,57c9a3e5193e26c4b968cc86e528416d,57c9a3e5193e26c4b968cc86e528416d,-874900598,,,,,,,,,,,"{r: 0.8, g: 0.8, b: 0.8, a: 1}",,,"{r: 0.25, g: 0.65, b: 0.8, a: 1}",,,,,,,,,,,,,,,,,,,,,,,,,,,,,,,,,,,,,,{fileID: 0},0,0,1,{fileID: 1968768434430470},1968768434430470,,,,,,,,,,,,,,,,,0,{fileID: 0},0,{fileID: 0},0,"{fileID: -874900598, guid: 57c9a3e5193e26c4b968cc86e528416d, type: 3}",-874900598,57c9a3e5193e26c4b968cc86e528416d,,,,,,,,,,,,{fileID: 114757899577697999},114757899577697999,,,,,,,,,,,,,,,,{fileID: 114207665991959578},114207665991959578,,,,,
DebugUIVector4,Assets/GameObject/DebugUIVector4.prefab,57c9a3e5193e26c4b968cc86e528416d,57c9a3e5193e26c4b968cc86e528416d,-874900598,,,,,,,,,,,"{r: 0.8, g: 0.8, b: 0.8, a: 1}",,,"{r: 0.25, g: 0.65, b: 0.8, a: 1}",,,,,,,,,,,,,,,,,,,,,,,,,,,,,,,,,,,,,,{fileID: 0},0,0,1,{fileID: 1472730174284976},1472730174284976,,,,,,,,,,,,,,,,,0,{fileID: 0},0,{fileID: 0},0,"{fileID: -874900598, guid: 57c9a3e5193e26c4b968cc86e528416d, type: 3}",-874900598,57c9a3e5193e26c4b968cc86e528416d,,,,,,,,,,,,{fileID: 114785551602560254},114785551602560254,,,,,,,,,,,,,,,,{fileID: 114130241283841780},114130241283841780,,,,,
DebugUIVector4,Assets/GameObject/DebugUIVector4.prefab,57c9a3e5193e26c4b968cc86e528416d,57c9a3e5193e26c4b968cc86e528416d,-874900598,,,,,,,,,,,"{r: 0.8, g: 0.8, b: 0.8, a: 1}",,,"{r: 0.25, g: 0.65, b: 0.8, a: 1}",,,,,,,,,,,,,,,,,,,,,,,,,,,,,,,,,,,,,,{fileID: 0},0,0,1,{fileID: 1343673946634434},1343673946634434,,,,,,,,,,,,,,,,,0,{fileID: 0},0,{fileID: 0},0,"{fileID: -874900598, guid: 57c9a3e5193e26c4b968cc86e528416d, type: 3}",-874900598,57c9a3e5193e26c4b968cc86e528416d,,,,,,,,,,,,{fileID: 114420477791974067},114420477791974067,,,,,,,,,,,,,,,,{fileID: 114535946988387491},114535946988387491,,,,,
BubblePopper,Assets/GameObject/BubblePopper.prefab,57c9a3e5193e26c4b968cc86e528416d,57c9a3e5193e26c4b968cc86e528416d,1520420858,,,,,,,,0,,,,,,,,,,,,,,,,,,,,,,,,,,,,,,,,,,,,,,,,,,,,{fileID: 0},0,0,1,{fileID: 1025658883706964},1025658883706964,,,,1,,,,,,,,,,,,,0,{fileID: 0},0,{fileID: 0},0,"{fileID: 1520420858, guid: 57c9a3e5193e26c4b968cc86e528416d, type: 3}",1520420858,57c9a3e5193e26c4b968cc86e528416d,,,,,,,,,,,,,,,,,,,0,,,,,"{fileID: 11400000, guid: 820baade7895dbf41a3ac6c434bdc057, type: 2}",11400000,820baade7895dbf41a3ac6c434bdc057,Assets/MonoBehaviour/MiniGameVolume_Snake.asset,,,,,,,,1
DebugUIValueTuple,Assets/GameObject/DebugUIValueTuple.prefab,57c9a3e5193e26c4b968cc86e528416d,57c9a3e5193e26c4b968cc86e528416d,859163855,,,,,,,,,,,"{r: 0.8, g: 0.8, b: 0.8, a: 1}",,,"{r: 0.25, g: 0.65, b: 0.8, a: 1}",,,,,,,,,,,,,,,,,,,,,,,,,,,,,,,,,,,,,,{fileID: 0},0,0,1,{fileID: 1511446493693441},1511446493693441,,,,,,,,,,,,,,,,,0,{fileID: 0},0,{fileID: 0},0,"{fileID: 859163855, guid: 57c9a3e5193e26c4b968cc86e528416d, type: 3}",859163855,57c9a3e5193e26c4b968cc86e528416d,,,,,,,,,,,,{fileID: 114573945149001985},114573945149001985,,,,,,,,,,,,,,,,{fileID: 114002754238444446},114002754238444446,,,,,
SpecialAttachment_POIBoss_Red,Assets/GameObject/SpecialAttachment_POIBoss_Red.prefab,57c9a3e5193e26c4b968cc86e528416d,57c9a3e5193e26c4b968cc86e528416d,1520420858,,,,,,,,30,,,,,,,,,,,,,,,,,,,,,,,,,,,,,,,,,,,,,,,,,,,,{fileID: 0},0,0,1,{fileID: 1790501969925241},1790501969925241,,,,0,,,,,,,,,,,,,0,{fileID: 0},0,{fileID: 0},0,"{fileID: 1520420858, guid: 57c9a3e5193e26c4b968cc86e528416d, type: 3}",1520420858,57c9a3e5193e26c4b968cc86e528416d,,,,,,,,,,,,,,,,,,,99,,,,,"{fileID: 11400000, guid: cb5758d53beed914abbaf337c0d0db58, type: 2}",11400000,cb5758d53beed914abbaf337c0d0db58,Assets/MonoBehaviour/Boss_Red_Profile.asset,,,,,,,,1
