_ObjectName,_SourceFile,_Script,_ScriptGUID,_ScriptFileID,MonoBehaviour.- {fileID,MonoBehaviour.acesPreset.m_OverrideState,MonoBehaviour.acesPreset.m_Value,MonoBehaviour.active,MonoBehaviour.aperture.m_OverrideState,MonoBehaviour.aperture.m_Value,MonoBehaviour.balance.m_OverrideState,MonoBehaviour.balance.m_Value,MonoBehaviour.bias,MonoBehaviour.bindDepthStencilAttachment,MonoBehaviour.bladeCount.m_OverrideState,MonoBehaviour.bladeCount.m_Value,MonoBehaviour.bladeCurvature.m_OverrideState,MonoBehaviour.bladeCurvature.m_Value,MonoBehaviour.bladeRotation.m_OverrideState,MonoBehaviour.bladeRotation.m_Value,MonoBehaviour.blendCascades,MonoBehaviour.blue.m_OverrideState,MonoBehaviour.blue.m_Value.<length>k__BackingField,MonoBehaviour.blue.m_Value.m_Curve.- serializedVersion,MonoBehaviour.blue.m_Value.m_Curve.inSlope,MonoBehaviour.blue.m_Value.m_Curve.inWeight,MonoBehaviour.blue.m_Value.m_Curve.m_PostInfinity,MonoBehaviour.blue.m_Value.m_Curve.m_PreInfinity,MonoBehaviour.blue.m_Value.m_Curve.m_RotationOrder,MonoBehaviour.blue.m_Value.m_Curve.outSlope,MonoBehaviour.blue.m_Value.m_Curve.outWeight,MonoBehaviour.blue.m_Value.m_Curve.serializedVersion,MonoBehaviour.blue.m_Value.m_Curve.tangentMode,MonoBehaviour.blue.m_Value.m_Curve.time,MonoBehaviour.blue.m_Value.m_Curve.value,MonoBehaviour.blue.m_Value.m_Curve.weightedMode,MonoBehaviour.blue.m_Value.m_Loop,MonoBehaviour.blue.m_Value.m_Range,MonoBehaviour.blue.m_Value.m_ZeroValue,MonoBehaviour.blurDepthAttenLength,MonoBehaviour.blurDepthAttenStart,MonoBehaviour.blurEdgeSharpness,MonoBehaviour.blurEdgeTolerance,MonoBehaviour.blurGrazingAttenuation,MonoBehaviour.blurIterations,MonoBehaviour.blurSpread,MonoBehaviour.blurType,MonoBehaviour.camerasLayerMask.m_Bits,MonoBehaviour.camerasLayerMask.serializedVersion,MonoBehaviour.cascade1BlendingStrength,MonoBehaviour.cascade1Scale,MonoBehaviour.cascade2BlendingStrength,MonoBehaviour.cascade2Scale,MonoBehaviour.cascade3BlendingStrength,MonoBehaviour.cascade3Scale,MonoBehaviour.cascade4Scale,MonoBehaviour.center.m_OverrideState,MonoBehaviour.center.m_Value,MonoBehaviour.clamp.m_OverrideState,MonoBehaviour.clamp.m_Value,MonoBehaviour.color.m_OverrideState,MonoBehaviour.color.m_Value,MonoBehaviour.colorFilter.m_OverrideState,MonoBehaviour.colorFilter.m_Value,MonoBehaviour.contactShadows,MonoBehaviour.contactShadowsDistanceFade,MonoBehaviour.contactShadowsInjectionPoint,MonoBehaviour.contactShadowsIntensityMultiplier,MonoBehaviour.contactShadowsJitter,MonoBehaviour.contactShadowsNormalBias,MonoBehaviour.contactShadowsSampleCount,MonoBehaviour.contactShadowsStartDistance,MonoBehaviour.contactShadowsStartDistanceFade,MonoBehaviour.contactShadowsStepping,MonoBehaviour.contactShadowsThicknessDistanceMultiplier,MonoBehaviour.contactShadowsThicknessNear,MonoBehaviour.contactShadowsVignetteSize,MonoBehaviour.contactStrength,MonoBehaviour.contactStrengthKnee,MonoBehaviour.contrast.m_OverrideState,MonoBehaviour.contrast.m_Value,MonoBehaviour.contribution.m_OverrideState,MonoBehaviour.contribution.m_Value,MonoBehaviour.cropToFit.m_OverrideState,MonoBehaviour.cropToFit.m_Value,MonoBehaviour.debugShaders.debugReplacementPS,MonoBehaviour.debugShaders.debugReplacementPS_fileID,MonoBehaviour.debugShaders.debugReplacementPS_guid,MonoBehaviour.debugShaders.debugReplacementPS_path,MonoBehaviour.debugShaders.hdrDebugViewPS,MonoBehaviour.debugShaders.hdrDebugViewPS_fileID,MonoBehaviour.debugShaders.hdrDebugViewPS_guid,MonoBehaviour.debugShaders.hdrDebugViewPS_path,MonoBehaviour.detectBrightnessLimits.m_OverrideState,MonoBehaviour.detectBrightnessLimits.m_Value,MonoBehaviour.detectPaperWhite.m_OverrideState,MonoBehaviour.detectPaperWhite.m_Value,MonoBehaviour.dirtIntensity.m_OverrideState,MonoBehaviour.dirtIntensity.m_Value,MonoBehaviour.dirtTexture.dimension,MonoBehaviour.dirtTexture.m_OverrideState,MonoBehaviour.dirtTexture.m_Value,MonoBehaviour.dirtTexture.m_Value_fileID,MonoBehaviour.distance.m_OverrideState,MonoBehaviour.distance.m_Value,MonoBehaviour.distantSpread,MonoBehaviour.downsample,MonoBehaviour.downscale.m_OverrideState,MonoBehaviour.downscale.m_Value,MonoBehaviour.enableContactHardening,MonoBehaviour.fetchColorBuffer,MonoBehaviour.focalLength.m_OverrideState,MonoBehaviour.focalLength.m_Value,MonoBehaviour.focusDistance.m_OverrideState,MonoBehaviour.focusDistance.m_Value,MonoBehaviour.frameSkipOptimization,MonoBehaviour.gain.m_OverrideState,MonoBehaviour.gain.m_Value,MonoBehaviour.gamma.m_OverrideState,MonoBehaviour.gamma.m_Value,MonoBehaviour.gaussianEnd.m_OverrideState,MonoBehaviour.gaussianEnd.m_Value,MonoBehaviour.gaussianMaxRadius.m_OverrideState,MonoBehaviour.gaussianMaxRadius.m_Value,MonoBehaviour.gaussianStart.m_OverrideState,MonoBehaviour.gaussianStart.m_Value,MonoBehaviour.green.m_OverrideState,MonoBehaviour.green.m_Value.<length>k__BackingField,MonoBehaviour.green.m_Value.m_Curve.- serializedVersion,MonoBehaviour.green.m_Value.m_Curve.inSlope,MonoBehaviour.green.m_Value.m_Curve.inWeight,MonoBehaviour.green.m_Value.m_Curve.m_PostInfinity,MonoBehaviour.green.m_Value.m_Curve.m_PreInfinity,MonoBehaviour.green.m_Value.m_Curve.m_RotationOrder,MonoBehaviour.green.m_Value.m_Curve.outSlope,MonoBehaviour.green.m_Value.m_Curve.outWeight,MonoBehaviour.green.m_Value.m_Curve.serializedVersion,MonoBehaviour.green.m_Value.m_Curve.tangentMode,MonoBehaviour.green.m_Value.m_Curve.time,MonoBehaviour.green.m_Value.m_Curve.value,MonoBehaviour.green.m_Value.m_Curve.weightedMode,MonoBehaviour.green.m_Value.m_Loop,MonoBehaviour.green.m_Value.m_Range,MonoBehaviour.green.m_Value.m_ZeroValue,MonoBehaviour.highQualityFiltering.m_OverrideState,MonoBehaviour.highQualityFiltering.m_Value,MonoBehaviour.highQualitySampling.m_OverrideState,MonoBehaviour.highQualitySampling.m_Value,MonoBehaviour.highlights.m_OverrideState,MonoBehaviour.highlights.m_Value,MonoBehaviour.highlightsEnd.m_OverrideState,MonoBehaviour.highlightsEnd.m_Value,MonoBehaviour.highlightsStart.m_OverrideState,MonoBehaviour.highlightsStart.m_Value,MonoBehaviour.hueShift.m_OverrideState,MonoBehaviour.hueShift.m_Value,MonoBehaviour.hueShiftAmount.m_OverrideState,MonoBehaviour.hueShiftAmount.m_Value,MonoBehaviour.hueVsHue.m_OverrideState,MonoBehaviour.hueVsHue.m_Value.<length>k__BackingField,MonoBehaviour.hueVsHue.m_Value.m_Curve.- serializedVersion,MonoBehaviour.hueVsHue.m_Value.m_Curve.inSlope,MonoBehaviour.hueVsHue.m_Value.m_Curve.inWeight,MonoBehaviour.hueVsHue.m_Value.m_Curve.m_Curve,MonoBehaviour.hueVsHue.m_Value.m_Curve.m_PostInfinity,MonoBehaviour.hueVsHue.m_Value.m_Curve.m_PreInfinity,MonoBehaviour.hueVsHue.m_Value.m_Curve.m_RotationOrder,MonoBehaviour.hueVsHue.m_Value.m_Curve.outSlope,MonoBehaviour.hueVsHue.m_Value.m_Curve.outWeight,MonoBehaviour.hueVsHue.m_Value.m_Curve.serializedVersion,MonoBehaviour.hueVsHue.m_Value.m_Curve.tangentMode,MonoBehaviour.hueVsHue.m_Value.m_Curve.time,MonoBehaviour.hueVsHue.m_Value.m_Curve.value,MonoBehaviour.hueVsHue.m_Value.m_Curve.weightedMode,MonoBehaviour.hueVsHue.m_Value.m_Loop,MonoBehaviour.hueVsHue.m_Value.m_Range,MonoBehaviour.hueVsHue.m_Value.m_ZeroValue,MonoBehaviour.hueVsSat.m_OverrideState,MonoBehaviour.hueVsSat.m_Value.<length>k__BackingField,MonoBehaviour.hueVsSat.m_Value.m_Curve.- serializedVersion,MonoBehaviour.hueVsSat.m_Value.m_Curve.inSlope,MonoBehaviour.hueVsSat.m_Value.m_Curve.inWeight,MonoBehaviour.hueVsSat.m_Value.m_Curve.m_Curve,MonoBehaviour.hueVsSat.m_Value.m_Curve.m_PostInfinity,MonoBehaviour.hueVsSat.m_Value.m_Curve.m_PreInfinity,MonoBehaviour.hueVsSat.m_Value.m_Curve.m_RotationOrder,MonoBehaviour.hueVsSat.m_Value.m_Curve.outSlope,MonoBehaviour.hueVsSat.m_Value.m_Curve.outWeight,MonoBehaviour.hueVsSat.m_Value.m_Curve.serializedVersion,MonoBehaviour.hueVsSat.m_Value.m_Curve.tangentMode,MonoBehaviour.hueVsSat.m_Value.m_Curve.time,MonoBehaviour.hueVsSat.m_Value.m_Curve.value,MonoBehaviour.hueVsSat.m_Value.m_Curve.weightedMode,MonoBehaviour.hueVsSat.m_Value.m_Loop,MonoBehaviour.hueVsSat.m_Value.m_Range,MonoBehaviour.hueVsSat.m_Value.m_ZeroValue,MonoBehaviour.injectionPoint,MonoBehaviour.intensity.m_OverrideState,MonoBehaviour.intensity.m_Value,MonoBehaviour.k_AssetPreviousVersion,MonoBehaviour.k_AssetVersion,MonoBehaviour.lift.m_OverrideState,MonoBehaviour.lift.m_Value,MonoBehaviour.lightSize,MonoBehaviour.loopStepOptimization,MonoBehaviour.lumVsSat.m_OverrideState,MonoBehaviour.lumVsSat.m_Value.<length>k__BackingField,MonoBehaviour.lumVsSat.m_Value.m_Curve.m_Curve,MonoBehaviour.lumVsSat.m_Value.m_Curve.m_PostInfinity,MonoBehaviour.lumVsSat.m_Value.m_Curve.m_PreInfinity,MonoBehaviour.lumVsSat.m_Value.m_Curve.m_RotationOrder,MonoBehaviour.lumVsSat.m_Value.m_Curve.serializedVersion,MonoBehaviour.lumVsSat.m_Value.m_Loop,MonoBehaviour.lumVsSat.m_Value.m_Range,MonoBehaviour.lumVsSat.m_Value.m_ZeroValue,MonoBehaviour.m_AccurateGbufferNormals,MonoBehaviour.m_Active,MonoBehaviour.m_AdditionalLightShadowsSupported,MonoBehaviour.m_AdditionalLightsCookieFormat,MonoBehaviour.m_AdditionalLightsCookieResolution,MonoBehaviour.m_AdditionalLightsPerObjectLimit,MonoBehaviour.m_AdditionalLightsRenderingMode,MonoBehaviour.m_AdditionalLightsShadowResolutionTier,MonoBehaviour.m_AdditionalLightsShadowResolutionTierHigh,MonoBehaviour.m_AdditionalLightsShadowResolutionTierLow,MonoBehaviour.m_AdditionalLightsShadowResolutionTierMedium,MonoBehaviour.m_AdditionalLightsShadowmapResolution,MonoBehaviour.m_AllowHDROutput,MonoBehaviour.m_AllowXRRendering,MonoBehaviour.m_Antialiasing,MonoBehaviour.m_AntialiasingQuality,MonoBehaviour.m_AssetVersion,MonoBehaviour.m_AssetsPPU,MonoBehaviour.m_CameraType,MonoBehaviour.m_Cameras,MonoBehaviour.m_Cascade2Split,MonoBehaviour.m_Cascade3Split,MonoBehaviour.m_Cascade4Split,MonoBehaviour.m_CascadeBorder,MonoBehaviour.m_ClearDepth,MonoBehaviour.m_ColorGradingLutSize,MonoBehaviour.m_ColorGradingMode,MonoBehaviour.m_ConservativeEnclosingSphere,MonoBehaviour.m_CopyDepthMode,MonoBehaviour.m_CopyDepthPS,MonoBehaviour.m_CopyDepthPS_fileID,MonoBehaviour.m_CopyDepthPS_guid,MonoBehaviour.m_CopyDepthPS_path,MonoBehaviour.m_CorrespondingSourceObject,MonoBehaviour.m_CorrespondingSourceObject_fileID,MonoBehaviour.m_CropFrame,MonoBehaviour.m_CustomShadowLayers,MonoBehaviour.m_DBufferClear,MonoBehaviour.m_DBufferClear_fileID,MonoBehaviour.m_DBufferClear_guid,MonoBehaviour.m_DBufferClear_path,MonoBehaviour.m_DebugLevel,MonoBehaviour.m_DecalLayerMask,MonoBehaviour.m_DefaultRendererIndex,MonoBehaviour.m_DefaultStencilState.failOperation,MonoBehaviour.m_DefaultStencilState.overrideStencilState,MonoBehaviour.m_DefaultStencilState.passOperation,MonoBehaviour.m_DefaultStencilState.stencilCompareFunction,MonoBehaviour.m_DefaultStencilState.stencilReference,MonoBehaviour.m_DefaultStencilState.zFailOperation,MonoBehaviour.m_DepthPrimingMode,MonoBehaviour.m_Dithering,MonoBehaviour.m_DrawDistance,MonoBehaviour.m_EditorHideFlags,MonoBehaviour.m_EnableLODCrossFade,MonoBehaviour.m_EnableRenderGraph,MonoBehaviour.m_Enabled,MonoBehaviour.m_EndAngleFade,MonoBehaviour.m_ExportShaderVariants,MonoBehaviour.m_FadeFactor,MonoBehaviour.m_FadeScale,MonoBehaviour.m_FilterMode,MonoBehaviour.m_FsrOverrideSharpness,MonoBehaviour.m_FsrSharpness,MonoBehaviour.m_GameObject,MonoBehaviour.m_GameObject_fileID,MonoBehaviour.m_GridSnapping,MonoBehaviour.m_HDRColorBufferPrecision,MonoBehaviour.m_IntermediateTextureMode,MonoBehaviour.m_LODCrossFadeDitheringType,MonoBehaviour.m_LightCookieOffset,MonoBehaviour.m_LightCookieSize,MonoBehaviour.m_LightLayerMask,MonoBehaviour.m_LocalShadowsAtlasResolution,MonoBehaviour.m_LocalShadowsSupported,MonoBehaviour.m_MSAA,MonoBehaviour.m_MainLightRenderingMode,MonoBehaviour.m_MainLightShadowmapResolution,MonoBehaviour.m_MainLightShadowsSupported,MonoBehaviour.m_Material,MonoBehaviour.m_Material_fileID,MonoBehaviour.m_Material_guid,MonoBehaviour.m_Material_path,MonoBehaviour.m_MaxPixelLights,MonoBehaviour.m_MixedLightingSupported,MonoBehaviour.m_Name,MonoBehaviour.m_NumIterationsEnclosingSphere,MonoBehaviour.m_ObjectHideFlags,MonoBehaviour.m_Offset,MonoBehaviour.m_OpaqueDownsampling,MonoBehaviour.m_OpaqueLayerMask.m_Bits,MonoBehaviour.m_OpaqueLayerMask.serializedVersion,MonoBehaviour.m_PrefabAsset,MonoBehaviour.m_PrefabAsset_fileID,MonoBehaviour.m_PrefabInstance,MonoBehaviour.m_PrefabInstance_fileID,MonoBehaviour.m_RefResolutionX,MonoBehaviour.m_RefResolutionY,MonoBehaviour.m_ReflectionProbeBlending,MonoBehaviour.m_ReflectionProbeBoxProjection,MonoBehaviour.m_RenderPostProcessing,MonoBehaviour.m_RenderScale,MonoBehaviour.m_RenderShadows,MonoBehaviour.m_RendererData,MonoBehaviour.m_RendererData_fileID,MonoBehaviour.m_RendererFeatureMap,MonoBehaviour.m_RendererIndex,MonoBehaviour.m_RendererType,MonoBehaviour.m_RenderingLayers,MonoBehaviour.m_RenderingMode,MonoBehaviour.m_RequireDepthTexture,MonoBehaviour.m_RequireOpaqueTexture,MonoBehaviour.m_RequiresColorTexture,MonoBehaviour.m_RequiresDepthTexture,MonoBehaviour.m_RequiresDepthTextureOption,MonoBehaviour.m_RequiresOpaqueTextureOption,MonoBehaviour.m_ScaleMode,MonoBehaviour.m_ScreenCoordScaleBias,MonoBehaviour.m_ScreenSizeOverride,MonoBehaviour.m_Script,MonoBehaviour.m_Script_fileID,MonoBehaviour.m_Script_guid,MonoBehaviour.m_Settings,MonoBehaviour.m_Settings.AOMethod,MonoBehaviour.m_Settings.AfterOpaque,MonoBehaviour.m_Settings.BlurQuality,MonoBehaviour.m_Settings.DirectLightingStrength,MonoBehaviour.m_Settings.Downsample,MonoBehaviour.m_Settings.Falloff,MonoBehaviour.m_Settings.Intensity,MonoBehaviour.m_Settings.NormalSamples,MonoBehaviour.m_Settings.Radius,MonoBehaviour.m_Settings.SampleCount,MonoBehaviour.m_Settings.Samples,MonoBehaviour.m_Settings.Source,MonoBehaviour.m_Settings.dBufferSettings.surfaceData,MonoBehaviour.m_Settings.decalLayers,MonoBehaviour.m_Settings.maxDrawDistance,MonoBehaviour.m_Settings.screenSpaceSettings.normalBlend,MonoBehaviour.m_Settings.technique,MonoBehaviour.m_ShEvalMode,MonoBehaviour.m_Shader,MonoBehaviour.m_ShaderVariantLogLevel,MonoBehaviour.m_Shader_fileID,MonoBehaviour.m_Shader_guid,MonoBehaviour.m_Shader_path,MonoBehaviour.m_ShadowAtlasResolution,MonoBehaviour.m_ShadowCascadeCount,MonoBehaviour.m_ShadowCascades,MonoBehaviour.m_ShadowDepthBias,MonoBehaviour.m_ShadowDistance,MonoBehaviour.m_ShadowLayerMask,MonoBehaviour.m_ShadowNormalBias,MonoBehaviour.m_ShadowRenderingLayers,MonoBehaviour.m_ShadowTransparentReceive,MonoBehaviour.m_ShadowType,MonoBehaviour.m_Size,MonoBehaviour.m_SoftShadowQuality,MonoBehaviour.m_SoftShadowsSupported,MonoBehaviour.m_StartAngleFade,MonoBehaviour.m_StopNaN,MonoBehaviour.m_StoreActionsOptimization,MonoBehaviour.m_StripDebugVariants,MonoBehaviour.m_StripScreenCoordOverrideVariants,MonoBehaviour.m_StripUnusedLODCrossFadeVariants,MonoBehaviour.m_StripUnusedPostProcessingVariants,MonoBehaviour.m_StripUnusedVariants,MonoBehaviour.m_SupportDataDrivenLensFlare,MonoBehaviour.m_SupportsDynamicBatching,MonoBehaviour.m_SupportsHDR,MonoBehaviour.m_SupportsLightCookies,MonoBehaviour.m_SupportsLightLayers,MonoBehaviour.m_SupportsTerrainHoles,MonoBehaviour.m_TaaSettings.m_ContrastAdaptiveSharpening,MonoBehaviour.m_TaaSettings.m_FrameInfluence,MonoBehaviour.m_TaaSettings.m_JitterScale,MonoBehaviour.m_TaaSettings.m_MipBias,MonoBehaviour.m_TaaSettings.m_Quality,MonoBehaviour.m_TaaSettings.m_VarianceClampScale,MonoBehaviour.m_Textures.bayerMatrixTex,MonoBehaviour.m_Textures.bayerMatrixTex_fileID,MonoBehaviour.m_Textures.bayerMatrixTex_guid,MonoBehaviour.m_Textures.bayerMatrixTex_path,MonoBehaviour.m_Textures.blueNoise64LTex,MonoBehaviour.m_Textures.blueNoise64LTex_fileID,MonoBehaviour.m_Textures.blueNoise64LTex_guid,MonoBehaviour.m_Textures.blueNoise64LTex_path,MonoBehaviour.m_TransparentLayerMask.m_Bits,MonoBehaviour.m_TransparentLayerMask.serializedVersion,MonoBehaviour.m_UVBias,MonoBehaviour.m_UVScale,MonoBehaviour.m_UpscalingFilter,MonoBehaviour.m_UseAdaptivePerformance,MonoBehaviour.m_UseFastSRGBLinearConversion,MonoBehaviour.m_UseNativeRenderPass,MonoBehaviour.m_UsePipelineSettings,MonoBehaviour.m_UseSRPBatcher,MonoBehaviour.m_UseScreenCoordOverride,MonoBehaviour.m_ValidRenderingLayers,MonoBehaviour.m_Version,MonoBehaviour.m_VolumeFrameworkUpdateMode,MonoBehaviour.m_VolumeFrameworkUpdateModeOption,MonoBehaviour.m_VolumeLayerMask.m_Bits,MonoBehaviour.m_VolumeLayerMask.serializedVersion,MonoBehaviour.m_VolumeTrigger,MonoBehaviour.m_VolumeTrigger_fileID,MonoBehaviour.maskScale,MonoBehaviour.maskTexture,MonoBehaviour.maskTexture_fileID,MonoBehaviour.master.m_OverrideState,MonoBehaviour.master.m_Value.<length>k__BackingField,MonoBehaviour.master.m_Value.m_Curve.- serializedVersion,MonoBehaviour.master.m_Value.m_Curve.inSlope,MonoBehaviour.master.m_Value.m_Curve.inWeight,MonoBehaviour.master.m_Value.m_Curve.m_PostInfinity,MonoBehaviour.master.m_Value.m_Curve.m_PreInfinity,MonoBehaviour.master.m_Value.m_Curve.m_RotationOrder,MonoBehaviour.master.m_Value.m_Curve.outSlope,MonoBehaviour.master.m_Value.m_Curve.outWeight,MonoBehaviour.master.m_Value.m_Curve.serializedVersion,MonoBehaviour.master.m_Value.m_Curve.tangentMode,MonoBehaviour.master.m_Value.m_Curve.time,MonoBehaviour.master.m_Value.m_Curve.value,MonoBehaviour.master.m_Value.m_Curve.weightedMode,MonoBehaviour.master.m_Value.m_Loop,MonoBehaviour.master.m_Value.m_Range,MonoBehaviour.master.m_Value.m_ZeroValue,MonoBehaviour.maxIterations.m_OverrideState,MonoBehaviour.maxIterations.m_Value,MonoBehaviour.maxNits.m_OverrideState,MonoBehaviour.maxNits.m_Value,MonoBehaviour.midtones.m_OverrideState,MonoBehaviour.midtones.m_Value,MonoBehaviour.minNits.m_OverrideState,MonoBehaviour.minNits.m_Value,MonoBehaviour.mode.m_OverrideState,MonoBehaviour.mode.m_Value,MonoBehaviour.neutralHDRRangeReductionMode.m_OverrideState,MonoBehaviour.neutralHDRRangeReductionMode.m_Value,MonoBehaviour.normalsSource,MonoBehaviour.occludersCount,MonoBehaviour.occludersSearchRadius,MonoBehaviour.paperWhite.m_OverrideState,MonoBehaviour.paperWhite.m_Value,MonoBehaviour.passIndex,MonoBehaviour.passMaterial,MonoBehaviour.passMaterial_fileID,MonoBehaviour.passMaterial_guid,MonoBehaviour.passMaterial_path,MonoBehaviour.postExposure.m_OverrideState,MonoBehaviour.postExposure.m_Value,MonoBehaviour.postProcessData,MonoBehaviour.postProcessData_fileID,MonoBehaviour.postProcessData_guid,MonoBehaviour.postProcessData_path,MonoBehaviour.posterization,MonoBehaviour.preserveEdges,MonoBehaviour.quality.m_OverrideState,MonoBehaviour.quality.m_Value,MonoBehaviour.red.m_OverrideState,MonoBehaviour.red.m_Value.<length>k__BackingField,MonoBehaviour.red.m_Value.m_Curve.- serializedVersion,MonoBehaviour.red.m_Value.m_Curve.inSlope,MonoBehaviour.red.m_Value.m_Curve.inWeight,MonoBehaviour.red.m_Value.m_Curve.m_PostInfinity,MonoBehaviour.red.m_Value.m_Curve.m_PreInfinity,MonoBehaviour.red.m_Value.m_Curve.m_RotationOrder,MonoBehaviour.red.m_Value.m_Curve.outSlope,MonoBehaviour.red.m_Value.m_Curve.outWeight,MonoBehaviour.red.m_Value.m_Curve.serializedVersion,MonoBehaviour.red.m_Value.m_Curve.tangentMode,MonoBehaviour.red.m_Value.m_Curve.time,MonoBehaviour.red.m_Value.m_Curve.value,MonoBehaviour.red.m_Value.m_Curve.weightedMode,MonoBehaviour.red.m_Value.m_Loop,MonoBehaviour.red.m_Value.m_Range,MonoBehaviour.red.m_Value.m_ZeroValue,MonoBehaviour.requirements,MonoBehaviour.response.m_OverrideState,MonoBehaviour.response.m_Value,MonoBehaviour.rounded.m_OverrideState,MonoBehaviour.rounded.m_Value,MonoBehaviour.sampleCount,MonoBehaviour.satVsSat.m_OverrideState,MonoBehaviour.satVsSat.m_Value.<length>k__BackingField,MonoBehaviour.satVsSat.m_Value.m_Curve.m_Curve,MonoBehaviour.satVsSat.m_Value.m_Curve.m_PostInfinity,MonoBehaviour.satVsSat.m_Value.m_Curve.m_PreInfinity,MonoBehaviour.satVsSat.m_Value.m_Curve.m_RotationOrder,MonoBehaviour.satVsSat.m_Value.m_Curve.serializedVersion,MonoBehaviour.satVsSat.m_Value.m_Loop,MonoBehaviour.satVsSat.m_Value.m_Range,MonoBehaviour.satVsSat.m_Value.m_ZeroValue,MonoBehaviour.saturation.m_OverrideState,MonoBehaviour.saturation.m_Value,MonoBehaviour.scale.m_OverrideState,MonoBehaviour.scale.m_Value,MonoBehaviour.scatter.m_OverrideState,MonoBehaviour.scatter.m_Value,MonoBehaviour.settings.Event,MonoBehaviour.settings.cameraSettings.cameraFieldOfView,MonoBehaviour.settings.cameraSettings.offset,MonoBehaviour.settings.cameraSettings.overrideCamera,MonoBehaviour.settings.cameraSettings.restoreCamera,MonoBehaviour.settings.depthCompareFunction,MonoBehaviour.settings.enableWrite,MonoBehaviour.settings.filterSettings.LayerMask.m_Bits,MonoBehaviour.settings.filterSettings.LayerMask.serializedVersion,MonoBehaviour.settings.filterSettings.PassNames,MonoBehaviour.settings.filterSettings.RenderQueueType,MonoBehaviour.settings.overrideDepthState,MonoBehaviour.settings.overrideMaterial,MonoBehaviour.settings.overrideMaterialPassIndex,MonoBehaviour.settings.overrideMaterial_fileID,MonoBehaviour.settings.overrideMaterial_guid,MonoBehaviour.settings.overrideMaterial_path,MonoBehaviour.settings.overrideMode,MonoBehaviour.settings.overrideShader,MonoBehaviour.settings.overrideShaderPassIndex,MonoBehaviour.settings.overrideShader_fileID,MonoBehaviour.settings.overrideShader_guid,MonoBehaviour.settings.overrideShader_path,MonoBehaviour.settings.passTag,MonoBehaviour.settings.stencilSettings.failOperation,MonoBehaviour.settings.stencilSettings.overrideStencilState,MonoBehaviour.settings.stencilSettings.passOperation,MonoBehaviour.settings.stencilSettings.stencilCompareFunction,MonoBehaviour.settings.stencilSettings.stencilReference,MonoBehaviour.settings.stencilSettings.zFailOperation,MonoBehaviour.shaders.LensFlareDataDrivenPS,MonoBehaviour.shaders.LensFlareDataDrivenPS_fileID,MonoBehaviour.shaders.LensFlareDataDrivenPS_guid,MonoBehaviour.shaders.LensFlareDataDrivenPS_path,MonoBehaviour.shaders.blitHDROverlay,MonoBehaviour.shaders.blitHDROverlay_fileID,MonoBehaviour.shaders.blitHDROverlay_guid,MonoBehaviour.shaders.blitHDROverlay_path,MonoBehaviour.shaders.blitPS,MonoBehaviour.shaders.blitPS_fileID,MonoBehaviour.shaders.blitPS_guid,MonoBehaviour.shaders.blitPS_path,MonoBehaviour.shaders.bloomPS,MonoBehaviour.shaders.bloomPS_fileID,MonoBehaviour.shaders.bloomPS_guid,MonoBehaviour.shaders.bloomPS_path,MonoBehaviour.shaders.bokehDepthOfFieldPS,MonoBehaviour.shaders.bokehDepthOfFieldPS_fileID,MonoBehaviour.shaders.bokehDepthOfFieldPS_guid,MonoBehaviour.shaders.bokehDepthOfFieldPS_path,MonoBehaviour.shaders.cameraMotionBlurPS,MonoBehaviour.shaders.cameraMotionBlurPS_fileID,MonoBehaviour.shaders.cameraMotionBlurPS_guid,MonoBehaviour.shaders.cameraMotionBlurPS_path,MonoBehaviour.shaders.cameraMotionVector,MonoBehaviour.shaders.cameraMotionVector_fileID,MonoBehaviour.shaders.cameraMotionVector_guid,MonoBehaviour.shaders.cameraMotionVector_path,MonoBehaviour.shaders.copyDepthPS,MonoBehaviour.shaders.copyDepthPS_fileID,MonoBehaviour.shaders.copyDepthPS_guid,MonoBehaviour.shaders.copyDepthPS_path,MonoBehaviour.shaders.coreBlitColorAndDepthPS,MonoBehaviour.shaders.coreBlitColorAndDepthPS_fileID,MonoBehaviour.shaders.coreBlitColorAndDepthPS_guid,MonoBehaviour.shaders.coreBlitColorAndDepthPS_path,MonoBehaviour.shaders.coreBlitPS,MonoBehaviour.shaders.coreBlitPS_fileID,MonoBehaviour.shaders.coreBlitPS_guid,MonoBehaviour.shaders.coreBlitPS_path,MonoBehaviour.shaders.dataDrivenLensFlare,MonoBehaviour.shaders.dataDrivenLensFlare_fileID,MonoBehaviour.shaders.dataDrivenLensFlare_guid,MonoBehaviour.shaders.dataDrivenLensFlare_path,MonoBehaviour.shaders.easuPS,MonoBehaviour.shaders.easuPS_fileID,MonoBehaviour.shaders.easuPS_guid,MonoBehaviour.shaders.easuPS_path,MonoBehaviour.shaders.fallbackErrorPS,MonoBehaviour.shaders.fallbackErrorPS_fileID,MonoBehaviour.shaders.fallbackErrorPS_guid,MonoBehaviour.shaders.fallbackErrorPS_path,MonoBehaviour.shaders.fallbackLoadingPS,MonoBehaviour.shaders.fallbackLoadingPS_fileID,MonoBehaviour.shaders.fallbackLoadingPS_guid,MonoBehaviour.shaders.fallbackLoadingPS_path,MonoBehaviour.shaders.finalPostPassPS,MonoBehaviour.shaders.finalPostPassPS_fileID,MonoBehaviour.shaders.finalPostPassPS_guid,MonoBehaviour.shaders.finalPostPassPS_path,MonoBehaviour.shaders.gaussianDepthOfFieldPS,MonoBehaviour.shaders.gaussianDepthOfFieldPS_fileID,MonoBehaviour.shaders.gaussianDepthOfFieldPS_guid,MonoBehaviour.shaders.gaussianDepthOfFieldPS_path,MonoBehaviour.shaders.lutBuilderHdrPS,MonoBehaviour.shaders.lutBuilderHdrPS_fileID,MonoBehaviour.shaders.lutBuilderHdrPS_guid,MonoBehaviour.shaders.lutBuilderHdrPS_path,MonoBehaviour.shaders.lutBuilderLdrPS,MonoBehaviour.shaders.lutBuilderLdrPS_fileID,MonoBehaviour.shaders.lutBuilderLdrPS_guid,MonoBehaviour.shaders.lutBuilderLdrPS_path,MonoBehaviour.shaders.materialErrorPS,MonoBehaviour.shaders.materialErrorPS_fileID,MonoBehaviour.shaders.materialErrorPS_guid,MonoBehaviour.shaders.materialErrorPS_path,MonoBehaviour.shaders.objectMotionVector,MonoBehaviour.shaders.objectMotionVector_fileID,MonoBehaviour.shaders.objectMotionVector_guid,MonoBehaviour.shaders.objectMotionVector_path,MonoBehaviour.shaders.paniniProjectionPS,MonoBehaviour.shaders.paniniProjectionPS_fileID,MonoBehaviour.shaders.paniniProjectionPS_guid,MonoBehaviour.shaders.paniniProjectionPS_path,MonoBehaviour.shaders.samplingPS,MonoBehaviour.shaders.samplingPS_fileID,MonoBehaviour.shaders.samplingPS_guid,MonoBehaviour.shaders.samplingPS_path,MonoBehaviour.shaders.scalingSetupPS,MonoBehaviour.shaders.scalingSetupPS_fileID,MonoBehaviour.shaders.scalingSetupPS_guid,MonoBehaviour.shaders.scalingSetupPS_path,MonoBehaviour.shaders.screenSpaceShadowPS,MonoBehaviour.shaders.screenSpaceShadowPS_fileID,MonoBehaviour.shaders.stencilDeferredPS,MonoBehaviour.shaders.stencilDeferredPS_fileID,MonoBehaviour.shaders.stencilDeferredPS_guid,MonoBehaviour.shaders.stencilDeferredPS_path,MonoBehaviour.shaders.stopNanPS,MonoBehaviour.shaders.stopNanPS_fileID,MonoBehaviour.shaders.stopNanPS_guid,MonoBehaviour.shaders.stopNanPS_path,MonoBehaviour.shaders.subpixelMorphologicalAntialiasingPS,MonoBehaviour.shaders.subpixelMorphologicalAntialiasingPS_fileID,MonoBehaviour.shaders.subpixelMorphologicalAntialiasingPS_guid,MonoBehaviour.shaders.subpixelMorphologicalAntialiasingPS_path,MonoBehaviour.shaders.temporalAntialiasingPS,MonoBehaviour.shaders.temporalAntialiasingPS_fileID,MonoBehaviour.shaders.temporalAntialiasingPS_guid,MonoBehaviour.shaders.temporalAntialiasingPS_path,MonoBehaviour.shaders.uberPostPS,MonoBehaviour.shaders.uberPostPS_fileID,MonoBehaviour.shaders.uberPostPS_guid,MonoBehaviour.shaders.uberPostPS_path,MonoBehaviour.shaders.xrMirrorViewPS,MonoBehaviour.shaders.xrMirrorViewPS_fileID,MonoBehaviour.shaders.xrMirrorViewPS_guid,MonoBehaviour.shaders.xrMirrorViewPS_path,MonoBehaviour.shaders.xrOcclusionMeshPS,MonoBehaviour.shaders.xrOcclusionMeshPS_fileID,MonoBehaviour.shaders.xrOcclusionMeshPS_guid,MonoBehaviour.shaders.xrOcclusionMeshPS_path,MonoBehaviour.shadowSource,MonoBehaviour.shadows.m_OverrideState,MonoBehaviour.shadows.m_Value,MonoBehaviour.shadowsEnd.m_OverrideState,MonoBehaviour.shadowsEnd.m_Value,MonoBehaviour.shadowsStart.m_OverrideState,MonoBehaviour.shadowsStart.m_Value,MonoBehaviour.skipFrameMaxCameraDisplacement,MonoBehaviour.skipFrameMaxCameraRotation,MonoBehaviour.skipIterations.m_OverrideState,MonoBehaviour.skipIterations.m_Value,MonoBehaviour.smoothness.m_OverrideState,MonoBehaviour.smoothness.m_Value,MonoBehaviour.style,MonoBehaviour.supportRuntimeDebugDisplay,MonoBehaviour.texture.dimension,MonoBehaviour.texture.m_OverrideState,MonoBehaviour.texture.m_Value,MonoBehaviour.texture.m_Value_fileID,MonoBehaviour.texture.m_Value_guid,MonoBehaviour.texture.m_Value_path,MonoBehaviour.textures.- {fileID,MonoBehaviour.textures.smaaAreaTex,MonoBehaviour.textures.smaaAreaTex_fileID,MonoBehaviour.textures.smaaAreaTex_guid,MonoBehaviour.textures.smaaAreaTex_path,MonoBehaviour.textures.smaaSearchTex,MonoBehaviour.textures.smaaSearchTex_fileID,MonoBehaviour.textures.smaaSearchTex_guid,MonoBehaviour.textures.smaaSearchTex_path,MonoBehaviour.threshold.m_OverrideState,MonoBehaviour.threshold.m_Value,MonoBehaviour.tint.m_OverrideState,MonoBehaviour.tint.m_Value,MonoBehaviour.type.m_OverrideState,MonoBehaviour.type.m_Value,MonoBehaviour.xMultiplier.m_OverrideState,MonoBehaviour.xMultiplier.m_Value,MonoBehaviour.xrSystemData,MonoBehaviour.xrSystemData_fileID,MonoBehaviour.xrSystemData_guid,MonoBehaviour.xrSystemData_path,MonoBehaviour.yMultiplier.m_OverrideState,MonoBehaviour.yMultiplier.m_Value
ColorAdjustments_20,Assets/MonoBehaviour/ColorAdjustments_20.asset,c88ab7b37c4f350242674d2efd621c19,c88ab7b37c4f350242674d2efd621c19,-1728269046,,,,1,,,,,,,,,,,,,,,,,,,,,,,,,,,,,,,,,,,,,,,,,,,,,,,,,,,,,,,1,"{r: 1, g: 1, b: 1, a: 1}",,,,,,,,,,,,,,,,1,5,,,,,,,,,,,,,,,,,,,,,,,,,,,,,,,,,,,,,,,,,,,,,,,,,,,,,,,,,,,,,,,,,,,,,,,,,,1,0,,,,,,,,,,,,,,,,,,,,,,,,,,,,,,,,,,,,,,,,,,,,,,,,,,,,,,,,,,,,,,,,,,,,,,,,,,,,,,,,,,,,,,,,,,,,,{fileID: 0},0,,,,,,,,,,,,,,,,,,,0,,,1,,,,,,,,{fileID: 0},0,,,,,,,,,,,,,,,,,,,,ColorAdjustments,,0,,,,,{fileID: 0},0,{fileID: 0},0,,,,,,,,,,,,,,,,,,,,,,,,"{fileID: -1728269046, guid: c88ab7b37c4f350242674d2efd621c19, type: 3}",-1728269046,c88ab7b37c4f350242674d2efd621c19,,,,,,,,,,,,,,,,,,,,,,,,,,,,,,,,,,,,,,,,,,,,,,,,,,,,,,,,,,,,,,,,,,,,,,,,,,,,,,,,,,,,,,,,,,,,,,,,,,,,,,,,,,,,,,,,,,,,,,,,,,,,,,,,1,0.3,,,,,,,,,,,,,,,,,,,,,,,,,,,,,,,,,,,,,,,,,,,1,-5,,,,,,,,,,,,,,,,,,,,,,,,,,,,,,,,,,,,,,,,,,,,,,,,,,,,,,,,,,,,,,,,,,,,,,,,,,,,,,,,,,,,,,,,,,,,,,,,,,,,,,,,,,,,,,,,,,,,,,,,,,,,,,,,,,,,,,,,,,,,,,,,,,,,,,,,,,,,,,,,,,,,,,,,,,,,,,,,,,,,,,,,,,,,,,,,,,,,,,,,
LiftGammaGain_2,Assets/MonoBehaviour/LiftGammaGain_2.asset,c88ab7b37c4f350242674d2efd621c19,c88ab7b37c4f350242674d2efd621c19,282247082,,,,1,,,,,,,,,,,,,,,,,,,,,,,,,,,,,,,,,,,,,,,,,,,,,,,,,,,,,,,,,,,,,,,,,,,,,,,,,,,,,,,,,,,,,,,,,,,,,,,,,,,,,,,,,,,,,1,"{x: 1, y: 0.95417, z: 0.84949464, w: -0.16264571}",1,"{x: 1, y: 0.9886735, z: 0.9790299, w: -0.15770502}",,,,,,,,,,,,,,,,,,,,,,,,,,,,,,,,,,,,,,,,,,,,,,,,,,,,,,,,,,,,,,,,,,,,,,,,,,,,,,,,,,1,"{x: 0.83403736, y: 0.8525256, z: 1, w: 0.01621114}",,,,,,,,,,,,,,,,,,,,,,,,,,,,,,,,,,,,,,,,,,,,,,{fileID: 0},0,,,,,,,,,,,,,,,,,,,0,,,1,,,,,,,,{fileID: 0},0,,,,,,,,,,,,,,,,,,,,LiftGammaGain,,0,,,,,{fileID: 0},0,{fileID: 0},0,,,,,,,,,,,,,,,,,,,,,,,,"{fileID: 282247082, guid: c88ab7b37c4f350242674d2efd621c19, type: 3}",282247082,c88ab7b37c4f350242674d2efd621c19,,,,,,,,,,,,,,,,,,,,,,,,,,,,,,,,,,,,,,,,,,,,,,,,,,,,,,,,,,,,,,,,,,,,,,,,,,,,,,,,,,,,,,,,,,,,,,,,,,,,,,,,,,,,,,,,,,,,,,,,,,,,,,,,,,,,,,,,,,,,,,,,,,,,,,,,,,,,,,,,,,,,,,,,,,,,,,,,,,,,,,,,,,,,,,,,,,,,,,,,,,,,,,,,,,,,,,,,,,,,,,,,,,,,,,,,,,,,,,,,,,,,,,,,,,,,,,,,,,,,,,,,,,,,,,,,,,,,,,,,,,,,,,,,,,,,,,,,,,,,,,,,,,,,,,,,,,,,,,,,,,,,,,,,,,,,,,,,,,,,,,,,,,,,,,,,,,,,,,,,,,,,,,,,,,,,,
SplitToning_5,Assets/MonoBehaviour/SplitToning_5.asset,c88ab7b37c4f350242674d2efd621c19,c88ab7b37c4f350242674d2efd621c19,-1771661620,,,,0,,,1,0,,,,,,,,,,,,,,,,,,,,,,,,,,,,,,,,,,,,,,,,,,,,,,,,,,,,,,,,,,,,,,,,,,,,,,,,,,,,,,,,,,,,,,,,,,,,,,,,,,,,,,,,,,,,,,,,,,,,,,,,,,,,,,,,,,,,,,,,,1,"{r: 0.9622642, g: 0.69505954, b: 0.51290494, a: 1}",,,,,,,,,,,,,,,,,,,,,,,,,,,,,,,,,,,,,,,,,,,,,,,,,,,,,,,,,,,,,,,,,,,,,,,,,,,,,,,,,,,,,,,,,,,,,,,,,,,{fileID: 0},0,,,,,,,,,,,,,,,,,,,0,,,1,,,,,,,,{fileID: 0},0,,,,,,,,,,,,,,,,,,,,SplitToning,,0,,,,,{fileID: 0},0,{fileID: 0},0,,,,,,,,,,,,,,,,,,,,,,,,"{fileID: -1771661620, guid: c88ab7b37c4f350242674d2efd621c19, type: 3}",-1771661620,c88ab7b37c4f350242674d2efd621c19,,,,,,,,,,,,,,,,,,,,,,,,,,,,,,,,,,,,,,,,,,,,,,,,,,,,,,,,,,,,,,,,,,,,,,,,,,,,,,,,,,,,,,,,,,,,,,,,,,,,,,,,,,,,,,,,,,,,,,,,,,,,,,,,,,,,,,,,,,,,,,,,,,,,,,,,,,,,,,,,,,,,,,,,,,,,,,,,,,,,,,,,,,,,,,,,,,,,,,,,,,,,,,,,,,,,,,,,,,,,,,,,,,,,,,,,,,,,,,,,,,,,,,,,,,,,,,,,,,,,,,,,,,,,,,,,,,,,,,,,,,,,,,,,,,,,,,,,,,,,,,,,,,,,,,,,,,,,,,,,,,,,,,,,,,,1,"{r: 0.18823528, g: 0.32648137, b: 0.43529412, a: 1}",,,,,,,,,,,,,,,,,,,,,,,,,,,,,,,,,,,,,,,,,
DepthOfField_31,Assets/MonoBehaviour/DepthOfField_31.asset,c88ab7b37c4f350242674d2efd621c19,c88ab7b37c4f350242674d2efd621c19,-2085558323,,,,1,1,1.42,,,,,1,5,1,1,1,0,,,,,,,,,,,,,,,,,,,,,,,,,,,,,,,,,,,,,,,,,,,,,,,,,,,,,,,,,,,,,,,,,,,,,,,,,,,,,,,,,,,,,,,,,,,,1,287.7,1,2.69,,,,,,1,74.6,1,1,1,44.12,,,,,,,,,,,,,,,,,,,,,1,0,,,,,,,,,,,,,,,,,,,,,,,,,,,,,,,,,,,,,,,,,,,,,,,,,,,,,,,,,,,,,,,,,,,,,,,,,,,,,,,,,,,,,,,,,,,,,,,,,,,,,{fileID: 0},0,,,,,,,,,,,,,,,,,,,0,,,1,,,,,,,,{fileID: 0},0,,,,,,,,,,,,,,,,,,,,DepthOfField,,0,,,,,{fileID: 0},0,{fileID: 0},0,,,,,,,,,,,,,,,,,,,,,,,,"{fileID: -2085558323, guid: c88ab7b37c4f350242674d2efd621c19, type: 3}",-2085558323,c88ab7b37c4f350242674d2efd621c19,,,,,,,,,,,,,,,,,,,,,,,,,,,,,,,,,,,,,,,,,,,,,,,,,,,,,,,,,,,,,,,,,,,,,,,,,,,,,,,,,,,,,,,,,,,,,,,,,,,,,,,,,,,,,,,,,,1,2,,,,,,,,,,,,,,,,,,,,,,,,,,,,,,,,,,,,,,,,,,,,,,,,,,,,,,,,,,,,,,,,,,,,,,,,,,,,,,,,,,,,,,,,,,,,,,,,,,,,,,,,,,,,,,,,,,,,,,,,,,,,,,,,,,,,,,,,,,,,,,,,,,,,,,,,,,,,,,,,,,,,,,,,,,,,,,,,,,,,,,,,,,,,,,,,,,,,,,,,,,,,,,,,,,,,,,,,,,,,,,,,,,,,,,,,,,,,,,,,,,,,,,,,,,,,,,,,,,
ScreenSpaceAmbientOcclusion,Assets/MonoBehaviour/ScreenSpaceAmbientOcclusion.asset,c88ab7b37c4f350242674d2efd621c19,c88ab7b37c4f350242674d2efd621c19,2046858975,"2800000, guid: d467a92f84239df45a5291e43229d824, type: 3}",,,,,,,,,,,,,,,,,,,,,,,,,,,,,,,,,,,,,,,,,,,,,,,,,,,,,,,,,,,,,,,,,,,,,,,,,,,,,,,,,,,,,,,,,,,,,,,,,,,,,,,,,,,,,,,,,,,,,,,,,,,,,,,,,,,,,,,,,,,,,,,,,,,,,,,,,,,,,,,,,,,,,,,,,,,,,,,,,,,,,,,,,,,,,,,,,,,,,,,,,,,,,,,,,,,,1,,,,,,,,,,,,,,,,,,,,,,,,,,,,,,,,{fileID: 0},0,,,,,,,,,,,,,,,,,,,0,,,1,,,,,,,,{fileID: 0},0,,,,,,,,,,,,,,,,,,,,ScreenSpaceAmbientOcclusion,,0,,,,,{fileID: 0},0,{fileID: 0},0,,,,,,,,,,,,,,,,,,,,,,,,"{fileID: 2046858975, guid: c88ab7b37c4f350242674d2efd621c19, type: 3}",2046858975,c88ab7b37c4f350242674d2efd621c19,,1,1,0,0,0,1200,1.5,1,2,-1,0,1,,,,,,,"{fileID: 4800000, guid: d311ffbddc88a3d4aa7cae3e6428ca62, type: 3}",,4800000,d311ffbddc88a3d4aa7cae3e6428ca62,Assets/Shader/Hidden_Universal Render Pipeline_ScreenSpaceAmbientOcclusion.shader,,,,,,,,,,,,,,,,,,,,,,,,,,,,,,,,,,,,,,,,,,,,,,,,,,,,,,,,,,,,,,,,,,,,,,,,,,,,,,,,,,,,,,,,,,,,,,,,,,,,,,,,,,,,,,,,,,,,,,,,,,,,,,,,,,,,,,,,,,,,,,,,,,,,,,,,,,,,,,,,,,,,,,,,,,,,,,,,,,,,,,,,,,,,,,,,,,,,,,,,,,,,,,,,,,,,,,,,,,,,,,,,,,,,,,,,,,,,,,,,,,,,,,,,,,,,,,,,,,,,,,,,,,,,,,,,,,,,,,,,,,,,,,,,,,,,,,,,,,,,,,,,,,,,,,,,,,,,,,,,,,,,,,,,,,,,,,,,,,,,,,,,,,,,,
LiftGammaGain_4,Assets/MonoBehaviour/LiftGammaGain_4.asset,c88ab7b37c4f350242674d2efd621c19,c88ab7b37c4f350242674d2efd621c19,282247082,,,,1,,,,,,,,,,,,,,,,,,,,,,,,,,,,,,,,,,,,,,,,,,,,,,,,,,,,,,,,,,,,,,,,,,,,,,,,,,,,,,,,,,,,,,,,,,,,,,,,,,,,,,,,,,,,,1,"{x: 1, y: 0.864796, z: 0.7852906, w: 0}",1,"{x: 1, y: 0.9535405, z: 0.90589184, w: 0}",,,,,,,,,,,,,,,,,,,,,,,,,,,,,,,,,,,,,,,,,,,,,,,,,,,,,,,,,,,,,,,,,,,,,,,,,,,,,,,,,,1,"{x: 0.9584133, y: 0.9495304, z: 1, w: 0}",,,,,,,,,,,,,,,,,,,,,,,,,,,,,,,,,,,,,,,,,,,,,,{fileID: 0},0,,,,,,,,,,,,,,,,,,,0,,,1,,,,,,,,{fileID: 0},0,,,,,,,,,,,,,,,,,,,,LiftGammaGain,,0,,,,,{fileID: 0},0,{fileID: 0},0,,,,,,,,,,,,,,,,,,,,,,,,"{fileID: 282247082, guid: c88ab7b37c4f350242674d2efd621c19, type: 3}",282247082,c88ab7b37c4f350242674d2efd621c19,,,,,,,,,,,,,,,,,,,,,,,,,,,,,,,,,,,,,,,,,,,,,,,,,,,,,,,,,,,,,,,,,,,,,,,,,,,,,,,,,,,,,,,,,,,,,,,,,,,,,,,,,,,,,,,,,,,,,,,,,,,,,,,,,,,,,,,,,,,,,,,,,,,,,,,,,,,,,,,,,,,,,,,,,,,,,,,,,,,,,,,,,,,,,,,,,,,,,,,,,,,,,,,,,,,,,,,,,,,,,,,,,,,,,,,,,,,,,,,,,,,,,,,,,,,,,,,,,,,,,,,,,,,,,,,,,,,,,,,,,,,,,,,,,,,,,,,,,,,,,,,,,,,,,,,,,,,,,,,,,,,,,,,,,,,,,,,,,,,,,,,,,,,,,,,,,,,,,,,,,,,,,,,,,,,,,
New Umbra Profile_3,Assets/MonoBehaviour/New Umbra Profile_3.asset,c88ab7b37c4f350242674d2efd621c19,c88ab7b37c4f350242674d2efd621c19,-2068570431,,,,,,,,,0,,,,,,,,0,,,,,,,,,,,,,,,,,,,50,50,0,5,0,0,1,10,,,0.1,1,0.1,1,0.1,1,1,,,,,,,,,0,0.75,0,0.85,0.3,0.1,16,0,0.01,0.01,0,0.5,0.15,0.96,0.0001,,,,,,,,,,,,,,,,,,,,,,,,,,,1,0,,,1,,,,,,0,,,,,,,,,,,,,,,,,,,,,,,,,,,,,,,,,,,,,,,,,,,,,,,,,,,,,,,,,,,,,,,,,,,,,,,,,,,,,,,,,,,,,,,,6,0,,,,,,,,,,,,,,,,,,,,,,,,,,,,,,,,,,,,,,,,,,,,{fileID: 0},0,,,,,,,,,,,,,,,,,,,0,,,1,,,,,,,,{fileID: 0},0,,,,,,,,,,,,,,,,,,,,New Umbra Profile,,0,,,,,{fileID: 0},0,{fileID: 0},0,,,,,,,,,,,,,,,,,,,,,,,,"{fileID: -2068570431, guid: c88ab7b37c4f350242674d2efd621c19, type: 3}",-2068570431,c88ab7b37c4f350242674d2efd621c19,,,,,,,,,,,,,,,,,,,,,,,,,,,,,,,,,,,,,,,,,,,,,,,,,,,,,,,,,,,,,,,,,,,,,,,,,,,,,,,,,,,,,1,{fileID: 0},0,,,,,,,,,,,,,,,,,,,,,,,,,,,,,,,0,8,8,,,,,,,,,,,,,,1,1,,,,,,,,,,,,,,,,,,,,,,,,,,16,,,,,,,,,,,,,,,,,,,,,,,,,,,,,,,,,,,,,,,,,,,,,,,,,,,,,,,,,,,,,,,,,,,,,,,,,,,,,,,,,,,,,,,,,,,,,,,,,,,,,,,,,,,,,,,,,,,,,,,,,,,,,,,,,,,,,,,,,,,,,,,,,,,,,,,,,,,,,,,,,,,,,,,,,1,,,,,,,0.1,5,,,,,0,,,,,,,,,,,,,,,,,,,,,,,,,,,,,,
New Umbra Profile_2,Assets/MonoBehaviour/New Umbra Profile_2.asset,c88ab7b37c4f350242674d2efd621c19,c88ab7b37c4f350242674d2efd621c19,-2068570431,,,,,,,,,0,,,,,,,,0,,,,,,,,,,,,,,,,,,,50,50,0,5,0,0,1,10,,,0.1,1,0.1,1,0.1,1,1,,,,,,,,,0,0.75,0,0.85,0.3,0.1,16,0,0.01,0.01,0,0.5,0.15,0.96,0.0001,,,,,,,,,,,,,,,,,,,,,,,,,,,1,0,,,1,,,,,,0,,,,,,,,,,,,,,,,,,,,,,,,,,,,,,,,,,,,,,,,,,,,,,,,,,,,,,,,,,,,,,,,,,,,,,,,,,,,,,,,,,,,,,,,6,0,,,,,,,,,,,,,,,,,,,,,,,,,,,,,,,,,,,,,,,,,,,,{fileID: 0},0,,,,,,,,,,,,,,,,,,,0,,,1,,,,,,,,{fileID: 0},0,,,,,,,,,,,,,,,,,,,,New Umbra Profile,,0,,,,,{fileID: 0},0,{fileID: 0},0,,,,,,,,,,,,,,,,,,,,,,,,"{fileID: -2068570431, guid: c88ab7b37c4f350242674d2efd621c19, type: 3}",-2068570431,c88ab7b37c4f350242674d2efd621c19,,,,,,,,,,,,,,,,,,,,,,,,,,,,,,,,,,,,,,,,,,,,,,,,,,,,,,,,,,,,,,,,,,,,,,,,,,,,,,,,,,,,,1,{fileID: 0},0,,,,,,,,,,,,,,,,,,,,,,,,,,,,,,,0,8,8,,,,,,,,,,,,,,1,1,,,,,,,,,,,,,,,,,,,,,,,,,,16,,,,,,,,,,,,,,,,,,,,,,,,,,,,,,,,,,,,,,,,,,,,,,,,,,,,,,,,,,,,,,,,,,,,,,,,,,,,,,,,,,,,,,,,,,,,,,,,,,,,,,,,,,,,,,,,,,,,,,,,,,,,,,,,,,,,,,,,,,,,,,,,,,,,,,,,,,,,,,,,,,,,,,,,,1,,,,,,,0.1,5,,,,,0,,,,,,,,,,,,,,,,,,,,,,,,,,,,,,
DepthOfField_35,Assets/MonoBehaviour/DepthOfField_35.asset,c88ab7b37c4f350242674d2efd621c19,c88ab7b37c4f350242674d2efd621c19,-2085558323,,,,1,1,11,,,,,0,5,0,1,0,0,,,,,,,,,,,,,,,,,,,,,,,,,,,,,,,,,,,,,,,,,,,,,,,,,,,,,,,,,,,,,,,,,,,,,,,,,,,,,,,,,,,,,,,,,,,,1,222,1,45,,,,,,0,30,0,1,0,10,,,,,,,,,,,,,,,,,,,,,0,0,,,,,,,,,,,,,,,,,,,,,,,,,,,,,,,,,,,,,,,,,,,,,,,,,,,,,,,,,,,,,,,,,,,,,,,,,,,,,,,,,,,,,,,,,,,,,,,,,,,,,{fileID: 0},0,,,,,,,,,,,,,,,,,,,0,,,1,,,,,,,,{fileID: 0},0,,,,,,,,,,,,,,,,,,,,DepthOfField,,0,,,,,{fileID: 0},0,{fileID: 0},0,,,,,,,,,,,,,,,,,,,,,,,,"{fileID: -2085558323, guid: c88ab7b37c4f350242674d2efd621c19, type: 3}",-2085558323,c88ab7b37c4f350242674d2efd621c19,,,,,,,,,,,,,,,,,,,,,,,,,,,,,,,,,,,,,,,,,,,,,,,,,,,,,,,,,,,,,,,,,,,,,,,,,,,,,,,,,,,,,,,,,,,,,,,,,,,,,,,,,,,,,,,,,,0,2,,,,,,,,,,,,,,,,,,,,,,,,,,,,,,,,,,,,,,,,,,,,,,,,,,,,,,,,,,,,,,,,,,,,,,,,,,,,,,,,,,,,,,,,,,,,,,,,,,,,,,,,,,,,,,,,,,,,,,,,,,,,,,,,,,,,,,,,,,,,,,,,,,,,,,,,,,,,,,,,,,,,,,,,,,,,,,,,,,,,,,,,,,,,,,,,,,,,,,,,,,,,,,,,,,,,,,,,,,,,,,,,,,,,,,,,,,,,,,,,,,,,,,,,,,,,,,,,,,
ColorCurves_1,Assets/MonoBehaviour/ColorCurves_1.asset,c88ab7b37c4f350242674d2efd621c19,c88ab7b37c4f350242674d2efd621c19,1948069495,,,,0,,,,,,,,,,,,,,0,2,3,1,0,2,2,4,1,0,2,0,1,1,0,0,1,0,,,,,,,,,,,,,,,,,,,,,,,,,,,,,,,,,,,,,,,,,,,,,,,,,,,,,,,,,,,,,,,,,,,,,,,,,,,,,,,,,,,,,,,,0,2,3,1,0,2,2,4,1,0,2,0,1,1,0,0,1,0,,,,,,,,,,,,,,,1,6,3,0,0,,2,2,4,0,0,2,0,0.7757909,0.49575073,0,1,1,0.5,1,6,3,0,0,,2,2,4,0,0,2,0,1,0.44192636,0,1,1,0.5,,,,,,,,,,0,0,[],2,2,4,2,0,1,0.5,,,,,,,,,,,,,,,,,,,,,,,,,,,,,,,,,,{fileID: 0},0,,,,,,,,,,,,,,,,,,,0,,,1,,,,,,,,{fileID: 0},0,,,,,,,,,,,,,,,,,,,,ColorCurves,,0,,,,,{fileID: 0},0,{fileID: 0},0,,,,,,,,,,,,,,,,,,,,,,,,"{fileID: 1948069495, guid: c88ab7b37c4f350242674d2efd621c19, type: 3}",1948069495,c88ab7b37c4f350242674d2efd621c19,,,,,,,,,,,,,,,,,,,,,,,,,,,,,,,,,,,,,,,,,,,,,,,,,,,,,,,,,,,,,,,,,,,,,,,,,,,,,,,,,,,,,,,,0,2,3,1,0,2,2,4,1,0,2,0,1,1,0,0,1,0,,,,,,,,,,,,,,,,,,,,,,,,,,,,,,,,,0,2,3,1,0,2,2,4,1,0,2,0,1,1,0,0,1,0,,,,,,,0,0,[],2,2,4,2,0,1,0.5,,,,,,,,,,,,,,,,,,,,,,,,,,,,,,,,,,,,,,,,,,,,,,,,,,,,,,,,,,,,,,,,,,,,,,,,,,,,,,,,,,,,,,,,,,,,,,,,,,,,,,,,,,,,,,,,,,,,,,,,,,,,,,,,,,,,,,,,,,,,,,,,,,,,,,,,,,,,,,,,,,,,,,,,,,,,,,,,,,,,,,,,,,,,,,,,,,,,,,,,,,
ChromaticAberration,Assets/MonoBehaviour/ChromaticAberration.asset,c88ab7b37c4f350242674d2efd621c19,c88ab7b37c4f350242674d2efd621c19,456897975,,,,1,,,,,,,,,,,,,,,,,,,,,,,,,,,,,,,,,,,,,,,,,,,,,,,,,,,,,,,,,,,,,,,,,,,,,,,,,,,,,,,,,,,,,,,,,,,,,,,,,,,,,,,,,,,,,,,,,,,,,,,,,,,,,,,,,,,,,,,,,,,,,,,,,,,,,,,,,,,,,,,,,,,,,,,,,,,,,,,,,,,,,,,,,,,,,,1,1,,,,,,,,,,,,,,,,,,,,,,,,,,,,,,,,,,,,,,,,,,,,,,,,,,{fileID: 0},0,,,,,,,,,,,,,,,,,,,0,,,1,,,,,,,,{fileID: 0},0,,,,,,,,,,,,,,,,,,,,ChromaticAberration,,0,,,,,{fileID: 0},0,{fileID: 0},0,,,,,,,,,,,,,,,,,,,,,,,,"{fileID: 456897975, guid: c88ab7b37c4f350242674d2efd621c19, type: 3}",456897975,c88ab7b37c4f350242674d2efd621c19,,,,,,,,,,,,,,,,,,,,,,,,,,,,,,,,,,,,,,,,,,,,,,,,,,,,,,,,,,,,,,,,,,,,,,,,,,,,,,,,,,,,,,,,,,,,,,,,,,,,,,,,,,,,,,,,,,,,,,,,,,,,,,,,,,,,,,,,,,,,,,,,,,,,,,,,,,,,,,,,,,,,,,,,,,,,,,,,,,,,,,,,,,,,,,,,,,,,,,,,,,,,,,,,,,,,,,,,,,,,,,,,,,,,,,,,,,,,,,,,,,,,,,,,,,,,,,,,,,,,,,,,,,,,,,,,,,,,,,,,,,,,,,,,,,,,,,,,,,,,,,,,,,,,,,,,,,,,,,,,,,,,,,,,,,,,,,,,,,,,,,,,,,,,,,,,,,,,,,,,,,,,,,,,,,,,,
ColorAdjustments_29,Assets/MonoBehaviour/ColorAdjustments_29.asset,c88ab7b37c4f350242674d2efd621c19,c88ab7b37c4f350242674d2efd621c19,-1728269046,,,,1,,,,,,,,,,,,,,,,,,,,,,,,,,,,,,,,,,,,,,,,,,,,,,,,,,,,,,,1,"{r: 1, g: 1, b: 1, a: 1}",,,,,,,,,,,,,,,,1,10,,,,,,,,,,,,,,,,,,,,,,,,,,,,,,,,,,,,,,,,,,,,,,,,,,,,,,,,,,,,,,,,,,,,,,,,,,1,0,,,,,,,,,,,,,,,,,,,,,,,,,,,,,,,,,,,,,,,,,,,,,,,,,,,,,,,,,,,,,,,,,,,,,,,,,,,,,,,,,,,,,,,,,,,,,{fileID: 0},0,,,,,,,,,,,,,,,,,,,0,,,1,,,,,,,,{fileID: 0},0,,,,,,,,,,,,,,,,,,,,ColorAdjustments,,0,,,,,{fileID: 0},0,{fileID: 0},0,,,,,,,,,,,,,,,,,,,,,,,,"{fileID: -1728269046, guid: c88ab7b37c4f350242674d2efd621c19, type: 3}",-1728269046,c88ab7b37c4f350242674d2efd621c19,,,,,,,,,,,,,,,,,,,,,,,,,,,,,,,,,,,,,,,,,,,,,,,,,,,,,,,,,,,,,,,,,,,,,,,,,,,,,,,,,,,,,,,,,,,,,,,,,,,,,,,,,,,,,,,,,,,,,,,,,,,,,,,,1,0,,,,,,,,,,,,,,,,,,,,,,,,,,,,,,,,,,,,,,,,,,,1,0,,,,,,,,,,,,,,,,,,,,,,,,,,,,,,,,,,,,,,,,,,,,,,,,,,,,,,,,,,,,,,,,,,,,,,,,,,,,,,,,,,,,,,,,,,,,,,,,,,,,,,,,,,,,,,,,,,,,,,,,,,,,,,,,,,,,,,,,,,,,,,,,,,,,,,,,,,,,,,,,,,,,,,,,,,,,,,,,,,,,,,,,,,,,,,,,,,,,,,,,
DepthOfField_6,Assets/MonoBehaviour/DepthOfField_6.asset,c88ab7b37c4f350242674d2efd621c19,c88ab7b37c4f350242674d2efd621c19,-2085558323,,,,0,1,4.94,,,,,1,5,1,1,1,0,,,,,,,,,,,,,,,,,,,,,,,,,,,,,,,,,,,,,,,,,,,,,,,,,,,,,,,,,,,,,,,,,,,,,,,,,,,,,,,,,,,,,,,,,,,,1,157.3,1,13.78,,,,,,1,30,1,1,1,10,,,,,,,,,,,,,,,,,,,,,1,0,,,,,,,,,,,,,,,,,,,,,,,,,,,,,,,,,,,,,,,,,,,,,,,,,,,,,,,,,,,,,,,,,,,,,,,,,,,,,,,,,,,,,,,,,,,,,,,,,,,,,{fileID: 0},0,,,,,,,,,,,,,,,,,,,0,,,1,,,,,,,,{fileID: 0},0,,,,,,,,,,,,,,,,,,,,DepthOfField,,0,,,,,{fileID: 0},0,{fileID: 0},0,,,,,,,,,,,,,,,,,,,,,,,,"{fileID: -2085558323, guid: c88ab7b37c4f350242674d2efd621c19, type: 3}",-2085558323,c88ab7b37c4f350242674d2efd621c19,,,,,,,,,,,,,,,,,,,,,,,,,,,,,,,,,,,,,,,,,,,,,,,,,,,,,,,,,,,,,,,,,,,,,,,,,,,,,,,,,,,,,,,,,,,,,,,,,,,,,,,,,,,,,,,,,,1,2,,,,,,,,,,,,,,,,,,,,,,,,,,,,,,,,,,,,,,,,,,,,,,,,,,,,,,,,,,,,,,,,,,,,,,,,,,,,,,,,,,,,,,,,,,,,,,,,,,,,,,,,,,,,,,,,,,,,,,,,,,,,,,,,,,,,,,,,,,,,,,,,,,,,,,,,,,,,,,,,,,,,,,,,,,,,,,,,,,,,,,,,,,,,,,,,,,,,,,,,,,,,,,,,,,,,,,,,,,,,,,,,,,,,,,,,,,,,,,,,,,,,,,,,,,,,,,,,,,
URP-HighFidelity-Renderer-DevCamera,Assets/MonoBehaviour/URP-HighFidelity-Renderer-DevCamera.asset,c88ab7b37c4f350242674d2efd621c19,c88ab7b37c4f350242674d2efd621c19,-1575395517,"11400000, guid: 6ac6c265caf5fcd45bdb4cbb9d23bfec, type: 2}",,,,,,,,,,,,,,,,,,,,,,,,,,,,,,,,,,,,,,,,,,,,,,,,,,,,,,,,,,,,,,,,,,,,,,,,,,,,,,,,,"{fileID: 4800000, guid: b17ccd757e79dfe4a94a4934ec27e59b, type: 3}",4800000,b17ccd757e79dfe4a94a4934ec27e59b,Assets/Shader/Hidden_Universal Render Pipeline_Debug_DebugReplacement.shader,"{fileID: 4800000, guid: 221598d7edc18d946a186bd1be7e0506, type: 3}",4800000,221598d7edc18d946a186bd1be7e0506,Assets/Shader/Hidden_Universal_HDRDebugView.shader,,,,,,,,,,,,,,,,,,,,,,,,,,,,,,,,,,,,,,,,,,,,,,,,,,,,,,,,,,,,,,,,,,,,,,,,,,,,,,,,,,,,,,,,,,,,,,,,,,,,,,,,,,,,,,,,,,,,,,,,,,,0,,,,,,,,,,,,,,,,2,,,,,,,,,,,,0,,,,,{fileID: 0},0,,,,,,,,,,2,0,2,3,2,2,0,,,0,,,1,,,,,,,,{fileID: 0},0,,,1,,,,,,,,,,,,,,,,,URP-HighFidelity-Renderer-DevCamera,,0,,,4294967295,2,{fileID: 0},0,{fileID: 0},0,,,,,,,,,,"8508129c9b98361f6e84e524dc49c5586c84ad7e413b6b49f4da7caa7806654902f359b67380d618697c59a791ec64,ee236c58e5c62ff55a011bd9d02495a48883f780fc21793113bd0dcbad70492*863bdda024b30f62973ca1076e450a752",,,,1,,,,,,,,,,"{fileID: -1575395517, guid: c88ab7b37c4f350242674d2efd621c19, type: 3}",-1575395517,c88ab7b37c4f350242674d2efd621c19,,,,,,,,,,,,,,,,,,,,,,,,,,,,,,,,,1,,,,,,,,,,,,,,,,,,,,,,,,,,,,,,,,,4294967295,2,,,,,,0,,,,,,,,,,,,,,,,,,,,,,,,,,,,,,,,,,,,,,,,,,,,,,,,,,,,,,,,,"{fileID: 11400000, guid: a70445ff426c66142a46ec56f8726547, type: 2}",11400000,a70445ff426c66142a46ec56f8726547,Assets/MonoBehaviour/PostProcessData.asset,,,,,,,,,,,,,,,,,,,,,,,,,,,,,,,,,,,,,,,,,,,,,,,,,,,,,,,,,,,,,,,,,,,,,,,,,,,,,,,"{fileID: 4800000, guid: c238d5feb7d99c344a6465c79b55fa52, type: 3}",4800000,c238d5feb7d99c344a6465c79b55fa52,Assets/Shader/Hidden_Universal_BlitHDROverlay.shader,"{fileID: 4800000, guid: 8c1120e8ac2b2b446b3e5621a2052362, type: 3}",4800000,8c1120e8ac2b2b446b3e5621a2052362,Assets/Shader/Hidden_Universal Render Pipeline_Blit.shader,,,,,,,,,,,,,"{fileID: 4800000, guid: 48ce2f9cdc2a90243904a8408c7929d7, type: 3}",4800000,48ce2f9cdc2a90243904a8408c7929d7,Assets/Shader/Hidden_Universal Render Pipeline_CameraMotionVectors.shader,"{fileID: 4800000, guid: 36ed5df42a1a91e4faf05b3726afbf50, type: 3}",4800000,36ed5df42a1a91e4faf05b3726afbf50,Assets/Shader/Hidden_Universal Render Pipeline_CopyDepth.shader,"{fileID: 4800000, guid: 4931cc0ca7aa93945a897c2144cc7b88, type: 3}",4800000,4931cc0ca7aa93945a897c2144cc7b88,Assets/Shader/Hidden_Universal_CoreBlitColorAndDepth.shader,"{fileID: 4800000, guid: 298fe462cd855084f9eae37c2bac2bdc, type: 3}",4800000,298fe462cd855084f9eae37c2bac2bdc,Assets/Shader/Hidden_Universal_CoreBlit.shader,"{fileID: 4800000, guid: 9f08c25dd95d27a4698021afb85457be, type: 3}",4800000,9f08c25dd95d27a4698021afb85457be,Assets/Shader/Hidden_Universal Render Pipeline_LensFlareDataDriven.shader,,,,,"{fileID: 4800000, guid: a718f956e275b714dbab7603ba39ecd6, type: 3}",4800000,a718f956e275b714dbab7603ba39ecd6,Assets/Shader/Hidden_Universal Render Pipeline_FallbackError.shader,"{fileID: 4800000, guid: f2d2c4785467fdb438268b329667c86c, type: 3}",4800000,f2d2c4785467fdb438268b329667c86c,Assets/Shader/Hidden_Universal Render Pipeline_FallbackLoading.shader,,,,,,,,,,,,,,,,,"{fileID: 4800000, guid: 05f1358865ef4fa468533bcff3b3cd14, type: 3}",4800000,05f1358865ef4fa468533bcff3b3cd14,Assets/Shader/Hidden_Universal Render Pipeline_MaterialError.shader,"{fileID: 4800000, guid: 105f64465aca5ab488277f5043f01f30, type: 3}",4800000,105f64465aca5ab488277f5043f01f30,Assets/Shader/Hidden_Universal Render Pipeline_ObjectMotionVectors.shader,,,,,"{fileID: 4800000, guid: 71d048003cbf5da4492ef8f567373212, type: 3}",4800000,71d048003cbf5da4492ef8f567373212,Assets/Shader/Hidden_Universal Render Pipeline_Sampling.shader,,,,,{fileID: 0},0,"{fileID: 4800000, guid: f62af052555bc7244a08f2b97185493b, type: 3}",4800000,f62af052555bc7244a08f2b97185493b,Assets/Shader/Hidden_Universal Render Pipeline_StencilDeferred.shader,,,,,,,,,,,,,,,,,,,,,,,,,,,,,,,,,,,,,,,,,,,,,,,,,,,,,,,,,,,,,,,"{fileID: 11400000, guid: 467c9003cb4d4e04ebb0eb2df37872fb, type: 2}",11400000,467c9003cb4d4e04ebb0eb2df37872fb,Assets/MonoBehaviour/XRSystemData.asset,,
ColorLookup_0,Assets/MonoBehaviour/ColorLookup_0.asset,c88ab7b37c4f350242674d2efd621c19,c88ab7b37c4f350242674d2efd621c19,257616187,,,,1,,,,,,,,,,,,,,,,,,,,,,,,,,,,,,,,,,,,,,,,,,,,,,,,,,,,,,,,,,,,,,,,,,,,,,,,,,1,0.9,,,,,,,,,,,,,,,,,,,,,,,,,,,,,,,,,,,,,,,,,,,,,,,,,,,,,,,,,,,,,,,,,,,,,,,,,,,,,,,,,,,,,,,,,,,,,,,,,,,,,,,,,,,,,,,,,,,,,,,,,,,,,,,,,,,,,,,,,,,,,,,,,,,,,,,,,,,,,,,,,,,,,,{fileID: 0},0,,,,,,,,,,,,,,,,,,,0,,,1,,,,,,,,{fileID: 0},0,,,,,,,,,,,,,,,,,,,,ColorLookup,,0,,,,,{fileID: 0},0,{fileID: 0},0,,,,,,,,,,,,,,,,,,,,,,,,"{fileID: 257616187, guid: c88ab7b37c4f350242674d2efd621c19, type: 3}",257616187,c88ab7b37c4f350242674d2efd621c19,,,,,,,,,,,,,,,,,,,,,,,,,,,,,,,,,,,,,,,,,,,,,,,,,,,,,,,,,,,,,,,,,,,,,,,,,,,,,,,,,,,,,,,,,,,,,,,,,,,,,,,,,,,,,,,,,,,,,,,,,,,,,,,,,,,,,,,,,,,,,,,,,,,,,,,,,,,,,,,,,,,,,,,,,,,,,,,,,,,,,,,,,,,,,,,,,,,,,,,,,,,,,,,,,,,,,,,,,,,,,,,,,,,,,,,,,,,,,,,,,,,,,,,,,,,,,,,,,,,,,,,,,,,,,,,,,,,,,,,,,,,,,,,,,,,,,,,,,,,,,,,,,,,,,,,,,,,,,,,,,,,,,,,,,,,,,,,,,,,,,,,,,1,1,"{fileID: 2800000, guid: 36d500d1f2ddd564b9ab681e6fc1aae8, type: 3}",2800000,36d500d1f2ddd564b9ab681e6fc1aae8,Assets/Texture2D/LUT_VisionX.png,,,,,,,,,,,,,,,,,,,,,,,
Vignette_1,Assets/MonoBehaviour/Vignette_1.asset,c88ab7b37c4f350242674d2efd621c19,c88ab7b37c4f350242674d2efd621c19,565963466,,,,1,,,,,,,,,,,,,,,,,,,,,,,,,,,,,,,,,,,,,,,,,,,,,,,,,1,"{x: 0.5, y: 0.5}",,,1,"{r: 0, g: 0, b: 0, a: 1}",,,,,,,,,,,,,,,,,,,,,,,,,,,,,,,,,,,,,,,,,,,,,,,,,,,,,,,,,,,,,,,,,,,,,,,,,,,,,,,,,,,,,,,,,,,,,,,,,,,,,,,,,,,,,,,,,,,,,,,,,,,,,,,,,,,,,,,,1,0.267,,,,,,,,,,,,,,,,,,,,,,,,,,,,,,,,,,,,,,,,,,,,,,,,,,{fileID: 0},0,,,,,,,,,,,,,,,,,,,0,,,1,,,,,,,,{fileID: 0},0,,,,,,,,,,,,,,,,,,,,Vignette,,0,,,,,{fileID: 0},0,{fileID: 0},0,,,,,,,,,,,,,,,,,,,,,,,,"{fileID: 565963466, guid: c88ab7b37c4f350242674d2efd621c19, type: 3}",565963466,c88ab7b37c4f350242674d2efd621c19,,,,,,,,,,,,,,,,,,,,,,,,,,,,,,,,,,,,,,,,,,,,,,,,,,,,,,,,,,,,,,,,,,,,,,,,,,,,,,,,,,,,,,,,,,,,,,,,,,,,,,,,,,,,,,,,,,,,,,,,,,,,,,,,,,,,,,,,,,,,,,,,,,,,,,,,,,,,,,,1,0,,,,,,,,,,,,,,,,,,,,,,,,,,,,,,,,,,,,,,,,,,,,,,,,,,,,,,,,,,,,,,,,,,,,,,,,,,,,,,,,,,,,,,,,,,,,,,,,,,,,,,,,,,,,,,,,,,,,,,,,,,,,,,,,,,,,,,,,,,,,,,,,,,,,,,,,,,,,,,,,,,,,,,,,,,,,,,,,,,,,,1,0.594,,,,,,,,,,,,,,,,,,,,,,,,,,,,,,,
DepthOfField_12,Assets/MonoBehaviour/DepthOfField_12.asset,c88ab7b37c4f350242674d2efd621c19,c88ab7b37c4f350242674d2efd621c19,-2085558323,,,,1,1,2.02,,,,,0,5,0,1,0,0,,,,,,,,,,,,,,,,,,,,,,,,,,,,,,,,,,,,,,,,,,,,,,,,,,,,,,,,,,,,,,,,,,,,,,,,,,,,,,,,,,,,,,,,,,,,1,51.6,1,15.47,,,,,,0,30,0,1,0,10,,,,,,,,,,,,,,,,,,,,,0,0,,,,,,,,,,,,,,,,,,,,,,,,,,,,,,,,,,,,,,,,,,,,,,,,,,,,,,,,,,,,,,,,,,,,,,,,,,,,,,,,,,,,,,,,,,,,,,,,,,,,,{fileID: 0},0,,,,,,,,,,,,,,,,,,,0,,,1,,,,,,,,{fileID: 0},0,,,,,,,,,,,,,,,,,,,,DepthOfField,,0,,,,,{fileID: 0},0,{fileID: 0},0,,,,,,,,,,,,,,,,,,,,,,,,"{fileID: -2085558323, guid: c88ab7b37c4f350242674d2efd621c19, type: 3}",-2085558323,c88ab7b37c4f350242674d2efd621c19,,,,,,,,,,,,,,,,,,,,,,,,,,,,,,,,,,,,,,,,,,,,,,,,,,,,,,,,,,,,,,,,,,,,,,,,,,,,,,,,,,,,,,,,,,,,,,,,,,,,,,,,,,,,,,,,,,1,2,,,,,,,,,,,,,,,,,,,,,,,,,,,,,,,,,,,,,,,,,,,,,,,,,,,,,,,,,,,,,,,,,,,,,,,,,,,,,,,,,,,,,,,,,,,,,,,,,,,,,,,,,,,,,,,,,,,,,,,,,,,,,,,,,,,,,,,,,,,,,,,,,,,,,,,,,,,,,,,,,,,,,,,,,,,,,,,,,,,,,,,,,,,,,,,,,,,,,,,,,,,,,,,,,,,,,,,,,,,,,,,,,,,,,,,,,,,,,,,,,,,,,,,,,,,,,,,,,,
ChromaticAberration_0,Assets/MonoBehaviour/ChromaticAberration_0.asset,c88ab7b37c4f350242674d2efd621c19,c88ab7b37c4f350242674d2efd621c19,456897975,,,,0,,,,,,,,,,,,,,,,,,,,,,,,,,,,,,,,,,,,,,,,,,,,,,,,,,,,,,,,,,,,,,,,,,,,,,,,,,,,,,,,,,,,,,,,,,,,,,,,,,,,,,,,,,,,,,,,,,,,,,,,,,,,,,,,,,,,,,,,,,,,,,,,,,,,,,,,,,,,,,,,,,,,,,,,,,,,,,,,,,,,,,,,,,,,,,1,0.1,,,,,,,,,,,,,,,,,,,,,,,,,,,,,,,,,,,,,,,,,,,,,,,,,,{fileID: 0},0,,,,,,,,,,,,,,,,,,,0,,,1,,,,,,,,{fileID: 0},0,,,,,,,,,,,,,,,,,,,,ChromaticAberration,,0,,,,,{fileID: 0},0,{fileID: 0},0,,,,,,,,,,,,,,,,,,,,,,,,"{fileID: 456897975, guid: c88ab7b37c4f350242674d2efd621c19, type: 3}",456897975,c88ab7b37c4f350242674d2efd621c19,,,,,,,,,,,,,,,,,,,,,,,,,,,,,,,,,,,,,,,,,,,,,,,,,,,,,,,,,,,,,,,,,,,,,,,,,,,,,,,,,,,,,,,,,,,,,,,,,,,,,,,,,,,,,,,,,,,,,,,,,,,,,,,,,,,,,,,,,,,,,,,,,,,,,,,,,,,,,,,,,,,,,,,,,,,,,,,,,,,,,,,,,,,,,,,,,,,,,,,,,,,,,,,,,,,,,,,,,,,,,,,,,,,,,,,,,,,,,,,,,,,,,,,,,,,,,,,,,,,,,,,,,,,,,,,,,,,,,,,,,,,,,,,,,,,,,,,,,,,,,,,,,,,,,,,,,,,,,,,,,,,,,,,,,,,,,,,,,,,,,,,,,,,,,,,,,,,,,,,,,,,,,,,,,,,,,
DepthOfField_21,Assets/MonoBehaviour/DepthOfField_21.asset,c88ab7b37c4f350242674d2efd621c19,c88ab7b37c4f350242674d2efd621c19,-2085558323,,,,0,1,4.94,,,,,1,5,1,1,1,0,,,,,,,,,,,,,,,,,,,,,,,,,,,,,,,,,,,,,,,,,,,,,,,,,,,,,,,,,,,,,,,,,,,,,,,,,,,,,,,,,,,,,,,,,,,,1,157.3,1,13.78,,,,,,1,30,1,1,1,10,,,,,,,,,,,,,,,,,,,,,1,0,,,,,,,,,,,,,,,,,,,,,,,,,,,,,,,,,,,,,,,,,,,,,,,,,,,,,,,,,,,,,,,,,,,,,,,,,,,,,,,,,,,,,,,,,,,,,,,,,,,,,{fileID: 0},0,,,,,,,,,,,,,,,,,,,0,,,1,,,,,,,,{fileID: 0},0,,,,,,,,,,,,,,,,,,,,DepthOfField,,0,,,,,{fileID: 0},0,{fileID: 0},0,,,,,,,,,,,,,,,,,,,,,,,,"{fileID: -2085558323, guid: c88ab7b37c4f350242674d2efd621c19, type: 3}",-2085558323,c88ab7b37c4f350242674d2efd621c19,,,,,,,,,,,,,,,,,,,,,,,,,,,,,,,,,,,,,,,,,,,,,,,,,,,,,,,,,,,,,,,,,,,,,,,,,,,,,,,,,,,,,,,,,,,,,,,,,,,,,,,,,,,,,,,,,,1,2,,,,,,,,,,,,,,,,,,,,,,,,,,,,,,,,,,,,,,,,,,,,,,,,,,,,,,,,,,,,,,,,,,,,,,,,,,,,,,,,,,,,,,,,,,,,,,,,,,,,,,,,,,,,,,,,,,,,,,,,,,,,,,,,,,,,,,,,,,,,,,,,,,,,,,,,,,,,,,,,,,,,,,,,,,,,,,,,,,,,,,,,,,,,,,,,,,,,,,,,,,,,,,,,,,,,,,,,,,,,,,,,,,,,,,,,,,,,,,,,,,,,,,,,,,,,,,,,,,
New Umbra Profile_8,Assets/MonoBehaviour/New Umbra Profile_8.asset,c88ab7b37c4f350242674d2efd621c19,c88ab7b37c4f350242674d2efd621c19,-2068570431,,,,,,,,,0,,,,,,,,0,,,,,,,,,,,,,,,,,,,50,50,0,5,0,0,1,10,,,0.1,1,0.1,1,0.1,1,1,,,,,,,,,0,0.75,0,0.85,0.3,0.1,16,0,0.01,0.01,0,0.5,0.15,0.111,0.0001,,,,,,,,,,,,,,,,,,,,,,,,,,,1,0,,,1,,,,,,0,,,,,,,,,,,,,,,,,,,,,,,,,,,,,,,,,,,,,,,,,,,,,,,,,,,,,,,,,,,,,,,,,,,,,,,,,,,,,,,,,,,,,,,,6,0,,,,,,,,,,,,,,,,,,,,,,,,,,,,,,,,,,,,,,,,,,,,{fileID: 0},0,,,,,,,,,,,,,,,,,,,0,,,1,,,,,,,,{fileID: 0},0,,,,,,,,,,,,,,,,,,,,New Umbra Profile,,0,,,,,{fileID: 0},0,{fileID: 0},0,,,,,,,,,,,,,,,,,,,,,,,,"{fileID: -2068570431, guid: c88ab7b37c4f350242674d2efd621c19, type: 3}",-2068570431,c88ab7b37c4f350242674d2efd621c19,,,,,,,,,,,,,,,,,,,,,,,,,,,,,,,,,,,,,,,,,,,,,,,,,,,,,,,,,,,,,,,,,,,,,,,,,,,,,,,,,,,,,1,{fileID: 0},0,,,,,,,,,,,,,,,,,,,,,,,,,,,,,,,0,8,8,,,,,,,,,,,,,,1,1,,,,,,,,,,,,,,,,,,,,,,,,,,16,,,,,,,,,,,,,,,,,,,,,,,,,,,,,,,,,,,,,,,,,,,,,,,,,,,,,,,,,,,,,,,,,,,,,,,,,,,,,,,,,,,,,,,,,,,,,,,,,,,,,,,,,,,,,,,,,,,,,,,,,,,,,,,,,,,,,,,,,,,,,,,,,,,,,,,,,,,,,,,,,,,,,,,,,1,,,,,,,0.1,5,,,,,0,,,,,,,,,,,,,,,,,,,,,,,,,,,,,,
MotionBlur_4,Assets/MonoBehaviour/MotionBlur_4.asset,c88ab7b37c4f350242674d2efd621c19,c88ab7b37c4f350242674d2efd621c19,224828655,,,,1,,,,,,,,,,,,,,,,,,,,,,,,,,,,,,,,,,,,,,,,,,,,,,,,,,,1,0.05,,,,,,,,,,,,,,,,,,,,,,,,,,,,,,,,,,,,,,,,,,,,,,,,,,,,,,,,,,,,,,,,,,,,,,,,,,,,,,,,,,,,,,,,,,,,,,,,,,,,,,,,,,,,,,,,,,,,,,,,,,,,,,,,,,,,,,,,,,1,1,,,,,,,,,,,,,,,,,,,,,,,,,,,,,,,,,,,,,,,,,,,,,,,,,,{fileID: 0},0,,,,,,,,,,,,,,,,,,,0,,,1,,,,,,,,{fileID: 0},0,,,,,,,,,,,,,,,,,,,,MotionBlur,,0,,,,,{fileID: 0},0,{fileID: 0},0,,,,,,,,,,,,,,,,,,,,,,,,"{fileID: 224828655, guid: c88ab7b37c4f350242674d2efd621c19, type: 3}",224828655,c88ab7b37c4f350242674d2efd621c19,,,,,,,,,,,,,,,,,,,,,,,,,,,,,,,,,,,,,,,,,,,,,,,,,,,,,,,,,,,,,,,,,,,,,,,,,,,,,,,,,,,,,,,,,,,,,,,,,,,,,,,,,,,,,,,,,,0,0,,,,,,,,,,,,,,,,,,,,,1,2,,,,,,,,,,,,,,,,,,,,,,,,,,,,,,,,,,,,,,,,,,,,,,,,,,,,,,,,,,,,,,,,,,,,,,,,,,,,,,,,,,,,,,,,,,,,,,,,,,,,,,,,,,,,,,,,,,,,,,,,,,,,,,,,,,,,,,,,,,,,,,,,,,,,,,,,,,,,,,,,,,,,,,,,,,,,,,,,,,,,,,,,,,,,,,,,,,,,,,,,,,,,,,,,,,,,,,,,,,,,,,,,,,,,,,,,,,,,
DepthOfField_14,Assets/MonoBehaviour/DepthOfField_14.asset,c88ab7b37c4f350242674d2efd621c19,c88ab7b37c4f350242674d2efd621c19,-2085558323,,,,1,1,2.63,,,,,0,5,0,1,0,0,,,,,,,,,,,,,,,,,,,,,,,,,,,,,,,,,,,,,,,,,,,,,,,,,,,,,,,,,,,,,,,,,,,,,,,,,,,,,,,,,,,,,,,,,,,,1,255.3,0,10,,,,,,1,30,1,1,1,10,,,,,,,,,,,,,,,,,,,,,1,0,,,,,,,,,,,,,,,,,,,,,,,,,,,,,,,,,,,,,,,,,,,,,,,,,,,,,,,,,,,,,,,,,,,,,,,,,,,,,,,,,,,,,,,,,,,,,,,,,,,,,{fileID: 0},0,,,,,,,,,,,,,,,,,,,0,,,1,,,,,,,,{fileID: 0},0,,,,,,,,,,,,,,,,,,,,DepthOfField,,0,,,,,{fileID: 0},0,{fileID: 0},0,,,,,,,,,,,,,,,,,,,,,,,,"{fileID: -2085558323, guid: c88ab7b37c4f350242674d2efd621c19, type: 3}",-2085558323,c88ab7b37c4f350242674d2efd621c19,,,,,,,,,,,,,,,,,,,,,,,,,,,,,,,,,,,,,,,,,,,,,,,,,,,,,,,,,,,,,,,,,,,,,,,,,,,,,,,,,,,,,,,,,,,,,,,,,,,,,,,,,,,,,,,,,,1,2,,,,,,,,,,,,,,,,,,,,,,,,,,,,,,,,,,,,,,,,,,,,,,,,,,,,,,,,,,,,,,,,,,,,,,,,,,,,,,,,,,,,,,,,,,,,,,,,,,,,,,,,,,,,,,,,,,,,,,,,,,,,,,,,,,,,,,,,,,,,,,,,,,,,,,,,,,,,,,,,,,,,,,,,,,,,,,,,,,,,,,,,,,,,,,,,,,,,,,,,,,,,,,,,,,,,,,,,,,,,,,,,,,,,,,,,,,,,,,,,,,,,,,,,,,,,,,,,,,
ShadowsMidtonesHighlights_1,Assets/MonoBehaviour/ShadowsMidtonesHighlights_1.asset,c88ab7b37c4f350242674d2efd621c19,c88ab7b37c4f350242674d2efd621c19,815276277,,,,1,,,,,,,,,,,,,,,,,,,,,,,,,,,,,,,,,,,,,,,,,,,,,,,,,,,,,,,,,,,,,,,,,,,,,,,,,,,,,,,,,,,,,,,,,,,,,,,,,,,,,,,,,,,,,,,,,,,,,,,,,,,,,,,,,,,,,,,,,,,,,1,"{x: 1, y: 0.9345417, z: 0.861944, w: 0}",1,1,1,0.55,,,,,,,,,,,,,,,,,,,,,,,,,,,,,,,,,,,,,,,,,,,,,,,,,,,,,,,,,,,,,,,,,,,,,,,,,,,,,,,,,,,,,,,,,,,,,,,{fileID: 0},0,,,,,,,,,,,,,,,,,,,0,,,1,,,,,,,,{fileID: 0},0,,,,,,,,,,,,,,,,,,,,ShadowsMidtonesHighlights,,0,,,,,{fileID: 0},0,{fileID: 0},0,,,,,,,,,,,,,,,,,,,,,,,,"{fileID: 815276277, guid: c88ab7b37c4f350242674d2efd621c19, type: 3}",815276277,c88ab7b37c4f350242674d2efd621c19,,,,,,,,,,,,,,,,,,,,,,,,,,,,,,,,,,,,,,,,,,,,,,,,,,,,,,,,,,,,,,,,,,,,,,,,,,,,,,,,,,,,,,,,,,,,,,,,,,,,,,,,,,,,,,1,"{x: 1, y: 0.9730033, z: 0.9710306, w: 0}",,,,,,,,,,,,,,,,,,,,,,,,,,,,,,,,,,,,,,,,,,,,,,,,,,,,,,,,,,,,,,,,,,,,,,,,,,,,,,,,,,,,,,,,,,,,,,,,,,,,,,,,,,,,,,,,,,,,,,,,,,,,,,,,,,,,,,,,,,,,,,,,,,,,,,,,,,,,,,,,,,,,,,,,,,,,,,,,,,,,,,,,,,,,,,,,,,,,,,,,,,,,,,,,,,,,,,,,,,,,1,"{x: 0.8971265, y: 0.9436495, z: 1, w: 0}",1,0.3,1,0,,,,,,,,,,,,,,,,,,,,,,,,,,,,,,,,,,,,,
LensDistortion_3,Assets/MonoBehaviour/LensDistortion_3.asset,c88ab7b37c4f350242674d2efd621c19,c88ab7b37c4f350242674d2efd621c19,-1562019045,,,,0,,,,,,,,,,,,,,,,,,,,,,,,,,,,,,,,,,,,,,,,,,,,,,,,,1,"{x: 0.5, y: 0.5}",,,,,,,,,,,,,,,,,,,,,,,,,,,,,,,,,,,,,,,,,,,,,,,,,,,,,,,,,,,,,,,,,,,,,,,,,,,,,,,,,,,,,,,,,,,,,,,,,,,,,,,,,,,,,,,,,,,,,,,,,,,,,,,,,,,,,,,,,,,,1,0.22,,,,,,,,,,,,,,,,,,,,,,,,,,,,,,,,,,,,,,,,,,,,,,,,,,{fileID: 0},0,,,,,,,,,,,,,,,,,,,0,,,1,,,,,,,,{fileID: 0},0,,,,,,,,,,,,,,,,,,,,LensDistortion,,0,,,,,{fileID: 0},0,{fileID: 0},0,,,,,,,,,,,,,,,,,,,,,,,,"{fileID: -1562019045, guid: c88ab7b37c4f350242674d2efd621c19, type: 3}",-1562019045,c88ab7b37c4f350242674d2efd621c19,,,,,,,,,,,,,,,,,,,,,,,,,,,,,,,,,,,,,,,,,,,,,,,,,,,,,,,,,,,,,,,,,,,,,,,,,,,,,,,,,,,,,,,,,,,,,,,,,,,,,,,,,,,,,,,,,,,,,,,,,,,,,,,,,,,,,,,,,,,,,,,,,,,,,,,,,,,,,,,,,,,,,,,,,,,,,,1,1,,,,,,,,,,,,,,,,,,,,,,,,,,,,,,,,,,,,,,,,,,,,,,,,,,,,,,,,,,,,,,,,,,,,,,,,,,,,,,,,,,,,,,,,,,,,,,,,,,,,,,,,,,,,,,,,,,,,,,,,,,,,,,,,,,,,,,,,,,,,,,,,,,,,,,,,,,,,,,,,,,,,,,,,,,,,,,,,,,,,,,,,,,,,,,,1,1,,,,,1,1
FilmGrain_5,Assets/MonoBehaviour/FilmGrain_5.asset,c88ab7b37c4f350242674d2efd621c19,c88ab7b37c4f350242674d2efd621c19,-534242816,,,,1,,,,,,,,,,,,,,,,,,,,,,,,,,,,,,,,,,,,,,,,,,,,,,,,,,,,,,,,,,,,,,,,,,,,,,,,,,,,,,,,,,,,,,,,,,,,,,,,,,,,,,,,,,,,,,,,,,,,,,,,,,,,,,,,,,,,,,,,,,,,,,,,,,,,,,,,,,,,,,,,,,,,,,,,,,,,,,,,,,,,,,,,,,,,,,1,0.898,,,,,,,,,,,,,,,,,,,,,,,,,,,,,,,,,,,,,,,,,,,,,,,,,,{fileID: 0},0,,,,,,,,,,,,,,,,,,,0,,,1,,,,,,,,{fileID: 0},0,,,,,,,,,,,,,,,,,,,,FilmGrain,,0,,,,,{fileID: 0},0,{fileID: 0},0,,,,,,,,,,,,,,,,,,,,,,,,"{fileID: -534242816, guid: c88ab7b37c4f350242674d2efd621c19, type: 3}",-534242816,c88ab7b37c4f350242674d2efd621c19,,,,,,,,,,,,,,,,,,,,,,,,,,,,,,,,,,,,,,,,,,,,,,,,,,,,,,,,,,,,,,,,,,,,,,,,,,,,,,,,,,,,,,,,,,,,,,,,,,,,,,,,,,,,,,,,,,,,,,,,,,,,,,,,,,,,,,,,,,,,,,,,,,,,,,,,,,,,,1,0.8,,,,,,,,,,,,,,,,,,,,,,,,,,,,,,,,,,,,,,,,,,,,,,,,,,,,,,,,,,,,,,,,,,,,,,,,,,,,,,,,,,,,,,,,,,,,,,,,,,,,,,,,,,,,,,,,,,,,,,,,,,,,,,,,,,,,,,,,,,,,,,,,,,,,,,,,,,,,,,,,,,,,,,,,,,,,,,,,,,,,,,,,,,,,0,{fileID: 0},0,,,,,,,,,,,,,,,,1,0,,,,,,,,
DepthOfField_23,Assets/MonoBehaviour/DepthOfField_23.asset,c88ab7b37c4f350242674d2efd621c19,c88ab7b37c4f350242674d2efd621c19,-2085558323,,,,0,1,4.94,,,,,1,5,1,1,1,0,,,,,,,,,,,,,,,,,,,,,,,,,,,,,,,,,,,,,,,,,,,,,,,,,,,,,,,,,,,,,,,,,,,,,,,,,,,,,,,,,,,,,,,,,,,,1,157.3,1,13.78,,,,,,1,30,1,1,1,10,,,,,,,,,,,,,,,,,,,,,1,0,,,,,,,,,,,,,,,,,,,,,,,,,,,,,,,,,,,,,,,,,,,,,,,,,,,,,,,,,,,,,,,,,,,,,,,,,,,,,,,,,,,,,,,,,,,,,,,,,,,,,{fileID: 0},0,,,,,,,,,,,,,,,,,,,0,,,1,,,,,,,,{fileID: 0},0,,,,,,,,,,,,,,,,,,,,DepthOfField,,0,,,,,{fileID: 0},0,{fileID: 0},0,,,,,,,,,,,,,,,,,,,,,,,,"{fileID: -2085558323, guid: c88ab7b37c4f350242674d2efd621c19, type: 3}",-2085558323,c88ab7b37c4f350242674d2efd621c19,,,,,,,,,,,,,,,,,,,,,,,,,,,,,,,,,,,,,,,,,,,,,,,,,,,,,,,,,,,,,,,,,,,,,,,,,,,,,,,,,,,,,,,,,,,,,,,,,,,,,,,,,,,,,,,,,,1,2,,,,,,,,,,,,,,,,,,,,,,,,,,,,,,,,,,,,,,,,,,,,,,,,,,,,,,,,,,,,,,,,,,,,,,,,,,,,,,,,,,,,,,,,,,,,,,,,,,,,,,,,,,,,,,,,,,,,,,,,,,,,,,,,,,,,,,,,,,,,,,,,,,,,,,,,,,,,,,,,,,,,,,,,,,,,,,,,,,,,,,,,,,,,,,,,,,,,,,,,,,,,,,,,,,,,,,,,,,,,,,,,,,,,,,,,,,,,,,,,,,,,,,,,,,,,,,,,,,
ChromaticAberration_12,Assets/MonoBehaviour/ChromaticAberration_12.asset,c88ab7b37c4f350242674d2efd621c19,c88ab7b37c4f350242674d2efd621c19,456897975,,,,0,,,,,,,,,,,,,,,,,,,,,,,,,,,,,,,,,,,,,,,,,,,,,,,,,,,,,,,,,,,,,,,,,,,,,,,,,,,,,,,,,,,,,,,,,,,,,,,,,,,,,,,,,,,,,,,,,,,,,,,,,,,,,,,,,,,,,,,,,,,,,,,,,,,,,,,,,,,,,,,,,,,,,,,,,,,,,,,,,,,,,,,,,,,,,,1,0.1,,,,,,,,,,,,,,,,,,,,,,,,,,,,,,,,,,,,,,,,,,,,,,,,,,{fileID: 0},0,,,,,,,,,,,,,,,,,,,0,,,1,,,,,,,,{fileID: 0},0,,,,,,,,,,,,,,,,,,,,ChromaticAberration,,0,,,,,{fileID: 0},0,{fileID: 0},0,,,,,,,,,,,,,,,,,,,,,,,,"{fileID: 456897975, guid: c88ab7b37c4f350242674d2efd621c19, type: 3}",456897975,c88ab7b37c4f350242674d2efd621c19,,,,,,,,,,,,,,,,,,,,,,,,,,,,,,,,,,,,,,,,,,,,,,,,,,,,,,,,,,,,,,,,,,,,,,,,,,,,,,,,,,,,,,,,,,,,,,,,,,,,,,,,,,,,,,,,,,,,,,,,,,,,,,,,,,,,,,,,,,,,,,,,,,,,,,,,,,,,,,,,,,,,,,,,,,,,,,,,,,,,,,,,,,,,,,,,,,,,,,,,,,,,,,,,,,,,,,,,,,,,,,,,,,,,,,,,,,,,,,,,,,,,,,,,,,,,,,,,,,,,,,,,,,,,,,,,,,,,,,,,,,,,,,,,,,,,,,,,,,,,,,,,,,,,,,,,,,,,,,,,,,,,,,,,,,,,,,,,,,,,,,,,,,,,,,,,,,,,,,,,,,,,,,,,,,,,,
New Umbra Profile_5,Assets/MonoBehaviour/New Umbra Profile_5.asset,c88ab7b37c4f350242674d2efd621c19,c88ab7b37c4f350242674d2efd621c19,-2068570431,,,,,,,,,0,,,,,,,,0,,,,,,,,,,,,,,,,,,,50,50,0,5,0,0,1,10,,,0.1,1,0.1,1,0.1,1,1,,,,,,,,,0,0.75,0,0.85,0.3,0.1,16,0,0.01,0.01,0,0.5,0.15,0.96,0.0001,,,,,,,,,,,,,,,,,,,,,,,,,,,1,0,,,1,,,,,,0,,,,,,,,,,,,,,,,,,,,,,,,,,,,,,,,,,,,,,,,,,,,,,,,,,,,,,,,,,,,,,,,,,,,,,,,,,,,,,,,,,,,,,,,6,0,,,,,,,,,,,,,,,,,,,,,,,,,,,,,,,,,,,,,,,,,,,,{fileID: 0},0,,,,,,,,,,,,,,,,,,,0,,,1,,,,,,,,{fileID: 0},0,,,,,,,,,,,,,,,,,,,,New Umbra Profile,,0,,,,,{fileID: 0},0,{fileID: 0},0,,,,,,,,,,,,,,,,,,,,,,,,"{fileID: -2068570431, guid: c88ab7b37c4f350242674d2efd621c19, type: 3}",-2068570431,c88ab7b37c4f350242674d2efd621c19,,,,,,,,,,,,,,,,,,,,,,,,,,,,,,,,,,,,,,,,,,,,,,,,,,,,,,,,,,,,,,,,,,,,,,,,,,,,,,,,,,,,,1,{fileID: 0},0,,,,,,,,,,,,,,,,,,,,,,,,,,,,,,,0,8,8,,,,,,,,,,,,,,1,1,,,,,,,,,,,,,,,,,,,,,,,,,,16,,,,,,,,,,,,,,,,,,,,,,,,,,,,,,,,,,,,,,,,,,,,,,,,,,,,,,,,,,,,,,,,,,,,,,,,,,,,,,,,,,,,,,,,,,,,,,,,,,,,,,,,,,,,,,,,,,,,,,,,,,,,,,,,,,,,,,,,,,,,,,,,,,,,,,,,,,,,,,,,,,,,,,,,,1,,,,,,,0.1,5,,,,,0,,,,,,,,,,,,,,,,,,,,,,,,,,,,,,
ColorAdjustments_0,Assets/MonoBehaviour/ColorAdjustments_0.asset,c88ab7b37c4f350242674d2efd621c19,c88ab7b37c4f350242674d2efd621c19,-1728269046,,,,0,,,,,,,,,,,,,,,,,,,,,,,,,,,,,,,,,,,,,,,,,,,,,,,,,,,,,,,0,"{r: 1, g: 1, b: 1, a: 1}",,,,,,,,,,,,,,,,0,50.7,,,,,,,,,,,,,,,,,,,,,,,,,,,,,,,,,,,,,,,,,,,,,,,,,,,,,,,,,,,,,,,,,,,,,,,,,,0,0,,,,,,,,,,,,,,,,,,,,,,,,,,,,,,,,,,,,,,,,,,,,,,,,,,,,,,,,,,,,,,,,,,,,,,,,,,,,,,,,,,,,,,,,,,,,,{fileID: 0},0,,,,,,,,,,,,,,,,,,,0,,,1,,,,,,,,{fileID: 0},0,,,,,,,,,,,,,,,,,,,,ColorAdjustments,,0,,,,,{fileID: 0},0,{fileID: 0},0,,,,,,,,,,,,,,,,,,,,,,,,"{fileID: -1728269046, guid: c88ab7b37c4f350242674d2efd621c19, type: 3}",-1728269046,c88ab7b37c4f350242674d2efd621c19,,,,,,,,,,,,,,,,,,,,,,,,,,,,,,,,,,,,,,,,,,,,,,,,,,,,,,,,,,,,,,,,,,,,,,,,,,,,,,,,,,,,,,,,,,,,,,,,,,,,,,,,,,,,,,,,,,,,,,,,,,,,,,,,1,0.2,,,,,,,,,,,,,,,,,,,,,,,,,,,,,,,,,,,,,,,,,,,0,0,,,,,,,,,,,,,,,,,,,,,,,,,,,,,,,,,,,,,,,,,,,,,,,,,,,,,,,,,,,,,,,,,,,,,,,,,,,,,,,,,,,,,,,,,,,,,,,,,,,,,,,,,,,,,,,,,,,,,,,,,,,,,,,,,,,,,,,,,,,,,,,,,,,,,,,,,,,,,,,,,,,,,,,,,,,,,,,,,,,,,,,,,,,,,,,,,,,,,,,,
Bloom_8,Assets/MonoBehaviour/Bloom_8.asset,c88ab7b37c4f350242674d2efd621c19,c88ab7b37c4f350242674d2efd621c19,464656391,,,,0,,,,,,,,,,,,,,,,,,,,,,,,,,,,,,,,,,,,,,,,,,,,,,,,,,,0,65472,,,,,,,,,,,,,,,,,,,,,,,,,,,,,,,,,,,,,,0,0,1,0,{fileID: 0},0,,,,,0,0,,,,,,,,,,,,,,,,,,,,,,,,,,,,,,,,,,,,0,0,,,,,,,,,,,,,,,,,,,,,,,,,,,,,,,,,,,,,,,,,,,,,,,,,,,,1,1.5,,,,,,,,,,,,,,,,,,,,,,,,,,,,,,,,,,,,,,,,,,,,,,,,,,{fileID: 0},0,,,,,,,,,,,,,,,,,,,0,,,1,,,,,,,,{fileID: 0},0,,,,,,,,,,,,,,,,,,,,Bloom,,0,,,,,{fileID: 0},0,{fileID: 0},0,,,,,,,,,,,,,,,,,,,,,,,,"{fileID: 464656391, guid: c88ab7b37c4f350242674d2efd621c19, type: 3}",464656391,c88ab7b37c4f350242674d2efd621c19,,,,,,,,,,,,,,,,,,,,,,,,,,,,,,,,,,,,,,,,,,,,,,,,,,,,,,,,,,,,,,,,,,,,,,,,,,,,,,,,,,,,,,,,,,,,,,,,,,,,,,,,,,0,6,,,,,,,,,,,,,,,,,,,,,,,,,,,,,,,,,,,,,,,,,,,,,,,,,,,,,,,,,,,,,,,,,,,,,1,1,,,,,,,,,,,,,,,,,,,,,,,,,,,,,,,,,,,,,,,,,,,,,,,,,,,,,,,,,,,,,,,,,,,,,,,,,,,,,,,,,,,,,,,,,,,,,,,,,,,,,,,,,,,,,,,,,,,,,,,,,,,,,,,,,,,,,,,,,,,,,,,,,,,,,,,,,,,,,,,,,,0,1,,,,,,,,,,,,,,,,,,,,1,0.75,0,"{r: 1, g: 1, b: 1, a: 1}",,,,,,,,,,
New Umbra Profile_0,Assets/MonoBehaviour/New Umbra Profile_0.asset,c88ab7b37c4f350242674d2efd621c19,c88ab7b37c4f350242674d2efd621c19,-2068570431,,,,,,,,,0,,,,,,,,0,,,,,,,,,,,,,,,,,,,50,50,0,5,0,0,1,10,,,0.1,1,0.1,1,0.1,1,1,,,,,,,,,0,0.75,1,0.85,0.3,0.1,16,0,0.01,0.01,0,0.5,0.15,0.5,0.0001,,,,,,,,,,,,,,,,,,,,,,,,,,,1.5,0,,,1,,,,,,0,,,,,,,,,,,,,,,,,,,,,,,,,,,,,,,,,,,,,,,,,,,,,,,,,,,,,,,,,,,,,,,,,,,,,,,,,,,,,,,,,,,,,,,,13,0,,,,,,,,,,,,,,,,,,,,,,,,,,,,,,,,,,,,,,,,,,,,{fileID: 0},0,,,,,,,,,,,,,,,,,,,0,,,1,,,,,,,,{fileID: 0},0,,,,,,,,,,,,,,,,,,,,New Umbra Profile,,0,,,,,{fileID: 0},0,{fileID: 0},0,,,,,,,,,,,,,,,,,,,,,,,,"{fileID: -2068570431, guid: c88ab7b37c4f350242674d2efd621c19, type: 3}",-2068570431,c88ab7b37c4f350242674d2efd621c19,,,,,,,,,,,,,,,,,,,,,,,,,,,,,,,,,,,,,,,,,,,,,,,,,,,,,,,,,,,,,,,,,,,,,,,,,,,,,,,,,,,,,1,{fileID: 0},0,,,,,,,,,,,,,,,,,,,,,,,,,,,,,,,0,9,8,,,,,,,,,,,,,,1,1,,,,,,,,,,,,,,,,,,,,,,,,,,16,,,,,,,,,,,,,,,,,,,,,,,,,,,,,,,,,,,,,,,,,,,,,,,,,,,,,,,,,,,,,,,,,,,,,,,,,,,,,,,,,,,,,,,,,,,,,,,,,,,,,,,,,,,,,,,,,,,,,,,,,,,,,,,,,,,,,,,,,,,,,,,,,,,,,,,,,,,,,,,,,,,,,,,,,1,,,,,,,0.1,5,,,,,0,,,,,,,,,,,,,,,,,,,,,,,,,,,,,,
DepthOfField_24,Assets/MonoBehaviour/DepthOfField_24.asset,c88ab7b37c4f350242674d2efd621c19,c88ab7b37c4f350242674d2efd621c19,-2085558323,,,,0,1,4.94,,,,,1,5,1,1,1,0,,,,,,,,,,,,,,,,,,,,,,,,,,,,,,,,,,,,,,,,,,,,,,,,,,,,,,,,,,,,,,,,,,,,,,,,,,,,,,,,,,,,,,,,,,,,1,157.3,1,13.78,,,,,,1,30,1,1,1,10,,,,,,,,,,,,,,,,,,,,,1,0,,,,,,,,,,,,,,,,,,,,,,,,,,,,,,,,,,,,,,,,,,,,,,,,,,,,,,,,,,,,,,,,,,,,,,,,,,,,,,,,,,,,,,,,,,,,,,,,,,,,,{fileID: 0},0,,,,,,,,,,,,,,,,,,,0,,,1,,,,,,,,{fileID: 0},0,,,,,,,,,,,,,,,,,,,,DepthOfField,,0,,,,,{fileID: 0},0,{fileID: 0},0,,,,,,,,,,,,,,,,,,,,,,,,"{fileID: -2085558323, guid: c88ab7b37c4f350242674d2efd621c19, type: 3}",-2085558323,c88ab7b37c4f350242674d2efd621c19,,,,,,,,,,,,,,,,,,,,,,,,,,,,,,,,,,,,,,,,,,,,,,,,,,,,,,,,,,,,,,,,,,,,,,,,,,,,,,,,,,,,,,,,,,,,,,,,,,,,,,,,,,,,,,,,,,1,2,,,,,,,,,,,,,,,,,,,,,,,,,,,,,,,,,,,,,,,,,,,,,,,,,,,,,,,,,,,,,,,,,,,,,,,,,,,,,,,,,,,,,,,,,,,,,,,,,,,,,,,,,,,,,,,,,,,,,,,,,,,,,,,,,,,,,,,,,,,,,,,,,,,,,,,,,,,,,,,,,,,,,,,,,,,,,,,,,,,,,,,,,,,,,,,,,,,,,,,,,,,,,,,,,,,,,,,,,,,,,,,,,,,,,,,,,,,,,,,,,,,,,,,,,,,,,,,,,,
ChromaticAberration_19,Assets/MonoBehaviour/ChromaticAberration_19.asset,c88ab7b37c4f350242674d2efd621c19,c88ab7b37c4f350242674d2efd621c19,456897975,,,,1,,,,,,,,,,,,,,,,,,,,,,,,,,,,,,,,,,,,,,,,,,,,,,,,,,,,,,,,,,,,,,,,,,,,,,,,,,,,,,,,,,,,,,,,,,,,,,,,,,,,,,,,,,,,,,,,,,,,,,,,,,,,,,,,,,,,,,,,,,,,,,,,,,,,,,,,,,,,,,,,,,,,,,,,,,,,,,,,,,,,,,,,,,,,,,0,0,,,,,,,,,,,,,,,,,,,,,,,,,,,,,,,,,,,,,,,,,,,,,,,,,,{fileID: 0},0,,,,,,,,,,,,,,,,,,,0,,,1,,,,,,,,{fileID: 0},0,,,,,,,,,,,,,,,,,,,,ChromaticAberration,,0,,,,,{fileID: 0},0,{fileID: 0},0,,,,,,,,,,,,,,,,,,,,,,,,"{fileID: 456897975, guid: c88ab7b37c4f350242674d2efd621c19, type: 3}",456897975,c88ab7b37c4f350242674d2efd621c19,,,,,,,,,,,,,,,,,,,,,,,,,,,,,,,,,,,,,,,,,,,,,,,,,,,,,,,,,,,,,,,,,,,,,,,,,,,,,,,,,,,,,,,,,,,,,,,,,,,,,,,,,,,,,,,,,,,,,,,,,,,,,,,,,,,,,,,,,,,,,,,,,,,,,,,,,,,,,,,,,,,,,,,,,,,,,,,,,,,,,,,,,,,,,,,,,,,,,,,,,,,,,,,,,,,,,,,,,,,,,,,,,,,,,,,,,,,,,,,,,,,,,,,,,,,,,,,,,,,,,,,,,,,,,,,,,,,,,,,,,,,,,,,,,,,,,,,,,,,,,,,,,,,,,,,,,,,,,,,,,,,,,,,,,,,,,,,,,,,,,,,,,,,,,,,,,,,,,,,,,,,,,,,,,,,,,
LiftGammaGain_3,Assets/MonoBehaviour/LiftGammaGain_3.asset,c88ab7b37c4f350242674d2efd621c19,c88ab7b37c4f350242674d2efd621c19,282247082,,,,0,,,,,,,,,,,,,,,,,,,,,,,,,,,,,,,,,,,,,,,,,,,,,,,,,,,,,,,,,,,,,,,,,,,,,,,,,,,,,,,,,,,,,,,,,,,,,,,,,,,,,,,,,,,,,1,"{x: 1, y: 0.8975893, z: 0.8246257, w: 0}",1,"{x: 1, y: 0.9662676, z: 0.92472875, w: 0}",,,,,,,,,,,,,,,,,,,,,,,,,,,,,,,,,,,,,,,,,,,,,,,,,,,,,,,,,,,,,,,,,,,,,,,,,,,,,,,,,,1,"{x: 0.9122383, y: 0.92490494, z: 1, w: 0}",,,,,,,,,,,,,,,,,,,,,,,,,,,,,,,,,,,,,,,,,,,,,,{fileID: 0},0,,,,,,,,,,,,,,,,,,,0,,,1,,,,,,,,{fileID: 0},0,,,,,,,,,,,,,,,,,,,,LiftGammaGain,,0,,,,,{fileID: 0},0,{fileID: 0},0,,,,,,,,,,,,,,,,,,,,,,,,"{fileID: 282247082, guid: c88ab7b37c4f350242674d2efd621c19, type: 3}",282247082,c88ab7b37c4f350242674d2efd621c19,,,,,,,,,,,,,,,,,,,,,,,,,,,,,,,,,,,,,,,,,,,,,,,,,,,,,,,,,,,,,,,,,,,,,,,,,,,,,,,,,,,,,,,,,,,,,,,,,,,,,,,,,,,,,,,,,,,,,,,,,,,,,,,,,,,,,,,,,,,,,,,,,,,,,,,,,,,,,,,,,,,,,,,,,,,,,,,,,,,,,,,,,,,,,,,,,,,,,,,,,,,,,,,,,,,,,,,,,,,,,,,,,,,,,,,,,,,,,,,,,,,,,,,,,,,,,,,,,,,,,,,,,,,,,,,,,,,,,,,,,,,,,,,,,,,,,,,,,,,,,,,,,,,,,,,,,,,,,,,,,,,,,,,,,,,,,,,,,,,,,,,,,,,,,,,,,,,,,,,,,,,,,,,,,,,,,
DepthOfField_15,Assets/MonoBehaviour/DepthOfField_15.asset,c88ab7b37c4f350242674d2efd621c19,c88ab7b37c4f350242674d2efd621c19,-2085558323,,,,0,1,1.24,,,,,1,5,1,1,1,0,,,,,,,,,,,,,,,,,,,,,,,,,,,,,,,,,,,,,,,,,,,,,,,,,,,,,,,,,,,,,,,,,,,,,,,,,,,,,,,,,,,,,,,,,,,,1,274.6,0,43,,,,,,1,74.6,1,1,1,44.12,,,,,,,,,,,,,,,,,,,,,1,0,,,,,,,,,,,,,,,,,,,,,,,,,,,,,,,,,,,,,,,,,,,,,,,,,,,,,,,,,,,,,,,,,,,,,,,,,,,,,,,,,,,,,,,,,,,,,,,,,,,,,{fileID: 0},0,,,,,,,,,,,,,,,,,,,0,,,1,,,,,,,,{fileID: 0},0,,,,,,,,,,,,,,,,,,,,DepthOfField,,0,,,,,{fileID: 0},0,{fileID: 0},0,,,,,,,,,,,,,,,,,,,,,,,,"{fileID: -2085558323, guid: c88ab7b37c4f350242674d2efd621c19, type: 3}",-2085558323,c88ab7b37c4f350242674d2efd621c19,,,,,,,,,,,,,,,,,,,,,,,,,,,,,,,,,,,,,,,,,,,,,,,,,,,,,,,,,,,,,,,,,,,,,,,,,,,,,,,,,,,,,,,,,,,,,,,,,,,,,,,,,,,,,,,,,,0,2,,,,,,,,,,,,,,,,,,,,,,,,,,,,,,,,,,,,,,,,,,,,,,,,,,,,,,,,,,,,,,,,,,,,,,,,,,,,,,,,,,,,,,,,,,,,,,,,,,,,,,,,,,,,,,,,,,,,,,,,,,,,,,,,,,,,,,,,,,,,,,,,,,,,,,,,,,,,,,,,,,,,,,,,,,,,,,,,,,,,,,,,,,,,,,,,,,,,,,,,,,,,,,,,,,,,,,,,,,,,,,,,,,,,,,,,,,,,,,,,,,,,,,,,,,,,,,,,,,
Tonemapping_4,Assets/MonoBehaviour/Tonemapping_4.asset,c88ab7b37c4f350242674d2efd621c19,c88ab7b37c4f350242674d2efd621c19,640956576,,0,3,1,,,,,,,,,,,,,,,,,,,,,,,,,,,,,,,,,,,,,,,,,,,,,,,,,,,,,,,,,,,,,,,,,,,,,,,,,,,,,,,,,,,,,,0,1,0,0,,,,,,,,,,,,,,,,,,,,,,,,,,,,,,,,,,,,,,,,,,,,,,,,,,,,,,,,,,,,0,0,,,,,,,,,,,,,,,,,,,,,,,,,,,,,,,,,,,,,,,,,,,,,,,,,,,,,,,,,,,,,,,,,,,,,,,,,,,,,,,,,,,,,,,,,,,{fileID: 0},0,,,,,,,,,,,,,,,,,,,0,,,1,,,,,,,,{fileID: 0},0,,,,,,,,,,,,,,,,,,,,Tonemapping,,0,,,,,{fileID: 0},0,{fileID: 0},0,,,,,,,,,,,,,,,,,,,,,,,,"{fileID: 640956576, guid: c88ab7b37c4f350242674d2efd621c19, type: 3}",640956576,c88ab7b37c4f350242674d2efd621c19,,,,,,,,,,,,,,,,,,,,,,,,,,,,,,,,,,,,,,,,,,,,,,,,,,,,,,,,,,,,,,,,,,,,,,,,,,,,,,,,,,,,,,,,,,,,,,,,,,,,,,,,,,,,0,1000,,,0,0.005,1,2,0,2,,,,0,300,,,,,,,,,,,,,,,,,,,,,,,,,,,,,,,,,,,,,,,,,,,,,,,,,,,,,,,,,,,,,,,,,,,,,,,,,,,,,,,,,,,,,,,,,,,,,,,,,,,,,,,,,,,,,,,,,,,,,,,,,,,,,,,,,,,,,,,,,,,,,,,,,,,,,,,,,,,,,,,,,,,,,,,,,,,,,,,,,,,,,,,,,,,,,,,,,,,,,,,,,,,,,,,,,,,,,,,,,,,,,,,,,,,,,,,,,,,,,,,,,,,,,,,,,,,
Bloom,Assets/MonoBehaviour/Bloom.asset,c88ab7b37c4f350242674d2efd621c19,c88ab7b37c4f350242674d2efd621c19,464656391,,,,1,,,,,,,,,,,,,,,,,,,,,,,,,,,,,,,,,,,,,,,,,,,,,,,,,,,0,65472,,,,,,,,,,,,,,,,,,,,,,,,,,,,,,,,,,,,,,0,0,1,0,{fileID: 0},0,,,,,0,0,,,,,,,,,,,,,,,,,,,,,,,,,,,,,,,,,,,,0,0,,,,,,,,,,,,,,,,,,,,,,,,,,,,,,,,,,,,,,,,,,,,,,,,,,,,1,1,,,,,,,,,,,,,,,,,,,,,,,,,,,,,,,,,,,,,,,,,,,,,,,,,,{fileID: 0},0,,,,,,,,,,,,,,,,,,,0,,,1,,,,,,,,{fileID: 0},0,,,,,,,,,,,,,,,,,,,,Bloom,,0,,,,,{fileID: 0},0,{fileID: 0},0,,,,,,,,,,,,,,,,,,,,,,,,"{fileID: 464656391, guid: c88ab7b37c4f350242674d2efd621c19, type: 3}",464656391,c88ab7b37c4f350242674d2efd621c19,,,,,,,,,,,,,,,,,,,,,,,,,,,,,,,,,,,,,,,,,,,,,,,,,,,,,,,,,,,,,,,,,,,,,,,,,,,,,,,,,,,,,,,,,,,,,,,,,,,,,,,,,,0,6,,,,,,,,,,,,,,,,,,,,,,,,,,,,,,,,,,,,,,,,,,,,,,,,,,,,,,,,,,,,,,,,,,,,,1,0.7,,,,,,,,,,,,,,,,,,,,,,,,,,,,,,,,,,,,,,,,,,,,,,,,,,,,,,,,,,,,,,,,,,,,,,,,,,,,,,,,,,,,,,,,,,,,,,,,,,,,,,,,,,,,,,,,,,,,,,,,,,,,,,,,,,,,,,,,,,,,,,,,,,,,,,,,,,,,,,,,,,0,1,,,,,,,,,,,,,,,,,,,,1,1,0,"{r: 1, g: 1, b: 1, a: 1}",,,,,,,,,,
SodaLight_0,Assets/MonoBehaviour/SodaLight_0.asset,c88ab7b37c4f350242674d2efd621c19,c88ab7b37c4f350242674d2efd621c19,-36843972,,,,,,,,,,,,,,,,,,,,,,,,,,,,,,,,,,,,,,,,,,,,,,,,,,,,,,,,,,,,,,,,,,,,,,,,,,,,,,,,,,,,,,,,,,,,,,,,,,,,,,,,,,,,,,,,,,,,,,,,,,,,,,,,,,,,,,,,,,,,,,,,,,,,,,,,,,,,,,,,,,,,,,,,,,,,,,,,,,,,,,,,,,,,,,,,,,,,,,,,,,,,,,,,,,,,,1,,,,,,,,,,,,,,,,,,,,,,,,,,,,,,,,{fileID: 0},0,,,,,,,,,,,,,,,,,,,0,,,1,,,,,,,,{fileID: 0},0,,,,,,,,,,,,,,,,,,,,SodaLight,,0,,,,,{fileID: 0},0,{fileID: 0},0,,,,,,,,,,,,,,,,,,,,,,,,"{fileID: -36843972, guid: c88ab7b37c4f350242674d2efd621c19, type: 3}",-36843972,c88ab7b37c4f350242674d2efd621c19,,,,,,,,,,,,,,,,,,,,,,,,,,,,,,,,,,,,,,,,,,,,,,,,,,,,,,,,,,,,,,,,,,,,,,,,,,,,,,,,,,,,,,,,,,,,,,,,,,,,,,,,,,,,,,,,,,,,,,,,,,,,,,,,,,,,,,,,,,,,,,,,,,,,,,,,,,,,,,,,,,,,,,,,,,,,,,,,,,230,60,"{x: 0, y: 0, z: 0, w: 0}",0,1,4,1,32768,2,[],1,0,"{fileID: 2100000, guid: 286cc9238b0b7824a9961433a46aeae3, type: 2}",0,2100000,286cc9238b0b7824a9961433a46aeae3,Assets/Material/SodaPointLight.mat,1,{fileID: 0},0,0,,,SodaLight,0,0,0,8,0,0,,,,,,,,,,,,,,,,,,,,,,,,,,,,,,,,,,,,,,,,,,,,,,,,,,,,,,,,,,,,,,,,,,,,,,,,,,,,,,,,,,,,,,,,,,,,,,,,,,,,,,,,,,,,,,,,,,,,,,,,,,,,,,,,,,,,,,,,,,,,,,,,,,,,,,,,,,,,,,,,,,,,,,
ColorLookup_4,Assets/MonoBehaviour/ColorLookup_4.asset,c88ab7b37c4f350242674d2efd621c19,c88ab7b37c4f350242674d2efd621c19,257616187,,,,1,,,,,,,,,,,,,,,,,,,,,,,,,,,,,,,,,,,,,,,,,,,,,,,,,,,,,,,,,,,,,,,,,,,,,,,,,,1,1,,,,,,,,,,,,,,,,,,,,,,,,,,,,,,,,,,,,,,,,,,,,,,,,,,,,,,,,,,,,,,,,,,,,,,,,,,,,,,,,,,,,,,,,,,,,,,,,,,,,,,,,,,,,,,,,,,,,,,,,,,,,,,,,,,,,,,,,,,,,,,,,,,,,,,,,,,,,,,,,,,,,,,{fileID: 0},0,,,,,,,,,,,,,,,,,,,0,,,1,,,,,,,,{fileID: 0},0,,,,,,,,,,,,,,,,,,,,ColorLookup,,0,,,,,{fileID: 0},0,{fileID: 0},0,,,,,,,,,,,,,,,,,,,,,,,,"{fileID: 257616187, guid: c88ab7b37c4f350242674d2efd621c19, type: 3}",257616187,c88ab7b37c4f350242674d2efd621c19,,,,,,,,,,,,,,,,,,,,,,,,,,,,,,,,,,,,,,,,,,,,,,,,,,,,,,,,,,,,,,,,,,,,,,,,,,,,,,,,,,,,,,,,,,,,,,,,,,,,,,,,,,,,,,,,,,,,,,,,,,,,,,,,,,,,,,,,,,,,,,,,,,,,,,,,,,,,,,,,,,,,,,,,,,,,,,,,,,,,,,,,,,,,,,,,,,,,,,,,,,,,,,,,,,,,,,,,,,,,,,,,,,,,,,,,,,,,,,,,,,,,,,,,,,,,,,,,,,,,,,,,,,,,,,,,,,,,,,,,,,,,,,,,,,,,,,,,,,,,,,,,,,,,,,,,,,,,,,,,,,,,,,,,,,,,,,,,,,,,,,,,,1,1,"{fileID: 2800000, guid: 49202868c7c8dff439b586ccae3609e0, type: 3}",2800000,49202868c7c8dff439b586ccae3609e0,Assets/Texture2D/NeutralLUT_Thermal5.png,,,,,,,,,,,,,,,,,,,,,,,
MotionBlur_12,Assets/MonoBehaviour/MotionBlur_12.asset,c88ab7b37c4f350242674d2efd621c19,c88ab7b37c4f350242674d2efd621c19,224828655,,,,1,,,,,,,,,,,,,,,,,,,,,,,,,,,,,,,,,,,,,,,,,,,,,,,,,,,1,0,,,,,,,,,,,,,,,,,,,,,,,,,,,,,,,,,,,,,,,,,,,,,,,,,,,,,,,,,,,,,,,,,,,,,,,,,,,,,,,,,,,,,,,,,,,,,,,,,,,,,,,,,,,,,,,,,,,,,,,,,,,,,,,,,,,,,,,,,,1,1,,,,,,,,,,,,,,,,,,,,,,,,,,,,,,,,,,,,,,,,,,,,,,,,,,{fileID: 0},0,,,,,,,,,,,,,,,,,,,0,,,1,,,,,,,,{fileID: 0},0,,,,,,,,,,,,,,,,,,,,MotionBlur,,0,,,,,{fileID: 0},0,{fileID: 0},0,,,,,,,,,,,,,,,,,,,,,,,,"{fileID: 224828655, guid: c88ab7b37c4f350242674d2efd621c19, type: 3}",224828655,c88ab7b37c4f350242674d2efd621c19,,,,,,,,,,,,,,,,,,,,,,,,,,,,,,,,,,,,,,,,,,,,,,,,,,,,,,,,,,,,,,,,,,,,,,,,,,,,,,,,,,,,,,,,,,,,,,,,,,,,,,,,,,,,,,,,,,1,0,,,,,,,,,,,,,,,,,,,,,1,2,,,,,,,,,,,,,,,,,,,,,,,,,,,,,,,,,,,,,,,,,,,,,,,,,,,,,,,,,,,,,,,,,,,,,,,,,,,,,,,,,,,,,,,,,,,,,,,,,,,,,,,,,,,,,,,,,,,,,,,,,,,,,,,,,,,,,,,,,,,,,,,,,,,,,,,,,,,,,,,,,,,,,,,,,,,,,,,,,,,,,,,,,,,,,,,,,,,,,,,,,,,,,,,,,,,,,,,,,,,,,,,,,,,,,,,,,,,,
ColorAdjustments_16,Assets/MonoBehaviour/ColorAdjustments_16.asset,c88ab7b37c4f350242674d2efd621c19,c88ab7b37c4f350242674d2efd621c19,-1728269046,,,,1,,,,,,,,,,,,,,,,,,,,,,,,,,,,,,,,,,,,,,,,,,,,,,,,,,,,,,,1,"{r: 1, g: 1, b: 1, a: 1}",,,,,,,,,,,,,,,,1,5,,,,,,,,,,,,,,,,,,,,,,,,,,,,,,,,,,,,,,,,,,,,,,,,,,,,,,,,,,,,,,,,,,,,,,,,,,1,0,,,,,,,,,,,,,,,,,,,,,,,,,,,,,,,,,,,,,,,,,,,,,,,,,,,,,,,,,,,,,,,,,,,,,,,,,,,,,,,,,,,,,,,,,,,,,{fileID: 0},0,,,,,,,,,,,,,,,,,,,0,,,1,,,,,,,,{fileID: 0},0,,,,,,,,,,,,,,,,,,,,ColorAdjustments,,0,,,,,{fileID: 0},0,{fileID: 0},0,,,,,,,,,,,,,,,,,,,,,,,,"{fileID: -1728269046, guid: c88ab7b37c4f350242674d2efd621c19, type: 3}",-1728269046,c88ab7b37c4f350242674d2efd621c19,,,,,,,,,,,,,,,,,,,,,,,,,,,,,,,,,,,,,,,,,,,,,,,,,,,,,,,,,,,,,,,,,,,,,,,,,,,,,,,,,,,,,,,,,,,,,,,,,,,,,,,,,,,,,,,,,,,,,,,,,,,,,,,,1,0.3,,,,,,,,,,,,,,,,,,,,,,,,,,,,,,,,,,,,,,,,,,,1,-5,,,,,,,,,,,,,,,,,,,,,,,,,,,,,,,,,,,,,,,,,,,,,,,,,,,,,,,,,,,,,,,,,,,,,,,,,,,,,,,,,,,,,,,,,,,,,,,,,,,,,,,,,,,,,,,,,,,,,,,,,,,,,,,,,,,,,,,,,,,,,,,,,,,,,,,,,,,,,,,,,,,,,,,,,,,,,,,,,,,,,,,,,,,,,,,,,,,,,,,,
New Umbra Profile_17,Assets/MonoBehaviour/New Umbra Profile_17.asset,c88ab7b37c4f350242674d2efd621c19,c88ab7b37c4f350242674d2efd621c19,-2068570431,,,,,,,,,0,,,,,,,,0,,,,,,,,,,,,,,,,,,,50,50,0,5,0,0,1,10,,,0.1,1,0.1,1,0.1,1,1,,,,,,,,,0,0.75,0,0.85,0.3,0.1,16,0,0.01,0.01,0,0.5,0.15,0.418,0.0001,,,,,,,,,,,,,,,,,,,,,,,,,,,1,0,,,1,,,,,,0,,,,,,,,,,,,,,,,,,,,,,,,,,,,,,,,,,,,,,,,,,,,,,,,,,,,,,,,,,,,,,,,,,,,,,,,,,,,,,,,,,,,,,,,6,0,,,,,,,,,,,,,,,,,,,,,,,,,,,,,,,,,,,,,,,,,,,,{fileID: 0},0,,,,,,,,,,,,,,,,,,,0,,,1,,,,,,,,{fileID: 0},0,,,,,,,,,,,,,,,,,,,,New Umbra Profile,,0,,,,,{fileID: 0},0,{fileID: 0},0,,,,,,,,,,,,,,,,,,,,,,,,"{fileID: -2068570431, guid: c88ab7b37c4f350242674d2efd621c19, type: 3}",-2068570431,c88ab7b37c4f350242674d2efd621c19,,,,,,,,,,,,,,,,,,,,,,,,,,,,,,,,,,,,,,,,,,,,,,,,,,,,,,,,,,,,,,,,,,,,,,,,,,,,,,,,,,,,,1,{fileID: 0},0,,,,,,,,,,,,,,,,,,,,,,,,,,,,,,,0,8,8,,,,,,,,,,,,,,1,1,,,,,,,,,,,,,,,,,,,,,,,,,,16,,,,,,,,,,,,,,,,,,,,,,,,,,,,,,,,,,,,,,,,,,,,,,,,,,,,,,,,,,,,,,,,,,,,,,,,,,,,,,,,,,,,,,,,,,,,,,,,,,,,,,,,,,,,,,,,,,,,,,,,,,,,,,,,,,,,,,,,,,,,,,,,,,,,,,,,,,,,,,,,,,,,,,,,,1,,,,,,,0.1,5,,,,,0,,,,,,,,,,,,,,,,,,,,,,,,,,,,,,
Bloom_7,Assets/MonoBehaviour/Bloom_7.asset,c88ab7b37c4f350242674d2efd621c19,c88ab7b37c4f350242674d2efd621c19,464656391,,,,0,,,,,,,,,,,,,,,,,,,,,,,,,,,,,,,,,,,,,,,,,,,,,,,,,,,0,65472,,,,,,,,,,,,,,,,,,,,,,,,,,,,,,,,,,,,,,0,0,1,0,{fileID: 0},0,,,,,0,0,,,,,,,,,,,,,,,,,,,,,,,,,,,,,,,,,,,,0,0,,,,,,,,,,,,,,,,,,,,,,,,,,,,,,,,,,,,,,,,,,,,,,,,,,,,1,2,,,,,,,,,,,,,,,,,,,,,,,,,,,,,,,,,,,,,,,,,,,,,,,,,,{fileID: 0},0,,,,,,,,,,,,,,,,,,,0,,,1,,,,,,,,{fileID: 0},0,,,,,,,,,,,,,,,,,,,,Bloom,,0,,,,,{fileID: 0},0,{fileID: 0},0,,,,,,,,,,,,,,,,,,,,,,,,"{fileID: 464656391, guid: c88ab7b37c4f350242674d2efd621c19, type: 3}",464656391,c88ab7b37c4f350242674d2efd621c19,,,,,,,,,,,,,,,,,,,,,,,,,,,,,,,,,,,,,,,,,,,,,,,,,,,,,,,,,,,,,,,,,,,,,,,,,,,,,,,,,,,,,,,,,,,,,,,,,,,,,,,,,,0,6,,,,,,,,,,,,,,,,,,,,,,,,,,,,,,,,,,,,,,,,,,,,,,,,,,,,,,,,,,,,,,,,,,,,,1,0.5,,,,,,,,,,,,,,,,,,,,,,,,,,,,,,,,,,,,,,,,,,,,,,,,,,,,,,,,,,,,,,,,,,,,,,,,,,,,,,,,,,,,,,,,,,,,,,,,,,,,,,,,,,,,,,,,,,,,,,,,,,,,,,,,,,,,,,,,,,,,,,,,,,,,,,,,,,,,,,,,,,0,1,,,,,,,,,,,,,,,,,,,,1,0.5,0,"{r: 1, g: 1, b: 1, a: 1}",,,,,,,,,,
ChromaticAberration_4,Assets/MonoBehaviour/ChromaticAberration_4.asset,c88ab7b37c4f350242674d2efd621c19,c88ab7b37c4f350242674d2efd621c19,456897975,,,,0,,,,,,,,,,,,,,,,,,,,,,,,,,,,,,,,,,,,,,,,,,,,,,,,,,,,,,,,,,,,,,,,,,,,,,,,,,,,,,,,,,,,,,,,,,,,,,,,,,,,,,,,,,,,,,,,,,,,,,,,,,,,,,,,,,,,,,,,,,,,,,,,,,,,,,,,,,,,,,,,,,,,,,,,,,,,,,,,,,,,,,,,,,,,,,1,0.1,,,,,,,,,,,,,,,,,,,,,,,,,,,,,,,,,,,,,,,,,,,,,,,,,,{fileID: 0},0,,,,,,,,,,,,,,,,,,,0,,,1,,,,,,,,{fileID: 0},0,,,,,,,,,,,,,,,,,,,,ChromaticAberration,,0,,,,,{fileID: 0},0,{fileID: 0},0,,,,,,,,,,,,,,,,,,,,,,,,"{fileID: 456897975, guid: c88ab7b37c4f350242674d2efd621c19, type: 3}",456897975,c88ab7b37c4f350242674d2efd621c19,,,,,,,,,,,,,,,,,,,,,,,,,,,,,,,,,,,,,,,,,,,,,,,,,,,,,,,,,,,,,,,,,,,,,,,,,,,,,,,,,,,,,,,,,,,,,,,,,,,,,,,,,,,,,,,,,,,,,,,,,,,,,,,,,,,,,,,,,,,,,,,,,,,,,,,,,,,,,,,,,,,,,,,,,,,,,,,,,,,,,,,,,,,,,,,,,,,,,,,,,,,,,,,,,,,,,,,,,,,,,,,,,,,,,,,,,,,,,,,,,,,,,,,,,,,,,,,,,,,,,,,,,,,,,,,,,,,,,,,,,,,,,,,,,,,,,,,,,,,,,,,,,,,,,,,,,,,,,,,,,,,,,,,,,,,,,,,,,,,,,,,,,,,,,,,,,,,,,,,,,,,,,,,,,,,,,
LensDistortion_2,Assets/MonoBehaviour/LensDistortion_2.asset,c88ab7b37c4f350242674d2efd621c19,c88ab7b37c4f350242674d2efd621c19,-1562019045,,,,0,,,,,,,,,,,,,,,,,,,,,,,,,,,,,,,,,,,,,,,,,,,,,,,,,1,"{x: 0.5, y: 0.5}",,,,,,,,,,,,,,,,,,,,,,,,,,,,,,,,,,,,,,,,,,,,,,,,,,,,,,,,,,,,,,,,,,,,,,,,,,,,,,,,,,,,,,,,,,,,,,,,,,,,,,,,,,,,,,,,,,,,,,,,,,,,,,,,,,,,,,,,,,,,1,0.22,,,,,,,,,,,,,,,,,,,,,,,,,,,,,,,,,,,,,,,,,,,,,,,,,,{fileID: 0},0,,,,,,,,,,,,,,,,,,,0,,,1,,,,,,,,{fileID: 0},0,,,,,,,,,,,,,,,,,,,,LensDistortion,,0,,,,,{fileID: 0},0,{fileID: 0},0,,,,,,,,,,,,,,,,,,,,,,,,"{fileID: -1562019045, guid: c88ab7b37c4f350242674d2efd621c19, type: 3}",-1562019045,c88ab7b37c4f350242674d2efd621c19,,,,,,,,,,,,,,,,,,,,,,,,,,,,,,,,,,,,,,,,,,,,,,,,,,,,,,,,,,,,,,,,,,,,,,,,,,,,,,,,,,,,,,,,,,,,,,,,,,,,,,,,,,,,,,,,,,,,,,,,,,,,,,,,,,,,,,,,,,,,,,,,,,,,,,,,,,,,,,,,,,,,,,,,,,,,,,1,1,,,,,,,,,,,,,,,,,,,,,,,,,,,,,,,,,,,,,,,,,,,,,,,,,,,,,,,,,,,,,,,,,,,,,,,,,,,,,,,,,,,,,,,,,,,,,,,,,,,,,,,,,,,,,,,,,,,,,,,,,,,,,,,,,,,,,,,,,,,,,,,,,,,,,,,,,,,,,,,,,,,,,,,,,,,,,,,,,,,,,,,,,,,,,,,1,1,,,,,1,1
Vignette_3,Assets/MonoBehaviour/Vignette_3.asset,c88ab7b37c4f350242674d2efd621c19,c88ab7b37c4f350242674d2efd621c19,565963466,,,,1,,,,,,,,,,,,,,,,,,,,,,,,,,,,,,,,,,,,,,,,,,,,,,,,,1,"{x: 0.5, y: 0.5}",,,1,"{r: 0, g: 0, b: 0, a: 1}",,,,,,,,,,,,,,,,,,,,,,,,,,,,,,,,,,,,,,,,,,,,,,,,,,,,,,,,,,,,,,,,,,,,,,,,,,,,,,,,,,,,,,,,,,,,,,,,,,,,,,,,,,,,,,,,,,,,,,,,,,,,,,,,,,,,,,,,1,0.243,,,,,,,,,,,,,,,,,,,,,,,,,,,,,,,,,,,,,,,,,,,,,,,,,,{fileID: 0},0,,,,,,,,,,,,,,,,,,,0,,,1,,,,,,,,{fileID: 0},0,,,,,,,,,,,,,,,,,,,,Vignette,,0,,,,,{fileID: 0},0,{fileID: 0},0,,,,,,,,,,,,,,,,,,,,,,,,"{fileID: 565963466, guid: c88ab7b37c4f350242674d2efd621c19, type: 3}",565963466,c88ab7b37c4f350242674d2efd621c19,,,,,,,,,,,,,,,,,,,,,,,,,,,,,,,,,,,,,,,,,,,,,,,,,,,,,,,,,,,,,,,,,,,,,,,,,,,,,,,,,,,,,,,,,,,,,,,,,,,,,,,,,,,,,,,,,,,,,,,,,,,,,,,,,,,,,,,,,,,,,,,,,,,,,,,,,,,,,,,1,0,,,,,,,,,,,,,,,,,,,,,,,,,,,,,,,,,,,,,,,,,,,,,,,,,,,,,,,,,,,,,,,,,,,,,,,,,,,,,,,,,,,,,,,,,,,,,,,,,,,,,,,,,,,,,,,,,,,,,,,,,,,,,,,,,,,,,,,,,,,,,,,,,,,,,,,,,,,,,,,,,,,,,,,,,,,,,,,,,,,,,1,0.907,,,,,,,,,,,,,,,,,,,,,,,,,,,,,,,
Vignette_9,Assets/MonoBehaviour/Vignette_9.asset,c88ab7b37c4f350242674d2efd621c19,c88ab7b37c4f350242674d2efd621c19,565963466,,,,1,,,,,,,,,,,,,,,,,,,,,,,,,,,,,,,,,,,,,,,,,,,,,,,,,1,"{x: 0.5, y: 0.5}",,,1,"{r: 0, g: 0, b: 0, a: 1}",,,,,,,,,,,,,,,,,,,,,,,,,,,,,,,,,,,,,,,,,,,,,,,,,,,,,,,,,,,,,,,,,,,,,,,,,,,,,,,,,,,,,,,,,,,,,,,,,,,,,,,,,,,,,,,,,,,,,,,,,,,,,,,,,,,,,,,,1,0.23,,,,,,,,,,,,,,,,,,,,,,,,,,,,,,,,,,,,,,,,,,,,,,,,,,{fileID: 0},0,,,,,,,,,,,,,,,,,,,0,,,1,,,,,,,,{fileID: 0},0,,,,,,,,,,,,,,,,,,,,Vignette,,0,,,,,{fileID: 0},0,{fileID: 0},0,,,,,,,,,,,,,,,,,,,,,,,,"{fileID: 565963466, guid: c88ab7b37c4f350242674d2efd621c19, type: 3}",565963466,c88ab7b37c4f350242674d2efd621c19,,,,,,,,,,,,,,,,,,,,,,,,,,,,,,,,,,,,,,,,,,,,,,,,,,,,,,,,,,,,,,,,,,,,,,,,,,,,,,,,,,,,,,,,,,,,,,,,,,,,,,,,,,,,,,,,,,,,,,,,,,,,,,,,,,,,,,,,,,,,,,,,,,,,,,,,,,,,,,,1,0,,,,,,,,,,,,,,,,,,,,,,,,,,,,,,,,,,,,,,,,,,,,,,,,,,,,,,,,,,,,,,,,,,,,,,,,,,,,,,,,,,,,,,,,,,,,,,,,,,,,,,,,,,,,,,,,,,,,,,,,,,,,,,,,,,,,,,,,,,,,,,,,,,,,,,,,,,,,,,,,,,,,,,,,,,,,,,,,,,,,,1,0.621,,,,,,,,,,,,,,,,,,,,,,,,,,,,,,,
UmbraRenderFeature,Assets/MonoBehaviour/UmbraRenderFeature.asset,c88ab7b37c4f350242674d2efd621c19,c88ab7b37c4f350242674d2efd621c19,-1054025409,,,,,,,,,,,,,,,,,,,,,,,,,,,,,,,,,,,,,,,,,,,,32767,2,,,,,,,,,,,,,,,,,,,,,,,,,,,,,,,,,,,,,,,,,,,,,,,,,,,,,,,,,,,,,,,,,,,,,,,,,,,,,,,,,,,,,,,,,,,,,,,,,,,,,,,,,,,,,,,,,,,,,,,,,,,,,,,,,,,,,,,,,,,,,,,,,,,,,,,,,,,,,,,,,,,,,,,,1,,,,,,,,,,,,,,,,,,,,,,,,,,,,,,,,{fileID: 0},0,,,,,,,,,,,,,,,,,,,0,,,1,,,,,,,,{fileID: 0},0,,,,,,,,,,,,,,,,,,,,UmbraRenderFeature,,0,,,,,{fileID: 0},0,{fileID: 0},0,,,,,,,,,,,,,,,,,,,,,,,,"{fileID: -1054025409, guid: c88ab7b37c4f350242674d2efd621c19, type: 3}",-1054025409,c88ab7b37c4f350242674d2efd621c19,{},,,,,,,,,,,,,,,,,,,{fileID: 0},,0,,,,,,,,,,,,,,,,,,,,,,,,,,,,,,,,,,,,,,,,,,,,,,,,,,,,,,,,,,,,,,,,,,,,,,,,,,,,,,,,,,,,,,,,,,,,,,,,,,,,,,,,,,,,,,,,,,,,,,,,,,,,,,,,,,,,,,,,,,,,,,,,,,,,,,,,,,,,,,,,,,,,,,,,,,,,,,,,,,,,,,,,,,,,,,,,,,,,,,,,,,,,,,,,,,,,,,,,,,,,,,,,,,,,,,,,,,,,,,,,,,,,,,,,,,,,,,,,,,,,,,,,,,,,,,,,,,,,,,,,,,,,,,,,,,,,,,,,,,,,,,,,,,,,,,,,,,,,,,,,,,,,,,,,,,,,,,,,,,,,,,,,,,,,,,,
DepthOfField_32,Assets/MonoBehaviour/DepthOfField_32.asset,c88ab7b37c4f350242674d2efd621c19,c88ab7b37c4f350242674d2efd621c19,-2085558323,,,,1,1,11,,,,,0,5,0,1,0,0,,,,,,,,,,,,,,,,,,,,,,,,,,,,,,,,,,,,,,,,,,,,,,,,,,,,,,,,,,,,,,,,,,,,,,,,,,,,,,,,,,,,,,,,,,,,1,90,1,5.3563814,,,,,,0,30,0,1,0,10,,,,,,,,,,,,,,,,,,,,,0,0,,,,,,,,,,,,,,,,,,,,,,,,,,,,,,,,,,,,,,,,,,,,,,,,,,,,,,,,,,,,,,,,,,,,,,,,,,,,,,,,,,,,,,,,,,,,,,,,,,,,,{fileID: 0},0,,,,,,,,,,,,,,,,,,,0,,,1,,,,,,,,{fileID: 0},0,,,,,,,,,,,,,,,,,,,,DepthOfField,,0,,,,,{fileID: 0},0,{fileID: 0},0,,,,,,,,,,,,,,,,,,,,,,,,"{fileID: -2085558323, guid: c88ab7b37c4f350242674d2efd621c19, type: 3}",-2085558323,c88ab7b37c4f350242674d2efd621c19,,,,,,,,,,,,,,,,,,,,,,,,,,,,,,,,,,,,,,,,,,,,,,,,,,,,,,,,,,,,,,,,,,,,,,,,,,,,,,,,,,,,,,,,,,,,,,,,,,,,,,,,,,,,,,,,,,1,0,,,,,,,,,,,,,,,,,,,,,,,,,,,,,,,,,,,,,,,,,,,,,,,,,,,,,,,,,,,,,,,,,,,,,,,,,,,,,,,,,,,,,,,,,,,,,,,,,,,,,,,,,,,,,,,,,,,,,,,,,,,,,,,,,,,,,,,,,,,,,,,,,,,,,,,,,,,,,,,,,,,,,,,,,,,,,,,,,,,,,,,,,,,,,,,,,,,,,,,,,,,,,,,,,,,,,,,,,,,,,,,,,,,,,,,,,,,,,,,,,,,,,,,,,,,,,,,,,,
DepthOfField_27,Assets/MonoBehaviour/DepthOfField_27.asset,c88ab7b37c4f350242674d2efd621c19,c88ab7b37c4f350242674d2efd621c19,-2085558323,,,,1,1,18.7,,,,,0,5,0,1,0,0,,,,,,,,,,,,,,,,,,,,,,,,,,,,,,,,,,,,,,,,,,,,,,,,,,,,,,,,,,,,,,,,,,,,,,,,,,,,,,,,,,,,,,,,,,,,1,92,1,1.96,,,,,,1,74.6,1,1,1,44.12,,,,,,,,,,,,,,,,,,,,,1,0,,,,,,,,,,,,,,,,,,,,,,,,,,,,,,,,,,,,,,,,,,,,,,,,,,,,,,,,,,,,,,,,,,,,,,,,,,,,,,,,,,,,,,,,,,,,,,,,,,,,,{fileID: 0},0,,,,,,,,,,,,,,,,,,,0,,,1,,,,,,,,{fileID: 0},0,,,,,,,,,,,,,,,,,,,,DepthOfField,,0,,,,,{fileID: 0},0,{fileID: 0},0,,,,,,,,,,,,,,,,,,,,,,,,"{fileID: -2085558323, guid: c88ab7b37c4f350242674d2efd621c19, type: 3}",-2085558323,c88ab7b37c4f350242674d2efd621c19,,,,,,,,,,,,,,,,,,,,,,,,,,,,,,,,,,,,,,,,,,,,,,,,,,,,,,,,,,,,,,,,,,,,,,,,,,,,,,,,,,,,,,,,,,,,,,,,,,,,,,,,,,,,,,,,,,1,2,,,,,,,,,,,,,,,,,,,,,,,,,,,,,,,,,,,,,,,,,,,,,,,,,,,,,,,,,,,,,,,,,,,,,,,,,,,,,,,,,,,,,,,,,,,,,,,,,,,,,,,,,,,,,,,,,,,,,,,,,,,,,,,,,,,,,,,,,,,,,,,,,,,,,,,,,,,,,,,,,,,,,,,,,,,,,,,,,,,,,,,,,,,,,,,,,,,,,,,,,,,,,,,,,,,,,,,,,,,,,,,,,,,,,,,,,,,,,,,,,,,,,,,,,,,,,,,,,,
ColorCurves_0,Assets/MonoBehaviour/ColorCurves_0.asset,c88ab7b37c4f350242674d2efd621c19,c88ab7b37c4f350242674d2efd621c19,1948069495,,,,0,,,,,,,,,,,,,,0,2,3,1,0,2,2,4,1,0,2,0,1,1,0,0,1,0,,,,,,,,,,,,,,,,,,,,,,,,,,,,,,,,,,,,,,,,,,,,,,,,,,,,,,,,,,,,,,,,,,,,,,,,,,,,,,,,,,,,,,,,0,2,3,1,0,2,2,4,1,0,2,0,1,1,0,0,1,0,,,,,,,,,,,,,,,1,6,3,0,0,,2,2,4,0,0,2,0,0.7757909,0.49575073,0,1,1,0.5,1,6,3,0,0,,2,2,4,0,0,2,0,1,0.44192636,0,1,1,0.5,,,,,,,,,,0,0,[],2,2,4,2,0,1,0.5,,,,,,,,,,,,,,,,,,,,,,,,,,,,,,,,,,{fileID: 0},0,,,,,,,,,,,,,,,,,,,0,,,1,,,,,,,,{fileID: 0},0,,,,,,,,,,,,,,,,,,,,ColorCurves,,0,,,,,{fileID: 0},0,{fileID: 0},0,,,,,,,,,,,,,,,,,,,,,,,,"{fileID: 1948069495, guid: c88ab7b37c4f350242674d2efd621c19, type: 3}",1948069495,c88ab7b37c4f350242674d2efd621c19,,,,,,,,,,,,,,,,,,,,,,,,,,,,,,,,,,,,,,,,,,,,,,,,,,,,,,,,,,,,,,,,,,,,,,,,,,,,,,,,,,,,,,,,0,2,3,1,0,2,2,4,1,0,2,0,1,1,0,0,1,0,,,,,,,,,,,,,,,,,,,,,,,,,,,,,,,,,0,2,3,1,0,2,2,4,1,0,2,0,1,1,0,0,1,0,,,,,,,0,0,[],2,2,4,2,0,1,0.5,,,,,,,,,,,,,,,,,,,,,,,,,,,,,,,,,,,,,,,,,,,,,,,,,,,,,,,,,,,,,,,,,,,,,,,,,,,,,,,,,,,,,,,,,,,,,,,,,,,,,,,,,,,,,,,,,,,,,,,,,,,,,,,,,,,,,,,,,,,,,,,,,,,,,,,,,,,,,,,,,,,,,,,,,,,,,,,,,,,,,,,,,,,,,,,,,,,,,,,,,,
LiftGammaGain_10,Assets/MonoBehaviour/LiftGammaGain_10.asset,c88ab7b37c4f350242674d2efd621c19,c88ab7b37c4f350242674d2efd621c19,282247082,,,,1,,,,,,,,,,,,,,,,,,,,,,,,,,,,,,,,,,,,,,,,,,,,,,,,,,,,,,,,,,,,,,,,,,,,,,,,,,,,,,,,,,,,,,,,,,,,,,,,,,,,,,,,,,,,,1,"{x: 1, y: 0.9884018, z: 0.9455655, w: 0}",1,"{x: 1, y: 0.9697585, z: 0.95002216, w: 0}",,,,,,,,,,,,,,,,,,,,,,,,,,,,,,,,,,,,,,,,,,,,,,,,,,,,,,,,,,,,,,,,,,,,,,,,,,,,,,,,,,1,"{x: 0.9314483, y: 0.94649035, z: 1, w: 0}",,,,,,,,,,,,,,,,,,,,,,,,,,,,,,,,,,,,,,,,,,,,,,{fileID: 0},0,,,,,,,,,,,,,,,,,,,0,,,1,,,,,,,,{fileID: 0},0,,,,,,,,,,,,,,,,,,,,LiftGammaGain,,0,,,,,{fileID: 0},0,{fileID: 0},0,,,,,,,,,,,,,,,,,,,,,,,,"{fileID: 282247082, guid: c88ab7b37c4f350242674d2efd621c19, type: 3}",282247082,c88ab7b37c4f350242674d2efd621c19,,,,,,,,,,,,,,,,,,,,,,,,,,,,,,,,,,,,,,,,,,,,,,,,,,,,,,,,,,,,,,,,,,,,,,,,,,,,,,,,,,,,,,,,,,,,,,,,,,,,,,,,,,,,,,,,,,,,,,,,,,,,,,,,,,,,,,,,,,,,,,,,,,,,,,,,,,,,,,,,,,,,,,,,,,,,,,,,,,,,,,,,,,,,,,,,,,,,,,,,,,,,,,,,,,,,,,,,,,,,,,,,,,,,,,,,,,,,,,,,,,,,,,,,,,,,,,,,,,,,,,,,,,,,,,,,,,,,,,,,,,,,,,,,,,,,,,,,,,,,,,,,,,,,,,,,,,,,,,,,,,,,,,,,,,,,,,,,,,,,,,,,,,,,,,,,,,,,,,,,,,,,,,,,,,,,,
ChromaticAberration_14,Assets/MonoBehaviour/ChromaticAberration_14.asset,c88ab7b37c4f350242674d2efd621c19,c88ab7b37c4f350242674d2efd621c19,456897975,,,,1,,,,,,,,,,,,,,,,,,,,,,,,,,,,,,,,,,,,,,,,,,,,,,,,,,,,,,,,,,,,,,,,,,,,,,,,,,,,,,,,,,,,,,,,,,,,,,,,,,,,,,,,,,,,,,,,,,,,,,,,,,,,,,,,,,,,,,,,,,,,,,,,,,,,,,,,,,,,,,,,,,,,,,,,,,,,,,,,,,,,,,,,,,,,,,1,0.1,,,,,,,,,,,,,,,,,,,,,,,,,,,,,,,,,,,,,,,,,,,,,,,,,,{fileID: 0},0,,,,,,,,,,,,,,,,,,,0,,,1,,,,,,,,{fileID: 0},0,,,,,,,,,,,,,,,,,,,,ChromaticAberration,,0,,,,,{fileID: 0},0,{fileID: 0},0,,,,,,,,,,,,,,,,,,,,,,,,"{fileID: 456897975, guid: c88ab7b37c4f350242674d2efd621c19, type: 3}",456897975,c88ab7b37c4f350242674d2efd621c19,,,,,,,,,,,,,,,,,,,,,,,,,,,,,,,,,,,,,,,,,,,,,,,,,,,,,,,,,,,,,,,,,,,,,,,,,,,,,,,,,,,,,,,,,,,,,,,,,,,,,,,,,,,,,,,,,,,,,,,,,,,,,,,,,,,,,,,,,,,,,,,,,,,,,,,,,,,,,,,,,,,,,,,,,,,,,,,,,,,,,,,,,,,,,,,,,,,,,,,,,,,,,,,,,,,,,,,,,,,,,,,,,,,,,,,,,,,,,,,,,,,,,,,,,,,,,,,,,,,,,,,,,,,,,,,,,,,,,,,,,,,,,,,,,,,,,,,,,,,,,,,,,,,,,,,,,,,,,,,,,,,,,,,,,,,,,,,,,,,,,,,,,,,,,,,,,,,,,,,,,,,,,,,,,,,,,
FilmGrain_2,Assets/MonoBehaviour/FilmGrain_2.asset,c88ab7b37c4f350242674d2efd621c19,c88ab7b37c4f350242674d2efd621c19,-534242816,,,,1,,,,,,,,,,,,,,,,,,,,,,,,,,,,,,,,,,,,,,,,,,,,,,,,,,,,,,,,,,,,,,,,,,,,,,,,,,,,,,,,,,,,,,,,,,,,,,,,,,,,,,,,,,,,,,,,,,,,,,,,,,,,,,,,,,,,,,,,,,,,,,,,,,,,,,,,,,,,,,,,,,,,,,,,,,,,,,,,,,,,,,,,,,,,,,0,0,,,,,,,,,,,,,,,,,,,,,,,,,,,,,,,,,,,,,,,,,,,,,,,,,,{fileID: 0},0,,,,,,,,,,,,,,,,,,,0,,,1,,,,,,,,{fileID: 0},0,,,,,,,,,,,,,,,,,,,,FilmGrain,,0,,,,,{fileID: 0},0,{fileID: 0},0,,,,,,,,,,,,,,,,,,,,,,,,"{fileID: -534242816, guid: c88ab7b37c4f350242674d2efd621c19, type: 3}",-534242816,c88ab7b37c4f350242674d2efd621c19,,,,,,,,,,,,,,,,,,,,,,,,,,,,,,,,,,,,,,,,,,,,,,,,,,,,,,,,,,,,,,,,,,,,,,,,,,,,,,,,,,,,,,,,,,,,,,,,,,,,,,,,,,,,,,,,,,,,,,,,,,,,,,,,,,,,,,,,,,,,,,,,,,,,,,,,,,,,,0,0.8,,,,,,,,,,,,,,,,,,,,,,,,,,,,,,,,,,,,,,,,,,,,,,,,,,,,,,,,,,,,,,,,,,,,,,,,,,,,,,,,,,,,,,,,,,,,,,,,,,,,,,,,,,,,,,,,,,,,,,,,,,,,,,,,,,,,,,,,,,,,,,,,,,,,,,,,,,,,,,,,,,,,,,,,,,,,,,,,,,,,,,,,,,,,0,{fileID: 0},0,,,,,,,,,,,,,,,,0,0,,,,,,,,
MotionBlur,Assets/MonoBehaviour/MotionBlur.asset,c88ab7b37c4f350242674d2efd621c19,c88ab7b37c4f350242674d2efd621c19,224828655,,,,0,,,,,,,,,,,,,,,,,,,,,,,,,,,,,,,,,,,,,,,,,,,,,,,,,,,1,0.05,,,,,,,,,,,,,,,,,,,,,,,,,,,,,,,,,,,,,,,,,,,,,,,,,,,,,,,,,,,,,,,,,,,,,,,,,,,,,,,,,,,,,,,,,,,,,,,,,,,,,,,,,,,,,,,,,,,,,,,,,,,,,,,,,,,,,,,,,,1,1,,,,,,,,,,,,,,,,,,,,,,,,,,,,,,,,,,,,,,,,,,,,,,,,,,{fileID: 0},0,,,,,,,,,,,,,,,,,,,0,,,1,,,,,,,,{fileID: 0},0,,,,,,,,,,,,,,,,,,,,MotionBlur,,0,,,,,{fileID: 0},0,{fileID: 0},0,,,,,,,,,,,,,,,,,,,,,,,,"{fileID: 224828655, guid: c88ab7b37c4f350242674d2efd621c19, type: 3}",224828655,c88ab7b37c4f350242674d2efd621c19,,,,,,,,,,,,,,,,,,,,,,,,,,,,,,,,,,,,,,,,,,,,,,,,,,,,,,,,,,,,,,,,,,,,,,,,,,,,,,,,,,,,,,,,,,,,,,,,,,,,,,,,,,,,,,,,,,1,1,,,,,,,,,,,,,,,,,,,,,1,2,,,,,,,,,,,,,,,,,,,,,,,,,,,,,,,,,,,,,,,,,,,,,,,,,,,,,,,,,,,,,,,,,,,,,,,,,,,,,,,,,,,,,,,,,,,,,,,,,,,,,,,,,,,,,,,,,,,,,,,,,,,,,,,,,,,,,,,,,,,,,,,,,,,,,,,,,,,,,,,,,,,,,,,,,,,,,,,,,,,,,,,,,,,,,,,,,,,,,,,,,,,,,,,,,,,,,,,,,,,,,,,,,,,,,,,,,,,,
Bloom_2,Assets/MonoBehaviour/Bloom_2.asset,c88ab7b37c4f350242674d2efd621c19,c88ab7b37c4f350242674d2efd621c19,464656391,,,,1,,,,,,,,,,,,,,,,,,,,,,,,,,,,,,,,,,,,,,,,,,,,,,,,,,,0,65472,,,,,,,,,,,,,,,,,,,,,,,,,,,,,,,,,,,,,,0,0,1,0,{fileID: 0},0,,,,,0,0,,,,,,,,,,,,,,,,,,,,,,,,,,,,,,,,,,,,0,0,,,,,,,,,,,,,,,,,,,,,,,,,,,,,,,,,,,,,,,,,,,,,,,,,,,,1,1,,,,,,,,,,,,,,,,,,,,,,,,,,,,,,,,,,,,,,,,,,,,,,,,,,{fileID: 0},0,,,,,,,,,,,,,,,,,,,0,,,1,,,,,,,,{fileID: 0},0,,,,,,,,,,,,,,,,,,,,Bloom,,0,,,,,{fileID: 0},0,{fileID: 0},0,,,,,,,,,,,,,,,,,,,,,,,,"{fileID: 464656391, guid: c88ab7b37c4f350242674d2efd621c19, type: 3}",464656391,c88ab7b37c4f350242674d2efd621c19,,,,,,,,,,,,,,,,,,,,,,,,,,,,,,,,,,,,,,,,,,,,,,,,,,,,,,,,,,,,,,,,,,,,,,,,,,,,,,,,,,,,,,,,,,,,,,,,,,,,,,,,,,0,6,,,,,,,,,,,,,,,,,,,,,,,,,,,,,,,,,,,,,,,,,,,,,,,,,,,,,,,,,,,,,,,,,,,,,1,0.7,,,,,,,,,,,,,,,,,,,,,,,,,,,,,,,,,,,,,,,,,,,,,,,,,,,,,,,,,,,,,,,,,,,,,,,,,,,,,,,,,,,,,,,,,,,,,,,,,,,,,,,,,,,,,,,,,,,,,,,,,,,,,,,,,,,,,,,,,,,,,,,,,,,,,,,,,,,,,,,,,,0,1,,,,,,,,,,,,,,,,,,,,1,1,0,"{r: 1, g: 1, b: 1, a: 1}",,,,,,,,,,
Bloom_3,Assets/MonoBehaviour/Bloom_3.asset,c88ab7b37c4f350242674d2efd621c19,c88ab7b37c4f350242674d2efd621c19,464656391,,,,1,,,,,,,,,,,,,,,,,,,,,,,,,,,,,,,,,,,,,,,,,,,,,,,,,,,0,65472,,,,,,,,,,,,,,,,,,,,,,,,,,,,,,,,,,,,,,0,0,1,0,{fileID: 0},0,,,,,0,0,,,,,,,,,,,,,,,,,,,,,,,,,,,,,,,,,,,,0,0,,,,,,,,,,,,,,,,,,,,,,,,,,,,,,,,,,,,,,,,,,,,,,,,,,,,1,1,,,,,,,,,,,,,,,,,,,,,,,,,,,,,,,,,,,,,,,,,,,,,,,,,,{fileID: 0},0,,,,,,,,,,,,,,,,,,,0,,,1,,,,,,,,{fileID: 0},0,,,,,,,,,,,,,,,,,,,,Bloom,,0,,,,,{fileID: 0},0,{fileID: 0},0,,,,,,,,,,,,,,,,,,,,,,,,"{fileID: 464656391, guid: c88ab7b37c4f350242674d2efd621c19, type: 3}",464656391,c88ab7b37c4f350242674d2efd621c19,,,,,,,,,,,,,,,,,,,,,,,,,,,,,,,,,,,,,,,,,,,,,,,,,,,,,,,,,,,,,,,,,,,,,,,,,,,,,,,,,,,,,,,,,,,,,,,,,,,,,,,,,,0,6,,,,,,,,,,,,,,,,,,,,,,,,,,,,,,,,,,,,,,,,,,,,,,,,,,,,,,,,,,,,,,,,,,,,,1,0.7,,,,,,,,,,,,,,,,,,,,,,,,,,,,,,,,,,,,,,,,,,,,,,,,,,,,,,,,,,,,,,,,,,,,,,,,,,,,,,,,,,,,,,,,,,,,,,,,,,,,,,,,,,,,,,,,,,,,,,,,,,,,,,,,,,,,,,,,,,,,,,,,,,,,,,,,,,,,,,,,,,0,1,,,,,,,,,,,,,,,,,,,,1,1,0,"{r: 1, g: 1, b: 1, a: 1}",,,,,,,,,,
ChromaticAberration_11,Assets/MonoBehaviour/ChromaticAberration_11.asset,c88ab7b37c4f350242674d2efd621c19,c88ab7b37c4f350242674d2efd621c19,456897975,,,,0,,,,,,,,,,,,,,,,,,,,,,,,,,,,,,,,,,,,,,,,,,,,,,,,,,,,,,,,,,,,,,,,,,,,,,,,,,,,,,,,,,,,,,,,,,,,,,,,,,,,,,,,,,,,,,,,,,,,,,,,,,,,,,,,,,,,,,,,,,,,,,,,,,,,,,,,,,,,,,,,,,,,,,,,,,,,,,,,,,,,,,,,,,,,,,1,0.05,,,,,,,,,,,,,,,,,,,,,,,,,,,,,,,,,,,,,,,,,,,,,,,,,,{fileID: 0},0,,,,,,,,,,,,,,,,,,,0,,,1,,,,,,,,{fileID: 0},0,,,,,,,,,,,,,,,,,,,,ChromaticAberration,,0,,,,,{fileID: 0},0,{fileID: 0},0,,,,,,,,,,,,,,,,,,,,,,,,"{fileID: 456897975, guid: c88ab7b37c4f350242674d2efd621c19, type: 3}",456897975,c88ab7b37c4f350242674d2efd621c19,,,,,,,,,,,,,,,,,,,,,,,,,,,,,,,,,,,,,,,,,,,,,,,,,,,,,,,,,,,,,,,,,,,,,,,,,,,,,,,,,,,,,,,,,,,,,,,,,,,,,,,,,,,,,,,,,,,,,,,,,,,,,,,,,,,,,,,,,,,,,,,,,,,,,,,,,,,,,,,,,,,,,,,,,,,,,,,,,,,,,,,,,,,,,,,,,,,,,,,,,,,,,,,,,,,,,,,,,,,,,,,,,,,,,,,,,,,,,,,,,,,,,,,,,,,,,,,,,,,,,,,,,,,,,,,,,,,,,,,,,,,,,,,,,,,,,,,,,,,,,,,,,,,,,,,,,,,,,,,,,,,,,,,,,,,,,,,,,,,,,,,,,,,,,,,,,,,,,,,,,,,,,,,,,,,,,
ChromaticAberration_24,Assets/MonoBehaviour/ChromaticAberration_24.asset,c88ab7b37c4f350242674d2efd621c19,c88ab7b37c4f350242674d2efd621c19,456897975,,,,1,,,,,,,,,,,,,,,,,,,,,,,,,,,,,,,,,,,,,,,,,,,,,,,,,,,,,,,,,,,,,,,,,,,,,,,,,,,,,,,,,,,,,,,,,,,,,,,,,,,,,,,,,,,,,,,,,,,,,,,,,,,,,,,,,,,,,,,,,,,,,,,,,,,,,,,,,,,,,,,,,,,,,,,,,,,,,,,,,,,,,,,,,,,,,,1,0.05,,,,,,,,,,,,,,,,,,,,,,,,,,,,,,,,,,,,,,,,,,,,,,,,,,{fileID: 0},0,,,,,,,,,,,,,,,,,,,0,,,1,,,,,,,,{fileID: 0},0,,,,,,,,,,,,,,,,,,,,ChromaticAberration,,0,,,,,{fileID: 0},0,{fileID: 0},0,,,,,,,,,,,,,,,,,,,,,,,,"{fileID: 456897975, guid: c88ab7b37c4f350242674d2efd621c19, type: 3}",456897975,c88ab7b37c4f350242674d2efd621c19,,,,,,,,,,,,,,,,,,,,,,,,,,,,,,,,,,,,,,,,,,,,,,,,,,,,,,,,,,,,,,,,,,,,,,,,,,,,,,,,,,,,,,,,,,,,,,,,,,,,,,,,,,,,,,,,,,,,,,,,,,,,,,,,,,,,,,,,,,,,,,,,,,,,,,,,,,,,,,,,,,,,,,,,,,,,,,,,,,,,,,,,,,,,,,,,,,,,,,,,,,,,,,,,,,,,,,,,,,,,,,,,,,,,,,,,,,,,,,,,,,,,,,,,,,,,,,,,,,,,,,,,,,,,,,,,,,,,,,,,,,,,,,,,,,,,,,,,,,,,,,,,,,,,,,,,,,,,,,,,,,,,,,,,,,,,,,,,,,,,,,,,,,,,,,,,,,,,,,,,,,,,,,,,,,,,,
ThermalCharacter,Assets/MonoBehaviour/ThermalCharacter.asset,c88ab7b37c4f350242674d2efd621c19,c88ab7b37c4f350242674d2efd621c19,-36843972,,,,,,,,,,,,,,,,,,,,,,,,,,,,,,,,,,,,,,,,,,,,,,,,,,,,,,,,,,,,,,,,,,,,,,,,,,,,,,,,,,,,,,,,,,,,,,,,,,,,,,,,,,,,,,,,,,,,,,,,,,,,,,,,,,,,,,,,,,,,,,,,,,,,,,,,,,,,,,,,,,,,,,,,,,,,,,,,,,,,,,,,,,,,,,,,,,,,,,,,,,,,,,,,,,,,,0,,,,,,,,,,,,,,,,,,,,,,,,,,,,,,,,{fileID: 0},0,,,,,,,,,,,,,,,,,,,0,,,1,,,,,,,,{fileID: 0},0,,,,,,,,,,,,,,,,,,,,ThermalCharacter,,0,,,,,{fileID: 0},0,{fileID: 0},0,,,,,,,,,,,,,,,,,,,,,,,,"{fileID: -36843972, guid: c88ab7b37c4f350242674d2efd621c19, type: 3}",-36843972,c88ab7b37c4f350242674d2efd621c19,,,,,,,,,,,,,,,,,,,,,,,,,,,,,,,,,,,,,,,,,,,,,,,,,,,,,,,,,,,,,,,,,,,,,,,,,,,,,,,,,,,,,,,,,,,,,,,,,,,,,,,,,,,,,,,,,,,,,,,,,,,,,,,,,,,,,,,,,,,,,,,,,,,,,,,,,,,,,,,,,,,,,,,,,,,,,,,,,,450,60,"{x: 0, y: 0, z: 0, w: 0}",0,1,4,0,512,2,[],1,1,"{fileID: 2100000, guid: 1cb3bfaf23c96744397847b79535bb42, type: 2}",0,2100000,1cb3bfaf23c96744397847b79535bb42,Assets/Material/ThermalCharacter.mat,2,"{fileID: 4800000, guid: f6b8a24a43b0cc2489c08b48df19b63e, type: 3}",0,4800000,f6b8a24a43b0cc2489c08b48df19b63e,Assets/Shader/ThermalCharacter.shader,ThermalCharacter,0,0,0,8,0,0,,,,,,,,,,,,,,,,,,,,,,,,,,,,,,,,,,,,,,,,,,,,,,,,,,,,,,,,,,,,,,,,,,,,,,,,,,,,,,,,,,,,,,,,,,,,,,,,,,,,,,,,,,,,,,,,,,,,,,,,,,,,,,,,,,,,,,,,,,,,,,,,,,,,,,,,,,,,,,,,,,,,,,
ColorAdjustments_9,Assets/MonoBehaviour/ColorAdjustments_9.asset,c88ab7b37c4f350242674d2efd621c19,c88ab7b37c4f350242674d2efd621c19,-1728269046,,,,0,,,,,,,,,,,,,,,,,,,,,,,,,,,,,,,,,,,,,,,,,,,,,,,,,,,,,,,0,"{r: 1, g: 1, b: 1, a: 1}",,,,,,,,,,,,,,,,0,0,,,,,,,,,,,,,,,,,,,,,,,,,,,,,,,,,,,,,,,,,,,,,,,,,,,,,,,,,,,,,,,,,,,,,,,,,,0,0,,,,,,,,,,,,,,,,,,,,,,,,,,,,,,,,,,,,,,,,,,,,,,,,,,,,,,,,,,,,,,,,,,,,,,,,,,,,,,,,,,,,,,,,,,,,,{fileID: 0},0,,,,,,,,,,,,,,,,,,,0,,,1,,,,,,,,{fileID: 0},0,,,,,,,,,,,,,,,,,,,,ColorAdjustments,,0,,,,,{fileID: 0},0,{fileID: 0},0,,,,,,,,,,,,,,,,,,,,,,,,"{fileID: -1728269046, guid: c88ab7b37c4f350242674d2efd621c19, type: 3}",-1728269046,c88ab7b37c4f350242674d2efd621c19,,,,,,,,,,,,,,,,,,,,,,,,,,,,,,,,,,,,,,,,,,,,,,,,,,,,,,,,,,,,,,,,,,,,,,,,,,,,,,,,,,,,,,,,,,,,,,,,,,,,,,,,,,,,,,,,,,,,,,,,,,,,,,,,1,0.5,,,,,,,,,,,,,,,,,,,,,,,,,,,,,,,,,,,,,,,,,,,0,0,,,,,,,,,,,,,,,,,,,,,,,,,,,,,,,,,,,,,,,,,,,,,,,,,,,,,,,,,,,,,,,,,,,,,,,,,,,,,,,,,,,,,,,,,,,,,,,,,,,,,,,,,,,,,,,,,,,,,,,,,,,,,,,,,,,,,,,,,,,,,,,,,,,,,,,,,,,,,,,,,,,,,,,,,,,,,,,,,,,,,,,,,,,,,,,,,,,,,,,,
Bloom_1,Assets/MonoBehaviour/Bloom_1.asset,c88ab7b37c4f350242674d2efd621c19,c88ab7b37c4f350242674d2efd621c19,464656391,,,,1,,,,,,,,,,,,,,,,,,,,,,,,,,,,,,,,,,,,,,,,,,,,,,,,,,,0,65472,,,,,,,,,,,,,,,,,,,,,,,,,,,,,,,,,,,,,,0,0,1,0,{fileID: 0},0,,,,,0,0,,,,,,,,,,,,,,,,,,,,,,,,,,,,,,,,,,,,0,0,,,,,,,,,,,,,,,,,,,,,,,,,,,,,,,,,,,,,,,,,,,,,,,,,,,,1,1,,,,,,,,,,,,,,,,,,,,,,,,,,,,,,,,,,,,,,,,,,,,,,,,,,{fileID: 0},0,,,,,,,,,,,,,,,,,,,0,,,1,,,,,,,,{fileID: 0},0,,,,,,,,,,,,,,,,,,,,Bloom,,0,,,,,{fileID: 0},0,{fileID: 0},0,,,,,,,,,,,,,,,,,,,,,,,,"{fileID: 464656391, guid: c88ab7b37c4f350242674d2efd621c19, type: 3}",464656391,c88ab7b37c4f350242674d2efd621c19,,,,,,,,,,,,,,,,,,,,,,,,,,,,,,,,,,,,,,,,,,,,,,,,,,,,,,,,,,,,,,,,,,,,,,,,,,,,,,,,,,,,,,,,,,,,,,,,,,,,,,,,,,0,6,,,,,,,,,,,,,,,,,,,,,,,,,,,,,,,,,,,,,,,,,,,,,,,,,,,,,,,,,,,,,,,,,,,,,1,0.7,,,,,,,,,,,,,,,,,,,,,,,,,,,,,,,,,,,,,,,,,,,,,,,,,,,,,,,,,,,,,,,,,,,,,,,,,,,,,,,,,,,,,,,,,,,,,,,,,,,,,,,,,,,,,,,,,,,,,,,,,,,,,,,,,,,,,,,,,,,,,,,,,,,,,,,,,,,,,,,,,,0,1,,,,,,,,,,,,,,,,,,,,1,1,0,"{r: 1, g: 1, b: 1, a: 1}",,,,,,,,,,
Vignette_0,Assets/MonoBehaviour/Vignette_0.asset,c88ab7b37c4f350242674d2efd621c19,c88ab7b37c4f350242674d2efd621c19,565963466,,,,1,,,,,,,,,,,,,,,,,,,,,,,,,,,,,,,,,,,,,,,,,,,,,,,,,1,"{x: 0.5, y: 0.5}",,,1,"{r: 0, g: 0, b: 0, a: 1}",,,,,,,,,,,,,,,,,,,,,,,,,,,,,,,,,,,,,,,,,,,,,,,,,,,,,,,,,,,,,,,,,,,,,,,,,,,,,,,,,,,,,,,,,,,,,,,,,,,,,,,,,,,,,,,,,,,,,,,,,,,,,,,,,,,,,,,,1,0.243,,,,,,,,,,,,,,,,,,,,,,,,,,,,,,,,,,,,,,,,,,,,,,,,,,{fileID: 0},0,,,,,,,,,,,,,,,,,,,0,,,1,,,,,,,,{fileID: 0},0,,,,,,,,,,,,,,,,,,,,Vignette,,0,,,,,{fileID: 0},0,{fileID: 0},0,,,,,,,,,,,,,,,,,,,,,,,,"{fileID: 565963466, guid: c88ab7b37c4f350242674d2efd621c19, type: 3}",565963466,c88ab7b37c4f350242674d2efd621c19,,,,,,,,,,,,,,,,,,,,,,,,,,,,,,,,,,,,,,,,,,,,,,,,,,,,,,,,,,,,,,,,,,,,,,,,,,,,,,,,,,,,,,,,,,,,,,,,,,,,,,,,,,,,,,,,,,,,,,,,,,,,,,,,,,,,,,,,,,,,,,,,,,,,,,,,,,,,,,,1,0,,,,,,,,,,,,,,,,,,,,,,,,,,,,,,,,,,,,,,,,,,,,,,,,,,,,,,,,,,,,,,,,,,,,,,,,,,,,,,,,,,,,,,,,,,,,,,,,,,,,,,,,,,,,,,,,,,,,,,,,,,,,,,,,,,,,,,,,,,,,,,,,,,,,,,,,,,,,,,,,,,,,,,,,,,,,,,,,,,,,,1,0.907,,,,,,,,,,,,,,,,,,,,,,,,,,,,,,,
ColorAdjustments_18,Assets/MonoBehaviour/ColorAdjustments_18.asset,c88ab7b37c4f350242674d2efd621c19,c88ab7b37c4f350242674d2efd621c19,-1728269046,,,,0,,,,,,,,,,,,,,,,,,,,,,,,,,,,,,,,,,,,,,,,,,,,,,,,,,,,,,,0,"{r: 1, g: 1, b: 1, a: 1}",,,,,,,,,,,,,,,,0,0,,,,,,,,,,,,,,,,,,,,,,,,,,,,,,,,,,,,,,,,,,,,,,,,,,,,,,,,,,,,,,,,,,,,,,,,,,0,0,,,,,,,,,,,,,,,,,,,,,,,,,,,,,,,,,,,,,,,,,,,,,,,,,,,,,,,,,,,,,,,,,,,,,,,,,,,,,,,,,,,,,,,,,,,,,{fileID: 0},0,,,,,,,,,,,,,,,,,,,0,,,1,,,,,,,,{fileID: 0},0,,,,,,,,,,,,,,,,,,,,ColorAdjustments,,0,,,,,{fileID: 0},0,{fileID: 0},0,,,,,,,,,,,,,,,,,,,,,,,,"{fileID: -1728269046, guid: c88ab7b37c4f350242674d2efd621c19, type: 3}",-1728269046,c88ab7b37c4f350242674d2efd621c19,,,,,,,,,,,,,,,,,,,,,,,,,,,,,,,,,,,,,,,,,,,,,,,,,,,,,,,,,,,,,,,,,,,,,,,,,,,,,,,,,,,,,,,,,,,,,,,,,,,,,,,,,,,,,,,,,,,,,,,,,,,,,,,,0,0,,,,,,,,,,,,,,,,,,,,,,,,,,,,,,,,,,,,,,,,,,,0,-12,,,,,,,,,,,,,,,,,,,,,,,,,,,,,,,,,,,,,,,,,,,,,,,,,,,,,,,,,,,,,,,,,,,,,,,,,,,,,,,,,,,,,,,,,,,,,,,,,,,,,,,,,,,,,,,,,,,,,,,,,,,,,,,,,,,,,,,,,,,,,,,,,,,,,,,,,,,,,,,,,,,,,,,,,,,,,,,,,,,,,,,,,,,,,,,,,,,,,,,,
DepthOfField_8,Assets/MonoBehaviour/DepthOfField_8.asset,c88ab7b37c4f350242674d2efd621c19,c88ab7b37c4f350242674d2efd621c19,-2085558323,,,,1,1,1.83,,,,,1,5,1,1,1,0,,,,,,,,,,,,,,,,,,,,,,,,,,,,,,,,,,,,,,,,,,,,,,,,,,,,,,,,,,,,,,,,,,,,,,,,,,,,,,,,,,,,,,,,,,,,1,259.6,1,10,,,,,,1,30,1,1,1,10,,,,,,,,,,,,,,,,,,,,,1,0,,,,,,,,,,,,,,,,,,,,,,,,,,,,,,,,,,,,,,,,,,,,,,,,,,,,,,,,,,,,,,,,,,,,,,,,,,,,,,,,,,,,,,,,,,,,,,,,,,,,,{fileID: 0},0,,,,,,,,,,,,,,,,,,,0,,,1,,,,,,,,{fileID: 0},0,,,,,,,,,,,,,,,,,,,,DepthOfField,,0,,,,,{fileID: 0},0,{fileID: 0},0,,,,,,,,,,,,,,,,,,,,,,,,"{fileID: -2085558323, guid: c88ab7b37c4f350242674d2efd621c19, type: 3}",-2085558323,c88ab7b37c4f350242674d2efd621c19,,,,,,,,,,,,,,,,,,,,,,,,,,,,,,,,,,,,,,,,,,,,,,,,,,,,,,,,,,,,,,,,,,,,,,,,,,,,,,,,,,,,,,,,,,,,,,,,,,,,,,,,,,,,,,,,,,1,2,,,,,,,,,,,,,,,,,,,,,,,,,,,,,,,,,,,,,,,,,,,,,,,,,,,,,,,,,,,,,,,,,,,,,,,,,,,,,,,,,,,,,,,,,,,,,,,,,,,,,,,,,,,,,,,,,,,,,,,,,,,,,,,,,,,,,,,,,,,,,,,,,,,,,,,,,,,,,,,,,,,,,,,,,,,,,,,,,,,,,,,,,,,,,,,,,,,,,,,,,,,,,,,,,,,,,,,,,,,,,,,,,,,,,,,,,,,,,,,,,,,,,,,,,,,,,,,,,,
SplitToning_3,Assets/MonoBehaviour/SplitToning_3.asset,c88ab7b37c4f350242674d2efd621c19,c88ab7b37c4f350242674d2efd621c19,-1771661620,,,,0,,,1,0,,,,,,,,,,,,,,,,,,,,,,,,,,,,,,,,,,,,,,,,,,,,,,,,,,,,,,,,,,,,,,,,,,,,,,,,,,,,,,,,,,,,,,,,,,,,,,,,,,,,,,,,,,,,,,,,,,,,,,,,,,,,,,,,,,,,,,,,,1,"{r: 0.9622642, g: 0.69505954, b: 0.51290494, a: 1}",,,,,,,,,,,,,,,,,,,,,,,,,,,,,,,,,,,,,,,,,,,,,,,,,,,,,,,,,,,,,,,,,,,,,,,,,,,,,,,,,,,,,,,,,,,,,,,,,,,{fileID: 0},0,,,,,,,,,,,,,,,,,,,0,,,1,,,,,,,,{fileID: 0},0,,,,,,,,,,,,,,,,,,,,SplitToning,,0,,,,,{fileID: 0},0,{fileID: 0},0,,,,,,,,,,,,,,,,,,,,,,,,"{fileID: -1771661620, guid: c88ab7b37c4f350242674d2efd621c19, type: 3}",-1771661620,c88ab7b37c4f350242674d2efd621c19,,,,,,,,,,,,,,,,,,,,,,,,,,,,,,,,,,,,,,,,,,,,,,,,,,,,,,,,,,,,,,,,,,,,,,,,,,,,,,,,,,,,,,,,,,,,,,,,,,,,,,,,,,,,,,,,,,,,,,,,,,,,,,,,,,,,,,,,,,,,,,,,,,,,,,,,,,,,,,,,,,,,,,,,,,,,,,,,,,,,,,,,,,,,,,,,,,,,,,,,,,,,,,,,,,,,,,,,,,,,,,,,,,,,,,,,,,,,,,,,,,,,,,,,,,,,,,,,,,,,,,,,,,,,,,,,,,,,,,,,,,,,,,,,,,,,,,,,,,,,,,,,,,,,,,,,,,,,,,,,,,,,,,,,,,,1,"{r: 0.18823528, g: 0.32648137, b: 0.43529412, a: 1}",,,,,,,,,,,,,,,,,,,,,,,,,,,,,,,,,,,,,,,,,
DepthOfField_11,Assets/MonoBehaviour/DepthOfField_11.asset,c88ab7b37c4f350242674d2efd621c19,c88ab7b37c4f350242674d2efd621c19,-2085558323,,,,1,1,2.02,,,,,0,5,0,1,0,0,,,,,,,,,,,,,,,,,,,,,,,,,,,,,,,,,,,,,,,,,,,,,,,,,,,,,,,,,,,,,,,,,,,,,,,,,,,,,,,,,,,,,,,,,,,,1,64,1,15.47,,,,,,0,30,0,1,0,10,,,,,,,,,,,,,,,,,,,,,0,0,,,,,,,,,,,,,,,,,,,,,,,,,,,,,,,,,,,,,,,,,,,,,,,,,,,,,,,,,,,,,,,,,,,,,,,,,,,,,,,,,,,,,,,,,,,,,,,,,,,,,{fileID: 0},0,,,,,,,,,,,,,,,,,,,0,,,1,,,,,,,,{fileID: 0},0,,,,,,,,,,,,,,,,,,,,DepthOfField,,0,,,,,{fileID: 0},0,{fileID: 0},0,,,,,,,,,,,,,,,,,,,,,,,,"{fileID: -2085558323, guid: c88ab7b37c4f350242674d2efd621c19, type: 3}",-2085558323,c88ab7b37c4f350242674d2efd621c19,,,,,,,,,,,,,,,,,,,,,,,,,,,,,,,,,,,,,,,,,,,,,,,,,,,,,,,,,,,,,,,,,,,,,,,,,,,,,,,,,,,,,,,,,,,,,,,,,,,,,,,,,,,,,,,,,,1,2,,,,,,,,,,,,,,,,,,,,,,,,,,,,,,,,,,,,,,,,,,,,,,,,,,,,,,,,,,,,,,,,,,,,,,,,,,,,,,,,,,,,,,,,,,,,,,,,,,,,,,,,,,,,,,,,,,,,,,,,,,,,,,,,,,,,,,,,,,,,,,,,,,,,,,,,,,,,,,,,,,,,,,,,,,,,,,,,,,,,,,,,,,,,,,,,,,,,,,,,,,,,,,,,,,,,,,,,,,,,,,,,,,,,,,,,,,,,,,,,,,,,,,,,,,,,,,,,,,
Vignette_2,Assets/MonoBehaviour/Vignette_2.asset,c88ab7b37c4f350242674d2efd621c19,c88ab7b37c4f350242674d2efd621c19,565963466,,,,1,,,,,,,,,,,,,,,,,,,,,,,,,,,,,,,,,,,,,,,,,,,,,,,,,1,"{x: 0.5, y: 0.5}",,,1,"{r: 0, g: 0, b: 0, a: 1}",,,,,,,,,,,,,,,,,,,,,,,,,,,,,,,,,,,,,,,,,,,,,,,,,,,,,,,,,,,,,,,,,,,,,,,,,,,,,,,,,,,,,,,,,,,,,,,,,,,,,,,,,,,,,,,,,,,,,,,,,,,,,,,,,,,,,,,,1,0.243,,,,,,,,,,,,,,,,,,,,,,,,,,,,,,,,,,,,,,,,,,,,,,,,,,{fileID: 0},0,,,,,,,,,,,,,,,,,,,0,,,1,,,,,,,,{fileID: 0},0,,,,,,,,,,,,,,,,,,,,Vignette,,0,,,,,{fileID: 0},0,{fileID: 0},0,,,,,,,,,,,,,,,,,,,,,,,,"{fileID: 565963466, guid: c88ab7b37c4f350242674d2efd621c19, type: 3}",565963466,c88ab7b37c4f350242674d2efd621c19,,,,,,,,,,,,,,,,,,,,,,,,,,,,,,,,,,,,,,,,,,,,,,,,,,,,,,,,,,,,,,,,,,,,,,,,,,,,,,,,,,,,,,,,,,,,,,,,,,,,,,,,,,,,,,,,,,,,,,,,,,,,,,,,,,,,,,,,,,,,,,,,,,,,,,,,,,,,,,,1,0,,,,,,,,,,,,,,,,,,,,,,,,,,,,,,,,,,,,,,,,,,,,,,,,,,,,,,,,,,,,,,,,,,,,,,,,,,,,,,,,,,,,,,,,,,,,,,,,,,,,,,,,,,,,,,,,,,,,,,,,,,,,,,,,,,,,,,,,,,,,,,,,,,,,,,,,,,,,,,,,,,,,,,,,,,,,,,,,,,,,,1,0.907,,,,,,,,,,,,,,,,,,,,,,,,,,,,,,,
ScreenSpaceShadows_0,Assets/MonoBehaviour/ScreenSpaceShadows_0.asset,c88ab7b37c4f350242674d2efd621c19,c88ab7b37c4f350242674d2efd621c19,394374998,,,,,,,,,,,,,,,,,,,,,,,,,,,,,,,,,,,,,,,,,,,,,,,,,,,,,,,,,,,,,,,,,,,,,,,,,,,,,,,,,,,,,,,,,,,,,,,,,,,,,,,,,,,,,,,,,,,,,,,,,,,,,,,,,,,,,,,,,,,,,,,,,,,,,,,,,,,,,,,,,,,,,,,,,,,,,,,,,,,,,,,,,,,,,,,,,,,,,,,,,,,,,,,,,,,,,1,,,,,,,,,,,,,,,,,,,,,,,,,,,,,,,,{fileID: 0},0,,,,,,,,,,,,,,,,,,,0,,,1,,,,,,,,{fileID: 0},0,,,,,,,,,,,,,,,,,,,,ScreenSpaceShadows,,0,,,,,{fileID: 0},0,{fileID: 0},0,,,,,,,,,,,,,,,,,,,,,,,,"{fileID: 394374998, guid: c88ab7b37c4f350242674d2efd621c19, type: 3}",394374998,c88ab7b37c4f350242674d2efd621c19,{},,,,,,,,,,,,,,,,,,,"{fileID: 4800000, guid: f4fd0044a7ba9bb44acb7c186e3d5590, type: 3}",,4800000,f4fd0044a7ba9bb44acb7c186e3d5590,Assets/Shader/Hidden_Universal Render Pipeline_ScreenSpaceShadows.shader,,,,,,,,,,,,,,,,,,,,,,,,,,,,,,,,,,,,,,,,,,,,,,,,,,,,,,,,,,,,,,,,,,,,,,,,,,,,,,,,,,,,,,,,,,,,,,,,,,,,,,,,,,,,,,,,,,,,,,,,,,,,,,,,,,,,,,,,,,,,,,,,,,,,,,,,,,,,,,,,,,,,,,,,,,,,,,,,,,,,,,,,,,,,,,,,,,,,,,,,,,,,,,,,,,,,,,,,,,,,,,,,,,,,,,,,,,,,,,,,,,,,,,,,,,,,,,,,,,,,,,,,,,,,,,,,,,,,,,,,,,,,,,,,,,,,,,,,,,,,,,,,,,,,,,,,,,,,,,,,,,,,,,,,,,,,,,,,,,,,,,,,,,,,,
ColorAdjustments_3,Assets/MonoBehaviour/ColorAdjustments_3.asset,c88ab7b37c4f350242674d2efd621c19,c88ab7b37c4f350242674d2efd621c19,-1728269046,,,,0,,,,,,,,,,,,,,,,,,,,,,,,,,,,,,,,,,,,,,,,,,,,,,,,,,,,,,,0,"{r: 1, g: 1, b: 1, a: 1}",,,,,,,,,,,,,,,,0,50.7,,,,,,,,,,,,,,,,,,,,,,,,,,,,,,,,,,,,,,,,,,,,,,,,,,,,,,,,,,,,,,,,,,,,,,,,,,0,0,,,,,,,,,,,,,,,,,,,,,,,,,,,,,,,,,,,,,,,,,,,,,,,,,,,,,,,,,,,,,,,,,,,,,,,,,,,,,,,,,,,,,,,,,,,,,{fileID: 0},0,,,,,,,,,,,,,,,,,,,0,,,1,,,,,,,,{fileID: 0},0,,,,,,,,,,,,,,,,,,,,ColorAdjustments,,0,,,,,{fileID: 0},0,{fileID: 0},0,,,,,,,,,,,,,,,,,,,,,,,,"{fileID: -1728269046, guid: c88ab7b37c4f350242674d2efd621c19, type: 3}",-1728269046,c88ab7b37c4f350242674d2efd621c19,,,,,,,,,,,,,,,,,,,,,,,,,,,,,,,,,,,,,,,,,,,,,,,,,,,,,,,,,,,,,,,,,,,,,,,,,,,,,,,,,,,,,,,,,,,,,,,,,,,,,,,,,,,,,,,,,,,,,,,,,,,,,,,,1,0.2,,,,,,,,,,,,,,,,,,,,,,,,,,,,,,,,,,,,,,,,,,,0,0,,,,,,,,,,,,,,,,,,,,,,,,,,,,,,,,,,,,,,,,,,,,,,,,,,,,,,,,,,,,,,,,,,,,,,,,,,,,,,,,,,,,,,,,,,,,,,,,,,,,,,,,,,,,,,,,,,,,,,,,,,,,,,,,,,,,,,,,,,,,,,,,,,,,,,,,,,,,,,,,,,,,,,,,,,,,,,,,,,,,,,,,,,,,,,,,,,,,,,,,
ChromaticAberration_20,Assets/MonoBehaviour/ChromaticAberration_20.asset,c88ab7b37c4f350242674d2efd621c19,c88ab7b37c4f350242674d2efd621c19,456897975,,,,1,,,,,,,,,,,,,,,,,,,,,,,,,,,,,,,,,,,,,,,,,,,,,,,,,,,,,,,,,,,,,,,,,,,,,,,,,,,,,,,,,,,,,,,,,,,,,,,,,,,,,,,,,,,,,,,,,,,,,,,,,,,,,,,,,,,,,,,,,,,,,,,,,,,,,,,,,,,,,,,,,,,,,,,,,,,,,,,,,,,,,,,,,,,,,,0,0,,,,,,,,,,,,,,,,,,,,,,,,,,,,,,,,,,,,,,,,,,,,,,,,,,{fileID: 0},0,,,,,,,,,,,,,,,,,,,0,,,1,,,,,,,,{fileID: 0},0,,,,,,,,,,,,,,,,,,,,ChromaticAberration,,0,,,,,{fileID: 0},0,{fileID: 0},0,,,,,,,,,,,,,,,,,,,,,,,,"{fileID: 456897975, guid: c88ab7b37c4f350242674d2efd621c19, type: 3}",456897975,c88ab7b37c4f350242674d2efd621c19,,,,,,,,,,,,,,,,,,,,,,,,,,,,,,,,,,,,,,,,,,,,,,,,,,,,,,,,,,,,,,,,,,,,,,,,,,,,,,,,,,,,,,,,,,,,,,,,,,,,,,,,,,,,,,,,,,,,,,,,,,,,,,,,,,,,,,,,,,,,,,,,,,,,,,,,,,,,,,,,,,,,,,,,,,,,,,,,,,,,,,,,,,,,,,,,,,,,,,,,,,,,,,,,,,,,,,,,,,,,,,,,,,,,,,,,,,,,,,,,,,,,,,,,,,,,,,,,,,,,,,,,,,,,,,,,,,,,,,,,,,,,,,,,,,,,,,,,,,,,,,,,,,,,,,,,,,,,,,,,,,,,,,,,,,,,,,,,,,,,,,,,,,,,,,,,,,,,,,,,,,,,,,,,,,,,,
UmbraRenderFeature_0,Assets/MonoBehaviour/UmbraRenderFeature_0.asset,c88ab7b37c4f350242674d2efd621c19,c88ab7b37c4f350242674d2efd621c19,-1054025409,,,,,,,,,,,,,,,,,,,,,,,,,,,,,,,,,,,,,,,,,,,,32767,2,,,,,,,,,,,,,,,,,,,,,,,,,,,,,,,,,,,,,,,,,,,,,,,,,,,,,,,,,,,,,,,,,,,,,,,,,,,,,,,,,,,,,,,,,,,,,,,,,,,,,,,,,,,,,,,,,,,,,,,,,,,,,,,,,,,,,,,,,,,,,,,,,,,,,,,,,,,,,,,,,,,,,,,,1,,,,,,,,,,,,,,,,,,,,,,,,,,,,,,,,{fileID: 0},0,,,,,,,,,,,,,,,,,,,0,,,1,,,,,,,,{fileID: 0},0,,,,,,,,,,,,,,,,,,,,UmbraRenderFeature,,0,,,,,{fileID: 0},0,{fileID: 0},0,,,,,,,,,,,,,,,,,,,,,,,,"{fileID: -1054025409, guid: c88ab7b37c4f350242674d2efd621c19, type: 3}",-1054025409,c88ab7b37c4f350242674d2efd621c19,{},,,,,,,,,,,,,,,,,,,{fileID: 0},,0,,,,,,,,,,,,,,,,,,,,,,,,,,,,,,,,,,,,,,,,,,,,,,,,,,,,,,,,,,,,,,,,,,,,,,,,,,,,,,,,,,,,,,,,,,,,,,,,,,,,,,,,,,,,,,,,,,,,,,,,,,,,,,,,,,,,,,,,,,,,,,,,,,,,,,,,,,,,,,,,,,,,,,,,,,,,,,,,,,,,,,,,,,,,,,,,,,,,,,,,,,,,,,,,,,,,,,,,,,,,,,,,,,,,,,,,,,,,,,,,,,,,,,,,,,,,,,,,,,,,,,,,,,,,,,,,,,,,,,,,,,,,,,,,,,,,,,,,,,,,,,,,,,,,,,,,,,,,,,,,,,,,,,,,,,,,,,,,,,,,,,,,,,,,,,,
FilmGrain,Assets/MonoBehaviour/FilmGrain.asset,c88ab7b37c4f350242674d2efd621c19,c88ab7b37c4f350242674d2efd621c19,-534242816,,,,0,,,,,,,,,,,,,,,,,,,,,,,,,,,,,,,,,,,,,,,,,,,,,,,,,,,,,,,,,,,,,,,,,,,,,,,,,,,,,,,,,,,,,,,,,,,,,,,,,,,,,,,,,,,,,,,,,,,,,,,,,,,,,,,,,,,,,,,,,,,,,,,,,,,,,,,,,,,,,,,,,,,,,,,,,,,,,,,,,,,,,,,,,,,,,,1,0.634,,,,,,,,,,,,,,,,,,,,,,,,,,,,,,,,,,,,,,,,,,,,,,,,,,{fileID: 0},0,,,,,,,,,,,,,,,,,,,0,,,1,,,,,,,,{fileID: 0},0,,,,,,,,,,,,,,,,,,,,FilmGrain,,0,,,,,{fileID: 0},0,{fileID: 0},0,,,,,,,,,,,,,,,,,,,,,,,,"{fileID: -534242816, guid: c88ab7b37c4f350242674d2efd621c19, type: 3}",-534242816,c88ab7b37c4f350242674d2efd621c19,,,,,,,,,,,,,,,,,,,,,,,,,,,,,,,,,,,,,,,,,,,,,,,,,,,,,,,,,,,,,,,,,,,,,,,,,,,,,,,,,,,,,,,,,,,,,,,,,,,,,,,,,,,,,,,,,,,,,,,,,,,,,,,,,,,,,,,,,,,,,,,,,,,,,,,,,,,,,1,0.8,,,,,,,,,,,,,,,,,,,,,,,,,,,,,,,,,,,,,,,,,,,,,,,,,,,,,,,,,,,,,,,,,,,,,,,,,,,,,,,,,,,,,,,,,,,,,,,,,,,,,,,,,,,,,,,,,,,,,,,,,,,,,,,,,,,,,,,,,,,,,,,,,,,,,,,,,,,,,,,,,,,,,,,,,,,,,,,,,,,,,,,,,,,,0,{fileID: 0},0,,,,,,,,,,,,,,,,1,2,,,,,,,,
DepthOfField_20,Assets/MonoBehaviour/DepthOfField_20.asset,c88ab7b37c4f350242674d2efd621c19,c88ab7b37c4f350242674d2efd621c19,-2085558323,,,,1,1,8.32,,,,,1,5,1,1,1,0,,,,,,,,,,,,,,,,,,,,,,,,,,,,,,,,,,,,,,,,,,,,,,,,,,,,,,,,,,,,,,,,,,,,,,,,,,,,,,,,,,,,,,,,,,,,1,259.6,1,10,,,,,,1,30,1,1,1,10,,,,,,,,,,,,,,,,,,,,,1,0,,,,,,,,,,,,,,,,,,,,,,,,,,,,,,,,,,,,,,,,,,,,,,,,,,,,,,,,,,,,,,,,,,,,,,,,,,,,,,,,,,,,,,,,,,,,,,,,,,,,,{fileID: 0},0,,,,,,,,,,,,,,,,,,,0,,,1,,,,,,,,{fileID: 0},0,,,,,,,,,,,,,,,,,,,,DepthOfField,,0,,,,,{fileID: 0},0,{fileID: 0},0,,,,,,,,,,,,,,,,,,,,,,,,"{fileID: -2085558323, guid: c88ab7b37c4f350242674d2efd621c19, type: 3}",-2085558323,c88ab7b37c4f350242674d2efd621c19,,,,,,,,,,,,,,,,,,,,,,,,,,,,,,,,,,,,,,,,,,,,,,,,,,,,,,,,,,,,,,,,,,,,,,,,,,,,,,,,,,,,,,,,,,,,,,,,,,,,,,,,,,,,,,,,,,1,2,,,,,,,,,,,,,,,,,,,,,,,,,,,,,,,,,,,,,,,,,,,,,,,,,,,,,,,,,,,,,,,,,,,,,,,,,,,,,,,,,,,,,,,,,,,,,,,,,,,,,,,,,,,,,,,,,,,,,,,,,,,,,,,,,,,,,,,,,,,,,,,,,,,,,,,,,,,,,,,,,,,,,,,,,,,,,,,,,,,,,,,,,,,,,,,,,,,,,,,,,,,,,,,,,,,,,,,,,,,,,,,,,,,,,,,,,,,,,,,,,,,,,,,,,,,,,,,,,,
DepthOfField_0,Assets/MonoBehaviour/DepthOfField_0.asset,c88ab7b37c4f350242674d2efd621c19,c88ab7b37c4f350242674d2efd621c19,-2085558323,,,,1,1,8.32,,,,,1,5,1,1,1,0,,,,,,,,,,,,,,,,,,,,,,,,,,,,,,,,,,,,,,,,,,,,,,,,,,,,,,,,,,,,,,,,,,,,,,,,,,,,,,,,,,,,,,,,,,,,1,259.6,1,10,,,,,,1,30,1,1,1,10,,,,,,,,,,,,,,,,,,,,,1,0,,,,,,,,,,,,,,,,,,,,,,,,,,,,,,,,,,,,,,,,,,,,,,,,,,,,,,,,,,,,,,,,,,,,,,,,,,,,,,,,,,,,,,,,,,,,,,,,,,,,,{fileID: 0},0,,,,,,,,,,,,,,,,,,,0,,,1,,,,,,,,{fileID: 0},0,,,,,,,,,,,,,,,,,,,,DepthOfField,,0,,,,,{fileID: 0},0,{fileID: 0},0,,,,,,,,,,,,,,,,,,,,,,,,"{fileID: -2085558323, guid: c88ab7b37c4f350242674d2efd621c19, type: 3}",-2085558323,c88ab7b37c4f350242674d2efd621c19,,,,,,,,,,,,,,,,,,,,,,,,,,,,,,,,,,,,,,,,,,,,,,,,,,,,,,,,,,,,,,,,,,,,,,,,,,,,,,,,,,,,,,,,,,,,,,,,,,,,,,,,,,,,,,,,,,1,2,,,,,,,,,,,,,,,,,,,,,,,,,,,,,,,,,,,,,,,,,,,,,,,,,,,,,,,,,,,,,,,,,,,,,,,,,,,,,,,,,,,,,,,,,,,,,,,,,,,,,,,,,,,,,,,,,,,,,,,,,,,,,,,,,,,,,,,,,,,,,,,,,,,,,,,,,,,,,,,,,,,,,,,,,,,,,,,,,,,,,,,,,,,,,,,,,,,,,,,,,,,,,,,,,,,,,,,,,,,,,,,,,,,,,,,,,,,,,,,,,,,,,,,,,,,,,,,,,,
DecalRendererFeature_1,Assets/MonoBehaviour/DecalRendererFeature_1.asset,c88ab7b37c4f350242674d2efd621c19,c88ab7b37c4f350242674d2efd621c19,1619829637,,,,,,,,,,,,,,,,,,,,,,,,,,,,,,,,,,,,,,,,,,,,,,,,,,,,,,,,,,,,,,,,,,,,,,,,,,,,,,,,,,,,,,,,,,,,,,,,,,,,,,,,,,,,,,,,,,,,,,,,,,,,,,,,,,,,,,,,,,,,,,,,,,,,,,,,,,,,,,,,,,,,,,,,,,,,,,,,,,,,,,,,,,,,,,,,,,,,,,,,,,,,,,,,,,,,,1,,,,,,,,,,,,,,,,,,,,,,,,,,,,"{fileID: 4800000, guid: 36ed5df42a1a91e4faf05b3726afbf50, type: 3}",4800000,36ed5df42a1a91e4faf05b3726afbf50,Assets/Shader/Hidden_Universal Render Pipeline_CopyDepth.shader,{fileID: 0},0,,,"{fileID: 4800000, guid: 03c09b8c2d1c6f344929816caf5d3059, type: 3}",4800000,03c09b8c2d1c6f344929816caf5d3059,Assets/Shader/Hidden_Universal Render Pipeline_DBufferClear.shader,,,,,,,,,,,,,0,,,1,,,,,,,,{fileID: 0},0,,,,,,,,,,,,,,,,,,,,DecalRendererFeature,,0,,,,,{fileID: 0},0,{fileID: 0},0,,,,,,,,,,,,,,,,,,,,,,,,"{fileID: 1619829637, guid: c88ab7b37c4f350242674d2efd621c19, type: 3}",1619829637,c88ab7b37c4f350242674d2efd621c19,,,,,,,,,,,,,,2,0,250,0,1,,,,,,,,,,,,,,,,,,,,,,,,,,,,,,,,,,,,,,,,,,,,,,,,,,,,,,,,,,,,,,,,,,,,,,,,,,,,,,,,,,,,,,,,,,,,,,,,,,,,,,,,,,,,,,,,,,,,,,,,,,,,,,,,,,,,,,,,,,,,,,,,,,,,,,,,,,,,,,,,,,,,,,,,,,,,,,,,,,,,,,,,,,,,,,,,,,,,,,,,,,,,,,,,,,,,,,,,,,,,,,,,,,,,,,,,,,,,,,,,,,,,,,,,,,,,,,,,,,,,,,,,,,,,,,,,,,,,,,,,,,,,,,,,,,,,,,,,,,,,,,,,,,,,,,,,,,,,,,,,,,,,,,,,,,,,,,,,,,,,,,,,,,,,,,,,,,,
ColorAdjustments_7,Assets/MonoBehaviour/ColorAdjustments_7.asset,c88ab7b37c4f350242674d2efd621c19,c88ab7b37c4f350242674d2efd621c19,-1728269046,,,,0,,,,,,,,,,,,,,,,,,,,,,,,,,,,,,,,,,,,,,,,,,,,,,,,,,,,,,,0,"{r: 1, g: 1, b: 1, a: 1}",,,,,,,,,,,,,,,,0,0,,,,,,,,,,,,,,,,,,,,,,,,,,,,,,,,,,,,,,,,,,,,,,,,,,,,,,,,,,,,,,,,,,,,,,,,,,0,0,,,,,,,,,,,,,,,,,,,,,,,,,,,,,,,,,,,,,,,,,,,,,,,,,,,,,,,,,,,,,,,,,,,,,,,,,,,,,,,,,,,,,,,,,,,,,{fileID: 0},0,,,,,,,,,,,,,,,,,,,0,,,1,,,,,,,,{fileID: 0},0,,,,,,,,,,,,,,,,,,,,ColorAdjustments,,0,,,,,{fileID: 0},0,{fileID: 0},0,,,,,,,,,,,,,,,,,,,,,,,,"{fileID: -1728269046, guid: c88ab7b37c4f350242674d2efd621c19, type: 3}",-1728269046,c88ab7b37c4f350242674d2efd621c19,,,,,,,,,,,,,,,,,,,,,,,,,,,,,,,,,,,,,,,,,,,,,,,,,,,,,,,,,,,,,,,,,,,,,,,,,,,,,,,,,,,,,,,,,,,,,,,,,,,,,,,,,,,,,,,,,,,,,,,,,,,,,,,,1,0.5,,,,,,,,,,,,,,,,,,,,,,,,,,,,,,,,,,,,,,,,,,,0,0,,,,,,,,,,,,,,,,,,,,,,,,,,,,,,,,,,,,,,,,,,,,,,,,,,,,,,,,,,,,,,,,,,,,,,,,,,,,,,,,,,,,,,,,,,,,,,,,,,,,,,,,,,,,,,,,,,,,,,,,,,,,,,,,,,,,,,,,,,,,,,,,,,,,,,,,,,,,,,,,,,,,,,,,,,,,,,,,,,,,,,,,,,,,,,,,,,,,,,,,
Tonemapping_5,Assets/MonoBehaviour/Tonemapping_5.asset,c88ab7b37c4f350242674d2efd621c19,c88ab7b37c4f350242674d2efd621c19,640956576,,0,3,1,,,,,,,,,,,,,,,,,,,,,,,,,,,,,,,,,,,,,,,,,,,,,,,,,,,,,,,,,,,,,,,,,,,,,,,,,,,,,,,,,,,,,,0,1,0,0,,,,,,,,,,,,,,,,,,,,,,,,,,,,,,,,,,,,,,,,,,,,,,,,,,,,,,,,,,,,0,0,,,,,,,,,,,,,,,,,,,,,,,,,,,,,,,,,,,,,,,,,,,,,,,,,,,,,,,,,,,,,,,,,,,,,,,,,,,,,,,,,,,,,,,,,,,{fileID: 0},0,,,,,,,,,,,,,,,,,,,0,,,1,,,,,,,,{fileID: 0},0,,,,,,,,,,,,,,,,,,,,Tonemapping,,0,,,,,{fileID: 0},0,{fileID: 0},0,,,,,,,,,,,,,,,,,,,,,,,,"{fileID: 640956576, guid: c88ab7b37c4f350242674d2efd621c19, type: 3}",640956576,c88ab7b37c4f350242674d2efd621c19,,,,,,,,,,,,,,,,,,,,,,,,,,,,,,,,,,,,,,,,,,,,,,,,,,,,,,,,,,,,,,,,,,,,,,,,,,,,,,,,,,,,,,,,,,,,,,,,,,,,,,,,,,,,0,1000,,,0,0.005,1,2,0,2,,,,0,300,,,,,,,,,,,,,,,,,,,,,,,,,,,,,,,,,,,,,,,,,,,,,,,,,,,,,,,,,,,,,,,,,,,,,,,,,,,,,,,,,,,,,,,,,,,,,,,,,,,,,,,,,,,,,,,,,,,,,,,,,,,,,,,,,,,,,,,,,,,,,,,,,,,,,,,,,,,,,,,,,,,,,,,,,,,,,,,,,,,,,,,,,,,,,,,,,,,,,,,,,,,,,,,,,,,,,,,,,,,,,,,,,,,,,,,,,,,,,,,,,,,,,,,,,,,
UmbraRenderFeature_2,Assets/MonoBehaviour/UmbraRenderFeature_2.asset,c88ab7b37c4f350242674d2efd621c19,c88ab7b37c4f350242674d2efd621c19,-1054025409,,,,,,,,,,,,,,,,,,,,,,,,,,,,,,,,,,,,,,,,,,,,4294967295,2,,,,,,,,,,,,,,,,,,,,,,,,,,,,,,,,,,,,,,,,,,,,,,,,,,,,,,,,,,,,,,,,,,,,,,,,,,,,,,,,,,,,,,,,,,,,,,,,,,,,,,,,,,,,,,,,,,,,,,,,,,,,,,,,,,,,,,,,,,,,,,,,,,,,,,,,,,,,,,,,,,,,,,,,1,,,,,,,,,,,,,,,,,,,,,,,,,,,,,,,,{fileID: 0},0,,,,,,,,,,,,,,,,,,,0,,,1,,,,,,,,{fileID: 0},0,,,,,,,,,,,,,,,,,,,,UmbraRenderFeature,,0,,,,,{fileID: 0},0,{fileID: 0},0,,,,,,,,,,,,,,,,,,,,,,,,"{fileID: -1054025409, guid: c88ab7b37c4f350242674d2efd621c19, type: 3}",-1054025409,c88ab7b37c4f350242674d2efd621c19,{},,,,,,,,,,,,,,,,,,,{fileID: 0},,0,,,,,,,,,,,,,,,,,,,,,,,,,,,,,,,,,,,,,,,,,,,,,,,,,,,,,,,,,,,,,,,,,,,,,,,,,,,,,,,,,,,,,,,,,,,,,,,,,,,,,,,,,,,,,,,,,,,,,,,,,,,,,,,,,,,,,,,,,,,,,,,,,,,,,,,,,,,,,,,,,,,,,,,,,,,,,,,,,,,,,,,,,,,,,,,,,,,,,,,,,,,,,,,,,,,,,,,,,,,,,,,,,,,,,,,,,,,,,,,,,,,,,,,,,,,,,,,,,,,,,,,,,,,,,,,,,,,,,,,,,,,,,,,,,,,,,,,,,,,,,,,,,,,,,,,,,,,,,,,,,,,,,,,,,,,,,,,,,,,,,,,,,,,,,,,
MotionBlur_15,Assets/MonoBehaviour/MotionBlur_15.asset,c88ab7b37c4f350242674d2efd621c19,c88ab7b37c4f350242674d2efd621c19,224828655,,,,0,,,,,,,,,,,,,,,,,,,,,,,,,,,,,,,,,,,,,,,,,,,,,,,,,,,1,0.2,,,,,,,,,,,,,,,,,,,,,,,,,,,,,,,,,,,,,,,,,,,,,,,,,,,,,,,,,,,,,,,,,,,,,,,,,,,,,,,,,,,,,,,,,,,,,,,,,,,,,,,,,,,,,,,,,,,,,,,,,,,,,,,,,,,,,,,,,,1,1,,,,,,,,,,,,,,,,,,,,,,,,,,,,,,,,,,,,,,,,,,,,,,,,,,{fileID: 0},0,,,,,,,,,,,,,,,,,,,0,,,1,,,,,,,,{fileID: 0},0,,,,,,,,,,,,,,,,,,,,MotionBlur,,0,,,,,{fileID: 0},0,{fileID: 0},0,,,,,,,,,,,,,,,,,,,,,,,,"{fileID: 224828655, guid: c88ab7b37c4f350242674d2efd621c19, type: 3}",224828655,c88ab7b37c4f350242674d2efd621c19,,,,,,,,,,,,,,,,,,,,,,,,,,,,,,,,,,,,,,,,,,,,,,,,,,,,,,,,,,,,,,,,,,,,,,,,,,,,,,,,,,,,,,,,,,,,,,,,,,,,,,,,,,,,,,,,,,0,0,,,,,,,,,,,,,,,,,,,,,1,0,,,,,,,,,,,,,,,,,,,,,,,,,,,,,,,,,,,,,,,,,,,,,,,,,,,,,,,,,,,,,,,,,,,,,,,,,,,,,,,,,,,,,,,,,,,,,,,,,,,,,,,,,,,,,,,,,,,,,,,,,,,,,,,,,,,,,,,,,,,,,,,,,,,,,,,,,,,,,,,,,,,,,,,,,,,,,,,,,,,,,,,,,,,,,,,,,,,,,,,,,,,,,,,,,,,,,,,,,,,,,,,,,,,,,,,,,,,,
Tonemapping_3,Assets/MonoBehaviour/Tonemapping_3.asset,c88ab7b37c4f350242674d2efd621c19,c88ab7b37c4f350242674d2efd621c19,640956576,,0,3,1,,,,,,,,,,,,,,,,,,,,,,,,,,,,,,,,,,,,,,,,,,,,,,,,,,,,,,,,,,,,,,,,,,,,,,,,,,,,,,,,,,,,,,0,1,0,0,,,,,,,,,,,,,,,,,,,,,,,,,,,,,,,,,,,,,,,,,,,,,,,,,,,,,,,,,,,,0,0,,,,,,,,,,,,,,,,,,,,,,,,,,,,,,,,,,,,,,,,,,,,,,,,,,,,,,,,,,,,,,,,,,,,,,,,,,,,,,,,,,,,,,,,,,,{fileID: 0},0,,,,,,,,,,,,,,,,,,,0,,,1,,,,,,,,{fileID: 0},0,,,,,,,,,,,,,,,,,,,,Tonemapping,,0,,,,,{fileID: 0},0,{fileID: 0},0,,,,,,,,,,,,,,,,,,,,,,,,"{fileID: 640956576, guid: c88ab7b37c4f350242674d2efd621c19, type: 3}",640956576,c88ab7b37c4f350242674d2efd621c19,,,,,,,,,,,,,,,,,,,,,,,,,,,,,,,,,,,,,,,,,,,,,,,,,,,,,,,,,,,,,,,,,,,,,,,,,,,,,,,,,,,,,,,,,,,,,,,,,,,,,,,,,,,,0,1000,,,0,0.005,1,2,0,2,,,,0,300,,,,,,,,,,,,,,,,,,,,,,,,,,,,,,,,,,,,,,,,,,,,,,,,,,,,,,,,,,,,,,,,,,,,,,,,,,,,,,,,,,,,,,,,,,,,,,,,,,,,,,,,,,,,,,,,,,,,,,,,,,,,,,,,,,,,,,,,,,,,,,,,,,,,,,,,,,,,,,,,,,,,,,,,,,,,,,,,,,,,,,,,,,,,,,,,,,,,,,,,,,,,,,,,,,,,,,,,,,,,,,,,,,,,,,,,,,,,,,,,,,,,,,,,,,,
Bloom_9,Assets/MonoBehaviour/Bloom_9.asset,c88ab7b37c4f350242674d2efd621c19,c88ab7b37c4f350242674d2efd621c19,464656391,,,,1,,,,,,,,,,,,,,,,,,,,,,,,,,,,,,,,,,,,,,,,,,,,,,,,,,,0,65472,,,,,,,,,,,,,,,,,,,,,,,,,,,,,,,,,,,,,,0,0,1,0,{fileID: 0},0,,,,,0,0,,,,,,,,,,,,,,,,,,,,,,,,,,,,,,,,,,,,0,0,,,,,,,,,,,,,,,,,,,,,,,,,,,,,,,,,,,,,,,,,,,,,,,,,,,,1,2,,,,,,,,,,,,,,,,,,,,,,,,,,,,,,,,,,,,,,,,,,,,,,,,,,{fileID: 0},0,,,,,,,,,,,,,,,,,,,0,,,1,,,,,,,,{fileID: 0},0,,,,,,,,,,,,,,,,,,,,Bloom,,0,,,,,{fileID: 0},0,{fileID: 0},0,,,,,,,,,,,,,,,,,,,,,,,,"{fileID: 464656391, guid: c88ab7b37c4f350242674d2efd621c19, type: 3}",464656391,c88ab7b37c4f350242674d2efd621c19,,,,,,,,,,,,,,,,,,,,,,,,,,,,,,,,,,,,,,,,,,,,,,,,,,,,,,,,,,,,,,,,,,,,,,,,,,,,,,,,,,,,,,,,,,,,,,,,,,,,,,,,,,0,6,,,,,,,,,,,,,,,,,,,,,,,,,,,,,,,,,,,,,,,,,,,,,,,,,,,,,,,,,,,,,,,,,,,,,1,0.5,,,,,,,,,,,,,,,,,,,,,,,,,,,,,,,,,,,,,,,,,,,,,,,,,,,,,,,,,,,,,,,,,,,,,,,,,,,,,,,,,,,,,,,,,,,,,,,,,,,,,,,,,,,,,,,,,,,,,,,,,,,,,,,,,,,,,,,,,,,,,,,,,,,,,,,,,,,,,,,,,,0,1,,,,,,,,,,,,,,,,,,,,1,0.5,0,"{r: 1, g: 1, b: 1, a: 1}",,,,,,,,,,
New Umbra Profile_16,Assets/MonoBehaviour/New Umbra Profile_16.asset,c88ab7b37c4f350242674d2efd621c19,c88ab7b37c4f350242674d2efd621c19,-2068570431,,,,,,,,,0,,,,,,,,0,,,,,,,,,,,,,,,,,,,50,50,0,5,0,0,1,10,,,0.1,1,0.1,1,0.1,1,1,,,,,,,,,0,0.75,0,0.85,0.3,0.1,16,0,0.01,0.01,0,0.5,0.15,0.2,0.0001,,,,,,,,,,,,,,,,,,,,,,,,,,,1,0,,,1,,,,,,0,,,,,,,,,,,,,,,,,,,,,,,,,,,,,,,,,,,,,,,,,,,,,,,,,,,,,,,,,,,,,,,,,,,,,,,,,,,,,,,,,,,,,,,,8,0,,,,,,,,,,,,,,,,,,,,,,,,,,,,,,,,,,,,,,,,,,,,{fileID: 0},0,,,,,,,,,,,,,,,,,,,0,,,1,,,,,,,,{fileID: 0},0,,,,,,,,,,,,,,,,,,,,New Umbra Profile,,0,,,,,{fileID: 0},0,{fileID: 0},0,,,,,,,,,,,,,,,,,,,,,,,,"{fileID: -2068570431, guid: c88ab7b37c4f350242674d2efd621c19, type: 3}",-2068570431,c88ab7b37c4f350242674d2efd621c19,,,,,,,,,,,,,,,,,,,,,,,,,,,,,,,,,,,,,,,,,,,,,,,,,,,,,,,,,,,,,,,,,,,,,,,,,,,,,,,,,,,,,1,{fileID: 0},0,,,,,,,,,,,,,,,,,,,,,,,,,,,,,,,0,8,8,,,,,,,,,,,,,,1,1,,,,,,,,,,,,,,,,,,,,,,,,,,16,,,,,,,,,,,,,,,,,,,,,,,,,,,,,,,,,,,,,,,,,,,,,,,,,,,,,,,,,,,,,,,,,,,,,,,,,,,,,,,,,,,,,,,,,,,,,,,,,,,,,,,,,,,,,,,,,,,,,,,,,,,,,,,,,,,,,,,,,,,,,,,,,,,,,,,,,,,,,,,,,,,,,,,,,1,,,,,,,0.1,5,,,,,0,,,,,,,,,,,,,,,,,,,,,,,,,,,,,,
ColorAdjustments_8,Assets/MonoBehaviour/ColorAdjustments_8.asset,c88ab7b37c4f350242674d2efd621c19,c88ab7b37c4f350242674d2efd621c19,-1728269046,,,,1,,,,,,,,,,,,,,,,,,,,,,,,,,,,,,,,,,,,,,,,,,,,,,,,,,,,,,,0,"{r: 1, g: 1, b: 1, a: 1}",,,,,,,,,,,,,,,,1,20,,,,,,,,,,,,,,,,,,,,,,,,,,,,,,,,,,,,,,,,,,,,,,,,,,,,,,,,,,,,,,,,,,,,,,,,,,0,0,,,,,,,,,,,,,,,,,,,,,,,,,,,,,,,,,,,,,,,,,,,,,,,,,,,,,,,,,,,,,,,,,,,,,,,,,,,,,,,,,,,,,,,,,,,,,{fileID: 0},0,,,,,,,,,,,,,,,,,,,0,,,1,,,,,,,,{fileID: 0},0,,,,,,,,,,,,,,,,,,,,ColorAdjustments,,0,,,,,{fileID: 0},0,{fileID: 0},0,,,,,,,,,,,,,,,,,,,,,,,,"{fileID: -1728269046, guid: c88ab7b37c4f350242674d2efd621c19, type: 3}",-1728269046,c88ab7b37c4f350242674d2efd621c19,,,,,,,,,,,,,,,,,,,,,,,,,,,,,,,,,,,,,,,,,,,,,,,,,,,,,,,,,,,,,,,,,,,,,,,,,,,,,,,,,,,,,,,,,,,,,,,,,,,,,,,,,,,,,,,,,,,,,,,,,,,,,,,,1,0.2,,,,,,,,,,,,,,,,,,,,,,,,,,,,,,,,,,,,,,,,,,,1,-10,,,,,,,,,,,,,,,,,,,,,,,,,,,,,,,,,,,,,,,,,,,,,,,,,,,,,,,,,,,,,,,,,,,,,,,,,,,,,,,,,,,,,,,,,,,,,,,,,,,,,,,,,,,,,,,,,,,,,,,,,,,,,,,,,,,,,,,,,,,,,,,,,,,,,,,,,,,,,,,,,,,,,,,,,,,,,,,,,,,,,,,,,,,,,,,,,,,,,,,,
LensDistortion_1,Assets/MonoBehaviour/LensDistortion_1.asset,c88ab7b37c4f350242674d2efd621c19,c88ab7b37c4f350242674d2efd621c19,-1562019045,,,,0,,,,,,,,,,,,,,,,,,,,,,,,,,,,,,,,,,,,,,,,,,,,,,,,,1,"{x: 0.5, y: 0.5}",,,,,,,,,,,,,,,,,,,,,,,,,,,,,,,,,,,,,,,,,,,,,,,,,,,,,,,,,,,,,,,,,,,,,,,,,,,,,,,,,,,,,,,,,,,,,,,,,,,,,,,,,,,,,,,,,,,,,,,,,,,,,,,,,,,,,,,,,,,,1,0.22,,,,,,,,,,,,,,,,,,,,,,,,,,,,,,,,,,,,,,,,,,,,,,,,,,{fileID: 0},0,,,,,,,,,,,,,,,,,,,0,,,1,,,,,,,,{fileID: 0},0,,,,,,,,,,,,,,,,,,,,LensDistortion,,0,,,,,{fileID: 0},0,{fileID: 0},0,,,,,,,,,,,,,,,,,,,,,,,,"{fileID: -1562019045, guid: c88ab7b37c4f350242674d2efd621c19, type: 3}",-1562019045,c88ab7b37c4f350242674d2efd621c19,,,,,,,,,,,,,,,,,,,,,,,,,,,,,,,,,,,,,,,,,,,,,,,,,,,,,,,,,,,,,,,,,,,,,,,,,,,,,,,,,,,,,,,,,,,,,,,,,,,,,,,,,,,,,,,,,,,,,,,,,,,,,,,,,,,,,,,,,,,,,,,,,,,,,,,,,,,,,,,,,,,,,,,,,,,,,,1,1,,,,,,,,,,,,,,,,,,,,,,,,,,,,,,,,,,,,,,,,,,,,,,,,,,,,,,,,,,,,,,,,,,,,,,,,,,,,,,,,,,,,,,,,,,,,,,,,,,,,,,,,,,,,,,,,,,,,,,,,,,,,,,,,,,,,,,,,,,,,,,,,,,,,,,,,,,,,,,,,,,,,,,,,,,,,,,,,,,,,,,,,,,,,,,,1,1,,,,,1,1
Vignette_6,Assets/MonoBehaviour/Vignette_6.asset,c88ab7b37c4f350242674d2efd621c19,c88ab7b37c4f350242674d2efd621c19,565963466,,,,1,,,,,,,,,,,,,,,,,,,,,,,,,,,,,,,,,,,,,,,,,,,,,,,,,1,"{x: 0.5, y: 0.5}",,,1,"{r: 0, g: 0, b: 0, a: 1}",,,,,,,,,,,,,,,,,,,,,,,,,,,,,,,,,,,,,,,,,,,,,,,,,,,,,,,,,,,,,,,,,,,,,,,,,,,,,,,,,,,,,,,,,,,,,,,,,,,,,,,,,,,,,,,,,,,,,,,,,,,,,,,,,,,,,,,,1,0.27,,,,,,,,,,,,,,,,,,,,,,,,,,,,,,,,,,,,,,,,,,,,,,,,,,{fileID: 0},0,,,,,,,,,,,,,,,,,,,0,,,1,,,,,,,,{fileID: 0},0,,,,,,,,,,,,,,,,,,,,Vignette,,0,,,,,{fileID: 0},0,{fileID: 0},0,,,,,,,,,,,,,,,,,,,,,,,,"{fileID: 565963466, guid: c88ab7b37c4f350242674d2efd621c19, type: 3}",565963466,c88ab7b37c4f350242674d2efd621c19,,,,,,,,,,,,,,,,,,,,,,,,,,,,,,,,,,,,,,,,,,,,,,,,,,,,,,,,,,,,,,,,,,,,,,,,,,,,,,,,,,,,,,,,,,,,,,,,,,,,,,,,,,,,,,,,,,,,,,,,,,,,,,,,,,,,,,,,,,,,,,,,,,,,,,,,,,,,,,,1,0,,,,,,,,,,,,,,,,,,,,,,,,,,,,,,,,,,,,,,,,,,,,,,,,,,,,,,,,,,,,,,,,,,,,,,,,,,,,,,,,,,,,,,,,,,,,,,,,,,,,,,,,,,,,,,,,,,,,,,,,,,,,,,,,,,,,,,,,,,,,,,,,,,,,,,,,,,,,,,,,,,,,,,,,,,,,,,,,,,,,,1,0.621,,,,,,,,,,,,,,,,,,,,,,,,,,,,,,,
Vignette_7,Assets/MonoBehaviour/Vignette_7.asset,c88ab7b37c4f350242674d2efd621c19,c88ab7b37c4f350242674d2efd621c19,565963466,,,,1,,,,,,,,,,,,,,,,,,,,,,,,,,,,,,,,,,,,,,,,,,,,,,,,,1,"{x: 0.5, y: 0.5}",,,1,"{r: 0, g: 0, b: 0, a: 1}",,,,,,,,,,,,,,,,,,,,,,,,,,,,,,,,,,,,,,,,,,,,,,,,,,,,,,,,,,,,,,,,,,,,,,,,,,,,,,,,,,,,,,,,,,,,,,,,,,,,,,,,,,,,,,,,,,,,,,,,,,,,,,,,,,,,,,,,1,0.27,,,,,,,,,,,,,,,,,,,,,,,,,,,,,,,,,,,,,,,,,,,,,,,,,,{fileID: 0},0,,,,,,,,,,,,,,,,,,,0,,,1,,,,,,,,{fileID: 0},0,,,,,,,,,,,,,,,,,,,,Vignette,,0,,,,,{fileID: 0},0,{fileID: 0},0,,,,,,,,,,,,,,,,,,,,,,,,"{fileID: 565963466, guid: c88ab7b37c4f350242674d2efd621c19, type: 3}",565963466,c88ab7b37c4f350242674d2efd621c19,,,,,,,,,,,,,,,,,,,,,,,,,,,,,,,,,,,,,,,,,,,,,,,,,,,,,,,,,,,,,,,,,,,,,,,,,,,,,,,,,,,,,,,,,,,,,,,,,,,,,,,,,,,,,,,,,,,,,,,,,,,,,,,,,,,,,,,,,,,,,,,,,,,,,,,,,,,,,,,1,0,,,,,,,,,,,,,,,,,,,,,,,,,,,,,,,,,,,,,,,,,,,,,,,,,,,,,,,,,,,,,,,,,,,,,,,,,,,,,,,,,,,,,,,,,,,,,,,,,,,,,,,,,,,,,,,,,,,,,,,,,,,,,,,,,,,,,,,,,,,,,,,,,,,,,,,,,,,,,,,,,,,,,,,,,,,,,,,,,,,,,1,0.621,,,,,,,,,,,,,,,,,,,,,,,,,,,,,,,
UmbraRenderFeature_1,Assets/MonoBehaviour/UmbraRenderFeature_1.asset,c88ab7b37c4f350242674d2efd621c19,c88ab7b37c4f350242674d2efd621c19,-1054025409,,,,,,,,,,,,,,,,,,,,,,,,,,,,,,,,,,,,,,,,,,,,32767,2,,,,,,,,,,,,,,,,,,,,,,,,,,,,,,,,,,,,,,,,,,,,,,,,,,,,,,,,,,,,,,,,,,,,,,,,,,,,,,,,,,,,,,,,,,,,,,,,,,,,,,,,,,,,,,,,,,,,,,,,,,,,,,,,,,,,,,,,,,,,,,,,,,,,,,,,,,,,,,,,,,,,,,,,1,,,,,,,,,,,,,,,,,,,,,,,,,,,,,,,,{fileID: 0},0,,,,,,,,,,,,,,,,,,,0,,,1,,,,,,,,{fileID: 0},0,,,,,,,,,,,,,,,,,,,,UmbraRenderFeature,,0,,,,,{fileID: 0},0,{fileID: 0},0,,,,,,,,,,,,,,,,,,,,,,,,"{fileID: -1054025409, guid: c88ab7b37c4f350242674d2efd621c19, type: 3}",-1054025409,c88ab7b37c4f350242674d2efd621c19,{},,,,,,,,,,,,,,,,,,,{fileID: 0},,0,,,,,,,,,,,,,,,,,,,,,,,,,,,,,,,,,,,,,,,,,,,,,,,,,,,,,,,,,,,,,,,,,,,,,,,,,,,,,,,,,,,,,,,,,,,,,,,,,,,,,,,,,,,,,,,,,,,,,,,,,,,,,,,,,,,,,,,,,,,,,,,,,,,,,,,,,,,,,,,,,,,,,,,,,,,,,,,,,,,,,,,,,,,,,,,,,,,,,,,,,,,,,,,,,,,,,,,,,,,,,,,,,,,,,,,,,,,,,,,,,,,,,,,,,,,,,,,,,,,,,,,,,,,,,,,,,,,,,,,,,,,,,,,,,,,,,,,,,,,,,,,,,,,,,,,,,,,,,,,,,,,,,,,,,,,,,,,,,,,,,,,,,,,,,,,
FilmGrain_8,Assets/MonoBehaviour/FilmGrain_8.asset,c88ab7b37c4f350242674d2efd621c19,c88ab7b37c4f350242674d2efd621c19,-534242816,,,,1,,,,,,,,,,,,,,,,,,,,,,,,,,,,,,,,,,,,,,,,,,,,,,,,,,,,,,,,,,,,,,,,,,,,,,,,,,,,,,,,,,,,,,,,,,,,,,,,,,,,,,,,,,,,,,,,,,,,,,,,,,,,,,,,,,,,,,,,,,,,,,,,,,,,,,,,,,,,,,,,,,,,,,,,,,,,,,,,,,,,,,,,,,,,,,1,0.675,,,,,,,,,,,,,,,,,,,,,,,,,,,,,,,,,,,,,,,,,,,,,,,,,,{fileID: 0},0,,,,,,,,,,,,,,,,,,,0,,,1,,,,,,,,{fileID: 0},0,,,,,,,,,,,,,,,,,,,,FilmGrain,,0,,,,,{fileID: 0},0,{fileID: 0},0,,,,,,,,,,,,,,,,,,,,,,,,"{fileID: -534242816, guid: c88ab7b37c4f350242674d2efd621c19, type: 3}",-534242816,c88ab7b37c4f350242674d2efd621c19,,,,,,,,,,,,,,,,,,,,,,,,,,,,,,,,,,,,,,,,,,,,,,,,,,,,,,,,,,,,,,,,,,,,,,,,,,,,,,,,,,,,,,,,,,,,,,,,,,,,,,,,,,,,,,,,,,,,,,,,,,,,,,,,,,,,,,,,,,,,,,,,,,,,,,,,,,,,,1,0.048,,,,,,,,,,,,,,,,,,,,,,,,,,,,,,,,,,,,,,,,,,,,,,,,,,,,,,,,,,,,,,,,,,,,,,,,,,,,,,,,,,,,,,,,,,,,,,,,,,,,,,,,,,,,,,,,,,,,,,,,,,,,,,,,,,,,,,,,,,,,,,,,,,,,,,,,,,,,,,,,,,,,,,,,,,,,,,,,,,,,,,,,,,,,1,{fileID: 0},0,,,,,,,,,,,,,,,,1,8,,,,,,,,
ChromaticAberration_27,Assets/MonoBehaviour/ChromaticAberration_27.asset,c88ab7b37c4f350242674d2efd621c19,c88ab7b37c4f350242674d2efd621c19,456897975,,,,0,,,,,,,,,,,,,,,,,,,,,,,,,,,,,,,,,,,,,,,,,,,,,,,,,,,,,,,,,,,,,,,,,,,,,,,,,,,,,,,,,,,,,,,,,,,,,,,,,,,,,,,,,,,,,,,,,,,,,,,,,,,,,,,,,,,,,,,,,,,,,,,,,,,,,,,,,,,,,,,,,,,,,,,,,,,,,,,,,,,,,,,,,,,,,,1,0.431,,,,,,,,,,,,,,,,,,,,,,,,,,,,,,,,,,,,,,,,,,,,,,,,,,{fileID: 0},0,,,,,,,,,,,,,,,,,,,0,,,1,,,,,,,,{fileID: 0},0,,,,,,,,,,,,,,,,,,,,ChromaticAberration,,0,,,,,{fileID: 0},0,{fileID: 0},0,,,,,,,,,,,,,,,,,,,,,,,,"{fileID: 456897975, guid: c88ab7b37c4f350242674d2efd621c19, type: 3}",456897975,c88ab7b37c4f350242674d2efd621c19,,,,,,,,,,,,,,,,,,,,,,,,,,,,,,,,,,,,,,,,,,,,,,,,,,,,,,,,,,,,,,,,,,,,,,,,,,,,,,,,,,,,,,,,,,,,,,,,,,,,,,,,,,,,,,,,,,,,,,,,,,,,,,,,,,,,,,,,,,,,,,,,,,,,,,,,,,,,,,,,,,,,,,,,,,,,,,,,,,,,,,,,,,,,,,,,,,,,,,,,,,,,,,,,,,,,,,,,,,,,,,,,,,,,,,,,,,,,,,,,,,,,,,,,,,,,,,,,,,,,,,,,,,,,,,,,,,,,,,,,,,,,,,,,,,,,,,,,,,,,,,,,,,,,,,,,,,,,,,,,,,,,,,,,,,,,,,,,,,,,,,,,,,,,,,,,,,,,,,,,,,,,,,,,,,,,,
SplitToning_1,Assets/MonoBehaviour/SplitToning_1.asset,c88ab7b37c4f350242674d2efd621c19,c88ab7b37c4f350242674d2efd621c19,-1771661620,,,,1,,,1,10,,,,,,,,,,,,,,,,,,,,,,,,,,,,,,,,,,,,,,,,,,,,,,,,,,,,,,,,,,,,,,,,,,,,,,,,,,,,,,,,,,,,,,,,,,,,,,,,,,,,,,,,,,,,,,,,,,,,,,,,,,,,,,,,,,,,,,,,,1,"{r: 0, g: 0.6179762, b: 1, a: 1}",,,,,,,,,,,,,,,,,,,,,,,,,,,,,,,,,,,,,,,,,,,,,,,,,,,,,,,,,,,,,,,,,,,,,,,,,,,,,,,,,,,,,,,,,,,,,,,,,,,{fileID: 0},0,,,,,,,,,,,,,,,,,,,0,,,1,,,,,,,,{fileID: 0},0,,,,,,,,,,,,,,,,,,,,SplitToning,,0,,,,,{fileID: 0},0,{fileID: 0},0,,,,,,,,,,,,,,,,,,,,,,,,"{fileID: -1771661620, guid: c88ab7b37c4f350242674d2efd621c19, type: 3}",-1771661620,c88ab7b37c4f350242674d2efd621c19,,,,,,,,,,,,,,,,,,,,,,,,,,,,,,,,,,,,,,,,,,,,,,,,,,,,,,,,,,,,,,,,,,,,,,,,,,,,,,,,,,,,,,,,,,,,,,,,,,,,,,,,,,,,,,,,,,,,,,,,,,,,,,,,,,,,,,,,,,,,,,,,,,,,,,,,,,,,,,,,,,,,,,,,,,,,,,,,,,,,,,,,,,,,,,,,,,,,,,,,,,,,,,,,,,,,,,,,,,,,,,,,,,,,,,,,,,,,,,,,,,,,,,,,,,,,,,,,,,,,,,,,,,,,,,,,,,,,,,,,,,,,,,,,,,,,,,,,,,,,,,,,,,,,,,,,,,,,,,,,,,,,,,,,,,,1,"{r: 1, g: 0, b: 0.7434144, a: 1}",,,,,,,,,,,,,,,,,,,,,,,,,,,,,,,,,,,,,,,,,
SplitToning_0,Assets/MonoBehaviour/SplitToning_0.asset,c88ab7b37c4f350242674d2efd621c19,c88ab7b37c4f350242674d2efd621c19,-1771661620,,,,1,,,1,100,,,,,,,,,,,,,,,,,,,,,,,,,,,,,,,,,,,,,,,,,,,,,,,,,,,,,,,,,,,,,,,,,,,,,,,,,,,,,,,,,,,,,,,,,,,,,,,,,,,,,,,,,,,,,,,,,,,,,,,,,,,,,,,,,,,,,,,,,1,"{r: 0, g: 0, b: 0, a: 1}",,,,,,,,,,,,,,,,,,,,,,,,,,,,,,,,,,,,,,,,,,,,,,,,,,,,,,,,,,,,,,,,,,,,,,,,,,,,,,,,,,,,,,,,,,,,,,,,,,,{fileID: 0},0,,,,,,,,,,,,,,,,,,,0,,,1,,,,,,,,{fileID: 0},0,,,,,,,,,,,,,,,,,,,,SplitToning,,0,,,,,{fileID: 0},0,{fileID: 0},0,,,,,,,,,,,,,,,,,,,,,,,,"{fileID: -1771661620, guid: c88ab7b37c4f350242674d2efd621c19, type: 3}",-1771661620,c88ab7b37c4f350242674d2efd621c19,,,,,,,,,,,,,,,,,,,,,,,,,,,,,,,,,,,,,,,,,,,,,,,,,,,,,,,,,,,,,,,,,,,,,,,,,,,,,,,,,,,,,,,,,,,,,,,,,,,,,,,,,,,,,,,,,,,,,,,,,,,,,,,,,,,,,,,,,,,,,,,,,,,,,,,,,,,,,,,,,,,,,,,,,,,,,,,,,,,,,,,,,,,,,,,,,,,,,,,,,,,,,,,,,,,,,,,,,,,,,,,,,,,,,,,,,,,,,,,,,,,,,,,,,,,,,,,,,,,,,,,,,,,,,,,,,,,,,,,,,,,,,,,,,,,,,,,,,,,,,,,,,,,,,,,,,,,,,,,,,,,,,,,,,,,1,"{r: 0, g: 0, b: 0, a: 1}",,,,,,,,,,,,,,,,,,,,,,,,,,,,,,,,,,,,,,,,,
MotionBlur_6,Assets/MonoBehaviour/MotionBlur_6.asset,c88ab7b37c4f350242674d2efd621c19,c88ab7b37c4f350242674d2efd621c19,224828655,,,,0,,,,,,,,,,,,,,,,,,,,,,,,,,,,,,,,,,,,,,,,,,,,,,,,,,,1,0.05,,,,,,,,,,,,,,,,,,,,,,,,,,,,,,,,,,,,,,,,,,,,,,,,,,,,,,,,,,,,,,,,,,,,,,,,,,,,,,,,,,,,,,,,,,,,,,,,,,,,,,,,,,,,,,,,,,,,,,,,,,,,,,,,,,,,,,,,,,1,1,,,,,,,,,,,,,,,,,,,,,,,,,,,,,,,,,,,,,,,,,,,,,,,,,,{fileID: 0},0,,,,,,,,,,,,,,,,,,,0,,,1,,,,,,,,{fileID: 0},0,,,,,,,,,,,,,,,,,,,,MotionBlur,,0,,,,,{fileID: 0},0,{fileID: 0},0,,,,,,,,,,,,,,,,,,,,,,,,"{fileID: 224828655, guid: c88ab7b37c4f350242674d2efd621c19, type: 3}",224828655,c88ab7b37c4f350242674d2efd621c19,,,,,,,,,,,,,,,,,,,,,,,,,,,,,,,,,,,,,,,,,,,,,,,,,,,,,,,,,,,,,,,,,,,,,,,,,,,,,,,,,,,,,,,,,,,,,,,,,,,,,,,,,,,,,,,,,,1,1,,,,,,,,,,,,,,,,,,,,,1,2,,,,,,,,,,,,,,,,,,,,,,,,,,,,,,,,,,,,,,,,,,,,,,,,,,,,,,,,,,,,,,,,,,,,,,,,,,,,,,,,,,,,,,,,,,,,,,,,,,,,,,,,,,,,,,,,,,,,,,,,,,,,,,,,,,,,,,,,,,,,,,,,,,,,,,,,,,,,,,,,,,,,,,,,,,,,,,,,,,,,,,,,,,,,,,,,,,,,,,,,,,,,,,,,,,,,,,,,,,,,,,,,,,,,,,,,,,,,
MotionBlur_1,Assets/MonoBehaviour/MotionBlur_1.asset,c88ab7b37c4f350242674d2efd621c19,c88ab7b37c4f350242674d2efd621c19,224828655,,,,1,,,,,,,,,,,,,,,,,,,,,,,,,,,,,,,,,,,,,,,,,,,,,,,,,,,1,0.05,,,,,,,,,,,,,,,,,,,,,,,,,,,,,,,,,,,,,,,,,,,,,,,,,,,,,,,,,,,,,,,,,,,,,,,,,,,,,,,,,,,,,,,,,,,,,,,,,,,,,,,,,,,,,,,,,,,,,,,,,,,,,,,,,,,,,,,,,,1,1,,,,,,,,,,,,,,,,,,,,,,,,,,,,,,,,,,,,,,,,,,,,,,,,,,{fileID: 0},0,,,,,,,,,,,,,,,,,,,0,,,1,,,,,,,,{fileID: 0},0,,,,,,,,,,,,,,,,,,,,MotionBlur,,0,,,,,{fileID: 0},0,{fileID: 0},0,,,,,,,,,,,,,,,,,,,,,,,,"{fileID: 224828655, guid: c88ab7b37c4f350242674d2efd621c19, type: 3}",224828655,c88ab7b37c4f350242674d2efd621c19,,,,,,,,,,,,,,,,,,,,,,,,,,,,,,,,,,,,,,,,,,,,,,,,,,,,,,,,,,,,,,,,,,,,,,,,,,,,,,,,,,,,,,,,,,,,,,,,,,,,,,,,,,,,,,,,,,0,0,,,,,,,,,,,,,,,,,,,,,1,2,,,,,,,,,,,,,,,,,,,,,,,,,,,,,,,,,,,,,,,,,,,,,,,,,,,,,,,,,,,,,,,,,,,,,,,,,,,,,,,,,,,,,,,,,,,,,,,,,,,,,,,,,,,,,,,,,,,,,,,,,,,,,,,,,,,,,,,,,,,,,,,,,,,,,,,,,,,,,,,,,,,,,,,,,,,,,,,,,,,,,,,,,,,,,,,,,,,,,,,,,,,,,,,,,,,,,,,,,,,,,,,,,,,,,,,,,,,,
New Umbra Profile_10,Assets/MonoBehaviour/New Umbra Profile_10.asset,c88ab7b37c4f350242674d2efd621c19,c88ab7b37c4f350242674d2efd621c19,-2068570431,,,,,,,,,0,,,,,,,,0,,,,,,,,,,,,,,,,,,,50,50,0,5,0,0,1,10,,,0.1,1,0.1,1,0.1,1,1,,,,,,,,,0,0.75,1,0.85,0.3,0.1,16,0,0.01,0.01,0,0.5,0.15,0.96,0.0001,,,,,,,,,,,,,,,,,,,,,,,,,,,1.5,0,,,1,,,,,,0,,,,,,,,,,,,,,,,,,,,,,,,,,,,,,,,,,,,,,,,,,,,,,,,,,,,,,,,,,,,,,,,,,,,,,,,,,,,,,,,,,,,,,,,13,0,,,,,,,,,,,,,,,,,,,,,,,,,,,,,,,,,,,,,,,,,,,,{fileID: 0},0,,,,,,,,,,,,,,,,,,,0,,,1,,,,,,,,{fileID: 0},0,,,,,,,,,,,,,,,,,,,,New Umbra Profile,,0,,,,,{fileID: 0},0,{fileID: 0},0,,,,,,,,,,,,,,,,,,,,,,,,"{fileID: -2068570431, guid: c88ab7b37c4f350242674d2efd621c19, type: 3}",-2068570431,c88ab7b37c4f350242674d2efd621c19,,,,,,,,,,,,,,,,,,,,,,,,,,,,,,,,,,,,,,,,,,,,,,,,,,,,,,,,,,,,,,,,,,,,,,,,,,,,,,,,,,,,,1,{fileID: 0},0,,,,,,,,,,,,,,,,,,,,,,,,,,,,,,,0,9,8,,,,,,,,,,,,,,1,1,,,,,,,,,,,,,,,,,,,,,,,,,,16,,,,,,,,,,,,,,,,,,,,,,,,,,,,,,,,,,,,,,,,,,,,,,,,,,,,,,,,,,,,,,,,,,,,,,,,,,,,,,,,,,,,,,,,,,,,,,,,,,,,,,,,,,,,,,,,,,,,,,,,,,,,,,,,,,,,,,,,,,,,,,,,,,,,,,,,,,,,,,,,,,,,,,,,,1,,,,,,,0.1,5,,,,,0,,,,,,,,,,,,,,,,,,,,,,,,,,,,,,
ChromaticAberration_18,Assets/MonoBehaviour/ChromaticAberration_18.asset,c88ab7b37c4f350242674d2efd621c19,c88ab7b37c4f350242674d2efd621c19,456897975,,,,0,,,,,,,,,,,,,,,,,,,,,,,,,,,,,,,,,,,,,,,,,,,,,,,,,,,,,,,,,,,,,,,,,,,,,,,,,,,,,,,,,,,,,,,,,,,,,,,,,,,,,,,,,,,,,,,,,,,,,,,,,,,,,,,,,,,,,,,,,,,,,,,,,,,,,,,,,,,,,,,,,,,,,,,,,,,,,,,,,,,,,,,,,,,,,,1,0.05,,,,,,,,,,,,,,,,,,,,,,,,,,,,,,,,,,,,,,,,,,,,,,,,,,{fileID: 0},0,,,,,,,,,,,,,,,,,,,0,,,1,,,,,,,,{fileID: 0},0,,,,,,,,,,,,,,,,,,,,ChromaticAberration,,0,,,,,{fileID: 0},0,{fileID: 0},0,,,,,,,,,,,,,,,,,,,,,,,,"{fileID: 456897975, guid: c88ab7b37c4f350242674d2efd621c19, type: 3}",456897975,c88ab7b37c4f350242674d2efd621c19,,,,,,,,,,,,,,,,,,,,,,,,,,,,,,,,,,,,,,,,,,,,,,,,,,,,,,,,,,,,,,,,,,,,,,,,,,,,,,,,,,,,,,,,,,,,,,,,,,,,,,,,,,,,,,,,,,,,,,,,,,,,,,,,,,,,,,,,,,,,,,,,,,,,,,,,,,,,,,,,,,,,,,,,,,,,,,,,,,,,,,,,,,,,,,,,,,,,,,,,,,,,,,,,,,,,,,,,,,,,,,,,,,,,,,,,,,,,,,,,,,,,,,,,,,,,,,,,,,,,,,,,,,,,,,,,,,,,,,,,,,,,,,,,,,,,,,,,,,,,,,,,,,,,,,,,,,,,,,,,,,,,,,,,,,,,,,,,,,,,,,,,,,,,,,,,,,,,,,,,,,,,,,,,,,,,,
DepthOfField_33,Assets/MonoBehaviour/DepthOfField_33.asset,c88ab7b37c4f350242674d2efd621c19,c88ab7b37c4f350242674d2efd621c19,-2085558323,,,,1,1,1.42,,,,,1,5,1,1,1,0,,,,,,,,,,,,,,,,,,,,,,,,,,,,,,,,,,,,,,,,,,,,,,,,,,,,,,,,,,,,,,,,,,,,,,,,,,,,,,,,,,,,,,,,,,,,1,287.7,1,2.69,,,,,,1,74.6,1,1,1,44.12,,,,,,,,,,,,,,,,,,,,,1,0,,,,,,,,,,,,,,,,,,,,,,,,,,,,,,,,,,,,,,,,,,,,,,,,,,,,,,,,,,,,,,,,,,,,,,,,,,,,,,,,,,,,,,,,,,,,,,,,,,,,,{fileID: 0},0,,,,,,,,,,,,,,,,,,,0,,,1,,,,,,,,{fileID: 0},0,,,,,,,,,,,,,,,,,,,,DepthOfField,,0,,,,,{fileID: 0},0,{fileID: 0},0,,,,,,,,,,,,,,,,,,,,,,,,"{fileID: -2085558323, guid: c88ab7b37c4f350242674d2efd621c19, type: 3}",-2085558323,c88ab7b37c4f350242674d2efd621c19,,,,,,,,,,,,,,,,,,,,,,,,,,,,,,,,,,,,,,,,,,,,,,,,,,,,,,,,,,,,,,,,,,,,,,,,,,,,,,,,,,,,,,,,,,,,,,,,,,,,,,,,,,,,,,,,,,1,2,,,,,,,,,,,,,,,,,,,,,,,,,,,,,,,,,,,,,,,,,,,,,,,,,,,,,,,,,,,,,,,,,,,,,,,,,,,,,,,,,,,,,,,,,,,,,,,,,,,,,,,,,,,,,,,,,,,,,,,,,,,,,,,,,,,,,,,,,,,,,,,,,,,,,,,,,,,,,,,,,,,,,,,,,,,,,,,,,,,,,,,,,,,,,,,,,,,,,,,,,,,,,,,,,,,,,,,,,,,,,,,,,,,,,,,,,,,,,,,,,,,,,,,,,,,,,,,,,,
LensDistortion_0,Assets/MonoBehaviour/LensDistortion_0.asset,c88ab7b37c4f350242674d2efd621c19,c88ab7b37c4f350242674d2efd621c19,-1562019045,,,,1,,,,,,,,,,,,,,,,,,,,,,,,,,,,,,,,,,,,,,,,,,,,,,,,,1,"{x: 0.5, y: 0.5}",,,,,,,,,,,,,,,,,,,,,,,,,,,,,,,,,,,,,,,,,,,,,,,,,,,,,,,,,,,,,,,,,,,,,,,,,,,,,,,,,,,,,,,,,,,,,,,,,,,,,,,,,,,,,,,,,,,,,,,,,,,,,,,,,,,,,,,,,,,,1,-1,,,,,,,,,,,,,,,,,,,,,,,,,,,,,,,,,,,,,,,,,,,,,,,,,,{fileID: 0},0,,,,,,,,,,,,,,,,,,,0,,,1,,,,,,,,{fileID: 0},0,,,,,,,,,,,,,,,,,,,,LensDistortion,,0,,,,,{fileID: 0},0,{fileID: 0},0,,,,,,,,,,,,,,,,,,,,,,,,"{fileID: -1562019045, guid: c88ab7b37c4f350242674d2efd621c19, type: 3}",-1562019045,c88ab7b37c4f350242674d2efd621c19,,,,,,,,,,,,,,,,,,,,,,,,,,,,,,,,,,,,,,,,,,,,,,,,,,,,,,,,,,,,,,,,,,,,,,,,,,,,,,,,,,,,,,,,,,,,,,,,,,,,,,,,,,,,,,,,,,,,,,,,,,,,,,,,,,,,,,,,,,,,,,,,,,,,,,,,,,,,,,,,,,,,,,,,,,,,,,1,1,,,,,,,,,,,,,,,,,,,,,,,,,,,,,,,,,,,,,,,,,,,,,,,,,,,,,,,,,,,,,,,,,,,,,,,,,,,,,,,,,,,,,,,,,,,,,,,,,,,,,,,,,,,,,,,,,,,,,,,,,,,,,,,,,,,,,,,,,,,,,,,,,,,,,,,,,,,,,,,,,,,,,,,,,,,,,,,,,,,,,,,,,,,,,,,1,1,,,,,1,1
LiftGammaGain_8,Assets/MonoBehaviour/LiftGammaGain_8.asset,c88ab7b37c4f350242674d2efd621c19,c88ab7b37c4f350242674d2efd621c19,282247082,,,,1,,,,,,,,,,,,,,,,,,,,,,,,,,,,,,,,,,,,,,,,,,,,,,,,,,,,,,,,,,,,,,,,,,,,,,,,,,,,,,,,,,,,,,,,,,,,,,,,,,,,,,,,,,,,,1,"{x: 1, y: 0.9884018, z: 0.9455655, w: 0}",1,"{x: 1, y: 0.909897, z: 0.87106097, w: 0}",,,,,,,,,,,,,,,,,,,,,,,,,,,,,,,,,,,,,,,,,,,,,,,,,,,,,,,,,,,,,,,,,,,,,,,,,,,,,,,,,,1,"{x: 0.9618886, y: 0.9483977, z: 1, w: 0}",,,,,,,,,,,,,,,,,,,,,,,,,,,,,,,,,,,,,,,,,,,,,,{fileID: 0},0,,,,,,,,,,,,,,,,,,,0,,,1,,,,,,,,{fileID: 0},0,,,,,,,,,,,,,,,,,,,,LiftGammaGain,,0,,,,,{fileID: 0},0,{fileID: 0},0,,,,,,,,,,,,,,,,,,,,,,,,"{fileID: 282247082, guid: c88ab7b37c4f350242674d2efd621c19, type: 3}",282247082,c88ab7b37c4f350242674d2efd621c19,,,,,,,,,,,,,,,,,,,,,,,,,,,,,,,,,,,,,,,,,,,,,,,,,,,,,,,,,,,,,,,,,,,,,,,,,,,,,,,,,,,,,,,,,,,,,,,,,,,,,,,,,,,,,,,,,,,,,,,,,,,,,,,,,,,,,,,,,,,,,,,,,,,,,,,,,,,,,,,,,,,,,,,,,,,,,,,,,,,,,,,,,,,,,,,,,,,,,,,,,,,,,,,,,,,,,,,,,,,,,,,,,,,,,,,,,,,,,,,,,,,,,,,,,,,,,,,,,,,,,,,,,,,,,,,,,,,,,,,,,,,,,,,,,,,,,,,,,,,,,,,,,,,,,,,,,,,,,,,,,,,,,,,,,,,,,,,,,,,,,,,,,,,,,,,,,,,,,,,,,,,,,,,,,,,,,
DepthOfField_36,Assets/MonoBehaviour/DepthOfField_36.asset,c88ab7b37c4f350242674d2efd621c19,c88ab7b37c4f350242674d2efd621c19,-2085558323,,,,1,1,10,,,,,1,5,1,1,1,0,,,,,,,,,,,,,,,,,,,,,,,,,,,,,,,,,,,,,,,,,,,,,,,,,,,,,,,,,,,,,,,,,,,,,,,,,,,,,,,,,,,,,,,,,,,,1,250,1,10.79,,,,,,1,30,1,1,1,10,,,,,,,,,,,,,,,,,,,,,1,0,,,,,,,,,,,,,,,,,,,,,,,,,,,,,,,,,,,,,,,,,,,,,,,,,,,,,,,,,,,,,,,,,,,,,,,,,,,,,,,,,,,,,,,,,,,,,,,,,,,,,{fileID: 0},0,,,,,,,,,,,,,,,,,,,0,,,1,,,,,,,,{fileID: 0},0,,,,,,,,,,,,,,,,,,,,DepthOfField,,0,,,,,{fileID: 0},0,{fileID: 0},0,,,,,,,,,,,,,,,,,,,,,,,,"{fileID: -2085558323, guid: c88ab7b37c4f350242674d2efd621c19, type: 3}",-2085558323,c88ab7b37c4f350242674d2efd621c19,,,,,,,,,,,,,,,,,,,,,,,,,,,,,,,,,,,,,,,,,,,,,,,,,,,,,,,,,,,,,,,,,,,,,,,,,,,,,,,,,,,,,,,,,,,,,,,,,,,,,,,,,,,,,,,,,,1,2,,,,,,,,,,,,,,,,,,,,,,,,,,,,,,,,,,,,,,,,,,,,,,,,,,,,,,,,,,,,,,,,,,,,,,,,,,,,,,,,,,,,,,,,,,,,,,,,,,,,,,,,,,,,,,,,,,,,,,,,,,,,,,,,,,,,,,,,,,,,,,,,,,,,,,,,,,,,,,,,,,,,,,,,,,,,,,,,,,,,,,,,,,,,,,,,,,,,,,,,,,,,,,,,,,,,,,,,,,,,,,,,,,,,,,,,,,,,,,,,,,,,,,,,,,,,,,,,,,
URP-HighFidelity-MapShooter,Assets/MonoBehaviour/URP-HighFidelity-MapShooter.asset,c88ab7b37c4f350242674d2efd621c19,c88ab7b37c4f350242674d2efd621c19,-1575395517,"11400000, guid: f566a58a563bf78418a505f62ed750c9, type: 2}",,,,,,,,,,,,,,,,,,,,,,,,,,,,,,,,,,,,,,,,,,,,,,,,,,,,,,,,,,,,,,,,,,,,,,,,,,,,,,,,,"{fileID: 4800000, guid: b17ccd757e79dfe4a94a4934ec27e59b, type: 3}",4800000,b17ccd757e79dfe4a94a4934ec27e59b,Assets/Shader/Hidden_Universal Render Pipeline_Debug_DebugReplacement.shader,"{fileID: 4800000, guid: 221598d7edc18d946a186bd1be7e0506, type: 3}",4800000,221598d7edc18d946a186bd1be7e0506,Assets/Shader/Hidden_Universal_HDRDebugView.shader,,,,,,,,,,,,,,,,,,,,,,,,,,,,,,,,,,,,,,,,,,,,,,,,,,,,,,,,,,,,,,,,,,,,,,,,,,,,,,,,,,,,,,,,,,,,,,,,,,,,,,,,,,,,,,,,,,,,,,,,,,,0,,,,,,,,,,,,,,,,2,,,,,,,,,,,,0,,,,,{fileID: 0},0,,,,,,,,,,0,0,2,8,0,0,0,,,0,,,1,,,,,,,,{fileID: 0},0,,,1,,,,,,,,,,,,,,,,,URP-HighFidelity-MapShooter,,0,,,4294967295,2,{fileID: 0},0,{fileID: 0},0,,,,,,,,,,6584543b9a0a91(cdbd964c7b23318/d338935af7e1089)c2db29bc3753c1334dadcc9575a7a624b,,,,1,,,,,,,,,,"{fileID: -1575395517, guid: c88ab7b37c4f350242674d2efd621c19, type: 3}",-1575395517,c88ab7b37c4f350242674d2efd621c19,,,,,,,,,,,,,,,,,,,,,,,,,,,,,,,,,1,,,,,,,,,,,,,,,,,,,,,,,,,,,,,,,,,4294967295,2,,,,,,0,,,,,,,,,,,,,,,,,,,,,,,,,,,,,,,,,,,,,,,,,,,,,,,,,,,,,,,,,{fileID: 0},0,,,,,,,,,,,,,,,,,,,,,,,,,,,,,,,,,,,,,,,,,,,,,,,,,,,,,,,,,,,,,,,,,,,,,,,,,,,,,,,,,"{fileID: 4800000, guid: c238d5feb7d99c344a6465c79b55fa52, type: 3}",4800000,c238d5feb7d99c344a6465c79b55fa52,Assets/Shader/Hidden_Universal_BlitHDROverlay.shader,"{fileID: 4800000, guid: 8c1120e8ac2b2b446b3e5621a2052362, type: 3}",4800000,8c1120e8ac2b2b446b3e5621a2052362,Assets/Shader/Hidden_Universal Render Pipeline_Blit.shader,,,,,,,,,,,,,"{fileID: 4800000, guid: 48ce2f9cdc2a90243904a8408c7929d7, type: 3}",4800000,48ce2f9cdc2a90243904a8408c7929d7,Assets/Shader/Hidden_Universal Render Pipeline_CameraMotionVectors.shader,"{fileID: 4800000, guid: 36ed5df42a1a91e4faf05b3726afbf50, type: 3}",4800000,36ed5df42a1a91e4faf05b3726afbf50,Assets/Shader/Hidden_Universal Render Pipeline_CopyDepth.shader,"{fileID: 4800000, guid: 4931cc0ca7aa93945a897c2144cc7b88, type: 3}",4800000,4931cc0ca7aa93945a897c2144cc7b88,Assets/Shader/Hidden_Universal_CoreBlitColorAndDepth.shader,"{fileID: 4800000, guid: 298fe462cd855084f9eae37c2bac2bdc, type: 3}",4800000,298fe462cd855084f9eae37c2bac2bdc,Assets/Shader/Hidden_Universal_CoreBlit.shader,"{fileID: 4800000, guid: 9f08c25dd95d27a4698021afb85457be, type: 3}",4800000,9f08c25dd95d27a4698021afb85457be,Assets/Shader/Hidden_Universal Render Pipeline_LensFlareDataDriven.shader,,,,,"{fileID: 4800000, guid: a718f956e275b714dbab7603ba39ecd6, type: 3}",4800000,a718f956e275b714dbab7603ba39ecd6,Assets/Shader/Hidden_Universal Render Pipeline_FallbackError.shader,"{fileID: 4800000, guid: f2d2c4785467fdb438268b329667c86c, type: 3}",4800000,f2d2c4785467fdb438268b329667c86c,Assets/Shader/Hidden_Universal Render Pipeline_FallbackLoading.shader,,,,,,,,,,,,,,,,,"{fileID: 4800000, guid: 05f1358865ef4fa468533bcff3b3cd14, type: 3}",4800000,05f1358865ef4fa468533bcff3b3cd14,Assets/Shader/Hidden_Universal Render Pipeline_MaterialError.shader,"{fileID: 4800000, guid: 105f64465aca5ab488277f5043f01f30, type: 3}",4800000,105f64465aca5ab488277f5043f01f30,Assets/Shader/Hidden_Universal Render Pipeline_ObjectMotionVectors.shader,,,,,"{fileID: 4800000, guid: 71d048003cbf5da4492ef8f567373212, type: 3}",4800000,71d048003cbf5da4492ef8f567373212,Assets/Shader/Hidden_Universal Render Pipeline_Sampling.shader,,,,,{fileID: 0},0,"{fileID: 4800000, guid: f62af052555bc7244a08f2b97185493b, type: 3}",4800000,f62af052555bc7244a08f2b97185493b,Assets/Shader/Hidden_Universal Render Pipeline_StencilDeferred.shader,,,,,,,,,,,,,,,,,,,,,,,,,,,,,,,,,,,,,,,,,,,,,,,,,,,,,,,,,,,,,,,"{fileID: 11400000, guid: 467c9003cb4d4e04ebb0eb2df37872fb, type: 2}",11400000,467c9003cb4d4e04ebb0eb2df37872fb,Assets/MonoBehaviour/XRSystemData.asset,,
ColorAdjustments_15,Assets/MonoBehaviour/ColorAdjustments_15.asset,c88ab7b37c4f350242674d2efd621c19,c88ab7b37c4f350242674d2efd621c19,-1728269046,,,,0,,,,,,,,,,,,,,,,,,,,,,,,,,,,,,,,,,,,,,,,,,,,,,,,,,,,,,,0,"{r: 1, g: 1, b: 1, a: 1}",,,,,,,,,,,,,,,,0,50.7,,,,,,,,,,,,,,,,,,,,,,,,,,,,,,,,,,,,,,,,,,,,,,,,,,,,,,,,,,,,,,,,,,,,,,,,,,0,0,,,,,,,,,,,,,,,,,,,,,,,,,,,,,,,,,,,,,,,,,,,,,,,,,,,,,,,,,,,,,,,,,,,,,,,,,,,,,,,,,,,,,,,,,,,,,{fileID: 0},0,,,,,,,,,,,,,,,,,,,0,,,1,,,,,,,,{fileID: 0},0,,,,,,,,,,,,,,,,,,,,ColorAdjustments,,0,,,,,{fileID: 0},0,{fileID: 0},0,,,,,,,,,,,,,,,,,,,,,,,,"{fileID: -1728269046, guid: c88ab7b37c4f350242674d2efd621c19, type: 3}",-1728269046,c88ab7b37c4f350242674d2efd621c19,,,,,,,,,,,,,,,,,,,,,,,,,,,,,,,,,,,,,,,,,,,,,,,,,,,,,,,,,,,,,,,,,,,,,,,,,,,,,,,,,,,,,,,,,,,,,,,,,,,,,,,,,,,,,,,,,,,,,,,,,,,,,,,,1,0.2,,,,,,,,,,,,,,,,,,,,,,,,,,,,,,,,,,,,,,,,,,,0,0,,,,,,,,,,,,,,,,,,,,,,,,,,,,,,,,,,,,,,,,,,,,,,,,,,,,,,,,,,,,,,,,,,,,,,,,,,,,,,,,,,,,,,,,,,,,,,,,,,,,,,,,,,,,,,,,,,,,,,,,,,,,,,,,,,,,,,,,,,,,,,,,,,,,,,,,,,,,,,,,,,,,,,,,,,,,,,,,,,,,,,,,,,,,,,,,,,,,,,,,
ChromaticAberration_28,Assets/MonoBehaviour/ChromaticAberration_28.asset,c88ab7b37c4f350242674d2efd621c19,c88ab7b37c4f350242674d2efd621c19,456897975,,,,0,,,,,,,,,,,,,,,,,,,,,,,,,,,,,,,,,,,,,,,,,,,,,,,,,,,,,,,,,,,,,,,,,,,,,,,,,,,,,,,,,,,,,,,,,,,,,,,,,,,,,,,,,,,,,,,,,,,,,,,,,,,,,,,,,,,,,,,,,,,,,,,,,,,,,,,,,,,,,,,,,,,,,,,,,,,,,,,,,,,,,,,,,,,,,,1,0.431,,,,,,,,,,,,,,,,,,,,,,,,,,,,,,,,,,,,,,,,,,,,,,,,,,{fileID: 0},0,,,,,,,,,,,,,,,,,,,0,,,1,,,,,,,,{fileID: 0},0,,,,,,,,,,,,,,,,,,,,ChromaticAberration,,0,,,,,{fileID: 0},0,{fileID: 0},0,,,,,,,,,,,,,,,,,,,,,,,,"{fileID: 456897975, guid: c88ab7b37c4f350242674d2efd621c19, type: 3}",456897975,c88ab7b37c4f350242674d2efd621c19,,,,,,,,,,,,,,,,,,,,,,,,,,,,,,,,,,,,,,,,,,,,,,,,,,,,,,,,,,,,,,,,,,,,,,,,,,,,,,,,,,,,,,,,,,,,,,,,,,,,,,,,,,,,,,,,,,,,,,,,,,,,,,,,,,,,,,,,,,,,,,,,,,,,,,,,,,,,,,,,,,,,,,,,,,,,,,,,,,,,,,,,,,,,,,,,,,,,,,,,,,,,,,,,,,,,,,,,,,,,,,,,,,,,,,,,,,,,,,,,,,,,,,,,,,,,,,,,,,,,,,,,,,,,,,,,,,,,,,,,,,,,,,,,,,,,,,,,,,,,,,,,,,,,,,,,,,,,,,,,,,,,,,,,,,,,,,,,,,,,,,,,,,,,,,,,,,,,,,,,,,,,,,,,,,,,,
ColorAdjustments_5,Assets/MonoBehaviour/ColorAdjustments_5.asset,c88ab7b37c4f350242674d2efd621c19,c88ab7b37c4f350242674d2efd621c19,-1728269046,,,,0,,,,,,,,,,,,,,,,,,,,,,,,,,,,,,,,,,,,,,,,,,,,,,,,,,,,,,,0,"{r: 1, g: 1, b: 1, a: 1}",,,,,,,,,,,,,,,,0,50.7,,,,,,,,,,,,,,,,,,,,,,,,,,,,,,,,,,,,,,,,,,,,,,,,,,,,,,,,,,,,,,,,,,,,,,,,,,0,0,,,,,,,,,,,,,,,,,,,,,,,,,,,,,,,,,,,,,,,,,,,,,,,,,,,,,,,,,,,,,,,,,,,,,,,,,,,,,,,,,,,,,,,,,,,,,{fileID: 0},0,,,,,,,,,,,,,,,,,,,0,,,1,,,,,,,,{fileID: 0},0,,,,,,,,,,,,,,,,,,,,ColorAdjustments,,0,,,,,{fileID: 0},0,{fileID: 0},0,,,,,,,,,,,,,,,,,,,,,,,,"{fileID: -1728269046, guid: c88ab7b37c4f350242674d2efd621c19, type: 3}",-1728269046,c88ab7b37c4f350242674d2efd621c19,,,,,,,,,,,,,,,,,,,,,,,,,,,,,,,,,,,,,,,,,,,,,,,,,,,,,,,,,,,,,,,,,,,,,,,,,,,,,,,,,,,,,,,,,,,,,,,,,,,,,,,,,,,,,,,,,,,,,,,,,,,,,,,,1,0.2,,,,,,,,,,,,,,,,,,,,,,,,,,,,,,,,,,,,,,,,,,,0,0,,,,,,,,,,,,,,,,,,,,,,,,,,,,,,,,,,,,,,,,,,,,,,,,,,,,,,,,,,,,,,,,,,,,,,,,,,,,,,,,,,,,,,,,,,,,,,,,,,,,,,,,,,,,,,,,,,,,,,,,,,,,,,,,,,,,,,,,,,,,,,,,,,,,,,,,,,,,,,,,,,,,,,,,,,,,,,,,,,,,,,,,,,,,,,,,,,,,,,,,
ColorAdjustments_21,Assets/MonoBehaviour/ColorAdjustments_21.asset,c88ab7b37c4f350242674d2efd621c19,c88ab7b37c4f350242674d2efd621c19,-1728269046,,,,1,,,,,,,,,,,,,,,,,,,,,,,,,,,,,,,,,,,,,,,,,,,,,,,,,,,,,,,1,"{r: 1, g: 1, b: 1, a: 1}",,,,,,,,,,,,,,,,1,5,,,,,,,,,,,,,,,,,,,,,,,,,,,,,,,,,,,,,,,,,,,,,,,,,,,,,,,,,,,,,,,,,,,,,,,,,,1,0,,,,,,,,,,,,,,,,,,,,,,,,,,,,,,,,,,,,,,,,,,,,,,,,,,,,,,,,,,,,,,,,,,,,,,,,,,,,,,,,,,,,,,,,,,,,,{fileID: 0},0,,,,,,,,,,,,,,,,,,,0,,,1,,,,,,,,{fileID: 0},0,,,,,,,,,,,,,,,,,,,,ColorAdjustments,,0,,,,,{fileID: 0},0,{fileID: 0},0,,,,,,,,,,,,,,,,,,,,,,,,"{fileID: -1728269046, guid: c88ab7b37c4f350242674d2efd621c19, type: 3}",-1728269046,c88ab7b37c4f350242674d2efd621c19,,,,,,,,,,,,,,,,,,,,,,,,,,,,,,,,,,,,,,,,,,,,,,,,,,,,,,,,,,,,,,,,,,,,,,,,,,,,,,,,,,,,,,,,,,,,,,,,,,,,,,,,,,,,,,,,,,,,,,,,,,,,,,,,1,0.3,,,,,,,,,,,,,,,,,,,,,,,,,,,,,,,,,,,,,,,,,,,1,-5,,,,,,,,,,,,,,,,,,,,,,,,,,,,,,,,,,,,,,,,,,,,,,,,,,,,,,,,,,,,,,,,,,,,,,,,,,,,,,,,,,,,,,,,,,,,,,,,,,,,,,,,,,,,,,,,,,,,,,,,,,,,,,,,,,,,,,,,,,,,,,,,,,,,,,,,,,,,,,,,,,,,,,,,,,,,,,,,,,,,,,,,,,,,,,,,,,,,,,,,
DepthOfField_37,Assets/MonoBehaviour/DepthOfField_37.asset,c88ab7b37c4f350242674d2efd621c19,c88ab7b37c4f350242674d2efd621c19,-2085558323,,,,1,1,1.2,,,,,0,5,0,1,0,0,,,,,,,,,,,,,,,,,,,,,,,,,,,,,,,,,,,,,,,,,,,,,,,,,,,,,,,,,,,,,,,,,,,,,,,,,,,,,,,,,,,,,,,,,,,,1,113,1,49.7,,,,,,0,30,0,1,0,10,,,,,,,,,,,,,,,,,,,,,0,0,,,,,,,,,,,,,,,,,,,,,,,,,,,,,,,,,,,,,,,,,,,,,,,,,,,,,,,,,,,,,,,,,,,,,,,,,,,,,,,,,,,,,,,,,,,,,,,,,,,,,{fileID: 0},0,,,,,,,,,,,,,,,,,,,0,,,1,,,,,,,,{fileID: 0},0,,,,,,,,,,,,,,,,,,,,DepthOfField,,0,,,,,{fileID: 0},0,{fileID: 0},0,,,,,,,,,,,,,,,,,,,,,,,,"{fileID: -2085558323, guid: c88ab7b37c4f350242674d2efd621c19, type: 3}",-2085558323,c88ab7b37c4f350242674d2efd621c19,,,,,,,,,,,,,,,,,,,,,,,,,,,,,,,,,,,,,,,,,,,,,,,,,,,,,,,,,,,,,,,,,,,,,,,,,,,,,,,,,,,,,,,,,,,,,,,,,,,,,,,,,,,,,,,,,,0,2,,,,,,,,,,,,,,,,,,,,,,,,,,,,,,,,,,,,,,,,,,,,,,,,,,,,,,,,,,,,,,,,,,,,,,,,,,,,,,,,,,,,,,,,,,,,,,,,,,,,,,,,,,,,,,,,,,,,,,,,,,,,,,,,,,,,,,,,,,,,,,,,,,,,,,,,,,,,,,,,,,,,,,,,,,,,,,,,,,,,,,,,,,,,,,,,,,,,,,,,,,,,,,,,,,,,,,,,,,,,,,,,,,,,,,,,,,,,,,,,,,,,,,,,,,,,,,,,,,
ColorAdjustments_26,Assets/MonoBehaviour/ColorAdjustments_26.asset,c88ab7b37c4f350242674d2efd621c19,c88ab7b37c4f350242674d2efd621c19,-1728269046,,,,1,,,,,,,,,,,,,,,,,,,,,,,,,,,,,,,,,,,,,,,,,,,,,,,,,,,,,,,1,"{r: 1, g: 1, b: 1, a: 1}",,,,,,,,,,,,,,,,1,5,,,,,,,,,,,,,,,,,,,,,,,,,,,,,,,,,,,,,,,,,,,,,,,,,,,,,,,,,,,,,,,,,,,,,,,,,,1,0,,,,,,,,,,,,,,,,,,,,,,,,,,,,,,,,,,,,,,,,,,,,,,,,,,,,,,,,,,,,,,,,,,,,,,,,,,,,,,,,,,,,,,,,,,,,,{fileID: 0},0,,,,,,,,,,,,,,,,,,,0,,,1,,,,,,,,{fileID: 0},0,,,,,,,,,,,,,,,,,,,,ColorAdjustments,,0,,,,,{fileID: 0},0,{fileID: 0},0,,,,,,,,,,,,,,,,,,,,,,,,"{fileID: -1728269046, guid: c88ab7b37c4f350242674d2efd621c19, type: 3}",-1728269046,c88ab7b37c4f350242674d2efd621c19,,,,,,,,,,,,,,,,,,,,,,,,,,,,,,,,,,,,,,,,,,,,,,,,,,,,,,,,,,,,,,,,,,,,,,,,,,,,,,,,,,,,,,,,,,,,,,,,,,,,,,,,,,,,,,,,,,,,,,,,,,,,,,,,1,-0.3,,,,,,,,,,,,,,,,,,,,,,,,,,,,,,,,,,,,,,,,,,,1,-30,,,,,,,,,,,,,,,,,,,,,,,,,,,,,,,,,,,,,,,,,,,,,,,,,,,,,,,,,,,,,,,,,,,,,,,,,,,,,,,,,,,,,,,,,,,,,,,,,,,,,,,,,,,,,,,,,,,,,,,,,,,,,,,,,,,,,,,,,,,,,,,,,,,,,,,,,,,,,,,,,,,,,,,,,,,,,,,,,,,,,,,,,,,,,,,,,,,,,,,,
RenderObjects,Assets/MonoBehaviour/RenderObjects.asset,c88ab7b37c4f350242674d2efd621c19,c88ab7b37c4f350242674d2efd621c19,-36843972,,,,,,,,,,,,,,,,,,,,,,,,,,,,,,,,,,,,,,,,,,,,,,,,,,,,,,,,,,,,,,,,,,,,,,,,,,,,,,,,,,,,,,,,,,,,,,,,,,,,,,,,,,,,,,,,,,,,,,,,,,,,,,,,,,,,,,,,,,,,,,,,,,,,,,,,,,,,,,,,,,,,,,,,,,,,,,,,,,,,,,,,,,,,,,,,,,,,,,,,,,,,,,,,,,,,,1,,,,,,,,,,,,,,,,,,,,,,,,,,,,,,,,{fileID: 0},0,,,,,,,,,,,,,,,,,,,0,,,1,,,,,,,,{fileID: 0},0,,,,,,,,,,,,,,,,,,,,RenderObjects,,0,,,,,{fileID: 0},0,{fileID: 0},0,,,,,,,,,,,,,,,,,,,,,,,,"{fileID: -36843972, guid: c88ab7b37c4f350242674d2efd621c19, type: 3}",-36843972,c88ab7b37c4f350242674d2efd621c19,,,,,,,,,,,,,,,,,,,,,,,,,,,,,,,,,,,,,,,,,,,,,,,,,,,,,,,,,,,,,,,,,,,,,,,,,,,,,,,,,,,,,,,,,,,,,,,,,,,,,,,,,,,,,,,,,,,,,,,,,,,,,,,,,,,,,,,,,,,,,,,,,,,,,,,,,,,,,,,,,,,,,,,,,,,,,,,,,,500,60,"{x: 0, y: 0, z: 0, w: 0}",0,1,4,1,16,2,[],1,0,"{fileID: 2100000, guid: 8c3f6a90dfadac5469bd64476506cf9f, type: 2}",0,2100000,8c3f6a90dfadac5469bd64476506cf9f,Assets/Material/Water_Map.mat,1,{fileID: 0},0,0,,,RenderObjects,0,0,0,8,0,0,,,,,,,,,,,,,,,,,,,,,,,,,,,,,,,,,,,,,,,,,,,,,,,,,,,,,,,,,,,,,,,,,,,,,,,,,,,,,,,,,,,,,,,,,,,,,,,,,,,,,,,,,,,,,,,,,,,,,,,,,,,,,,,,,,,,,,,,,,,,,,,,,,,,,,,,,,,,,,,,,,,,,,
MotionBlur_14,Assets/MonoBehaviour/MotionBlur_14.asset,c88ab7b37c4f350242674d2efd621c19,c88ab7b37c4f350242674d2efd621c19,224828655,,,,0,,,,,,,,,,,,,,,,,,,,,,,,,,,,,,,,,,,,,,,,,,,,,,,,,,,1,0.2,,,,,,,,,,,,,,,,,,,,,,,,,,,,,,,,,,,,,,,,,,,,,,,,,,,,,,,,,,,,,,,,,,,,,,,,,,,,,,,,,,,,,,,,,,,,,,,,,,,,,,,,,,,,,,,,,,,,,,,,,,,,,,,,,,,,,,,,,,1,1,,,,,,,,,,,,,,,,,,,,,,,,,,,,,,,,,,,,,,,,,,,,,,,,,,{fileID: 0},0,,,,,,,,,,,,,,,,,,,0,,,1,,,,,,,,{fileID: 0},0,,,,,,,,,,,,,,,,,,,,MotionBlur,,0,,,,,{fileID: 0},0,{fileID: 0},0,,,,,,,,,,,,,,,,,,,,,,,,"{fileID: 224828655, guid: c88ab7b37c4f350242674d2efd621c19, type: 3}",224828655,c88ab7b37c4f350242674d2efd621c19,,,,,,,,,,,,,,,,,,,,,,,,,,,,,,,,,,,,,,,,,,,,,,,,,,,,,,,,,,,,,,,,,,,,,,,,,,,,,,,,,,,,,,,,,,,,,,,,,,,,,,,,,,,,,,,,,,0,0,,,,,,,,,,,,,,,,,,,,,1,0,,,,,,,,,,,,,,,,,,,,,,,,,,,,,,,,,,,,,,,,,,,,,,,,,,,,,,,,,,,,,,,,,,,,,,,,,,,,,,,,,,,,,,,,,,,,,,,,,,,,,,,,,,,,,,,,,,,,,,,,,,,,,,,,,,,,,,,,,,,,,,,,,,,,,,,,,,,,,,,,,,,,,,,,,,,,,,,,,,,,,,,,,,,,,,,,,,,,,,,,,,,,,,,,,,,,,,,,,,,,,,,,,,,,,,,,,,,,
LensDistortion,Assets/MonoBehaviour/LensDistortion.asset,c88ab7b37c4f350242674d2efd621c19,c88ab7b37c4f350242674d2efd621c19,-1562019045,,,,0,,,,,,,,,,,,,,,,,,,,,,,,,,,,,,,,,,,,,,,,,,,,,,,,,1,"{x: 0.5, y: 0.5}",,,,,,,,,,,,,,,,,,,,,,,,,,,,,,,,,,,,,,,,,,,,,,,,,,,,,,,,,,,,,,,,,,,,,,,,,,,,,,,,,,,,,,,,,,,,,,,,,,,,,,,,,,,,,,,,,,,,,,,,,,,,,,,,,,,,,,,,,,,,1,0.576,,,,,,,,,,,,,,,,,,,,,,,,,,,,,,,,,,,,,,,,,,,,,,,,,,{fileID: 0},0,,,,,,,,,,,,,,,,,,,0,,,1,,,,,,,,{fileID: 0},0,,,,,,,,,,,,,,,,,,,,LensDistortion,,0,,,,,{fileID: 0},0,{fileID: 0},0,,,,,,,,,,,,,,,,,,,,,,,,"{fileID: -1562019045, guid: c88ab7b37c4f350242674d2efd621c19, type: 3}",-1562019045,c88ab7b37c4f350242674d2efd621c19,,,,,,,,,,,,,,,,,,,,,,,,,,,,,,,,,,,,,,,,,,,,,,,,,,,,,,,,,,,,,,,,,,,,,,,,,,,,,,,,,,,,,,,,,,,,,,,,,,,,,,,,,,,,,,,,,,,,,,,,,,,,,,,,,,,,,,,,,,,,,,,,,,,,,,,,,,,,,,,,,,,,,,,,,,,,,,1,1.2,,,,,,,,,,,,,,,,,,,,,,,,,,,,,,,,,,,,,,,,,,,,,,,,,,,,,,,,,,,,,,,,,,,,,,,,,,,,,,,,,,,,,,,,,,,,,,,,,,,,,,,,,,,,,,,,,,,,,,,,,,,,,,,,,,,,,,,,,,,,,,,,,,,,,,,,,,,,,,,,,,,,,,,,,,,,,,,,,,,,,,,,,,,,,,,1,1,,,,,1,1
Bloom_6,Assets/MonoBehaviour/Bloom_6.asset,c88ab7b37c4f350242674d2efd621c19,c88ab7b37c4f350242674d2efd621c19,464656391,,,,1,,,,,,,,,,,,,,,,,,,,,,,,,,,,,,,,,,,,,,,,,,,,,,,,,,,0,65472,,,,,,,,,,,,,,,,,,,,,,,,,,,,,,,,,,,,,,0,0,1,0,{fileID: 0},0,,,,,0,0,,,,,,,,,,,,,,,,,,,,,,,,,,,,,,,,,,,,0,0,,,,,,,,,,,,,,,,,,,,,,,,,,,,,,,,,,,,,,,,,,,,,,,,,,,,1,0.5,,,,,,,,,,,,,,,,,,,,,,,,,,,,,,,,,,,,,,,,,,,,,,,,,,{fileID: 0},0,,,,,,,,,,,,,,,,,,,0,,,1,,,,,,,,{fileID: 0},0,,,,,,,,,,,,,,,,,,,,Bloom,,0,,,,,{fileID: 0},0,{fileID: 0},0,,,,,,,,,,,,,,,,,,,,,,,,"{fileID: 464656391, guid: c88ab7b37c4f350242674d2efd621c19, type: 3}",464656391,c88ab7b37c4f350242674d2efd621c19,,,,,,,,,,,,,,,,,,,,,,,,,,,,,,,,,,,,,,,,,,,,,,,,,,,,,,,,,,,,,,,,,,,,,,,,,,,,,,,,,,,,,,,,,,,,,,,,,,,,,,,,,,0,6,,,,,,,,,,,,,,,,,,,,,,,,,,,,,,,,,,,,,,,,,,,,,,,,,,,,,,,,,,,,,,,,,,,,,1,0.7,,,,,,,,,,,,,,,,,,,,,,,,,,,,,,,,,,,,,,,,,,,,,,,,,,,,,,,,,,,,,,,,,,,,,,,,,,,,,,,,,,,,,,,,,,,,,,,,,,,,,,,,,,,,,,,,,,,,,,,,,,,,,,,,,,,,,,,,,,,,,,,,,,,,,,,,,,,,,,,,,,0,1,,,,,,,,,,,,,,,,,,,,1,0.6,0,"{r: 1, g: 1, b: 1, a: 1}",,,,,,,,,,
Vignette,Assets/MonoBehaviour/Vignette.asset,c88ab7b37c4f350242674d2efd621c19,c88ab7b37c4f350242674d2efd621c19,565963466,,,,1,,,,,,,,,,,,,,,,,,,,,,,,,,,,,,,,,,,,,,,,,,,,,,,,,1,"{x: 0.5, y: 0.5}",,,1,"{r: 0.14815286, g: 0.00591848, b: 0.1792453, a: 1}",,,,,,,,,,,,,,,,,,,,,,,,,,,,,,,,,,,,,,,,,,,,,,,,,,,,,,,,,,,,,,,,,,,,,,,,,,,,,,,,,,,,,,,,,,,,,,,,,,,,,,,,,,,,,,,,,,,,,,,,,,,,,,,,,,,,,,,,1,0.393,,,,,,,,,,,,,,,,,,,,,,,,,,,,,,,,,,,,,,,,,,,,,,,,,,{fileID: 0},0,,,,,,,,,,,,,,,,,,,0,,,1,,,,,,,,{fileID: 0},0,,,,,,,,,,,,,,,,,,,,Vignette,,0,,,,,{fileID: 0},0,{fileID: 0},0,,,,,,,,,,,,,,,,,,,,,,,,"{fileID: 565963466, guid: c88ab7b37c4f350242674d2efd621c19, type: 3}",565963466,c88ab7b37c4f350242674d2efd621c19,,,,,,,,,,,,,,,,,,,,,,,,,,,,,,,,,,,,,,,,,,,,,,,,,,,,,,,,,,,,,,,,,,,,,,,,,,,,,,,,,,,,,,,,,,,,,,,,,,,,,,,,,,,,,,,,,,,,,,,,,,,,,,,,,,,,,,,,,,,,,,,,,,,,,,,,,,,,,,,1,0,,,,,,,,,,,,,,,,,,,,,,,,,,,,,,,,,,,,,,,,,,,,,,,,,,,,,,,,,,,,,,,,,,,,,,,,,,,,,,,,,,,,,,,,,,,,,,,,,,,,,,,,,,,,,,,,,,,,,,,,,,,,,,,,,,,,,,,,,,,,,,,,,,,,,,,,,,,,,,,,,,,,,,,,,,,,,,,,,,,,,1,0.907,,,,,,,,,,,,,,,,,,,,,,,,,,,,,,,
MotionBlur_16,Assets/MonoBehaviour/MotionBlur_16.asset,c88ab7b37c4f350242674d2efd621c19,c88ab7b37c4f350242674d2efd621c19,224828655,,,,0,,,,,,,,,,,,,,,,,,,,,,,,,,,,,,,,,,,,,,,,,,,,,,,,,,,1,0.05,,,,,,,,,,,,,,,,,,,,,,,,,,,,,,,,,,,,,,,,,,,,,,,,,,,,,,,,,,,,,,,,,,,,,,,,,,,,,,,,,,,,,,,,,,,,,,,,,,,,,,,,,,,,,,,,,,,,,,,,,,,,,,,,,,,,,,,,,,1,1,,,,,,,,,,,,,,,,,,,,,,,,,,,,,,,,,,,,,,,,,,,,,,,,,,{fileID: 0},0,,,,,,,,,,,,,,,,,,,0,,,1,,,,,,,,{fileID: 0},0,,,,,,,,,,,,,,,,,,,,MotionBlur,,0,,,,,{fileID: 0},0,{fileID: 0},0,,,,,,,,,,,,,,,,,,,,,,,,"{fileID: 224828655, guid: c88ab7b37c4f350242674d2efd621c19, type: 3}",224828655,c88ab7b37c4f350242674d2efd621c19,,,,,,,,,,,,,,,,,,,,,,,,,,,,,,,,,,,,,,,,,,,,,,,,,,,,,,,,,,,,,,,,,,,,,,,,,,,,,,,,,,,,,,,,,,,,,,,,,,,,,,,,,,,,,,,,,,1,0,,,,,,,,,,,,,,,,,,,,,1,2,,,,,,,,,,,,,,,,,,,,,,,,,,,,,,,,,,,,,,,,,,,,,,,,,,,,,,,,,,,,,,,,,,,,,,,,,,,,,,,,,,,,,,,,,,,,,,,,,,,,,,,,,,,,,,,,,,,,,,,,,,,,,,,,,,,,,,,,,,,,,,,,,,,,,,,,,,,,,,,,,,,,,,,,,,,,,,,,,,,,,,,,,,,,,,,,,,,,,,,,,,,,,,,,,,,,,,,,,,,,,,,,,,,,,,,,,,,,
ChromaticAberration_17,Assets/MonoBehaviour/ChromaticAberration_17.asset,c88ab7b37c4f350242674d2efd621c19,c88ab7b37c4f350242674d2efd621c19,456897975,,,,1,,,,,,,,,,,,,,,,,,,,,,,,,,,,,,,,,,,,,,,,,,,,,,,,,,,,,,,,,,,,,,,,,,,,,,,,,,,,,,,,,,,,,,,,,,,,,,,,,,,,,,,,,,,,,,,,,,,,,,,,,,,,,,,,,,,,,,,,,,,,,,,,,,,,,,,,,,,,,,,,,,,,,,,,,,,,,,,,,,,,,,,,,,,,,,0,0,,,,,,,,,,,,,,,,,,,,,,,,,,,,,,,,,,,,,,,,,,,,,,,,,,{fileID: 0},0,,,,,,,,,,,,,,,,,,,0,,,1,,,,,,,,{fileID: 0},0,,,,,,,,,,,,,,,,,,,,ChromaticAberration,,0,,,,,{fileID: 0},0,{fileID: 0},0,,,,,,,,,,,,,,,,,,,,,,,,"{fileID: 456897975, guid: c88ab7b37c4f350242674d2efd621c19, type: 3}",456897975,c88ab7b37c4f350242674d2efd621c19,,,,,,,,,,,,,,,,,,,,,,,,,,,,,,,,,,,,,,,,,,,,,,,,,,,,,,,,,,,,,,,,,,,,,,,,,,,,,,,,,,,,,,,,,,,,,,,,,,,,,,,,,,,,,,,,,,,,,,,,,,,,,,,,,,,,,,,,,,,,,,,,,,,,,,,,,,,,,,,,,,,,,,,,,,,,,,,,,,,,,,,,,,,,,,,,,,,,,,,,,,,,,,,,,,,,,,,,,,,,,,,,,,,,,,,,,,,,,,,,,,,,,,,,,,,,,,,,,,,,,,,,,,,,,,,,,,,,,,,,,,,,,,,,,,,,,,,,,,,,,,,,,,,,,,,,,,,,,,,,,,,,,,,,,,,,,,,,,,,,,,,,,,,,,,,,,,,,,,,,,,,,,,,,,,,,,
Vignette_11,Assets/MonoBehaviour/Vignette_11.asset,c88ab7b37c4f350242674d2efd621c19,c88ab7b37c4f350242674d2efd621c19,565963466,,,,1,,,,,,,,,,,,,,,,,,,,,,,,,,,,,,,,,,,,,,,,,,,,,,,,,1,"{x: 0.5, y: 0.5}",,,1,"{r: 0, g: 0, b: 0, a: 1}",,,,,,,,,,,,,,,,,,,,,,,,,,,,,,,,,,,,,,,,,,,,,,,,,,,,,,,,,,,,,,,,,,,,,,,,,,,,,,,,,,,,,,,,,,,,,,,,,,,,,,,,,,,,,,,,,,,,,,,,,,,,,,,,,,,,,,,,1,0.268,,,,,,,,,,,,,,,,,,,,,,,,,,,,,,,,,,,,,,,,,,,,,,,,,,{fileID: 0},0,,,,,,,,,,,,,,,,,,,0,,,1,,,,,,,,{fileID: 0},0,,,,,,,,,,,,,,,,,,,,Vignette,,0,,,,,{fileID: 0},0,{fileID: 0},0,,,,,,,,,,,,,,,,,,,,,,,,"{fileID: 565963466, guid: c88ab7b37c4f350242674d2efd621c19, type: 3}",565963466,c88ab7b37c4f350242674d2efd621c19,,,,,,,,,,,,,,,,,,,,,,,,,,,,,,,,,,,,,,,,,,,,,,,,,,,,,,,,,,,,,,,,,,,,,,,,,,,,,,,,,,,,,,,,,,,,,,,,,,,,,,,,,,,,,,,,,,,,,,,,,,,,,,,,,,,,,,,,,,,,,,,,,,,,,,,,,,,,,,,1,1,,,,,,,,,,,,,,,,,,,,,,,,,,,,,,,,,,,,,,,,,,,,,,,,,,,,,,,,,,,,,,,,,,,,,,,,,,,,,,,,,,,,,,,,,,,,,,,,,,,,,,,,,,,,,,,,,,,,,,,,,,,,,,,,,,,,,,,,,,,,,,,,,,,,,,,,,,,,,,,,,,,,,,,,,,,,,,,,,,,,,1,0.504,,,,,,,,,,,,,,,,,,,,,,,,,,,,,,,
MotionBlur_7,Assets/MonoBehaviour/MotionBlur_7.asset,c88ab7b37c4f350242674d2efd621c19,c88ab7b37c4f350242674d2efd621c19,224828655,,,,0,,,,,,,,,,,,,,,,,,,,,,,,,,,,,,,,,,,,,,,,,,,,,,,,,,,1,0.05,,,,,,,,,,,,,,,,,,,,,,,,,,,,,,,,,,,,,,,,,,,,,,,,,,,,,,,,,,,,,,,,,,,,,,,,,,,,,,,,,,,,,,,,,,,,,,,,,,,,,,,,,,,,,,,,,,,,,,,,,,,,,,,,,,,,,,,,,,1,1,,,,,,,,,,,,,,,,,,,,,,,,,,,,,,,,,,,,,,,,,,,,,,,,,,{fileID: 0},0,,,,,,,,,,,,,,,,,,,0,,,1,,,,,,,,{fileID: 0},0,,,,,,,,,,,,,,,,,,,,MotionBlur,,0,,,,,{fileID: 0},0,{fileID: 0},0,,,,,,,,,,,,,,,,,,,,,,,,"{fileID: 224828655, guid: c88ab7b37c4f350242674d2efd621c19, type: 3}",224828655,c88ab7b37c4f350242674d2efd621c19,,,,,,,,,,,,,,,,,,,,,,,,,,,,,,,,,,,,,,,,,,,,,,,,,,,,,,,,,,,,,,,,,,,,,,,,,,,,,,,,,,,,,,,,,,,,,,,,,,,,,,,,,,,,,,,,,,1,1,,,,,,,,,,,,,,,,,,,,,1,2,,,,,,,,,,,,,,,,,,,,,,,,,,,,,,,,,,,,,,,,,,,,,,,,,,,,,,,,,,,,,,,,,,,,,,,,,,,,,,,,,,,,,,,,,,,,,,,,,,,,,,,,,,,,,,,,,,,,,,,,,,,,,,,,,,,,,,,,,,,,,,,,,,,,,,,,,,,,,,,,,,,,,,,,,,,,,,,,,,,,,,,,,,,,,,,,,,,,,,,,,,,,,,,,,,,,,,,,,,,,,,,,,,,,,,,,,,,,
DepthOfField_18,Assets/MonoBehaviour/DepthOfField_18.asset,c88ab7b37c4f350242674d2efd621c19,c88ab7b37c4f350242674d2efd621c19,-2085558323,,,,1,1,1.83,,,,,1,5,1,1,1,0,,,,,,,,,,,,,,,,,,,,,,,,,,,,,,,,,,,,,,,,,,,,,,,,,,,,,,,,,,,,,,,,,,,,,,,,,,,,,,,,,,,,,,,,,,,,1,259.6,1,10,,,,,,1,30,1,1,1,10,,,,,,,,,,,,,,,,,,,,,1,0,,,,,,,,,,,,,,,,,,,,,,,,,,,,,,,,,,,,,,,,,,,,,,,,,,,,,,,,,,,,,,,,,,,,,,,,,,,,,,,,,,,,,,,,,,,,,,,,,,,,,{fileID: 0},0,,,,,,,,,,,,,,,,,,,0,,,1,,,,,,,,{fileID: 0},0,,,,,,,,,,,,,,,,,,,,DepthOfField,,0,,,,,{fileID: 0},0,{fileID: 0},0,,,,,,,,,,,,,,,,,,,,,,,,"{fileID: -2085558323, guid: c88ab7b37c4f350242674d2efd621c19, type: 3}",-2085558323,c88ab7b37c4f350242674d2efd621c19,,,,,,,,,,,,,,,,,,,,,,,,,,,,,,,,,,,,,,,,,,,,,,,,,,,,,,,,,,,,,,,,,,,,,,,,,,,,,,,,,,,,,,,,,,,,,,,,,,,,,,,,,,,,,,,,,,1,2,,,,,,,,,,,,,,,,,,,,,,,,,,,,,,,,,,,,,,,,,,,,,,,,,,,,,,,,,,,,,,,,,,,,,,,,,,,,,,,,,,,,,,,,,,,,,,,,,,,,,,,,,,,,,,,,,,,,,,,,,,,,,,,,,,,,,,,,,,,,,,,,,,,,,,,,,,,,,,,,,,,,,,,,,,,,,,,,,,,,,,,,,,,,,,,,,,,,,,,,,,,,,,,,,,,,,,,,,,,,,,,,,,,,,,,,,,,,,,,,,,,,,,,,,,,,,,,,,,
ColorLookup_2,Assets/MonoBehaviour/ColorLookup_2.asset,c88ab7b37c4f350242674d2efd621c19,c88ab7b37c4f350242674d2efd621c19,257616187,,,,1,,,,,,,,,,,,,,,,,,,,,,,,,,,,,,,,,,,,,,,,,,,,,,,,,,,,,,,,,,,,,,,,,,,,,,,,,,1,0.417,,,,,,,,,,,,,,,,,,,,,,,,,,,,,,,,,,,,,,,,,,,,,,,,,,,,,,,,,,,,,,,,,,,,,,,,,,,,,,,,,,,,,,,,,,,,,,,,,,,,,,,,,,,,,,,,,,,,,,,,,,,,,,,,,,,,,,,,,,,,,,,,,,,,,,,,,,,,,,,,,,,,,,{fileID: 0},0,,,,,,,,,,,,,,,,,,,0,,,1,,,,,,,,{fileID: 0},0,,,,,,,,,,,,,,,,,,,,ColorLookup,,0,,,,,{fileID: 0},0,{fileID: 0},0,,,,,,,,,,,,,,,,,,,,,,,,"{fileID: 257616187, guid: c88ab7b37c4f350242674d2efd621c19, type: 3}",257616187,c88ab7b37c4f350242674d2efd621c19,,,,,,,,,,,,,,,,,,,,,,,,,,,,,,,,,,,,,,,,,,,,,,,,,,,,,,,,,,,,,,,,,,,,,,,,,,,,,,,,,,,,,,,,,,,,,,,,,,,,,,,,,,,,,,,,,,,,,,,,,,,,,,,,,,,,,,,,,,,,,,,,,,,,,,,,,,,,,,,,,,,,,,,,,,,,,,,,,,,,,,,,,,,,,,,,,,,,,,,,,,,,,,,,,,,,,,,,,,,,,,,,,,,,,,,,,,,,,,,,,,,,,,,,,,,,,,,,,,,,,,,,,,,,,,,,,,,,,,,,,,,,,,,,,,,,,,,,,,,,,,,,,,,,,,,,,,,,,,,,,,,,,,,,,,,,,,,,,,,,,,,,,1,1,"{fileID: 2800000, guid: 49202868c7c8dff439b586ccae3609e0, type: 3}",2800000,49202868c7c8dff439b586ccae3609e0,Assets/Texture2D/NeutralLUT_Thermal5.png,,,,,,,,,,,,,,,,,,,,,,,
MotionBlur_3,Assets/MonoBehaviour/MotionBlur_3.asset,c88ab7b37c4f350242674d2efd621c19,c88ab7b37c4f350242674d2efd621c19,224828655,,,,1,,,,,,,,,,,,,,,,,,,,,,,,,,,,,,,,,,,,,,,,,,,,,,,,,,,1,0.05,,,,,,,,,,,,,,,,,,,,,,,,,,,,,,,,,,,,,,,,,,,,,,,,,,,,,,,,,,,,,,,,,,,,,,,,,,,,,,,,,,,,,,,,,,,,,,,,,,,,,,,,,,,,,,,,,,,,,,,,,,,,,,,,,,,,,,,,,,1,1,,,,,,,,,,,,,,,,,,,,,,,,,,,,,,,,,,,,,,,,,,,,,,,,,,{fileID: 0},0,,,,,,,,,,,,,,,,,,,0,,,1,,,,,,,,{fileID: 0},0,,,,,,,,,,,,,,,,,,,,MotionBlur,,0,,,,,{fileID: 0},0,{fileID: 0},0,,,,,,,,,,,,,,,,,,,,,,,,"{fileID: 224828655, guid: c88ab7b37c4f350242674d2efd621c19, type: 3}",224828655,c88ab7b37c4f350242674d2efd621c19,,,,,,,,,,,,,,,,,,,,,,,,,,,,,,,,,,,,,,,,,,,,,,,,,,,,,,,,,,,,,,,,,,,,,,,,,,,,,,,,,,,,,,,,,,,,,,,,,,,,,,,,,,,,,,,,,,0,0,,,,,,,,,,,,,,,,,,,,,1,2,,,,,,,,,,,,,,,,,,,,,,,,,,,,,,,,,,,,,,,,,,,,,,,,,,,,,,,,,,,,,,,,,,,,,,,,,,,,,,,,,,,,,,,,,,,,,,,,,,,,,,,,,,,,,,,,,,,,,,,,,,,,,,,,,,,,,,,,,,,,,,,,,,,,,,,,,,,,,,,,,,,,,,,,,,,,,,,,,,,,,,,,,,,,,,,,,,,,,,,,,,,,,,,,,,,,,,,,,,,,,,,,,,,,,,,,,,,,
DepthOfField_7,Assets/MonoBehaviour/DepthOfField_7.asset,c88ab7b37c4f350242674d2efd621c19,c88ab7b37c4f350242674d2efd621c19,-2085558323,,,,1,1,1.83,,,,,1,5,1,1,1,0,,,,,,,,,,,,,,,,,,,,,,,,,,,,,,,,,,,,,,,,,,,,,,,,,,,,,,,,,,,,,,,,,,,,,,,,,,,,,,,,,,,,,,,,,,,,1,259.6,1,10,,,,,,1,30,1,1,1,10,,,,,,,,,,,,,,,,,,,,,1,0,,,,,,,,,,,,,,,,,,,,,,,,,,,,,,,,,,,,,,,,,,,,,,,,,,,,,,,,,,,,,,,,,,,,,,,,,,,,,,,,,,,,,,,,,,,,,,,,,,,,,{fileID: 0},0,,,,,,,,,,,,,,,,,,,0,,,1,,,,,,,,{fileID: 0},0,,,,,,,,,,,,,,,,,,,,DepthOfField,,0,,,,,{fileID: 0},0,{fileID: 0},0,,,,,,,,,,,,,,,,,,,,,,,,"{fileID: -2085558323, guid: c88ab7b37c4f350242674d2efd621c19, type: 3}",-2085558323,c88ab7b37c4f350242674d2efd621c19,,,,,,,,,,,,,,,,,,,,,,,,,,,,,,,,,,,,,,,,,,,,,,,,,,,,,,,,,,,,,,,,,,,,,,,,,,,,,,,,,,,,,,,,,,,,,,,,,,,,,,,,,,,,,,,,,,1,2,,,,,,,,,,,,,,,,,,,,,,,,,,,,,,,,,,,,,,,,,,,,,,,,,,,,,,,,,,,,,,,,,,,,,,,,,,,,,,,,,,,,,,,,,,,,,,,,,,,,,,,,,,,,,,,,,,,,,,,,,,,,,,,,,,,,,,,,,,,,,,,,,,,,,,,,,,,,,,,,,,,,,,,,,,,,,,,,,,,,,,,,,,,,,,,,,,,,,,,,,,,,,,,,,,,,,,,,,,,,,,,,,,,,,,,,,,,,,,,,,,,,,,,,,,,,,,,,,,
MotionBlur_9,Assets/MonoBehaviour/MotionBlur_9.asset,c88ab7b37c4f350242674d2efd621c19,c88ab7b37c4f350242674d2efd621c19,224828655,,,,0,,,,,,,,,,,,,,,,,,,,,,,,,,,,,,,,,,,,,,,,,,,,,,,,,,,1,0.05,,,,,,,,,,,,,,,,,,,,,,,,,,,,,,,,,,,,,,,,,,,,,,,,,,,,,,,,,,,,,,,,,,,,,,,,,,,,,,,,,,,,,,,,,,,,,,,,,,,,,,,,,,,,,,,,,,,,,,,,,,,,,,,,,,,,,,,,,,1,1,,,,,,,,,,,,,,,,,,,,,,,,,,,,,,,,,,,,,,,,,,,,,,,,,,{fileID: 0},0,,,,,,,,,,,,,,,,,,,0,,,1,,,,,,,,{fileID: 0},0,,,,,,,,,,,,,,,,,,,,MotionBlur,,0,,,,,{fileID: 0},0,{fileID: 0},0,,,,,,,,,,,,,,,,,,,,,,,,"{fileID: 224828655, guid: c88ab7b37c4f350242674d2efd621c19, type: 3}",224828655,c88ab7b37c4f350242674d2efd621c19,,,,,,,,,,,,,,,,,,,,,,,,,,,,,,,,,,,,,,,,,,,,,,,,,,,,,,,,,,,,,,,,,,,,,,,,,,,,,,,,,,,,,,,,,,,,,,,,,,,,,,,,,,,,,,,,,,1,1,,,,,,,,,,,,,,,,,,,,,1,2,,,,,,,,,,,,,,,,,,,,,,,,,,,,,,,,,,,,,,,,,,,,,,,,,,,,,,,,,,,,,,,,,,,,,,,,,,,,,,,,,,,,,,,,,,,,,,,,,,,,,,,,,,,,,,,,,,,,,,,,,,,,,,,,,,,,,,,,,,,,,,,,,,,,,,,,,,,,,,,,,,,,,,,,,,,,,,,,,,,,,,,,,,,,,,,,,,,,,,,,,,,,,,,,,,,,,,,,,,,,,,,,,,,,,,,,,,,,
SplitToning,Assets/MonoBehaviour/SplitToning.asset,c88ab7b37c4f350242674d2efd621c19,c88ab7b37c4f350242674d2efd621c19,-1771661620,,,,1,,,1,0,,,,,,,,,,,,,,,,,,,,,,,,,,,,,,,,,,,,,,,,,,,,,,,,,,,,,,,,,,,,,,,,,,,,,,,,,,,,,,,,,,,,,,,,,,,,,,,,,,,,,,,,,,,,,,,,,,,,,,,,,,,,,,,,,,,,,,,,,1,"{r: 0.735849, g: 0.62391704, b: 0.5241189, a: 1}",,,,,,,,,,,,,,,,,,,,,,,,,,,,,,,,,,,,,,,,,,,,,,,,,,,,,,,,,,,,,,,,,,,,,,,,,,,,,,,,,,,,,,,,,,,,,,,,,,,{fileID: 0},0,,,,,,,,,,,,,,,,,,,0,,,1,,,,,,,,{fileID: 0},0,,,,,,,,,,,,,,,,,,,,SplitToning,,0,,,,,{fileID: 0},0,{fileID: 0},0,,,,,,,,,,,,,,,,,,,,,,,,"{fileID: -1771661620, guid: c88ab7b37c4f350242674d2efd621c19, type: 3}",-1771661620,c88ab7b37c4f350242674d2efd621c19,,,,,,,,,,,,,,,,,,,,,,,,,,,,,,,,,,,,,,,,,,,,,,,,,,,,,,,,,,,,,,,,,,,,,,,,,,,,,,,,,,,,,,,,,,,,,,,,,,,,,,,,,,,,,,,,,,,,,,,,,,,,,,,,,,,,,,,,,,,,,,,,,,,,,,,,,,,,,,,,,,,,,,,,,,,,,,,,,,,,,,,,,,,,,,,,,,,,,,,,,,,,,,,,,,,,,,,,,,,,,,,,,,,,,,,,,,,,,,,,,,,,,,,,,,,,,,,,,,,,,,,,,,,,,,,,,,,,,,,,,,,,,,,,,,,,,,,,,,,,,,,,,,,,,,,,,,,,,,,,,,,,,,,,,,,1,"{r: 0.3010413, g: 0.42205605, b: 0.5188679, a: 1}",,,,,,,,,,,,,,,,,,,,,,,,,,,,,,,,,,,,,,,,,
ChromaticAberration_5,Assets/MonoBehaviour/ChromaticAberration_5.asset,c88ab7b37c4f350242674d2efd621c19,c88ab7b37c4f350242674d2efd621c19,456897975,,,,1,,,,,,,,,,,,,,,,,,,,,,,,,,,,,,,,,,,,,,,,,,,,,,,,,,,,,,,,,,,,,,,,,,,,,,,,,,,,,,,,,,,,,,,,,,,,,,,,,,,,,,,,,,,,,,,,,,,,,,,,,,,,,,,,,,,,,,,,,,,,,,,,,,,,,,,,,,,,,,,,,,,,,,,,,,,,,,,,,,,,,,,,,,,,,,0,0,,,,,,,,,,,,,,,,,,,,,,,,,,,,,,,,,,,,,,,,,,,,,,,,,,{fileID: 0},0,,,,,,,,,,,,,,,,,,,0,,,1,,,,,,,,{fileID: 0},0,,,,,,,,,,,,,,,,,,,,ChromaticAberration,,0,,,,,{fileID: 0},0,{fileID: 0},0,,,,,,,,,,,,,,,,,,,,,,,,"{fileID: 456897975, guid: c88ab7b37c4f350242674d2efd621c19, type: 3}",456897975,c88ab7b37c4f350242674d2efd621c19,,,,,,,,,,,,,,,,,,,,,,,,,,,,,,,,,,,,,,,,,,,,,,,,,,,,,,,,,,,,,,,,,,,,,,,,,,,,,,,,,,,,,,,,,,,,,,,,,,,,,,,,,,,,,,,,,,,,,,,,,,,,,,,,,,,,,,,,,,,,,,,,,,,,,,,,,,,,,,,,,,,,,,,,,,,,,,,,,,,,,,,,,,,,,,,,,,,,,,,,,,,,,,,,,,,,,,,,,,,,,,,,,,,,,,,,,,,,,,,,,,,,,,,,,,,,,,,,,,,,,,,,,,,,,,,,,,,,,,,,,,,,,,,,,,,,,,,,,,,,,,,,,,,,,,,,,,,,,,,,,,,,,,,,,,,,,,,,,,,,,,,,,,,,,,,,,,,,,,,,,,,,,,,,,,,,,
SodaLight_1,Assets/MonoBehaviour/SodaLight_1.asset,c88ab7b37c4f350242674d2efd621c19,c88ab7b37c4f350242674d2efd621c19,-36843972,,,,,,,,,,,,,,,,,,,,,,,,,,,,,,,,,,,,,,,,,,,,,,,,,,,,,,,,,,,,,,,,,,,,,,,,,,,,,,,,,,,,,,,,,,,,,,,,,,,,,,,,,,,,,,,,,,,,,,,,,,,,,,,,,,,,,,,,,,,,,,,,,,,,,,,,,,,,,,,,,,,,,,,,,,,,,,,,,,,,,,,,,,,,,,,,,,,,,,,,,,,,,,,,,,,,,1,,,,,,,,,,,,,,,,,,,,,,,,,,,,,,,,{fileID: 0},0,,,,,,,,,,,,,,,,,,,0,,,1,,,,,,,,{fileID: 0},0,,,,,,,,,,,,,,,,,,,,SodaLight,,0,,,,,{fileID: 0},0,{fileID: 0},0,,,,,,,,,,,,,,,,,,,,,,,,"{fileID: -36843972, guid: c88ab7b37c4f350242674d2efd621c19, type: 3}",-36843972,c88ab7b37c4f350242674d2efd621c19,,,,,,,,,,,,,,,,,,,,,,,,,,,,,,,,,,,,,,,,,,,,,,,,,,,,,,,,,,,,,,,,,,,,,,,,,,,,,,,,,,,,,,,,,,,,,,,,,,,,,,,,,,,,,,,,,,,,,,,,,,,,,,,,,,,,,,,,,,,,,,,,,,,,,,,,,,,,,,,,,,,,,,,,,,,,,,,,,,230,60,"{x: 0, y: 0, z: 0, w: 0}",0,1,4,1,32768,2,[],1,0,"{fileID: 2100000, guid: 286cc9238b0b7824a9961433a46aeae3, type: 2}",0,2100000,286cc9238b0b7824a9961433a46aeae3,Assets/Material/SodaPointLight.mat,1,{fileID: 0},0,0,,,SodaLight,0,0,0,8,0,0,,,,,,,,,,,,,,,,,,,,,,,,,,,,,,,,,,,,,,,,,,,,,,,,,,,,,,,,,,,,,,,,,,,,,,,,,,,,,,,,,,,,,,,,,,,,,,,,,,,,,,,,,,,,,,,,,,,,,,,,,,,,,,,,,,,,,,,,,,,,,,,,,,,,,,,,,,,,,,,,,,,,,,
DepthOfField_29,Assets/MonoBehaviour/DepthOfField_29.asset,c88ab7b37c4f350242674d2efd621c19,c88ab7b37c4f350242674d2efd621c19,-2085558323,,,,0,1,1.42,,,,,1,5,1,1,1,0,,,,,,,,,,,,,,,,,,,,,,,,,,,,,,,,,,,,,,,,,,,,,,,,,,,,,,,,,,,,,,,,,,,,,,,,,,,,,,,,,,,,,,,,,,,,1,287.7,1,2.69,,,,,,1,74.6,1,1,1,44.12,,,,,,,,,,,,,,,,,,,,,1,0,,,,,,,,,,,,,,,,,,,,,,,,,,,,,,,,,,,,,,,,,,,,,,,,,,,,,,,,,,,,,,,,,,,,,,,,,,,,,,,,,,,,,,,,,,,,,,,,,,,,,{fileID: 0},0,,,,,,,,,,,,,,,,,,,0,,,1,,,,,,,,{fileID: 0},0,,,,,,,,,,,,,,,,,,,,DepthOfField,,0,,,,,{fileID: 0},0,{fileID: 0},0,,,,,,,,,,,,,,,,,,,,,,,,"{fileID: -2085558323, guid: c88ab7b37c4f350242674d2efd621c19, type: 3}",-2085558323,c88ab7b37c4f350242674d2efd621c19,,,,,,,,,,,,,,,,,,,,,,,,,,,,,,,,,,,,,,,,,,,,,,,,,,,,,,,,,,,,,,,,,,,,,,,,,,,,,,,,,,,,,,,,,,,,,,,,,,,,,,,,,,,,,,,,,,1,2,,,,,,,,,,,,,,,,,,,,,,,,,,,,,,,,,,,,,,,,,,,,,,,,,,,,,,,,,,,,,,,,,,,,,,,,,,,,,,,,,,,,,,,,,,,,,,,,,,,,,,,,,,,,,,,,,,,,,,,,,,,,,,,,,,,,,,,,,,,,,,,,,,,,,,,,,,,,,,,,,,,,,,,,,,,,,,,,,,,,,,,,,,,,,,,,,,,,,,,,,,,,,,,,,,,,,,,,,,,,,,,,,,,,,,,,,,,,,,,,,,,,,,,,,,,,,,,,,,
ColorAdjustments_2,Assets/MonoBehaviour/ColorAdjustments_2.asset,c88ab7b37c4f350242674d2efd621c19,c88ab7b37c4f350242674d2efd621c19,-1728269046,,,,0,,,,,,,,,,,,,,,,,,,,,,,,,,,,,,,,,,,,,,,,,,,,,,,,,,,,,,,0,"{r: 1, g: 1, b: 1, a: 1}",,,,,,,,,,,,,,,,0,50.7,,,,,,,,,,,,,,,,,,,,,,,,,,,,,,,,,,,,,,,,,,,,,,,,,,,,,,,,,,,,,,,,,,,,,,,,,,0,0,,,,,,,,,,,,,,,,,,,,,,,,,,,,,,,,,,,,,,,,,,,,,,,,,,,,,,,,,,,,,,,,,,,,,,,,,,,,,,,,,,,,,,,,,,,,,{fileID: 0},0,,,,,,,,,,,,,,,,,,,0,,,1,,,,,,,,{fileID: 0},0,,,,,,,,,,,,,,,,,,,,ColorAdjustments,,0,,,,,{fileID: 0},0,{fileID: 0},0,,,,,,,,,,,,,,,,,,,,,,,,"{fileID: -1728269046, guid: c88ab7b37c4f350242674d2efd621c19, type: 3}",-1728269046,c88ab7b37c4f350242674d2efd621c19,,,,,,,,,,,,,,,,,,,,,,,,,,,,,,,,,,,,,,,,,,,,,,,,,,,,,,,,,,,,,,,,,,,,,,,,,,,,,,,,,,,,,,,,,,,,,,,,,,,,,,,,,,,,,,,,,,,,,,,,,,,,,,,,1,0.2,,,,,,,,,,,,,,,,,,,,,,,,,,,,,,,,,,,,,,,,,,,0,0,,,,,,,,,,,,,,,,,,,,,,,,,,,,,,,,,,,,,,,,,,,,,,,,,,,,,,,,,,,,,,,,,,,,,,,,,,,,,,,,,,,,,,,,,,,,,,,,,,,,,,,,,,,,,,,,,,,,,,,,,,,,,,,,,,,,,,,,,,,,,,,,,,,,,,,,,,,,,,,,,,,,,,,,,,,,,,,,,,,,,,,,,,,,,,,,,,,,,,,,
URP-HighFidelity-MiniGame_Low,Assets/MonoBehaviour/URP-HighFidelity-MiniGame_Low.asset,c88ab7b37c4f350242674d2efd621c19,c88ab7b37c4f350242674d2efd621c19,-1575395517,"11400000, guid: 2079b47a7b1cb4f4ea6f718e35551168, type: 2}",,,,,,,,,,,,,,,,,,,,,,,,,,,,,,,,,,,,,,,,,,,,,,,,,,,,,,,,,,,,,,,,,,,,,,,,,,,,,,,,,"{fileID: 4800000, guid: b17ccd757e79dfe4a94a4934ec27e59b, type: 3}",4800000,b17ccd757e79dfe4a94a4934ec27e59b,Assets/Shader/Hidden_Universal Render Pipeline_Debug_DebugReplacement.shader,"{fileID: 4800000, guid: 221598d7edc18d946a186bd1be7e0506, type: 3}",4800000,221598d7edc18d946a186bd1be7e0506,Assets/Shader/Hidden_Universal_HDRDebugView.shader,,,,,,,,,,,,,,,,,,,,,,,,,,,,,,,,,,,,,,,,,,,,,,,,,,,,,,,,,,,,,,,,,,,,,,,,,,,,,,,,,,,,,,,,,,,,,,,,,,,,,,,,,,,,,,,,,,,,,,,,,,,0,,,,,,,,,,,,,,,,2,,,,,,,,,,,,0,,,,,{fileID: 0},0,,,,,,,,,,2,0,2,3,2,2,0,,,0,,,1,,,,,,,,{fileID: 0},0,,,1,,,,,,,,,,,,,,,,,URP-HighFidelity-MiniGame_Low,,0,,,4294967295,2,{fileID: 0},0,{fileID: 0},0,,,,,,,,,,73ca1076e450a752,,,,0,,,,,,,,,,"{fileID: -1575395517, guid: c88ab7b37c4f350242674d2efd621c19, type: 3}",-1575395517,c88ab7b37c4f350242674d2efd621c19,,,,,,,,,,,,,,,,,,,,,,,,,,,,,,,,,1,,,,,,,,,,,,,,,,,,,,,,,,,,,,,,,,,4294967295,2,,,,,,0,,,,,,,,,,,,,,,,,,,,,,,,,,,,,,,,,,,,,,,,,,,,,,,,,,,,,,,,,"{fileID: 11400000, guid: a70445ff426c66142a46ec56f8726547, type: 2}",11400000,a70445ff426c66142a46ec56f8726547,Assets/MonoBehaviour/PostProcessData.asset,,,,,,,,,,,,,,,,,,,,,,,,,,,,,,,,,,,,,,,,,,,,,,,,,,,,,,,,,,,,,,,,,,,,,,,,,,,,,,,"{fileID: 4800000, guid: c238d5feb7d99c344a6465c79b55fa52, type: 3}",4800000,c238d5feb7d99c344a6465c79b55fa52,Assets/Shader/Hidden_Universal_BlitHDROverlay.shader,"{fileID: 4800000, guid: 8c1120e8ac2b2b446b3e5621a2052362, type: 3}",4800000,8c1120e8ac2b2b446b3e5621a2052362,Assets/Shader/Hidden_Universal Render Pipeline_Blit.shader,,,,,,,,,,,,,"{fileID: 4800000, guid: 48ce2f9cdc2a90243904a8408c7929d7, type: 3}",4800000,48ce2f9cdc2a90243904a8408c7929d7,Assets/Shader/Hidden_Universal Render Pipeline_CameraMotionVectors.shader,"{fileID: 4800000, guid: 36ed5df42a1a91e4faf05b3726afbf50, type: 3}",4800000,36ed5df42a1a91e4faf05b3726afbf50,Assets/Shader/Hidden_Universal Render Pipeline_CopyDepth.shader,"{fileID: 4800000, guid: 4931cc0ca7aa93945a897c2144cc7b88, type: 3}",4800000,4931cc0ca7aa93945a897c2144cc7b88,Assets/Shader/Hidden_Universal_CoreBlitColorAndDepth.shader,"{fileID: 4800000, guid: 298fe462cd855084f9eae37c2bac2bdc, type: 3}",4800000,298fe462cd855084f9eae37c2bac2bdc,Assets/Shader/Hidden_Universal_CoreBlit.shader,"{fileID: 4800000, guid: 9f08c25dd95d27a4698021afb85457be, type: 3}",4800000,9f08c25dd95d27a4698021afb85457be,Assets/Shader/Hidden_Universal Render Pipeline_LensFlareDataDriven.shader,,,,,"{fileID: 4800000, guid: a718f956e275b714dbab7603ba39ecd6, type: 3}",4800000,a718f956e275b714dbab7603ba39ecd6,Assets/Shader/Hidden_Universal Render Pipeline_FallbackError.shader,"{fileID: 4800000, guid: f2d2c4785467fdb438268b329667c86c, type: 3}",4800000,f2d2c4785467fdb438268b329667c86c,Assets/Shader/Hidden_Universal Render Pipeline_FallbackLoading.shader,,,,,,,,,,,,,,,,,"{fileID: 4800000, guid: 05f1358865ef4fa468533bcff3b3cd14, type: 3}",4800000,05f1358865ef4fa468533bcff3b3cd14,Assets/Shader/Hidden_Universal Render Pipeline_MaterialError.shader,"{fileID: 4800000, guid: 105f64465aca5ab488277f5043f01f30, type: 3}",4800000,105f64465aca5ab488277f5043f01f30,Assets/Shader/Hidden_Universal Render Pipeline_ObjectMotionVectors.shader,,,,,"{fileID: 4800000, guid: 71d048003cbf5da4492ef8f567373212, type: 3}",4800000,71d048003cbf5da4492ef8f567373212,Assets/Shader/Hidden_Universal Render Pipeline_Sampling.shader,,,,,{fileID: 0},0,"{fileID: 4800000, guid: f62af052555bc7244a08f2b97185493b, type: 3}",4800000,f62af052555bc7244a08f2b97185493b,Assets/Shader/Hidden_Universal Render Pipeline_StencilDeferred.shader,,,,,,,,,,,,,,,,,,,,,,,,,,,,,,,,,,,,,,,,,,,,,,,,,,,,,,,,,,,,,,,"{fileID: 11400000, guid: 467c9003cb4d4e04ebb0eb2df37872fb, type: 2}",11400000,467c9003cb4d4e04ebb0eb2df37872fb,Assets/MonoBehaviour/XRSystemData.asset,,
ChromaticAberration_10,Assets/MonoBehaviour/ChromaticAberration_10.asset,c88ab7b37c4f350242674d2efd621c19,c88ab7b37c4f350242674d2efd621c19,456897975,,,,0,,,,,,,,,,,,,,,,,,,,,,,,,,,,,,,,,,,,,,,,,,,,,,,,,,,,,,,,,,,,,,,,,,,,,,,,,,,,,,,,,,,,,,,,,,,,,,,,,,,,,,,,,,,,,,,,,,,,,,,,,,,,,,,,,,,,,,,,,,,,,,,,,,,,,,,,,,,,,,,,,,,,,,,,,,,,,,,,,,,,,,,,,,,,,,1,0.4,,,,,,,,,,,,,,,,,,,,,,,,,,,,,,,,,,,,,,,,,,,,,,,,,,{fileID: 0},0,,,,,,,,,,,,,,,,,,,0,,,1,,,,,,,,{fileID: 0},0,,,,,,,,,,,,,,,,,,,,ChromaticAberration,,0,,,,,{fileID: 0},0,{fileID: 0},0,,,,,,,,,,,,,,,,,,,,,,,,"{fileID: 456897975, guid: c88ab7b37c4f350242674d2efd621c19, type: 3}",456897975,c88ab7b37c4f350242674d2efd621c19,,,,,,,,,,,,,,,,,,,,,,,,,,,,,,,,,,,,,,,,,,,,,,,,,,,,,,,,,,,,,,,,,,,,,,,,,,,,,,,,,,,,,,,,,,,,,,,,,,,,,,,,,,,,,,,,,,,,,,,,,,,,,,,,,,,,,,,,,,,,,,,,,,,,,,,,,,,,,,,,,,,,,,,,,,,,,,,,,,,,,,,,,,,,,,,,,,,,,,,,,,,,,,,,,,,,,,,,,,,,,,,,,,,,,,,,,,,,,,,,,,,,,,,,,,,,,,,,,,,,,,,,,,,,,,,,,,,,,,,,,,,,,,,,,,,,,,,,,,,,,,,,,,,,,,,,,,,,,,,,,,,,,,,,,,,,,,,,,,,,,,,,,,,,,,,,,,,,,,,,,,,,,,,,,,,,,
ColorAdjustments_24,Assets/MonoBehaviour/ColorAdjustments_24.asset,c88ab7b37c4f350242674d2efd621c19,c88ab7b37c4f350242674d2efd621c19,-1728269046,,,,1,,,,,,,,,,,,,,,,,,,,,,,,,,,,,,,,,,,,,,,,,,,,,,,,,,,,,,,1,"{r: 1, g: 1, b: 1, a: 1}",,,,,,,,,,,,,,,,1,10,,,,,,,,,,,,,,,,,,,,,,,,,,,,,,,,,,,,,,,,,,,,,,,,,,,,,,,,,,,,,,,,,,,,,,,,,,1,0,,,,,,,,,,,,,,,,,,,,,,,,,,,,,,,,,,,,,,,,,,,,,,,,,,,,,,,,,,,,,,,,,,,,,,,,,,,,,,,,,,,,,,,,,,,,,{fileID: 0},0,,,,,,,,,,,,,,,,,,,0,,,1,,,,,,,,{fileID: 0},0,,,,,,,,,,,,,,,,,,,,ColorAdjustments,,0,,,,,{fileID: 0},0,{fileID: 0},0,,,,,,,,,,,,,,,,,,,,,,,,"{fileID: -1728269046, guid: c88ab7b37c4f350242674d2efd621c19, type: 3}",-1728269046,c88ab7b37c4f350242674d2efd621c19,,,,,,,,,,,,,,,,,,,,,,,,,,,,,,,,,,,,,,,,,,,,,,,,,,,,,,,,,,,,,,,,,,,,,,,,,,,,,,,,,,,,,,,,,,,,,,,,,,,,,,,,,,,,,,,,,,,,,,,,,,,,,,,,1,0,,,,,,,,,,,,,,,,,,,,,,,,,,,,,,,,,,,,,,,,,,,1,0,,,,,,,,,,,,,,,,,,,,,,,,,,,,,,,,,,,,,,,,,,,,,,,,,,,,,,,,,,,,,,,,,,,,,,,,,,,,,,,,,,,,,,,,,,,,,,,,,,,,,,,,,,,,,,,,,,,,,,,,,,,,,,,,,,,,,,,,,,,,,,,,,,,,,,,,,,,,,,,,,,,,,,,,,,,,,,,,,,,,,,,,,,,,,,,,,,,,,,,,
LiftGammaGain_1,Assets/MonoBehaviour/LiftGammaGain_1.asset,c88ab7b37c4f350242674d2efd621c19,c88ab7b37c4f350242674d2efd621c19,282247082,,,,0,,,,,,,,,,,,,,,,,,,,,,,,,,,,,,,,,,,,,,,,,,,,,,,,,,,,,,,,,,,,,,,,,,,,,,,,,,,,,,,,,,,,,,,,,,,,,,,,,,,,,,,,,,,,,1,"{x: 1, y: 0.8975893, z: 0.8246257, w: 0}",1,"{x: 1, y: 0.9662676, z: 0.92472875, w: 0}",,,,,,,,,,,,,,,,,,,,,,,,,,,,,,,,,,,,,,,,,,,,,,,,,,,,,,,,,,,,,,,,,,,,,,,,,,,,,,,,,,1,"{x: 0.9122383, y: 0.92490494, z: 1, w: 0}",,,,,,,,,,,,,,,,,,,,,,,,,,,,,,,,,,,,,,,,,,,,,,{fileID: 0},0,,,,,,,,,,,,,,,,,,,0,,,1,,,,,,,,{fileID: 0},0,,,,,,,,,,,,,,,,,,,,LiftGammaGain,,0,,,,,{fileID: 0},0,{fileID: 0},0,,,,,,,,,,,,,,,,,,,,,,,,"{fileID: 282247082, guid: c88ab7b37c4f350242674d2efd621c19, type: 3}",282247082,c88ab7b37c4f350242674d2efd621c19,,,,,,,,,,,,,,,,,,,,,,,,,,,,,,,,,,,,,,,,,,,,,,,,,,,,,,,,,,,,,,,,,,,,,,,,,,,,,,,,,,,,,,,,,,,,,,,,,,,,,,,,,,,,,,,,,,,,,,,,,,,,,,,,,,,,,,,,,,,,,,,,,,,,,,,,,,,,,,,,,,,,,,,,,,,,,,,,,,,,,,,,,,,,,,,,,,,,,,,,,,,,,,,,,,,,,,,,,,,,,,,,,,,,,,,,,,,,,,,,,,,,,,,,,,,,,,,,,,,,,,,,,,,,,,,,,,,,,,,,,,,,,,,,,,,,,,,,,,,,,,,,,,,,,,,,,,,,,,,,,,,,,,,,,,,,,,,,,,,,,,,,,,,,,,,,,,,,,,,,,,,,,,,,,,,,,
Bloom_0,Assets/MonoBehaviour/Bloom_0.asset,c88ab7b37c4f350242674d2efd621c19,c88ab7b37c4f350242674d2efd621c19,464656391,,,,1,,,,,,,,,,,,,,,,,,,,,,,,,,,,,,,,,,,,,,,,,,,,,,,,,,,0,65472,,,,,,,,,,,,,,,,,,,,,,,,,,,,,,,,,,,,,,0,0,1,0,{fileID: 0},0,,,,,0,0,,,,,,,,,,,,,,,,,,,,,,,,,,,,,,,,,,,,0,0,,,,,,,,,,,,,,,,,,,,,,,,,,,,,,,,,,,,,,,,,,,,,,,,,,,,1,1,,,,,,,,,,,,,,,,,,,,,,,,,,,,,,,,,,,,,,,,,,,,,,,,,,{fileID: 0},0,,,,,,,,,,,,,,,,,,,0,,,1,,,,,,,,{fileID: 0},0,,,,,,,,,,,,,,,,,,,,Bloom,,0,,,,,{fileID: 0},0,{fileID: 0},0,,,,,,,,,,,,,,,,,,,,,,,,"{fileID: 464656391, guid: c88ab7b37c4f350242674d2efd621c19, type: 3}",464656391,c88ab7b37c4f350242674d2efd621c19,,,,,,,,,,,,,,,,,,,,,,,,,,,,,,,,,,,,,,,,,,,,,,,,,,,,,,,,,,,,,,,,,,,,,,,,,,,,,,,,,,,,,,,,,,,,,,,,,,,,,,,,,,0,6,,,,,,,,,,,,,,,,,,,,,,,,,,,,,,,,,,,,,,,,,,,,,,,,,,,,,,,,,,,,,,,,,,,,,1,0.7,,,,,,,,,,,,,,,,,,,,,,,,,,,,,,,,,,,,,,,,,,,,,,,,,,,,,,,,,,,,,,,,,,,,,,,,,,,,,,,,,,,,,,,,,,,,,,,,,,,,,,,,,,,,,,,,,,,,,,,,,,,,,,,,,,,,,,,,,,,,,,,,,,,,,,,,,,,,,,,,,,0,1,,,,,,,,,,,,,,,,,,,,1,1,0,"{r: 1, g: 1, b: 1, a: 1}",,,,,,,,,,
New Umbra Profile_13,Assets/MonoBehaviour/New Umbra Profile_13.asset,c88ab7b37c4f350242674d2efd621c19,c88ab7b37c4f350242674d2efd621c19,-2068570431,,,,,,,,,0,,,,,,,,0,,,,,,,,,,,,,,,,,,,50,50,0,5,0,0,1,10,,,0.1,1,0.1,1,0.1,1,1,,,,,,,,,0,0.75,1,0.85,0.3,0.1,16,0,0.01,0.01,0,0.5,0.15,0.96,0.0001,,,,,,,,,,,,,,,,,,,,,,,,,,,1.5,0,,,1,,,,,,0,,,,,,,,,,,,,,,,,,,,,,,,,,,,,,,,,,,,,,,,,,,,,,,,,,,,,,,,,,,,,,,,,,,,,,,,,,,,,,,,,,,,,,,,13,0,,,,,,,,,,,,,,,,,,,,,,,,,,,,,,,,,,,,,,,,,,,,{fileID: 0},0,,,,,,,,,,,,,,,,,,,0,,,1,,,,,,,,{fileID: 0},0,,,,,,,,,,,,,,,,,,,,New Umbra Profile,,0,,,,,{fileID: 0},0,{fileID: 0},0,,,,,,,,,,,,,,,,,,,,,,,,"{fileID: -2068570431, guid: c88ab7b37c4f350242674d2efd621c19, type: 3}",-2068570431,c88ab7b37c4f350242674d2efd621c19,,,,,,,,,,,,,,,,,,,,,,,,,,,,,,,,,,,,,,,,,,,,,,,,,,,,,,,,,,,,,,,,,,,,,,,,,,,,,,,,,,,,,1,{fileID: 0},0,,,,,,,,,,,,,,,,,,,,,,,,,,,,,,,0,9,8,,,,,,,,,,,,,,1,1,,,,,,,,,,,,,,,,,,,,,,,,,,16,,,,,,,,,,,,,,,,,,,,,,,,,,,,,,,,,,,,,,,,,,,,,,,,,,,,,,,,,,,,,,,,,,,,,,,,,,,,,,,,,,,,,,,,,,,,,,,,,,,,,,,,,,,,,,,,,,,,,,,,,,,,,,,,,,,,,,,,,,,,,,,,,,,,,,,,,,,,,,,,,,,,,,,,,1,,,,,,,0.1,5,,,,,0,,,,,,,,,,,,,,,,,,,,,,,,,,,,,,
Bloom_4,Assets/MonoBehaviour/Bloom_4.asset,c88ab7b37c4f350242674d2efd621c19,c88ab7b37c4f350242674d2efd621c19,464656391,,,,1,,,,,,,,,,,,,,,,,,,,,,,,,,,,,,,,,,,,,,,,,,,,,,,,,,,0,65472,,,,,,,,,,,,,,,,,,,,,,,,,,,,,,,,,,,,,,0,0,1,0,{fileID: 0},0,,,,,0,0,,,,,,,,,,,,,,,,,,,,,,,,,,,,,,,,,,,,0,0,,,,,,,,,,,,,,,,,,,,,,,,,,,,,,,,,,,,,,,,,,,,,,,,,,,,1,0.55,,,,,,,,,,,,,,,,,,,,,,,,,,,,,,,,,,,,,,,,,,,,,,,,,,{fileID: 0},0,,,,,,,,,,,,,,,,,,,0,,,1,,,,,,,,{fileID: 0},0,,,,,,,,,,,,,,,,,,,,Bloom,,0,,,,,{fileID: 0},0,{fileID: 0},0,,,,,,,,,,,,,,,,,,,,,,,,"{fileID: 464656391, guid: c88ab7b37c4f350242674d2efd621c19, type: 3}",464656391,c88ab7b37c4f350242674d2efd621c19,,,,,,,,,,,,,,,,,,,,,,,,,,,,,,,,,,,,,,,,,,,,,,,,,,,,,,,,,,,,,,,,,,,,,,,,,,,,,,,,,,,,,,,,,,,,,,,,,,,,,,,,,,0,6,,,,,,,,,,,,,,,,,,,,,,,,,,,,,,,,,,,,,,,,,,,,,,,,,,,,,,,,,,,,,,,,,,,,,1,1,,,,,,,,,,,,,,,,,,,,,,,,,,,,,,,,,,,,,,,,,,,,,,,,,,,,,,,,,,,,,,,,,,,,,,,,,,,,,,,,,,,,,,,,,,,,,,,,,,,,,,,,,,,,,,,,,,,,,,,,,,,,,,,,,,,,,,,,,,,,,,,,,,,,,,,,,,,,,,,,,,1,1,,,,,,,,,,,,,,,,,,,,1,0.21,0,"{r: 0.41037738, g: 0.7054686, b: 1, a: 1}",,,,,,,,,,
ChromaticAberration_6,Assets/MonoBehaviour/ChromaticAberration_6.asset,c88ab7b37c4f350242674d2efd621c19,c88ab7b37c4f350242674d2efd621c19,456897975,,,,0,,,,,,,,,,,,,,,,,,,,,,,,,,,,,,,,,,,,,,,,,,,,,,,,,,,,,,,,,,,,,,,,,,,,,,,,,,,,,,,,,,,,,,,,,,,,,,,,,,,,,,,,,,,,,,,,,,,,,,,,,,,,,,,,,,,,,,,,,,,,,,,,,,,,,,,,,,,,,,,,,,,,,,,,,,,,,,,,,,,,,,,,,,,,,,1,0.1,,,,,,,,,,,,,,,,,,,,,,,,,,,,,,,,,,,,,,,,,,,,,,,,,,{fileID: 0},0,,,,,,,,,,,,,,,,,,,0,,,1,,,,,,,,{fileID: 0},0,,,,,,,,,,,,,,,,,,,,ChromaticAberration,,0,,,,,{fileID: 0},0,{fileID: 0},0,,,,,,,,,,,,,,,,,,,,,,,,"{fileID: 456897975, guid: c88ab7b37c4f350242674d2efd621c19, type: 3}",456897975,c88ab7b37c4f350242674d2efd621c19,,,,,,,,,,,,,,,,,,,,,,,,,,,,,,,,,,,,,,,,,,,,,,,,,,,,,,,,,,,,,,,,,,,,,,,,,,,,,,,,,,,,,,,,,,,,,,,,,,,,,,,,,,,,,,,,,,,,,,,,,,,,,,,,,,,,,,,,,,,,,,,,,,,,,,,,,,,,,,,,,,,,,,,,,,,,,,,,,,,,,,,,,,,,,,,,,,,,,,,,,,,,,,,,,,,,,,,,,,,,,,,,,,,,,,,,,,,,,,,,,,,,,,,,,,,,,,,,,,,,,,,,,,,,,,,,,,,,,,,,,,,,,,,,,,,,,,,,,,,,,,,,,,,,,,,,,,,,,,,,,,,,,,,,,,,,,,,,,,,,,,,,,,,,,,,,,,,,,,,,,,,,,,,,,,,,,
DepthOfField_22,Assets/MonoBehaviour/DepthOfField_22.asset,c88ab7b37c4f350242674d2efd621c19,c88ab7b37c4f350242674d2efd621c19,-2085558323,,,,0,1,1.24,,,,,1,5,1,1,1,0,,,,,,,,,,,,,,,,,,,,,,,,,,,,,,,,,,,,,,,,,,,,,,,,,,,,,,,,,,,,,,,,,,,,,,,,,,,,,,,,,,,,,,,,,,,,1,274.6,0,43,,,,,,1,74.6,1,1,1,44.12,,,,,,,,,,,,,,,,,,,,,1,0,,,,,,,,,,,,,,,,,,,,,,,,,,,,,,,,,,,,,,,,,,,,,,,,,,,,,,,,,,,,,,,,,,,,,,,,,,,,,,,,,,,,,,,,,,,,,,,,,,,,,{fileID: 0},0,,,,,,,,,,,,,,,,,,,0,,,1,,,,,,,,{fileID: 0},0,,,,,,,,,,,,,,,,,,,,DepthOfField,,0,,,,,{fileID: 0},0,{fileID: 0},0,,,,,,,,,,,,,,,,,,,,,,,,"{fileID: -2085558323, guid: c88ab7b37c4f350242674d2efd621c19, type: 3}",-2085558323,c88ab7b37c4f350242674d2efd621c19,,,,,,,,,,,,,,,,,,,,,,,,,,,,,,,,,,,,,,,,,,,,,,,,,,,,,,,,,,,,,,,,,,,,,,,,,,,,,,,,,,,,,,,,,,,,,,,,,,,,,,,,,,,,,,,,,,0,2,,,,,,,,,,,,,,,,,,,,,,,,,,,,,,,,,,,,,,,,,,,,,,,,,,,,,,,,,,,,,,,,,,,,,,,,,,,,,,,,,,,,,,,,,,,,,,,,,,,,,,,,,,,,,,,,,,,,,,,,,,,,,,,,,,,,,,,,,,,,,,,,,,,,,,,,,,,,,,,,,,,,,,,,,,,,,,,,,,,,,,,,,,,,,,,,,,,,,,,,,,,,,,,,,,,,,,,,,,,,,,,,,,,,,,,,,,,,,,,,,,,,,,,,,,,,,,,,,,
ColorAdjustments,Assets/MonoBehaviour/ColorAdjustments.asset,c88ab7b37c4f350242674d2efd621c19,c88ab7b37c4f350242674d2efd621c19,-1728269046,,,,1,,,,,,,,,,,,,,,,,,,,,,,,,,,,,,,,,,,,,,,,,,,,,,,,,,,,,,,1,"{r: 1, g: 1, b: 1, a: 1}",,,,,,,,,,,,,,,,1,5,,,,,,,,,,,,,,,,,,,,,,,,,,,,,,,,,,,,,,,,,,,,,,,,,,,,,,,,,,,,,,,,,,,,,,,,,,1,0,,,,,,,,,,,,,,,,,,,,,,,,,,,,,,,,,,,,,,,,,,,,,,,,,,,,,,,,,,,,,,,,,,,,,,,,,,,,,,,,,,,,,,,,,,,,,{fileID: 0},0,,,,,,,,,,,,,,,,,,,0,,,1,,,,,,,,{fileID: 0},0,,,,,,,,,,,,,,,,,,,,ColorAdjustments,,0,,,,,{fileID: 0},0,{fileID: 0},0,,,,,,,,,,,,,,,,,,,,,,,,"{fileID: -1728269046, guid: c88ab7b37c4f350242674d2efd621c19, type: 3}",-1728269046,c88ab7b37c4f350242674d2efd621c19,,,,,,,,,,,,,,,,,,,,,,,,,,,,,,,,,,,,,,,,,,,,,,,,,,,,,,,,,,,,,,,,,,,,,,,,,,,,,,,,,,,,,,,,,,,,,,,,,,,,,,,,,,,,,,,,,,,,,,,,,,,,,,,,1,0.3,,,,,,,,,,,,,,,,,,,,,,,,,,,,,,,,,,,,,,,,,,,1,-5,,,,,,,,,,,,,,,,,,,,,,,,,,,,,,,,,,,,,,,,,,,,,,,,,,,,,,,,,,,,,,,,,,,,,,,,,,,,,,,,,,,,,,,,,,,,,,,,,,,,,,,,,,,,,,,,,,,,,,,,,,,,,,,,,,,,,,,,,,,,,,,,,,,,,,,,,,,,,,,,,,,,,,,,,,,,,,,,,,,,,,,,,,,,,,,,,,,,,,,,
PaniniProjection,Assets/MonoBehaviour/PaniniProjection.asset,c88ab7b37c4f350242674d2efd621c19,c88ab7b37c4f350242674d2efd621c19,-1302714509,,,,0,,,,,,,,,,,,,,,,,,,,,,,,,,,,,,,,,,,,,,,,,,,,,,,,,,,,,,,,,,,,,,,,,,,,,,,,,,,,1,1,,,,,,,,,,,,,,,,,,,1,1,,,,,,,,,,,,,,,,,,,,,,,,,,,,,,,,,,,,,,,,,,,,,,,,,,,,,,,,,,,,,,,,,,,,,,,,,,,,,,,,,,,,,,,,,,,,,,,,,,,,,,,,,,,,,,,,,,,,,,,,,,,,,,,,,,,,,,,,,,,,,,,,{fileID: 0},0,,,,,,,,,,,,,,,,,,,0,,,1,,,,,,,,{fileID: 0},0,,,,,,,,,,,,,,,,,,,,PaniniProjection,,0,,,,,{fileID: 0},0,{fileID: 0},0,,,,,,,,,,,,,,,,,,,,,,,,"{fileID: -1302714509, guid: c88ab7b37c4f350242674d2efd621c19, type: 3}",-1302714509,c88ab7b37c4f350242674d2efd621c19,,,,,,,,,,,,,,,,,,,,,,,,,,,,,,,,,,,,,,,,,,,,,,,,,,,,,,,,,,,,,,,,,,,,,,,,,,,,,,,,,,,,,,,,,,,,,,,,,,,,,,,,,,,,,,,,,,,,,,,,,,,,,,,,,,,,,,,,,,,,,,,,,,,,,,,,,,,,,,,,,,,,,,,,,,,,,,,,,,,,,,,,,,,,,,,,,,,,,,,,,,,,,,,,,,,,,,,,,,,,,,,,,,,,,,,,,,,,,,,,,,,,,,,,,,,,,,,,,,,,,,,,,,,,,,,,,,,,,,,,,,,,,,,,,,,,,,,,,,,,,,,,,,,,,,,,,,,,,,,,,,,,,,,,,,,,,,,,,,,,,,,,,,,,,,,,,,,,,,,,,,,,,,,,,,,,,
ColorLookup_3,Assets/MonoBehaviour/ColorLookup_3.asset,c88ab7b37c4f350242674d2efd621c19,c88ab7b37c4f350242674d2efd621c19,257616187,,,,1,,,,,,,,,,,,,,,,,,,,,,,,,,,,,,,,,,,,,,,,,,,,,,,,,,,,,,,,,,,,,,,,,,,,,,,,,,1,0.9,,,,,,,,,,,,,,,,,,,,,,,,,,,,,,,,,,,,,,,,,,,,,,,,,,,,,,,,,,,,,,,,,,,,,,,,,,,,,,,,,,,,,,,,,,,,,,,,,,,,,,,,,,,,,,,,,,,,,,,,,,,,,,,,,,,,,,,,,,,,,,,,,,,,,,,,,,,,,,,,,,,,,,{fileID: 0},0,,,,,,,,,,,,,,,,,,,0,,,1,,,,,,,,{fileID: 0},0,,,,,,,,,,,,,,,,,,,,ColorLookup,,0,,,,,{fileID: 0},0,{fileID: 0},0,,,,,,,,,,,,,,,,,,,,,,,,"{fileID: 257616187, guid: c88ab7b37c4f350242674d2efd621c19, type: 3}",257616187,c88ab7b37c4f350242674d2efd621c19,,,,,,,,,,,,,,,,,,,,,,,,,,,,,,,,,,,,,,,,,,,,,,,,,,,,,,,,,,,,,,,,,,,,,,,,,,,,,,,,,,,,,,,,,,,,,,,,,,,,,,,,,,,,,,,,,,,,,,,,,,,,,,,,,,,,,,,,,,,,,,,,,,,,,,,,,,,,,,,,,,,,,,,,,,,,,,,,,,,,,,,,,,,,,,,,,,,,,,,,,,,,,,,,,,,,,,,,,,,,,,,,,,,,,,,,,,,,,,,,,,,,,,,,,,,,,,,,,,,,,,,,,,,,,,,,,,,,,,,,,,,,,,,,,,,,,,,,,,,,,,,,,,,,,,,,,,,,,,,,,,,,,,,,,,,,,,,,,,,,,,,,,1,1,"{fileID: 2800000, guid: a846349189435e84e9ef607d46b571a1, type: 3}",2800000,a846349189435e84e9ef607d46b571a1,Assets/Texture2D/LUT_Gary.png,,,,,,,,,,,,,,,,,,,,,,,
DepthOfField_4,Assets/MonoBehaviour/DepthOfField_4.asset,c88ab7b37c4f350242674d2efd621c19,c88ab7b37c4f350242674d2efd621c19,-2085558323,,,,1,1,8.32,,,,,1,5,1,1,1,0,,,,,,,,,,,,,,,,,,,,,,,,,,,,,,,,,,,,,,,,,,,,,,,,,,,,,,,,,,,,,,,,,,,,,,,,,,,,,,,,,,,,,,,,,,,,1,259.6,1,10,,,,,,1,30,1,1,1,10,,,,,,,,,,,,,,,,,,,,,1,0,,,,,,,,,,,,,,,,,,,,,,,,,,,,,,,,,,,,,,,,,,,,,,,,,,,,,,,,,,,,,,,,,,,,,,,,,,,,,,,,,,,,,,,,,,,,,,,,,,,,,{fileID: 0},0,,,,,,,,,,,,,,,,,,,0,,,1,,,,,,,,{fileID: 0},0,,,,,,,,,,,,,,,,,,,,DepthOfField,,0,,,,,{fileID: 0},0,{fileID: 0},0,,,,,,,,,,,,,,,,,,,,,,,,"{fileID: -2085558323, guid: c88ab7b37c4f350242674d2efd621c19, type: 3}",-2085558323,c88ab7b37c4f350242674d2efd621c19,,,,,,,,,,,,,,,,,,,,,,,,,,,,,,,,,,,,,,,,,,,,,,,,,,,,,,,,,,,,,,,,,,,,,,,,,,,,,,,,,,,,,,,,,,,,,,,,,,,,,,,,,,,,,,,,,,1,2,,,,,,,,,,,,,,,,,,,,,,,,,,,,,,,,,,,,,,,,,,,,,,,,,,,,,,,,,,,,,,,,,,,,,,,,,,,,,,,,,,,,,,,,,,,,,,,,,,,,,,,,,,,,,,,,,,,,,,,,,,,,,,,,,,,,,,,,,,,,,,,,,,,,,,,,,,,,,,,,,,,,,,,,,,,,,,,,,,,,,,,,,,,,,,,,,,,,,,,,,,,,,,,,,,,,,,,,,,,,,,,,,,,,,,,,,,,,,,,,,,,,,,,,,,,,,,,,,,
New Umbra Profile_7,Assets/MonoBehaviour/New Umbra Profile_7.asset,c88ab7b37c4f350242674d2efd621c19,c88ab7b37c4f350242674d2efd621c19,-2068570431,,,,,,,,,0,,,,,,,,0,,,,,,,,,,,,,,,,,,,50,50,0,5,0,0,1,10,,,0.1,1,0.1,1,0.1,1,1,,,,,,,,,0,0.75,0,0.85,0.3,0.1,16,0,0.01,0.01,0,0.5,0.15,0.96,0.0001,,,,,,,,,,,,,,,,,,,,,,,,,,,1,0,,,1,,,,,,0,,,,,,,,,,,,,,,,,,,,,,,,,,,,,,,,,,,,,,,,,,,,,,,,,,,,,,,,,,,,,,,,,,,,,,,,,,,,,,,,,,,,,,,,6,0,,,,,,,,,,,,,,,,,,,,,,,,,,,,,,,,,,,,,,,,,,,,{fileID: 0},0,,,,,,,,,,,,,,,,,,,0,,,1,,,,,,,,{fileID: 0},0,,,,,,,,,,,,,,,,,,,,New Umbra Profile,,0,,,,,{fileID: 0},0,{fileID: 0},0,,,,,,,,,,,,,,,,,,,,,,,,"{fileID: -2068570431, guid: c88ab7b37c4f350242674d2efd621c19, type: 3}",-2068570431,c88ab7b37c4f350242674d2efd621c19,,,,,,,,,,,,,,,,,,,,,,,,,,,,,,,,,,,,,,,,,,,,,,,,,,,,,,,,,,,,,,,,,,,,,,,,,,,,,,,,,,,,,1,{fileID: 0},0,,,,,,,,,,,,,,,,,,,,,,,,,,,,,,,0,8,8,,,,,,,,,,,,,,1,1,,,,,,,,,,,,,,,,,,,,,,,,,,16,,,,,,,,,,,,,,,,,,,,,,,,,,,,,,,,,,,,,,,,,,,,,,,,,,,,,,,,,,,,,,,,,,,,,,,,,,,,,,,,,,,,,,,,,,,,,,,,,,,,,,,,,,,,,,,,,,,,,,,,,,,,,,,,,,,,,,,,,,,,,,,,,,,,,,,,,,,,,,,,,,,,,,,,,1,,,,,,,0.1,5,,,,,0,,,,,,,,,,,,,,,,,,,,,,,,,,,,,,
ChromaticAberration_9,Assets/MonoBehaviour/ChromaticAberration_9.asset,c88ab7b37c4f350242674d2efd621c19,c88ab7b37c4f350242674d2efd621c19,456897975,,,,0,,,,,,,,,,,,,,,,,,,,,,,,,,,,,,,,,,,,,,,,,,,,,,,,,,,,,,,,,,,,,,,,,,,,,,,,,,,,,,,,,,,,,,,,,,,,,,,,,,,,,,,,,,,,,,,,,,,,,,,,,,,,,,,,,,,,,,,,,,,,,,,,,,,,,,,,,,,,,,,,,,,,,,,,,,,,,,,,,,,,,,,,,,,,,,1,0.05,,,,,,,,,,,,,,,,,,,,,,,,,,,,,,,,,,,,,,,,,,,,,,,,,,{fileID: 0},0,,,,,,,,,,,,,,,,,,,0,,,1,,,,,,,,{fileID: 0},0,,,,,,,,,,,,,,,,,,,,ChromaticAberration,,0,,,,,{fileID: 0},0,{fileID: 0},0,,,,,,,,,,,,,,,,,,,,,,,,"{fileID: 456897975, guid: c88ab7b37c4f350242674d2efd621c19, type: 3}",456897975,c88ab7b37c4f350242674d2efd621c19,,,,,,,,,,,,,,,,,,,,,,,,,,,,,,,,,,,,,,,,,,,,,,,,,,,,,,,,,,,,,,,,,,,,,,,,,,,,,,,,,,,,,,,,,,,,,,,,,,,,,,,,,,,,,,,,,,,,,,,,,,,,,,,,,,,,,,,,,,,,,,,,,,,,,,,,,,,,,,,,,,,,,,,,,,,,,,,,,,,,,,,,,,,,,,,,,,,,,,,,,,,,,,,,,,,,,,,,,,,,,,,,,,,,,,,,,,,,,,,,,,,,,,,,,,,,,,,,,,,,,,,,,,,,,,,,,,,,,,,,,,,,,,,,,,,,,,,,,,,,,,,,,,,,,,,,,,,,,,,,,,,,,,,,,,,,,,,,,,,,,,,,,,,,,,,,,,,,,,,,,,,,,,,,,,,,,
LiftGammaGain_0,Assets/MonoBehaviour/LiftGammaGain_0.asset,c88ab7b37c4f350242674d2efd621c19,c88ab7b37c4f350242674d2efd621c19,282247082,,,,1,,,,,,,,,,,,,,,,,,,,,,,,,,,,,,,,,,,,,,,,,,,,,,,,,,,,,,,,,,,,,,,,,,,,,,,,,,,,,,,,,,,,,,,,,,,,,,,,,,,,,,,,,,,,,1,"{x: 1, y: 0.9507703, z: 0.8942983, w: 0}",1,"{x: 1, y: 0.98782974, z: 0.9305449, w: 0}",,,,,,,,,,,,,,,,,,,,,,,,,,,,,,,,,,,,,,,,,,,,,,,,,,,,,,,,,,,,,,,,,,,,,,,,,,,,,,,,,,1,"{x: 0.89241976, y: 0.87788343, z: 1, w: 0}",,,,,,,,,,,,,,,,,,,,,,,,,,,,,,,,,,,,,,,,,,,,,,{fileID: 0},0,,,,,,,,,,,,,,,,,,,0,,,1,,,,,,,,{fileID: 0},0,,,,,,,,,,,,,,,,,,,,LiftGammaGain,,0,,,,,{fileID: 0},0,{fileID: 0},0,,,,,,,,,,,,,,,,,,,,,,,,"{fileID: 282247082, guid: c88ab7b37c4f350242674d2efd621c19, type: 3}",282247082,c88ab7b37c4f350242674d2efd621c19,,,,,,,,,,,,,,,,,,,,,,,,,,,,,,,,,,,,,,,,,,,,,,,,,,,,,,,,,,,,,,,,,,,,,,,,,,,,,,,,,,,,,,,,,,,,,,,,,,,,,,,,,,,,,,,,,,,,,,,,,,,,,,,,,,,,,,,,,,,,,,,,,,,,,,,,,,,,,,,,,,,,,,,,,,,,,,,,,,,,,,,,,,,,,,,,,,,,,,,,,,,,,,,,,,,,,,,,,,,,,,,,,,,,,,,,,,,,,,,,,,,,,,,,,,,,,,,,,,,,,,,,,,,,,,,,,,,,,,,,,,,,,,,,,,,,,,,,,,,,,,,,,,,,,,,,,,,,,,,,,,,,,,,,,,,,,,,,,,,,,,,,,,,,,,,,,,,,,,,,,,,,,,,,,,,,,
Tonemapping_6,Assets/MonoBehaviour/Tonemapping_6.asset,c88ab7b37c4f350242674d2efd621c19,c88ab7b37c4f350242674d2efd621c19,640956576,,0,3,1,,,,,,,,,,,,,,,,,,,,,,,,,,,,,,,,,,,,,,,,,,,,,,,,,,,,,,,,,,,,,,,,,,,,,,,,,,,,,,,,,,,,,,0,1,0,0,,,,,,,,,,,,,,,,,,,,,,,,,,,,,,,,,,,,,,,,,,,,,,,,,,,,,,,,,,,,0,0,,,,,,,,,,,,,,,,,,,,,,,,,,,,,,,,,,,,,,,,,,,,,,,,,,,,,,,,,,,,,,,,,,,,,,,,,,,,,,,,,,,,,,,,,,,{fileID: 0},0,,,,,,,,,,,,,,,,,,,0,,,1,,,,,,,,{fileID: 0},0,,,,,,,,,,,,,,,,,,,,Tonemapping,,0,,,,,{fileID: 0},0,{fileID: 0},0,,,,,,,,,,,,,,,,,,,,,,,,"{fileID: 640956576, guid: c88ab7b37c4f350242674d2efd621c19, type: 3}",640956576,c88ab7b37c4f350242674d2efd621c19,,,,,,,,,,,,,,,,,,,,,,,,,,,,,,,,,,,,,,,,,,,,,,,,,,,,,,,,,,,,,,,,,,,,,,,,,,,,,,,,,,,,,,,,,,,,,,,,,,,,,,,,,,,,0,1000,,,0,0.005,1,2,0,2,,,,0,300,,,,,,,,,,,,,,,,,,,,,,,,,,,,,,,,,,,,,,,,,,,,,,,,,,,,,,,,,,,,,,,,,,,,,,,,,,,,,,,,,,,,,,,,,,,,,,,,,,,,,,,,,,,,,,,,,,,,,,,,,,,,,,,,,,,,,,,,,,,,,,,,,,,,,,,,,,,,,,,,,,,,,,,,,,,,,,,,,,,,,,,,,,,,,,,,,,,,,,,,,,,,,,,,,,,,,,,,,,,,,,,,,,,,,,,,,,,,,,,,,,,,,,,,,,,
Tonemapping,Assets/MonoBehaviour/Tonemapping.asset,c88ab7b37c4f350242674d2efd621c19,c88ab7b37c4f350242674d2efd621c19,640956576,,0,3,1,,,,,,,,,,,,,,,,,,,,,,,,,,,,,,,,,,,,,,,,,,,,,,,,,,,,,,,,,,,,,,,,,,,,,,,,,,,,,,,,,,,,,,0,1,0,0,,,,,,,,,,,,,,,,,,,,,,,,,,,,,,,,,,,,,,,,,,,,,,,,,,,,,,,,,,,,0,0,,,,,,,,,,,,,,,,,,,,,,,,,,,,,,,,,,,,,,,,,,,,,,,,,,,,,,,,,,,,,,,,,,,,,,,,,,,,,,,,,,,,,,,,,,,{fileID: 0},0,,,,,,,,,,,,,,,,,,,0,,,1,,,,,,,,{fileID: 0},0,,,,,,,,,,,,,,,,,,,,Tonemapping,,0,,,,,{fileID: 0},0,{fileID: 0},0,,,,,,,,,,,,,,,,,,,,,,,,"{fileID: 640956576, guid: c88ab7b37c4f350242674d2efd621c19, type: 3}",640956576,c88ab7b37c4f350242674d2efd621c19,,,,,,,,,,,,,,,,,,,,,,,,,,,,,,,,,,,,,,,,,,,,,,,,,,,,,,,,,,,,,,,,,,,,,,,,,,,,,,,,,,,,,,,,,,,,,,,,,,,,,,,,,,,,0,1000,,,0,0.005,1,2,0,2,,,,0,300,,,,,,,,,,,,,,,,,,,,,,,,,,,,,,,,,,,,,,,,,,,,,,,,,,,,,,,,,,,,,,,,,,,,,,,,,,,,,,,,,,,,,,,,,,,,,,,,,,,,,,,,,,,,,,,,,,,,,,,,,,,,,,,,,,,,,,,,,,,,,,,,,,,,,,,,,,,,,,,,,,,,,,,,,,,,,,,,,,,,,,,,,,,,,,,,,,,,,,,,,,,,,,,,,,,,,,,,,,,,,,,,,,,,,,,,,,,,,,,,,,,,,,,,,,,
ColorLookup_5,Assets/MonoBehaviour/ColorLookup_5.asset,c88ab7b37c4f350242674d2efd621c19,c88ab7b37c4f350242674d2efd621c19,257616187,,,,1,,,,,,,,,,,,,,,,,,,,,,,,,,,,,,,,,,,,,,,,,,,,,,,,,,,,,,,,,,,,,,,,,,,,,,,,,,1,0.5,,,,,,,,,,,,,,,,,,,,,,,,,,,,,,,,,,,,,,,,,,,,,,,,,,,,,,,,,,,,,,,,,,,,,,,,,,,,,,,,,,,,,,,,,,,,,,,,,,,,,,,,,,,,,,,,,,,,,,,,,,,,,,,,,,,,,,,,,,,,,,,,,,,,,,,,,,,,,,,,,,,,,,{fileID: 0},0,,,,,,,,,,,,,,,,,,,0,,,1,,,,,,,,{fileID: 0},0,,,,,,,,,,,,,,,,,,,,ColorLookup,,0,,,,,{fileID: 0},0,{fileID: 0},0,,,,,,,,,,,,,,,,,,,,,,,,"{fileID: 257616187, guid: c88ab7b37c4f350242674d2efd621c19, type: 3}",257616187,c88ab7b37c4f350242674d2efd621c19,,,,,,,,,,,,,,,,,,,,,,,,,,,,,,,,,,,,,,,,,,,,,,,,,,,,,,,,,,,,,,,,,,,,,,,,,,,,,,,,,,,,,,,,,,,,,,,,,,,,,,,,,,,,,,,,,,,,,,,,,,,,,,,,,,,,,,,,,,,,,,,,,,,,,,,,,,,,,,,,,,,,,,,,,,,,,,,,,,,,,,,,,,,,,,,,,,,,,,,,,,,,,,,,,,,,,,,,,,,,,,,,,,,,,,,,,,,,,,,,,,,,,,,,,,,,,,,,,,,,,,,,,,,,,,,,,,,,,,,,,,,,,,,,,,,,,,,,,,,,,,,,,,,,,,,,,,,,,,,,,,,,,,,,,,,,,,,,,,,,,,,,,1,1,"{fileID: 2800000, guid: 36d500d1f2ddd564b9ab681e6fc1aae8, type: 3}",2800000,36d500d1f2ddd564b9ab681e6fc1aae8,Assets/Texture2D/LUT_VisionX.png,,,,,,,,,,,,,,,,,,,,,,,
ColorCurves_3,Assets/MonoBehaviour/ColorCurves_3.asset,c88ab7b37c4f350242674d2efd621c19,c88ab7b37c4f350242674d2efd621c19,1948069495,,,,1,,,,,,,,,,,,,,0,2,3,1,0,2,2,4,1,0,2,0,1,1,0,0,1,0,,,,,,,,,,,,,,,,,,,,,,,,,,,,,,,,,,,,,,,,,,,,,,,,,,,,,,,,,,,,,,,,,,,,,,,,,,,,,,,,,,,,,,,,0,2,3,1,0,2,2,4,1,0,2,0,1,1,0,0,1,0,,,,,,,,,,,,,,,1,7,3,0,0,,2,2,4,0,0,2,0,1,0.5010267,0,1,1,0.5,1,0,,,,[],2,2,4,,,2,,,,,1,1,0.5,,,,,,,,,,0,0,[],2,2,4,2,0,1,0.5,,,,,,,,,,,,,,,,,,,,,,,,,,,,,,,,,,{fileID: 0},0,,,,,,,,,,,,,,,,,,,0,,,1,,,,,,,,{fileID: 0},0,,,,,,,,,,,,,,,,,,,,ColorCurves,,0,,,,,{fileID: 0},0,{fileID: 0},0,,,,,,,,,,,,,,,,,,,,,,,,"{fileID: 1948069495, guid: c88ab7b37c4f350242674d2efd621c19, type: 3}",1948069495,c88ab7b37c4f350242674d2efd621c19,,,,,,,,,,,,,,,,,,,,,,,,,,,,,,,,,,,,,,,,,,,,,,,,,,,,,,,,,,,,,,,,,,,,,,,,,,,,,,,,,,,,,,,,1,2,3,0.35897076,0,2,2,4,0.35897076,0,2,0,1,1,0,0,1,0,,,,,,,,,,,,,,,,,,,,,,,,,,,,,,,,,0,2,3,1,0,2,2,4,1,0,2,0,1,1,0,0,1,0,,,,,,,0,0,[],2,2,4,2,0,1,0.5,,,,,,,,,,,,,,,,,,,,,,,,,,,,,,,,,,,,,,,,,,,,,,,,,,,,,,,,,,,,,,,,,,,,,,,,,,,,,,,,,,,,,,,,,,,,,,,,,,,,,,,,,,,,,,,,,,,,,,,,,,,,,,,,,,,,,,,,,,,,,,,,,,,,,,,,,,,,,,,,,,,,,,,,,,,,,,,,,,,,,,,,,,,,,,,,,,,,,,,,,,
DepthOfField_30,Assets/MonoBehaviour/DepthOfField_30.asset,c88ab7b37c4f350242674d2efd621c19,c88ab7b37c4f350242674d2efd621c19,-2085558323,,,,1,1,32,,,,,1,5,1,1,1,0,,,,,,,,,,,,,,,,,,,,,,,,,,,,,,,,,,,,,,,,,,,,,,,,,,,,,,,,,,,,,,,,,,,,,,,,,,,,,,,,,,,,,,,,,,,,1,50,1,10,,,,,,1,30,1,1,1,10,,,,,,,,,,,,,,,,,,,,,1,0,,,,,,,,,,,,,,,,,,,,,,,,,,,,,,,,,,,,,,,,,,,,,,,,,,,,,,,,,,,,,,,,,,,,,,,,,,,,,,,,,,,,,,,,,,,,,,,,,,,,,{fileID: 0},0,,,,,,,,,,,,,,,,,,,0,,,1,,,,,,,,{fileID: 0},0,,,,,,,,,,,,,,,,,,,,DepthOfField,,0,,,,,{fileID: 0},0,{fileID: 0},0,,,,,,,,,,,,,,,,,,,,,,,,"{fileID: -2085558323, guid: c88ab7b37c4f350242674d2efd621c19, type: 3}",-2085558323,c88ab7b37c4f350242674d2efd621c19,,,,,,,,,,,,,,,,,,,,,,,,,,,,,,,,,,,,,,,,,,,,,,,,,,,,,,,,,,,,,,,,,,,,,,,,,,,,,,,,,,,,,,,,,,,,,,,,,,,,,,,,,,,,,,,,,,1,2,,,,,,,,,,,,,,,,,,,,,,,,,,,,,,,,,,,,,,,,,,,,,,,,,,,,,,,,,,,,,,,,,,,,,,,,,,,,,,,,,,,,,,,,,,,,,,,,,,,,,,,,,,,,,,,,,,,,,,,,,,,,,,,,,,,,,,,,,,,,,,,,,,,,,,,,,,,,,,,,,,,,,,,,,,,,,,,,,,,,,,,,,,,,,,,,,,,,,,,,,,,,,,,,,,,,,,,,,,,,,,,,,,,,,,,,,,,,,,,,,,,,,,,,,,,,,,,,,,
DecalRendererFeature_0,Assets/MonoBehaviour/DecalRendererFeature_0.asset,c88ab7b37c4f350242674d2efd621c19,c88ab7b37c4f350242674d2efd621c19,1619829637,,,,,,,,,,,,,,,,,,,,,,,,,,,,,,,,,,,,,,,,,,,,,,,,,,,,,,,,,,,,,,,,,,,,,,,,,,,,,,,,,,,,,,,,,,,,,,,,,,,,,,,,,,,,,,,,,,,,,,,,,,,,,,,,,,,,,,,,,,,,,,,,,,,,,,,,,,,,,,,,,,,,,,,,,,,,,,,,,,,,,,,,,,,,,,,,,,,,,,,,,,,,,,,,,,,,,1,,,,,,,,,,,,,,,,,,,,,,,,,,,,"{fileID: 4800000, guid: 36ed5df42a1a91e4faf05b3726afbf50, type: 3}",4800000,36ed5df42a1a91e4faf05b3726afbf50,Assets/Shader/Hidden_Universal Render Pipeline_CopyDepth.shader,{fileID: 0},0,,,"{fileID: 4800000, guid: 03c09b8c2d1c6f344929816caf5d3059, type: 3}",4800000,03c09b8c2d1c6f344929816caf5d3059,Assets/Shader/Hidden_Universal Render Pipeline_DBufferClear.shader,,,,,,,,,,,,,0,,,1,,,,,,,,{fileID: 0},0,,,,,,,,,,,,,,,,,,,,DecalRendererFeature,,0,,,,,{fileID: 0},0,{fileID: 0},0,,,,,,,,,,,,,,,,,,,,,,,,"{fileID: 1619829637, guid: c88ab7b37c4f350242674d2efd621c19, type: 3}",1619829637,c88ab7b37c4f350242674d2efd621c19,,,,,,,,,,,,,,2,0,500,0,1,,,,,,,,,,,,,,,,,,,,,,,,,,,,,,,,,,,,,,,,,,,,,,,,,,,,,,,,,,,,,,,,,,,,,,,,,,,,,,,,,,,,,,,,,,,,,,,,,,,,,,,,,,,,,,,,,,,,,,,,,,,,,,,,,,,,,,,,,,,,,,,,,,,,,,,,,,,,,,,,,,,,,,,,,,,,,,,,,,,,,,,,,,,,,,,,,,,,,,,,,,,,,,,,,,,,,,,,,,,,,,,,,,,,,,,,,,,,,,,,,,,,,,,,,,,,,,,,,,,,,,,,,,,,,,,,,,,,,,,,,,,,,,,,,,,,,,,,,,,,,,,,,,,,,,,,,,,,,,,,,,,,,,,,,,,,,,,,,,,,,,,,,,,,,,,,,,,
DepthOfField_34,Assets/MonoBehaviour/DepthOfField_34.asset,c88ab7b37c4f350242674d2efd621c19,c88ab7b37c4f350242674d2efd621c19,-2085558323,,,,1,1,1.59,,,,,0,5,0,1,0,0,,,,,,,,,,,,,,,,,,,,,,,,,,,,,,,,,,,,,,,,,,,,,,,,,,,,,,,,,,,,,,,,,,,,,,,,,,,,,,,,,,,,,,,,,,,,1,277.7,0,10,,,,,,0,30,0,1,0,10,,,,,,,,,,,,,,,,,,,,,0,0,,,,,,,,,,,,,,,,,,,,,,,,,,,,,,,,,,,,,,,,,,,,,,,,,,,,,,,,,,,,,,,,,,,,,,,,,,,,,,,,,,,,,,,,,,,,,,,,,,,,,{fileID: 0},0,,,,,,,,,,,,,,,,,,,0,,,1,,,,,,,,{fileID: 0},0,,,,,,,,,,,,,,,,,,,,DepthOfField,,0,,,,,{fileID: 0},0,{fileID: 0},0,,,,,,,,,,,,,,,,,,,,,,,,"{fileID: -2085558323, guid: c88ab7b37c4f350242674d2efd621c19, type: 3}",-2085558323,c88ab7b37c4f350242674d2efd621c19,,,,,,,,,,,,,,,,,,,,,,,,,,,,,,,,,,,,,,,,,,,,,,,,,,,,,,,,,,,,,,,,,,,,,,,,,,,,,,,,,,,,,,,,,,,,,,,,,,,,,,,,,,,,,,,,,,1,2,,,,,,,,,,,,,,,,,,,,,,,,,,,,,,,,,,,,,,,,,,,,,,,,,,,,,,,,,,,,,,,,,,,,,,,,,,,,,,,,,,,,,,,,,,,,,,,,,,,,,,,,,,,,,,,,,,,,,,,,,,,,,,,,,,,,,,,,,,,,,,,,,,,,,,,,,,,,,,,,,,,,,,,,,,,,,,,,,,,,,,,,,,,,,,,,,,,,,,,,,,,,,,,,,,,,,,,,,,,,,,,,,,,,,,,,,,,,,,,,,,,,,,,,,,,,,,,,,,
SplitToning_2,Assets/MonoBehaviour/SplitToning_2.asset,c88ab7b37c4f350242674d2efd621c19,c88ab7b37c4f350242674d2efd621c19,-1771661620,,,,0,,,1,0,,,,,,,,,,,,,,,,,,,,,,,,,,,,,,,,,,,,,,,,,,,,,,,,,,,,,,,,,,,,,,,,,,,,,,,,,,,,,,,,,,,,,,,,,,,,,,,,,,,,,,,,,,,,,,,,,,,,,,,,,,,,,,,,,,,,,,,,,1,"{r: 0.9622642, g: 0.69505954, b: 0.51290494, a: 1}",,,,,,,,,,,,,,,,,,,,,,,,,,,,,,,,,,,,,,,,,,,,,,,,,,,,,,,,,,,,,,,,,,,,,,,,,,,,,,,,,,,,,,,,,,,,,,,,,,,{fileID: 0},0,,,,,,,,,,,,,,,,,,,0,,,1,,,,,,,,{fileID: 0},0,,,,,,,,,,,,,,,,,,,,SplitToning,,0,,,,,{fileID: 0},0,{fileID: 0},0,,,,,,,,,,,,,,,,,,,,,,,,"{fileID: -1771661620, guid: c88ab7b37c4f350242674d2efd621c19, type: 3}",-1771661620,c88ab7b37c4f350242674d2efd621c19,,,,,,,,,,,,,,,,,,,,,,,,,,,,,,,,,,,,,,,,,,,,,,,,,,,,,,,,,,,,,,,,,,,,,,,,,,,,,,,,,,,,,,,,,,,,,,,,,,,,,,,,,,,,,,,,,,,,,,,,,,,,,,,,,,,,,,,,,,,,,,,,,,,,,,,,,,,,,,,,,,,,,,,,,,,,,,,,,,,,,,,,,,,,,,,,,,,,,,,,,,,,,,,,,,,,,,,,,,,,,,,,,,,,,,,,,,,,,,,,,,,,,,,,,,,,,,,,,,,,,,,,,,,,,,,,,,,,,,,,,,,,,,,,,,,,,,,,,,,,,,,,,,,,,,,,,,,,,,,,,,,,,,,,,,,1,"{r: 0.18823528, g: 0.32648137, b: 0.43529412, a: 1}",,,,,,,,,,,,,,,,,,,,,,,,,,,,,,,,,,,,,,,,,
ColorCurves_2,Assets/MonoBehaviour/ColorCurves_2.asset,c88ab7b37c4f350242674d2efd621c19,c88ab7b37c4f350242674d2efd621c19,1948069495,,,,1,,,,,,,,,,,,,,0,2,3,1,0,2,2,4,1,0,2,0,1,1,0,0,1,0,,,,,,,,,,,,,,,,,,,,,,,,,,,,,,,,,,,,,,,,,,,,,,,,,,,,,,,,,,,,,,,,,,,,,,,,,,,,,,,,,,,,,,,,0,2,3,1,0,2,2,4,1,0,2,0,1,1,0,0,1,0,,,,,,,,,,,,,,,0,6,3,0,0,,2,2,4,0,0,2,0,0.7757909,0.49575073,0,1,1,0.5,1,4,3,0,0,,2,2,4,0,0,2,0,0.99408287,0.5,0,1,1,0.5,,,,,,,,,,0,0,[],2,2,4,2,0,1,0.5,,,,,,,,,,,,,,,,,,,,,,,,,,,,,,,,,,{fileID: 0},0,,,,,,,,,,,,,,,,,,,0,,,1,,,,,,,,{fileID: 0},0,,,,,,,,,,,,,,,,,,,,ColorCurves,,0,,,,,{fileID: 0},0,{fileID: 0},0,,,,,,,,,,,,,,,,,,,,,,,,"{fileID: 1948069495, guid: c88ab7b37c4f350242674d2efd621c19, type: 3}",1948069495,c88ab7b37c4f350242674d2efd621c19,,,,,,,,,,,,,,,,,,,,,,,,,,,,,,,,,,,,,,,,,,,,,,,,,,,,,,,,,,,,,,,,,,,,,,,,,,,,,,,,,,,,,,,,0,2,3,1,0,2,2,4,1,0,2,0,1,1,0,0,1,0,,,,,,,,,,,,,,,,,,,,,,,,,,,,,,,,,0,2,3,1,0,2,2,4,1,0,2,0,1,1,0,0,1,0,,,,,,,0,0,[],2,2,4,2,0,1,0.5,,,,,,,,,,,,,,,,,,,,,,,,,,,,,,,,,,,,,,,,,,,,,,,,,,,,,,,,,,,,,,,,,,,,,,,,,,,,,,,,,,,,,,,,,,,,,,,,,,,,,,,,,,,,,,,,,,,,,,,,,,,,,,,,,,,,,,,,,,,,,,,,,,,,,,,,,,,,,,,,,,,,,,,,,,,,,,,,,,,,,,,,,,,,,,,,,,,,,,,,,,
ChromaticAberration_15,Assets/MonoBehaviour/ChromaticAberration_15.asset,c88ab7b37c4f350242674d2efd621c19,c88ab7b37c4f350242674d2efd621c19,456897975,,,,0,,,,,,,,,,,,,,,,,,,,,,,,,,,,,,,,,,,,,,,,,,,,,,,,,,,,,,,,,,,,,,,,,,,,,,,,,,,,,,,,,,,,,,,,,,,,,,,,,,,,,,,,,,,,,,,,,,,,,,,,,,,,,,,,,,,,,,,,,,,,,,,,,,,,,,,,,,,,,,,,,,,,,,,,,,,,,,,,,,,,,,,,,,,,,,1,0.1,,,,,,,,,,,,,,,,,,,,,,,,,,,,,,,,,,,,,,,,,,,,,,,,,,{fileID: 0},0,,,,,,,,,,,,,,,,,,,0,,,1,,,,,,,,{fileID: 0},0,,,,,,,,,,,,,,,,,,,,ChromaticAberration,,0,,,,,{fileID: 0},0,{fileID: 0},0,,,,,,,,,,,,,,,,,,,,,,,,"{fileID: 456897975, guid: c88ab7b37c4f350242674d2efd621c19, type: 3}",456897975,c88ab7b37c4f350242674d2efd621c19,,,,,,,,,,,,,,,,,,,,,,,,,,,,,,,,,,,,,,,,,,,,,,,,,,,,,,,,,,,,,,,,,,,,,,,,,,,,,,,,,,,,,,,,,,,,,,,,,,,,,,,,,,,,,,,,,,,,,,,,,,,,,,,,,,,,,,,,,,,,,,,,,,,,,,,,,,,,,,,,,,,,,,,,,,,,,,,,,,,,,,,,,,,,,,,,,,,,,,,,,,,,,,,,,,,,,,,,,,,,,,,,,,,,,,,,,,,,,,,,,,,,,,,,,,,,,,,,,,,,,,,,,,,,,,,,,,,,,,,,,,,,,,,,,,,,,,,,,,,,,,,,,,,,,,,,,,,,,,,,,,,,,,,,,,,,,,,,,,,,,,,,,,,,,,,,,,,,,,,,,,,,,,,,,,,,,
Vignette_4,Assets/MonoBehaviour/Vignette_4.asset,c88ab7b37c4f350242674d2efd621c19,c88ab7b37c4f350242674d2efd621c19,565963466,,,,1,,,,,,,,,,,,,,,,,,,,,,,,,,,,,,,,,,,,,,,,,,,,,,,,,1,"{x: 0.5, y: 0.5}",,,1,"{r: 0, g: 0, b: 0, a: 1}",,,,,,,,,,,,,,,,,,,,,,,,,,,,,,,,,,,,,,,,,,,,,,,,,,,,,,,,,,,,,,,,,,,,,,,,,,,,,,,,,,,,,,,,,,,,,,,,,,,,,,,,,,,,,,,,,,,,,,,,,,,,,,,,,,,,,,,,1,0.243,,,,,,,,,,,,,,,,,,,,,,,,,,,,,,,,,,,,,,,,,,,,,,,,,,{fileID: 0},0,,,,,,,,,,,,,,,,,,,0,,,1,,,,,,,,{fileID: 0},0,,,,,,,,,,,,,,,,,,,,Vignette,,0,,,,,{fileID: 0},0,{fileID: 0},0,,,,,,,,,,,,,,,,,,,,,,,,"{fileID: 565963466, guid: c88ab7b37c4f350242674d2efd621c19, type: 3}",565963466,c88ab7b37c4f350242674d2efd621c19,,,,,,,,,,,,,,,,,,,,,,,,,,,,,,,,,,,,,,,,,,,,,,,,,,,,,,,,,,,,,,,,,,,,,,,,,,,,,,,,,,,,,,,,,,,,,,,,,,,,,,,,,,,,,,,,,,,,,,,,,,,,,,,,,,,,,,,,,,,,,,,,,,,,,,,,,,,,,,,1,0,,,,,,,,,,,,,,,,,,,,,,,,,,,,,,,,,,,,,,,,,,,,,,,,,,,,,,,,,,,,,,,,,,,,,,,,,,,,,,,,,,,,,,,,,,,,,,,,,,,,,,,,,,,,,,,,,,,,,,,,,,,,,,,,,,,,,,,,,,,,,,,,,,,,,,,,,,,,,,,,,,,,,,,,,,,,,,,,,,,,,1,0.907,,,,,,,,,,,,,,,,,,,,,,,,,,,,,,,
ColorAdjustments_19,Assets/MonoBehaviour/ColorAdjustments_19.asset,c88ab7b37c4f350242674d2efd621c19,c88ab7b37c4f350242674d2efd621c19,-1728269046,,,,0,,,,,,,,,,,,,,,,,,,,,,,,,,,,,,,,,,,,,,,,,,,,,,,,,,,,,,,0,"{r: 1, g: 1, b: 1, a: 1}",,,,,,,,,,,,,,,,0,0,,,,,,,,,,,,,,,,,,,,,,,,,,,,,,,,,,,,,,,,,,,,,,,,,,,,,,,,,,,,,,,,,,,,,,,,,,0,0,,,,,,,,,,,,,,,,,,,,,,,,,,,,,,,,,,,,,,,,,,,,,,,,,,,,,,,,,,,,,,,,,,,,,,,,,,,,,,,,,,,,,,,,,,,,,{fileID: 0},0,,,,,,,,,,,,,,,,,,,0,,,1,,,,,,,,{fileID: 0},0,,,,,,,,,,,,,,,,,,,,ColorAdjustments,,0,,,,,{fileID: 0},0,{fileID: 0},0,,,,,,,,,,,,,,,,,,,,,,,,"{fileID: -1728269046, guid: c88ab7b37c4f350242674d2efd621c19, type: 3}",-1728269046,c88ab7b37c4f350242674d2efd621c19,,,,,,,,,,,,,,,,,,,,,,,,,,,,,,,,,,,,,,,,,,,,,,,,,,,,,,,,,,,,,,,,,,,,,,,,,,,,,,,,,,,,,,,,,,,,,,,,,,,,,,,,,,,,,,,,,,,,,,,,,,,,,,,,0,0,,,,,,,,,,,,,,,,,,,,,,,,,,,,,,,,,,,,,,,,,,,0,-12,,,,,,,,,,,,,,,,,,,,,,,,,,,,,,,,,,,,,,,,,,,,,,,,,,,,,,,,,,,,,,,,,,,,,,,,,,,,,,,,,,,,,,,,,,,,,,,,,,,,,,,,,,,,,,,,,,,,,,,,,,,,,,,,,,,,,,,,,,,,,,,,,,,,,,,,,,,,,,,,,,,,,,,,,,,,,,,,,,,,,,,,,,,,,,,,,,,,,,,,
FilmGrain_0,Assets/MonoBehaviour/FilmGrain_0.asset,c88ab7b37c4f350242674d2efd621c19,c88ab7b37c4f350242674d2efd621c19,-534242816,,,,1,,,,,,,,,,,,,,,,,,,,,,,,,,,,,,,,,,,,,,,,,,,,,,,,,,,,,,,,,,,,,,,,,,,,,,,,,,,,,,,,,,,,,,,,,,,,,,,,,,,,,,,,,,,,,,,,,,,,,,,,,,,,,,,,,,,,,,,,,,,,,,,,,,,,,,,,,,,,,,,,,,,,,,,,,,,,,,,,,,,,,,,,,,,,,,0,0,,,,,,,,,,,,,,,,,,,,,,,,,,,,,,,,,,,,,,,,,,,,,,,,,,{fileID: 0},0,,,,,,,,,,,,,,,,,,,0,,,1,,,,,,,,{fileID: 0},0,,,,,,,,,,,,,,,,,,,,FilmGrain,,0,,,,,{fileID: 0},0,{fileID: 0},0,,,,,,,,,,,,,,,,,,,,,,,,"{fileID: -534242816, guid: c88ab7b37c4f350242674d2efd621c19, type: 3}",-534242816,c88ab7b37c4f350242674d2efd621c19,,,,,,,,,,,,,,,,,,,,,,,,,,,,,,,,,,,,,,,,,,,,,,,,,,,,,,,,,,,,,,,,,,,,,,,,,,,,,,,,,,,,,,,,,,,,,,,,,,,,,,,,,,,,,,,,,,,,,,,,,,,,,,,,,,,,,,,,,,,,,,,,,,,,,,,,,,,,,0,0.8,,,,,,,,,,,,,,,,,,,,,,,,,,,,,,,,,,,,,,,,,,,,,,,,,,,,,,,,,,,,,,,,,,,,,,,,,,,,,,,,,,,,,,,,,,,,,,,,,,,,,,,,,,,,,,,,,,,,,,,,,,,,,,,,,,,,,,,,,,,,,,,,,,,,,,,,,,,,,,,,,,,,,,,,,,,,,,,,,,,,,,,,,,,,0,{fileID: 0},0,,,,,,,,,,,,,,,,0,0,,,,,,,,
ChromaticAberration_2,Assets/MonoBehaviour/ChromaticAberration_2.asset,c88ab7b37c4f350242674d2efd621c19,c88ab7b37c4f350242674d2efd621c19,456897975,,,,0,,,,,,,,,,,,,,,,,,,,,,,,,,,,,,,,,,,,,,,,,,,,,,,,,,,,,,,,,,,,,,,,,,,,,,,,,,,,,,,,,,,,,,,,,,,,,,,,,,,,,,,,,,,,,,,,,,,,,,,,,,,,,,,,,,,,,,,,,,,,,,,,,,,,,,,,,,,,,,,,,,,,,,,,,,,,,,,,,,,,,,,,,,,,,,1,0.1,,,,,,,,,,,,,,,,,,,,,,,,,,,,,,,,,,,,,,,,,,,,,,,,,,{fileID: 0},0,,,,,,,,,,,,,,,,,,,0,,,1,,,,,,,,{fileID: 0},0,,,,,,,,,,,,,,,,,,,,ChromaticAberration,,0,,,,,{fileID: 0},0,{fileID: 0},0,,,,,,,,,,,,,,,,,,,,,,,,"{fileID: 456897975, guid: c88ab7b37c4f350242674d2efd621c19, type: 3}",456897975,c88ab7b37c4f350242674d2efd621c19,,,,,,,,,,,,,,,,,,,,,,,,,,,,,,,,,,,,,,,,,,,,,,,,,,,,,,,,,,,,,,,,,,,,,,,,,,,,,,,,,,,,,,,,,,,,,,,,,,,,,,,,,,,,,,,,,,,,,,,,,,,,,,,,,,,,,,,,,,,,,,,,,,,,,,,,,,,,,,,,,,,,,,,,,,,,,,,,,,,,,,,,,,,,,,,,,,,,,,,,,,,,,,,,,,,,,,,,,,,,,,,,,,,,,,,,,,,,,,,,,,,,,,,,,,,,,,,,,,,,,,,,,,,,,,,,,,,,,,,,,,,,,,,,,,,,,,,,,,,,,,,,,,,,,,,,,,,,,,,,,,,,,,,,,,,,,,,,,,,,,,,,,,,,,,,,,,,,,,,,,,,,,,,,,,,,,
ShadowsMidtonesHighlights,Assets/MonoBehaviour/ShadowsMidtonesHighlights.asset,c88ab7b37c4f350242674d2efd621c19,c88ab7b37c4f350242674d2efd621c19,815276277,,,,0,,,,,,,,,,,,,,,,,,,,,,,,,,,,,,,,,,,,,,,,,,,,,,,,,,,,,,,,,,,,,,,,,,,,,,,,,,,,,,,,,,,,,,,,,,,,,,,,,,,,,,,,,,,,,,,,,,,,,,,,,,,,,,,,,,,,,,,,,,,,,1,"{x: 1, y: 0.9147034, z: 0.86145085, w: 0.39967144}",0,1,0,0.55,,,,,,,,,,,,,,,,,,,,,,,,,,,,,,,,,,,,,,,,,,,,,,,,,,,,,,,,,,,,,,,,,,,,,,,,,,,,,,,,,,,,,,,,,,,,,,,{fileID: 0},0,,,,,,,,,,,,,,,,,,,0,,,1,,,,,,,,{fileID: 0},0,,,,,,,,,,,,,,,,,,,,ShadowsMidtonesHighlights,,0,,,,,{fileID: 0},0,{fileID: 0},0,,,,,,,,,,,,,,,,,,,,,,,,"{fileID: 815276277, guid: c88ab7b37c4f350242674d2efd621c19, type: 3}",815276277,c88ab7b37c4f350242674d2efd621c19,,,,,,,,,,,,,,,,,,,,,,,,,,,,,,,,,,,,,,,,,,,,,,,,,,,,,,,,,,,,,,,,,,,,,,,,,,,,,,,,,,,,,,,,,,,,,,,,,,,,,,,,,,,,,,1,"{x: 1, y: 0.98047775, z: 0.95624167, w: -0.20804816}",,,,,,,,,,,,,,,,,,,,,,,,,,,,,,,,,,,,,,,,,,,,,,,,,,,,,,,,,,,,,,,,,,,,,,,,,,,,,,,,,,,,,,,,,,,,,,,,,,,,,,,,,,,,,,,,,,,,,,,,,,,,,,,,,,,,,,,,,,,,,,,,,,,,,,,,,,,,,,,,,,,,,,,,,,,,,,,,,,,,,,,,,,,,,,,,,,,,,,,,,,,,,,,,,,,,,,,,,,,,1,"{x: 0.9835438, y: 0.99109393, z: 1, w: 0.082124285}",0,0.3,0,0,,,,,,,,,,,,,,,,,,,,,,,,,,,,,,,,,,,,,
FilmGrain_10,Assets/MonoBehaviour/FilmGrain_10.asset,c88ab7b37c4f350242674d2efd621c19,c88ab7b37c4f350242674d2efd621c19,-534242816,,,,1,,,,,,,,,,,,,,,,,,,,,,,,,,,,,,,,,,,,,,,,,,,,,,,,,,,,,,,,,,,,,,,,,,,,,,,,,,,,,,,,,,,,,,,,,,,,,,,,,,,,,,,,,,,,,,,,,,,,,,,,,,,,,,,,,,,,,,,,,,,,,,,,,,,,,,,,,,,,,,,,,,,,,,,,,,,,,,,,,,,,,,,,,,,,,,1,0.7,,,,,,,,,,,,,,,,,,,,,,,,,,,,,,,,,,,,,,,,,,,,,,,,,,{fileID: 0},0,,,,,,,,,,,,,,,,,,,0,,,1,,,,,,,,{fileID: 0},0,,,,,,,,,,,,,,,,,,,,FilmGrain,,0,,,,,{fileID: 0},0,{fileID: 0},0,,,,,,,,,,,,,,,,,,,,,,,,"{fileID: -534242816, guid: c88ab7b37c4f350242674d2efd621c19, type: 3}",-534242816,c88ab7b37c4f350242674d2efd621c19,,,,,,,,,,,,,,,,,,,,,,,,,,,,,,,,,,,,,,,,,,,,,,,,,,,,,,,,,,,,,,,,,,,,,,,,,,,,,,,,,,,,,,,,,,,,,,,,,,,,,,,,,,,,,,,,,,,,,,,,,,,,,,,,,,,,,,,,,,,,,,,,,,,,,,,,,,,,,1,0,,,,,,,,,,,,,,,,,,,,,,,,,,,,,,,,,,,,,,,,,,,,,,,,,,,,,,,,,,,,,,,,,,,,,,,,,,,,,,,,,,,,,,,,,,,,,,,,,,,,,,,,,,,,,,,,,,,,,,,,,,,,,,,,,,,,,,,,,,,,,,,,,,,,,,,,,,,,,,,,,,,,,,,,,,,,,,,,,,,,,,,,,,,,1,{fileID: 0},0,,,,,,,,,,,,,,,,1,7,,,,,,,,
FilmGrain_7,Assets/MonoBehaviour/FilmGrain_7.asset,c88ab7b37c4f350242674d2efd621c19,c88ab7b37c4f350242674d2efd621c19,-534242816,,,,1,,,,,,,,,,,,,,,,,,,,,,,,,,,,,,,,,,,,,,,,,,,,,,,,,,,,,,,,,,,,,,,,,,,,,,,,,,,,,,,,,,,,,,,,,,,,,,,,,,,,,,,,,,,,,,,,,,,,,,,,,,,,,,,,,,,,,,,,,,,,,,,,,,,,,,,,,,,,,,,,,,,,,,,,,,,,,,,,,,,,,,,,,,,,,,1,0.474,,,,,,,,,,,,,,,,,,,,,,,,,,,,,,,,,,,,,,,,,,,,,,,,,,{fileID: 0},0,,,,,,,,,,,,,,,,,,,0,,,1,,,,,,,,{fileID: 0},0,,,,,,,,,,,,,,,,,,,,FilmGrain,,0,,,,,{fileID: 0},0,{fileID: 0},0,,,,,,,,,,,,,,,,,,,,,,,,"{fileID: -534242816, guid: c88ab7b37c4f350242674d2efd621c19, type: 3}",-534242816,c88ab7b37c4f350242674d2efd621c19,,,,,,,,,,,,,,,,,,,,,,,,,,,,,,,,,,,,,,,,,,,,,,,,,,,,,,,,,,,,,,,,,,,,,,,,,,,,,,,,,,,,,,,,,,,,,,,,,,,,,,,,,,,,,,,,,,,,,,,,,,,,,,,,,,,,,,,,,,,,,,,,,,,,,,,,,,,,,1,0.3,,,,,,,,,,,,,,,,,,,,,,,,,,,,,,,,,,,,,,,,,,,,,,,,,,,,,,,,,,,,,,,,,,,,,,,,,,,,,,,,,,,,,,,,,,,,,,,,,,,,,,,,,,,,,,,,,,,,,,,,,,,,,,,,,,,,,,,,,,,,,,,,,,,,,,,,,,,,,,,,,,,,,,,,,,,,,,,,,,,,,,,,,,,,1,{fileID: 0},0,,,,,,,,,,,,,,,,1,0,,,,,,,,
DepthOfField_16,Assets/MonoBehaviour/DepthOfField_16.asset,c88ab7b37c4f350242674d2efd621c19,c88ab7b37c4f350242674d2efd621c19,-2085558323,,,,1,1,1.83,,,,,1,5,1,1,1,0,,,,,,,,,,,,,,,,,,,,,,,,,,,,,,,,,,,,,,,,,,,,,,,,,,,,,,,,,,,,,,,,,,,,,,,,,,,,,,,,,,,,,,,,,,,,1,259.6,1,10,,,,,,1,30,1,1,1,10,,,,,,,,,,,,,,,,,,,,,1,0,,,,,,,,,,,,,,,,,,,,,,,,,,,,,,,,,,,,,,,,,,,,,,,,,,,,,,,,,,,,,,,,,,,,,,,,,,,,,,,,,,,,,,,,,,,,,,,,,,,,,{fileID: 0},0,,,,,,,,,,,,,,,,,,,0,,,1,,,,,,,,{fileID: 0},0,,,,,,,,,,,,,,,,,,,,DepthOfField,,0,,,,,{fileID: 0},0,{fileID: 0},0,,,,,,,,,,,,,,,,,,,,,,,,"{fileID: -2085558323, guid: c88ab7b37c4f350242674d2efd621c19, type: 3}",-2085558323,c88ab7b37c4f350242674d2efd621c19,,,,,,,,,,,,,,,,,,,,,,,,,,,,,,,,,,,,,,,,,,,,,,,,,,,,,,,,,,,,,,,,,,,,,,,,,,,,,,,,,,,,,,,,,,,,,,,,,,,,,,,,,,,,,,,,,,1,2,,,,,,,,,,,,,,,,,,,,,,,,,,,,,,,,,,,,,,,,,,,,,,,,,,,,,,,,,,,,,,,,,,,,,,,,,,,,,,,,,,,,,,,,,,,,,,,,,,,,,,,,,,,,,,,,,,,,,,,,,,,,,,,,,,,,,,,,,,,,,,,,,,,,,,,,,,,,,,,,,,,,,,,,,,,,,,,,,,,,,,,,,,,,,,,,,,,,,,,,,,,,,,,,,,,,,,,,,,,,,,,,,,,,,,,,,,,,,,,,,,,,,,,,,,,,,,,,,,
Vignette_12,Assets/MonoBehaviour/Vignette_12.asset,c88ab7b37c4f350242674d2efd621c19,c88ab7b37c4f350242674d2efd621c19,565963466,,,,1,,,,,,,,,,,,,,,,,,,,,,,,,,,,,,,,,,,,,,,,,,,,,,,,,1,"{x: 0.5, y: 0.5}",,,1,"{r: 0, g: 0, b: 0, a: 1}",,,,,,,,,,,,,,,,,,,,,,,,,,,,,,,,,,,,,,,,,,,,,,,,,,,,,,,,,,,,,,,,,,,,,,,,,,,,,,,,,,,,,,,,,,,,,,,,,,,,,,,,,,,,,,,,,,,,,,,,,,,,,,,,,,,,,,,,1,0.33,,,,,,,,,,,,,,,,,,,,,,,,,,,,,,,,,,,,,,,,,,,,,,,,,,{fileID: 0},0,,,,,,,,,,,,,,,,,,,0,,,1,,,,,,,,{fileID: 0},0,,,,,,,,,,,,,,,,,,,,Vignette,,0,,,,,{fileID: 0},0,{fileID: 0},0,,,,,,,,,,,,,,,,,,,,,,,,"{fileID: 565963466, guid: c88ab7b37c4f350242674d2efd621c19, type: 3}",565963466,c88ab7b37c4f350242674d2efd621c19,,,,,,,,,,,,,,,,,,,,,,,,,,,,,,,,,,,,,,,,,,,,,,,,,,,,,,,,,,,,,,,,,,,,,,,,,,,,,,,,,,,,,,,,,,,,,,,,,,,,,,,,,,,,,,,,,,,,,,,,,,,,,,,,,,,,,,,,,,,,,,,,,,,,,,,,,,,,,,,1,1,,,,,,,,,,,,,,,,,,,,,,,,,,,,,,,,,,,,,,,,,,,,,,,,,,,,,,,,,,,,,,,,,,,,,,,,,,,,,,,,,,,,,,,,,,,,,,,,,,,,,,,,,,,,,,,,,,,,,,,,,,,,,,,,,,,,,,,,,,,,,,,,,,,,,,,,,,,,,,,,,,,,,,,,,,,,,,,,,,,,,1,0.218,,,,,,,,,,,,,,,,,,,,,,,,,,,,,,,
ColorCurves_4,Assets/MonoBehaviour/ColorCurves_4.asset,c88ab7b37c4f350242674d2efd621c19,c88ab7b37c4f350242674d2efd621c19,1948069495,,,,1,,,,,,,,,,,,,,0,2,3,1,0,2,2,4,1,0,2,0,1,1,0,0,1,0,,,,,,,,,,,,,,,,,,,,,,,,,,,,,,,,,,,,,,,,,,,,,,,,,,,,,,,,,,,,,,,,,,,,,,,,,,,,,,,,,,,,,,,,0,2,3,1,0,2,2,4,1,0,2,0,1,1,0,0,1,0,,,,,,,,,,,,,,,0,0,,,,[],2,2,4,,,2,,,,,1,1,0.5,1,5,3,2.0820308,0,,2,2,4,2.0820308,0,2,0,0.81238276,0.515625,0,1,1,0.5,,,,,,,,,,0,0,[],2,2,4,2,0,1,0.5,,,,,,,,,,,,,,,,,,,,,,,,,,,,,,,,,,{fileID: 0},0,,,,,,,,,,,,,,,,,,,0,,,1,,,,,,,,{fileID: 0},0,,,,,,,,,,,,,,,,,,,,ColorCurves,,0,,,,,{fileID: 0},0,{fileID: 0},0,,,,,,,,,,,,,,,,,,,,,,,,"{fileID: 1948069495, guid: c88ab7b37c4f350242674d2efd621c19, type: 3}",1948069495,c88ab7b37c4f350242674d2efd621c19,,,,,,,,,,,,,,,,,,,,,,,,,,,,,,,,,,,,,,,,,,,,,,,,,,,,,,,,,,,,,,,,,,,,,,,,,,,,,,,,,,,,,,,,0,2,3,0.35897076,0,2,2,4,0.35897076,0,2,0,0.9943715,0.9296875,0,0,1,0,,,,,,,,,,,,,,,,,,,,,,,,,,,,,,,,,0,2,3,1,0,2,2,4,1,0,2,0,1,1,0,0,1,0,,,,,,,0,0,[],2,2,4,2,0,1,0.5,,,,,,,,,,,,,,,,,,,,,,,,,,,,,,,,,,,,,,,,,,,,,,,,,,,,,,,,,,,,,,,,,,,,,,,,,,,,,,,,,,,,,,,,,,,,,,,,,,,,,,,,,,,,,,,,,,,,,,,,,,,,,,,,,,,,,,,,,,,,,,,,,,,,,,,,,,,,,,,,,,,,,,,,,,,,,,,,,,,,,,,,,,,,,,,,,,,,,,,,,,
ChromaticAberration_26,Assets/MonoBehaviour/ChromaticAberration_26.asset,c88ab7b37c4f350242674d2efd621c19,c88ab7b37c4f350242674d2efd621c19,456897975,,,,0,,,,,,,,,,,,,,,,,,,,,,,,,,,,,,,,,,,,,,,,,,,,,,,,,,,,,,,,,,,,,,,,,,,,,,,,,,,,,,,,,,,,,,,,,,,,,,,,,,,,,,,,,,,,,,,,,,,,,,,,,,,,,,,,,,,,,,,,,,,,,,,,,,,,,,,,,,,,,,,,,,,,,,,,,,,,,,,,,,,,,,,,,,,,,,1,0.05,,,,,,,,,,,,,,,,,,,,,,,,,,,,,,,,,,,,,,,,,,,,,,,,,,{fileID: 0},0,,,,,,,,,,,,,,,,,,,0,,,1,,,,,,,,{fileID: 0},0,,,,,,,,,,,,,,,,,,,,ChromaticAberration,,0,,,,,{fileID: 0},0,{fileID: 0},0,,,,,,,,,,,,,,,,,,,,,,,,"{fileID: 456897975, guid: c88ab7b37c4f350242674d2efd621c19, type: 3}",456897975,c88ab7b37c4f350242674d2efd621c19,,,,,,,,,,,,,,,,,,,,,,,,,,,,,,,,,,,,,,,,,,,,,,,,,,,,,,,,,,,,,,,,,,,,,,,,,,,,,,,,,,,,,,,,,,,,,,,,,,,,,,,,,,,,,,,,,,,,,,,,,,,,,,,,,,,,,,,,,,,,,,,,,,,,,,,,,,,,,,,,,,,,,,,,,,,,,,,,,,,,,,,,,,,,,,,,,,,,,,,,,,,,,,,,,,,,,,,,,,,,,,,,,,,,,,,,,,,,,,,,,,,,,,,,,,,,,,,,,,,,,,,,,,,,,,,,,,,,,,,,,,,,,,,,,,,,,,,,,,,,,,,,,,,,,,,,,,,,,,,,,,,,,,,,,,,,,,,,,,,,,,,,,,,,,,,,,,,,,,,,,,,,,,,,,,,,,
Tonemapping_2,Assets/MonoBehaviour/Tonemapping_2.asset,c88ab7b37c4f350242674d2efd621c19,c88ab7b37c4f350242674d2efd621c19,640956576,,0,3,1,,,,,,,,,,,,,,,,,,,,,,,,,,,,,,,,,,,,,,,,,,,,,,,,,,,,,,,,,,,,,,,,,,,,,,,,,,,,,,,,,,,,,,0,1,0,0,,,,,,,,,,,,,,,,,,,,,,,,,,,,,,,,,,,,,,,,,,,,,,,,,,,,,,,,,,,,0,0,,,,,,,,,,,,,,,,,,,,,,,,,,,,,,,,,,,,,,,,,,,,,,,,,,,,,,,,,,,,,,,,,,,,,,,,,,,,,,,,,,,,,,,,,,,{fileID: 0},0,,,,,,,,,,,,,,,,,,,0,,,1,,,,,,,,{fileID: 0},0,,,,,,,,,,,,,,,,,,,,Tonemapping,,0,,,,,{fileID: 0},0,{fileID: 0},0,,,,,,,,,,,,,,,,,,,,,,,,"{fileID: 640956576, guid: c88ab7b37c4f350242674d2efd621c19, type: 3}",640956576,c88ab7b37c4f350242674d2efd621c19,,,,,,,,,,,,,,,,,,,,,,,,,,,,,,,,,,,,,,,,,,,,,,,,,,,,,,,,,,,,,,,,,,,,,,,,,,,,,,,,,,,,,,,,,,,,,,,,,,,,,,,,,,,,0,1000,,,0,0.005,1,2,0,2,,,,0,300,,,,,,,,,,,,,,,,,,,,,,,,,,,,,,,,,,,,,,,,,,,,,,,,,,,,,,,,,,,,,,,,,,,,,,,,,,,,,,,,,,,,,,,,,,,,,,,,,,,,,,,,,,,,,,,,,,,,,,,,,,,,,,,,,,,,,,,,,,,,,,,,,,,,,,,,,,,,,,,,,,,,,,,,,,,,,,,,,,,,,,,,,,,,,,,,,,,,,,,,,,,,,,,,,,,,,,,,,,,,,,,,,,,,,,,,,,,,,,,,,,,,,,,,,,,
ColorCurves,Assets/MonoBehaviour/ColorCurves.asset,c88ab7b37c4f350242674d2efd621c19,c88ab7b37c4f350242674d2efd621c19,1948069495,,,,1,,,,,,,,,,,,,,1,3,3,1.1625953,0,2,2,4,1.1625953,0,2,0,1,1,0,0,1,0,,,,,,,,,,,,,,,,,,,,,,,,,,,,,,,,,,,,,,,,,,,,,,,,,,,,,,,,,,,,,,,,,,,,,,,,,,,,,,,,,,,,,,,,0,2,3,1,0,2,2,4,1,0,2,0,1,1,0,0,1,0,,,,,,,,,,,,,,,0,5,3,0,0,,2,2,4,0,0,2,0,0.6701698,0.45723683,0,1,1,0.5,1,8,3,0,0,,2,2,4,0,0,2,0,0.76717865,0.5,0,1,1,0.5,,,,,,,,,,0,0,[],2,2,4,2,0,1,0.5,,,,,,,,,,,,,,,,,,,,,,,,,,,,,,,,,,{fileID: 0},0,,,,,,,,,,,,,,,,,,,0,,,1,,,,,,,,{fileID: 0},0,,,,,,,,,,,,,,,,,,,,ColorCurves,,0,,,,,{fileID: 0},0,{fileID: 0},0,,,,,,,,,,,,,,,,,,,,,,,,"{fileID: 1948069495, guid: c88ab7b37c4f350242674d2efd621c19, type: 3}",1948069495,c88ab7b37c4f350242674d2efd621c19,,,,,,,,,,,,,,,,,,,,,,,,,,,,,,,,,,,,,,,,,,,,,,,,,,,,,,,,,,,,,,,,,,,,,,,,,,,,,,,,,,,,,,,,1,2,3,1,0,2,2,4,0,0,2,0,1,1,0,0,1,0,,,,,,,,,,,,,,,,,,,,,,,,,,,,,,,,,1,3,3,0.5385548,0,2,2,4,0.5385548,0,2,0,1,0.99835527,0,0,1,0,,,,,,,0,0,[],2,2,4,2,0,1,0.5,,,,,,,,,,,,,,,,,,,,,,,,,,,,,,,,,,,,,,,,,,,,,,,,,,,,,,,,,,,,,,,,,,,,,,,,,,,,,,,,,,,,,,,,,,,,,,,,,,,,,,,,,,,,,,,,,,,,,,,,,,,,,,,,,,,,,,,,,,,,,,,,,,,,,,,,,,,,,,,,,,,,,,,,,,,,,,,,,,,,,,,,,,,,,,,,,,,,,,,,,,
Vignette_10,Assets/MonoBehaviour/Vignette_10.asset,c88ab7b37c4f350242674d2efd621c19,c88ab7b37c4f350242674d2efd621c19,565963466,,,,0,,,,,,,,,,,,,,,,,,,,,,,,,,,,,,,,,,,,,,,,,,,,,,,,,1,"{x: 0.5, y: 0.5}",,,1,"{r: 0, g: 0, b: 0, a: 1}",,,,,,,,,,,,,,,,,,,,,,,,,,,,,,,,,,,,,,,,,,,,,,,,,,,,,,,,,,,,,,,,,,,,,,,,,,,,,,,,,,,,,,,,,,,,,,,,,,,,,,,,,,,,,,,,,,,,,,,,,,,,,,,,,,,,,,,,1,0.33,,,,,,,,,,,,,,,,,,,,,,,,,,,,,,,,,,,,,,,,,,,,,,,,,,{fileID: 0},0,,,,,,,,,,,,,,,,,,,0,,,1,,,,,,,,{fileID: 0},0,,,,,,,,,,,,,,,,,,,,Vignette,,0,,,,,{fileID: 0},0,{fileID: 0},0,,,,,,,,,,,,,,,,,,,,,,,,"{fileID: 565963466, guid: c88ab7b37c4f350242674d2efd621c19, type: 3}",565963466,c88ab7b37c4f350242674d2efd621c19,,,,,,,,,,,,,,,,,,,,,,,,,,,,,,,,,,,,,,,,,,,,,,,,,,,,,,,,,,,,,,,,,,,,,,,,,,,,,,,,,,,,,,,,,,,,,,,,,,,,,,,,,,,,,,,,,,,,,,,,,,,,,,,,,,,,,,,,,,,,,,,,,,,,,,,,,,,,,,,1,1,,,,,,,,,,,,,,,,,,,,,,,,,,,,,,,,,,,,,,,,,,,,,,,,,,,,,,,,,,,,,,,,,,,,,,,,,,,,,,,,,,,,,,,,,,,,,,,,,,,,,,,,,,,,,,,,,,,,,,,,,,,,,,,,,,,,,,,,,,,,,,,,,,,,,,,,,,,,,,,,,,,,,,,,,,,,,,,,,,,,,1,0.218,,,,,,,,,,,,,,,,,,,,,,,,,,,,,,,
ChromaticAberration_23,Assets/MonoBehaviour/ChromaticAberration_23.asset,c88ab7b37c4f350242674d2efd621c19,c88ab7b37c4f350242674d2efd621c19,456897975,,,,0,,,,,,,,,,,,,,,,,,,,,,,,,,,,,,,,,,,,,,,,,,,,,,,,,,,,,,,,,,,,,,,,,,,,,,,,,,,,,,,,,,,,,,,,,,,,,,,,,,,,,,,,,,,,,,,,,,,,,,,,,,,,,,,,,,,,,,,,,,,,,,,,,,,,,,,,,,,,,,,,,,,,,,,,,,,,,,,,,,,,,,,,,,,,,,1,0.05,,,,,,,,,,,,,,,,,,,,,,,,,,,,,,,,,,,,,,,,,,,,,,,,,,{fileID: 0},0,,,,,,,,,,,,,,,,,,,0,,,1,,,,,,,,{fileID: 0},0,,,,,,,,,,,,,,,,,,,,ChromaticAberration,,0,,,,,{fileID: 0},0,{fileID: 0},0,,,,,,,,,,,,,,,,,,,,,,,,"{fileID: 456897975, guid: c88ab7b37c4f350242674d2efd621c19, type: 3}",456897975,c88ab7b37c4f350242674d2efd621c19,,,,,,,,,,,,,,,,,,,,,,,,,,,,,,,,,,,,,,,,,,,,,,,,,,,,,,,,,,,,,,,,,,,,,,,,,,,,,,,,,,,,,,,,,,,,,,,,,,,,,,,,,,,,,,,,,,,,,,,,,,,,,,,,,,,,,,,,,,,,,,,,,,,,,,,,,,,,,,,,,,,,,,,,,,,,,,,,,,,,,,,,,,,,,,,,,,,,,,,,,,,,,,,,,,,,,,,,,,,,,,,,,,,,,,,,,,,,,,,,,,,,,,,,,,,,,,,,,,,,,,,,,,,,,,,,,,,,,,,,,,,,,,,,,,,,,,,,,,,,,,,,,,,,,,,,,,,,,,,,,,,,,,,,,,,,,,,,,,,,,,,,,,,,,,,,,,,,,,,,,,,,,,,,,,,,,
Bloom_5,Assets/MonoBehaviour/Bloom_5.asset,c88ab7b37c4f350242674d2efd621c19,c88ab7b37c4f350242674d2efd621c19,464656391,,,,1,,,,,,,,,,,,,,,,,,,,,,,,,,,,,,,,,,,,,,,,,,,,,,,,,,,0,65472,,,,,,,,,,,,,,,,,,,,,,,,,,,,,,,,,,,,,,0,0,1,0,{fileID: 0},0,,,,,0,0,,,,,,,,,,,,,,,,,,,,,,,,,,,,,,,,,,,,0,0,,,,,,,,,,,,,,,,,,,,,,,,,,,,,,,,,,,,,,,,,,,,,,,,,,,,1,1,,,,,,,,,,,,,,,,,,,,,,,,,,,,,,,,,,,,,,,,,,,,,,,,,,{fileID: 0},0,,,,,,,,,,,,,,,,,,,0,,,1,,,,,,,,{fileID: 0},0,,,,,,,,,,,,,,,,,,,,Bloom,,0,,,,,{fileID: 0},0,{fileID: 0},0,,,,,,,,,,,,,,,,,,,,,,,,"{fileID: 464656391, guid: c88ab7b37c4f350242674d2efd621c19, type: 3}",464656391,c88ab7b37c4f350242674d2efd621c19,,,,,,,,,,,,,,,,,,,,,,,,,,,,,,,,,,,,,,,,,,,,,,,,,,,,,,,,,,,,,,,,,,,,,,,,,,,,,,,,,,,,,,,,,,,,,,,,,,,,,,,,,,0,6,,,,,,,,,,,,,,,,,,,,,,,,,,,,,,,,,,,,,,,,,,,,,,,,,,,,,,,,,,,,,,,,,,,,,1,0.7,,,,,,,,,,,,,,,,,,,,,,,,,,,,,,,,,,,,,,,,,,,,,,,,,,,,,,,,,,,,,,,,,,,,,,,,,,,,,,,,,,,,,,,,,,,,,,,,,,,,,,,,,,,,,,,,,,,,,,,,,,,,,,,,,,,,,,,,,,,,,,,,,,,,,,,,,,,,,,,,,,0,1,,,,,,,,,,,,,,,,,,,,1,1.2,0,"{r: 1, g: 1, b: 1, a: 1}",,,,,,,,,,
DecalRendererFeature,Assets/MonoBehaviour/DecalRendererFeature.asset,c88ab7b37c4f350242674d2efd621c19,c88ab7b37c4f350242674d2efd621c19,1619829637,,,,,,,,,,,,,,,,,,,,,,,,,,,,,,,,,,,,,,,,,,,,,,,,,,,,,,,,,,,,,,,,,,,,,,,,,,,,,,,,,,,,,,,,,,,,,,,,,,,,,,,,,,,,,,,,,,,,,,,,,,,,,,,,,,,,,,,,,,,,,,,,,,,,,,,,,,,,,,,,,,,,,,,,,,,,,,,,,,,,,,,,,,,,,,,,,,,,,,,,,,,,,,,,,,,,,1,,,,,,,,,,,,,,,,,,,,,,,,,,,,"{fileID: 4800000, guid: 36ed5df42a1a91e4faf05b3726afbf50, type: 3}",4800000,36ed5df42a1a91e4faf05b3726afbf50,Assets/Shader/Hidden_Universal Render Pipeline_CopyDepth.shader,{fileID: 0},0,,,"{fileID: 4800000, guid: 03c09b8c2d1c6f344929816caf5d3059, type: 3}",4800000,03c09b8c2d1c6f344929816caf5d3059,Assets/Shader/Hidden_Universal Render Pipeline_DBufferClear.shader,,,,,,,,,,,,,0,,,1,,,,,,,,{fileID: 0},0,,,,,,,,,,,,,,,,,,,,DecalRendererFeature,,0,,,,,{fileID: 0},0,{fileID: 0},0,,,,,,,,,,,,,,,,,,,,,,,,"{fileID: 1619829637, guid: c88ab7b37c4f350242674d2efd621c19, type: 3}",1619829637,c88ab7b37c4f350242674d2efd621c19,,,,,,,,,,,,,,2,0,1000,0,1,,,,,,,,,,,,,,,,,,,,,,,,,,,,,,,,,,,,,,,,,,,,,,,,,,,,,,,,,,,,,,,,,,,,,,,,,,,,,,,,,,,,,,,,,,,,,,,,,,,,,,,,,,,,,,,,,,,,,,,,,,,,,,,,,,,,,,,,,,,,,,,,,,,,,,,,,,,,,,,,,,,,,,,,,,,,,,,,,,,,,,,,,,,,,,,,,,,,,,,,,,,,,,,,,,,,,,,,,,,,,,,,,,,,,,,,,,,,,,,,,,,,,,,,,,,,,,,,,,,,,,,,,,,,,,,,,,,,,,,,,,,,,,,,,,,,,,,,,,,,,,,,,,,,,,,,,,,,,,,,,,,,,,,,,,,,,,,,,,,,,,,,,,,,,,,,,,,
MotionBlur_11,Assets/MonoBehaviour/MotionBlur_11.asset,c88ab7b37c4f350242674d2efd621c19,c88ab7b37c4f350242674d2efd621c19,224828655,,,,0,,,,,,,,,,,,,,,,,,,,,,,,,,,,,,,,,,,,,,,,,,,,,,,,,,,1,0.05,,,,,,,,,,,,,,,,,,,,,,,,,,,,,,,,,,,,,,,,,,,,,,,,,,,,,,,,,,,,,,,,,,,,,,,,,,,,,,,,,,,,,,,,,,,,,,,,,,,,,,,,,,,,,,,,,,,,,,,,,,,,,,,,,,,,,,,,,,1,1,,,,,,,,,,,,,,,,,,,,,,,,,,,,,,,,,,,,,,,,,,,,,,,,,,{fileID: 0},0,,,,,,,,,,,,,,,,,,,0,,,1,,,,,,,,{fileID: 0},0,,,,,,,,,,,,,,,,,,,,MotionBlur,,0,,,,,{fileID: 0},0,{fileID: 0},0,,,,,,,,,,,,,,,,,,,,,,,,"{fileID: 224828655, guid: c88ab7b37c4f350242674d2efd621c19, type: 3}",224828655,c88ab7b37c4f350242674d2efd621c19,,,,,,,,,,,,,,,,,,,,,,,,,,,,,,,,,,,,,,,,,,,,,,,,,,,,,,,,,,,,,,,,,,,,,,,,,,,,,,,,,,,,,,,,,,,,,,,,,,,,,,,,,,,,,,,,,,1,1,,,,,,,,,,,,,,,,,,,,,1,2,,,,,,,,,,,,,,,,,,,,,,,,,,,,,,,,,,,,,,,,,,,,,,,,,,,,,,,,,,,,,,,,,,,,,,,,,,,,,,,,,,,,,,,,,,,,,,,,,,,,,,,,,,,,,,,,,,,,,,,,,,,,,,,,,,,,,,,,,,,,,,,,,,,,,,,,,,,,,,,,,,,,,,,,,,,,,,,,,,,,,,,,,,,,,,,,,,,,,,,,,,,,,,,,,,,,,,,,,,,,,,,,,,,,,,,,,,,,
FilmGrain_1,Assets/MonoBehaviour/FilmGrain_1.asset,c88ab7b37c4f350242674d2efd621c19,c88ab7b37c4f350242674d2efd621c19,-534242816,,,,0,,,,,,,,,,,,,,,,,,,,,,,,,,,,,,,,,,,,,,,,,,,,,,,,,,,,,,,,,,,,,,,,,,,,,,,,,,,,,,,,,,,,,,,,,,,,,,,,,,,,,,,,,,,,,,,,,,,,,,,,,,,,,,,,,,,,,,,,,,,,,,,,,,,,,,,,,,,,,,,,,,,,,,,,,,,,,,,,,,,,,,,,,,,,,,1,0.402,,,,,,,,,,,,,,,,,,,,,,,,,,,,,,,,,,,,,,,,,,,,,,,,,,{fileID: 0},0,,,,,,,,,,,,,,,,,,,0,,,1,,,,,,,,{fileID: 0},0,,,,,,,,,,,,,,,,,,,,FilmGrain,,0,,,,,{fileID: 0},0,{fileID: 0},0,,,,,,,,,,,,,,,,,,,,,,,,"{fileID: -534242816, guid: c88ab7b37c4f350242674d2efd621c19, type: 3}",-534242816,c88ab7b37c4f350242674d2efd621c19,,,,,,,,,,,,,,,,,,,,,,,,,,,,,,,,,,,,,,,,,,,,,,,,,,,,,,,,,,,,,,,,,,,,,,,,,,,,,,,,,,,,,,,,,,,,,,,,,,,,,,,,,,,,,,,,,,,,,,,,,,,,,,,,,,,,,,,,,,,,,,,,,,,,,,,,,,,,,1,0.336,,,,,,,,,,,,,,,,,,,,,,,,,,,,,,,,,,,,,,,,,,,,,,,,,,,,,,,,,,,,,,,,,,,,,,,,,,,,,,,,,,,,,,,,,,,,,,,,,,,,,,,,,,,,,,,,,,,,,,,,,,,,,,,,,,,,,,,,,,,,,,,,,,,,,,,,,,,,,,,,,,,,,,,,,,,,,,,,,,,,,,,,,,,,1,{fileID: 0},0,,,,,,,,,,,,,,,,1,2,,,,,,,,
DepthOfField_25,Assets/MonoBehaviour/DepthOfField_25.asset,c88ab7b37c4f350242674d2efd621c19,c88ab7b37c4f350242674d2efd621c19,-2085558323,,,,1,1,5.6,,,,,0,5,0,1,0,0,,,,,,,,,,,,,,,,,,,,,,,,,,,,,,,,,,,,,,,,,,,,,,,,,,,,,,,,,,,,,,,,,,,,,,,,,,,,,,,,,,,,,,,,,,,,1,50,0,10,,,,,,1,30,1,1,1,10,,,,,,,,,,,,,,,,,,,,,1,0,,,,,,,,,,,,,,,,,,,,,,,,,,,,,,,,,,,,,,,,,,,,,,,,,,,,,,,,,,,,,,,,,,,,,,,,,,,,,,,,,,,,,,,,,,,,,,,,,,,,,{fileID: 0},0,,,,,,,,,,,,,,,,,,,0,,,1,,,,,,,,{fileID: 0},0,,,,,,,,,,,,,,,,,,,,DepthOfField,,0,,,,,{fileID: 0},0,{fileID: 0},0,,,,,,,,,,,,,,,,,,,,,,,,"{fileID: -2085558323, guid: c88ab7b37c4f350242674d2efd621c19, type: 3}",-2085558323,c88ab7b37c4f350242674d2efd621c19,,,,,,,,,,,,,,,,,,,,,,,,,,,,,,,,,,,,,,,,,,,,,,,,,,,,,,,,,,,,,,,,,,,,,,,,,,,,,,,,,,,,,,,,,,,,,,,,,,,,,,,,,,,,,,,,,,1,2,,,,,,,,,,,,,,,,,,,,,,,,,,,,,,,,,,,,,,,,,,,,,,,,,,,,,,,,,,,,,,,,,,,,,,,,,,,,,,,,,,,,,,,,,,,,,,,,,,,,,,,,,,,,,,,,,,,,,,,,,,,,,,,,,,,,,,,,,,,,,,,,,,,,,,,,,,,,,,,,,,,,,,,,,,,,,,,,,,,,,,,,,,,,,,,,,,,,,,,,,,,,,,,,,,,,,,,,,,,,,,,,,,,,,,,,,,,,,,,,,,,,,,,,,,,,,,,,,,
DepthOfField_28,Assets/MonoBehaviour/DepthOfField_28.asset,c88ab7b37c4f350242674d2efd621c19,c88ab7b37c4f350242674d2efd621c19,-2085558323,,,,0,1,1.24,,,,,1,5,1,1,1,0,,,,,,,,,,,,,,,,,,,,,,,,,,,,,,,,,,,,,,,,,,,,,,,,,,,,,,,,,,,,,,,,,,,,,,,,,,,,,,,,,,,,,,,,,,,,1,274.6,0,43,,,,,,1,74.6,1,1,1,44.12,,,,,,,,,,,,,,,,,,,,,1,0,,,,,,,,,,,,,,,,,,,,,,,,,,,,,,,,,,,,,,,,,,,,,,,,,,,,,,,,,,,,,,,,,,,,,,,,,,,,,,,,,,,,,,,,,,,,,,,,,,,,,{fileID: 0},0,,,,,,,,,,,,,,,,,,,0,,,1,,,,,,,,{fileID: 0},0,,,,,,,,,,,,,,,,,,,,DepthOfField,,0,,,,,{fileID: 0},0,{fileID: 0},0,,,,,,,,,,,,,,,,,,,,,,,,"{fileID: -2085558323, guid: c88ab7b37c4f350242674d2efd621c19, type: 3}",-2085558323,c88ab7b37c4f350242674d2efd621c19,,,,,,,,,,,,,,,,,,,,,,,,,,,,,,,,,,,,,,,,,,,,,,,,,,,,,,,,,,,,,,,,,,,,,,,,,,,,,,,,,,,,,,,,,,,,,,,,,,,,,,,,,,,,,,,,,,0,2,,,,,,,,,,,,,,,,,,,,,,,,,,,,,,,,,,,,,,,,,,,,,,,,,,,,,,,,,,,,,,,,,,,,,,,,,,,,,,,,,,,,,,,,,,,,,,,,,,,,,,,,,,,,,,,,,,,,,,,,,,,,,,,,,,,,,,,,,,,,,,,,,,,,,,,,,,,,,,,,,,,,,,,,,,,,,,,,,,,,,,,,,,,,,,,,,,,,,,,,,,,,,,,,,,,,,,,,,,,,,,,,,,,,,,,,,,,,,,,,,,,,,,,,,,,,,,,,,,
LiftGammaGain_7,Assets/MonoBehaviour/LiftGammaGain_7.asset,c88ab7b37c4f350242674d2efd621c19,c88ab7b37c4f350242674d2efd621c19,282247082,,,,1,,,,,,,,,,,,,,,,,,,,,,,,,,,,,,,,,,,,,,,,,,,,,,,,,,,,,,,,,,,,,,,,,,,,,,,,,,,,,,,,,,,,,,,,,,,,,,,,,,,,,,,,,,,,,1,"{x: 1, y: 0.9507703, z: 0.8942983, w: 0}",1,"{x: 1, y: 0.98782974, z: 0.9305449, w: 0}",,,,,,,,,,,,,,,,,,,,,,,,,,,,,,,,,,,,,,,,,,,,,,,,,,,,,,,,,,,,,,,,,,,,,,,,,,,,,,,,,,1,"{x: 0.89241976, y: 0.87788343, z: 1, w: 0}",,,,,,,,,,,,,,,,,,,,,,,,,,,,,,,,,,,,,,,,,,,,,,{fileID: 0},0,,,,,,,,,,,,,,,,,,,0,,,1,,,,,,,,{fileID: 0},0,,,,,,,,,,,,,,,,,,,,LiftGammaGain,,0,,,,,{fileID: 0},0,{fileID: 0},0,,,,,,,,,,,,,,,,,,,,,,,,"{fileID: 282247082, guid: c88ab7b37c4f350242674d2efd621c19, type: 3}",282247082,c88ab7b37c4f350242674d2efd621c19,,,,,,,,,,,,,,,,,,,,,,,,,,,,,,,,,,,,,,,,,,,,,,,,,,,,,,,,,,,,,,,,,,,,,,,,,,,,,,,,,,,,,,,,,,,,,,,,,,,,,,,,,,,,,,,,,,,,,,,,,,,,,,,,,,,,,,,,,,,,,,,,,,,,,,,,,,,,,,,,,,,,,,,,,,,,,,,,,,,,,,,,,,,,,,,,,,,,,,,,,,,,,,,,,,,,,,,,,,,,,,,,,,,,,,,,,,,,,,,,,,,,,,,,,,,,,,,,,,,,,,,,,,,,,,,,,,,,,,,,,,,,,,,,,,,,,,,,,,,,,,,,,,,,,,,,,,,,,,,,,,,,,,,,,,,,,,,,,,,,,,,,,,,,,,,,,,,,,,,,,,,,,,,,,,,,,
ColorAdjustments_23,Assets/MonoBehaviour/ColorAdjustments_23.asset,c88ab7b37c4f350242674d2efd621c19,c88ab7b37c4f350242674d2efd621c19,-1728269046,,,,1,,,,,,,,,,,,,,,,,,,,,,,,,,,,,,,,,,,,,,,,,,,,,,,,,,,,,,,0,"{r: 1, g: 1, b: 1, a: 1}",,,,,,,,,,,,,,,,0,-56.5,,,,,,,,,,,,,,,,,,,,,,,,,,,,,,,,,,,,,,,,,,,,,,,,,,,,,,,,,,,,,,,,,,,,,,,,,,0,0,,,,,,,,,,,,,,,,,,,,,,,,,,,,,,,,,,,,,,,,,,,,,,,,,,,,,,,,,,,,,,,,,,,,,,,,,,,,,,,,,,,,,,,,,,,,,{fileID: 0},0,,,,,,,,,,,,,,,,,,,0,,,1,,,,,,,,{fileID: 0},0,,,,,,,,,,,,,,,,,,,,ColorAdjustments,,0,,,,,{fileID: 0},0,{fileID: 0},0,,,,,,,,,,,,,,,,,,,,,,,,"{fileID: -1728269046, guid: c88ab7b37c4f350242674d2efd621c19, type: 3}",-1728269046,c88ab7b37c4f350242674d2efd621c19,,,,,,,,,,,,,,,,,,,,,,,,,,,,,,,,,,,,,,,,,,,,,,,,,,,,,,,,,,,,,,,,,,,,,,,,,,,,,,,,,,,,,,,,,,,,,,,,,,,,,,,,,,,,,,,,,,,,,,,,,,,,,,,,1,2,,,,,,,,,,,,,,,,,,,,,,,,,,,,,,,,,,,,,,,,,,,0,0,,,,,,,,,,,,,,,,,,,,,,,,,,,,,,,,,,,,,,,,,,,,,,,,,,,,,,,,,,,,,,,,,,,,,,,,,,,,,,,,,,,,,,,,,,,,,,,,,,,,,,,,,,,,,,,,,,,,,,,,,,,,,,,,,,,,,,,,,,,,,,,,,,,,,,,,,,,,,,,,,,,,,,,,,,,,,,,,,,,,,,,,,,,,,,,,,,,,,,,,
ColorAdjustments_1,Assets/MonoBehaviour/ColorAdjustments_1.asset,c88ab7b37c4f350242674d2efd621c19,c88ab7b37c4f350242674d2efd621c19,-1728269046,,,,0,,,,,,,,,,,,,,,,,,,,,,,,,,,,,,,,,,,,,,,,,,,,,,,,,,,,,,,0,"{r: 1, g: 1, b: 1, a: 1}",,,,,,,,,,,,,,,,0,50.7,,,,,,,,,,,,,,,,,,,,,,,,,,,,,,,,,,,,,,,,,,,,,,,,,,,,,,,,,,,,,,,,,,,,,,,,,,0,0,,,,,,,,,,,,,,,,,,,,,,,,,,,,,,,,,,,,,,,,,,,,,,,,,,,,,,,,,,,,,,,,,,,,,,,,,,,,,,,,,,,,,,,,,,,,,{fileID: 0},0,,,,,,,,,,,,,,,,,,,0,,,1,,,,,,,,{fileID: 0},0,,,,,,,,,,,,,,,,,,,,ColorAdjustments,,0,,,,,{fileID: 0},0,{fileID: 0},0,,,,,,,,,,,,,,,,,,,,,,,,"{fileID: -1728269046, guid: c88ab7b37c4f350242674d2efd621c19, type: 3}",-1728269046,c88ab7b37c4f350242674d2efd621c19,,,,,,,,,,,,,,,,,,,,,,,,,,,,,,,,,,,,,,,,,,,,,,,,,,,,,,,,,,,,,,,,,,,,,,,,,,,,,,,,,,,,,,,,,,,,,,,,,,,,,,,,,,,,,,,,,,,,,,,,,,,,,,,,1,0.2,,,,,,,,,,,,,,,,,,,,,,,,,,,,,,,,,,,,,,,,,,,0,0,,,,,,,,,,,,,,,,,,,,,,,,,,,,,,,,,,,,,,,,,,,,,,,,,,,,,,,,,,,,,,,,,,,,,,,,,,,,,,,,,,,,,,,,,,,,,,,,,,,,,,,,,,,,,,,,,,,,,,,,,,,,,,,,,,,,,,,,,,,,,,,,,,,,,,,,,,,,,,,,,,,,,,,,,,,,,,,,,,,,,,,,,,,,,,,,,,,,,,,,
ChromaticAberration_22,Assets/MonoBehaviour/ChromaticAberration_22.asset,c88ab7b37c4f350242674d2efd621c19,c88ab7b37c4f350242674d2efd621c19,456897975,,,,1,,,,,,,,,,,,,,,,,,,,,,,,,,,,,,,,,,,,,,,,,,,,,,,,,,,,,,,,,,,,,,,,,,,,,,,,,,,,,,,,,,,,,,,,,,,,,,,,,,,,,,,,,,,,,,,,,,,,,,,,,,,,,,,,,,,,,,,,,,,,,,,,,,,,,,,,,,,,,,,,,,,,,,,,,,,,,,,,,,,,,,,,,,,,,,1,0.507,,,,,,,,,,,,,,,,,,,,,,,,,,,,,,,,,,,,,,,,,,,,,,,,,,{fileID: 0},0,,,,,,,,,,,,,,,,,,,0,,,1,,,,,,,,{fileID: 0},0,,,,,,,,,,,,,,,,,,,,ChromaticAberration,,0,,,,,{fileID: 0},0,{fileID: 0},0,,,,,,,,,,,,,,,,,,,,,,,,"{fileID: 456897975, guid: c88ab7b37c4f350242674d2efd621c19, type: 3}",456897975,c88ab7b37c4f350242674d2efd621c19,,,,,,,,,,,,,,,,,,,,,,,,,,,,,,,,,,,,,,,,,,,,,,,,,,,,,,,,,,,,,,,,,,,,,,,,,,,,,,,,,,,,,,,,,,,,,,,,,,,,,,,,,,,,,,,,,,,,,,,,,,,,,,,,,,,,,,,,,,,,,,,,,,,,,,,,,,,,,,,,,,,,,,,,,,,,,,,,,,,,,,,,,,,,,,,,,,,,,,,,,,,,,,,,,,,,,,,,,,,,,,,,,,,,,,,,,,,,,,,,,,,,,,,,,,,,,,,,,,,,,,,,,,,,,,,,,,,,,,,,,,,,,,,,,,,,,,,,,,,,,,,,,,,,,,,,,,,,,,,,,,,,,,,,,,,,,,,,,,,,,,,,,,,,,,,,,,,,,,,,,,,,,,,,,,,,,
ColorAdjustments_31,Assets/MonoBehaviour/ColorAdjustments_31.asset,c88ab7b37c4f350242674d2efd621c19,c88ab7b37c4f350242674d2efd621c19,-1728269046,,,,0,,,,,,,,,,,,,,,,,,,,,,,,,,,,,,,,,,,,,,,,,,,,,,,,,,,,,,,0,"{r: 1, g: 1, b: 1, a: 1}",,,,,,,,,,,,,,,,0,0,,,,,,,,,,,,,,,,,,,,,,,,,,,,,,,,,,,,,,,,,,,,,,,,,,,,,,,,,,,,,,,,,,,,,,,,,,0,0,,,,,,,,,,,,,,,,,,,,,,,,,,,,,,,,,,,,,,,,,,,,,,,,,,,,,,,,,,,,,,,,,,,,,,,,,,,,,,,,,,,,,,,,,,,,,{fileID: 0},0,,,,,,,,,,,,,,,,,,,0,,,1,,,,,,,,{fileID: 0},0,,,,,,,,,,,,,,,,,,,,ColorAdjustments,,0,,,,,{fileID: 0},0,{fileID: 0},0,,,,,,,,,,,,,,,,,,,,,,,,"{fileID: -1728269046, guid: c88ab7b37c4f350242674d2efd621c19, type: 3}",-1728269046,c88ab7b37c4f350242674d2efd621c19,,,,,,,,,,,,,,,,,,,,,,,,,,,,,,,,,,,,,,,,,,,,,,,,,,,,,,,,,,,,,,,,,,,,,,,,,,,,,,,,,,,,,,,,,,,,,,,,,,,,,,,,,,,,,,,,,,,,,,,,,,,,,,,,0,0,,,,,,,,,,,,,,,,,,,,,,,,,,,,,,,,,,,,,,,,,,,1,-6.9,,,,,,,,,,,,,,,,,,,,,,,,,,,,,,,,,,,,,,,,,,,,,,,,,,,,,,,,,,,,,,,,,,,,,,,,,,,,,,,,,,,,,,,,,,,,,,,,,,,,,,,,,,,,,,,,,,,,,,,,,,,,,,,,,,,,,,,,,,,,,,,,,,,,,,,,,,,,,,,,,,,,,,,,,,,,,,,,,,,,,,,,,,,,,,,,,,,,,,,,
DepthOfField_26,Assets/MonoBehaviour/DepthOfField_26.asset,c88ab7b37c4f350242674d2efd621c19,c88ab7b37c4f350242674d2efd621c19,-2085558323,,,,1,1,3.9,,,,,1,5,1,1,1,0,,,,,,,,,,,,,,,,,,,,,,,,,,,,,,,,,,,,,,,,,,,,,,,,,,,,,,,,,,,,,,,,,,,,,,,,,,,,,,,,,,,,,,,,,,,,1,199,1,0.1,,,,,,1,30,1,1,1,6.21,,,,,,,,,,,,,,,,,,,,,1,0,,,,,,,,,,,,,,,,,,,,,,,,,,,,,,,,,,,,,,,,,,,,,,,,,,,,,,,,,,,,,,,,,,,,,,,,,,,,,,,,,,,,,,,,,,,,,,,,,,,,,{fileID: 0},0,,,,,,,,,,,,,,,,,,,0,,,1,,,,,,,,{fileID: 0},0,,,,,,,,,,,,,,,,,,,,DepthOfField,,0,,,,,{fileID: 0},0,{fileID: 0},0,,,,,,,,,,,,,,,,,,,,,,,,"{fileID: -2085558323, guid: c88ab7b37c4f350242674d2efd621c19, type: 3}",-2085558323,c88ab7b37c4f350242674d2efd621c19,,,,,,,,,,,,,,,,,,,,,,,,,,,,,,,,,,,,,,,,,,,,,,,,,,,,,,,,,,,,,,,,,,,,,,,,,,,,,,,,,,,,,,,,,,,,,,,,,,,,,,,,,,,,,,,,,,1,2,,,,,,,,,,,,,,,,,,,,,,,,,,,,,,,,,,,,,,,,,,,,,,,,,,,,,,,,,,,,,,,,,,,,,,,,,,,,,,,,,,,,,,,,,,,,,,,,,,,,,,,,,,,,,,,,,,,,,,,,,,,,,,,,,,,,,,,,,,,,,,,,,,,,,,,,,,,,,,,,,,,,,,,,,,,,,,,,,,,,,,,,,,,,,,,,,,,,,,,,,,,,,,,,,,,,,,,,,,,,,,,,,,,,,,,,,,,,,,,,,,,,,,,,,,,,,,,,,,
LiftGammaGain_5,Assets/MonoBehaviour/LiftGammaGain_5.asset,c88ab7b37c4f350242674d2efd621c19,c88ab7b37c4f350242674d2efd621c19,282247082,,,,1,,,,,,,,,,,,,,,,,,,,,,,,,,,,,,,,,,,,,,,,,,,,,,,,,,,,,,,,,,,,,,,,,,,,,,,,,,,,,,,,,,,,,,,,,,,,,,,,,,,,,,,,,,,,,1,"{x: 1, y: 0.9507703, z: 0.8942983, w: 0}",1,"{x: 1, y: 0.98782974, z: 0.9305449, w: 0}",,,,,,,,,,,,,,,,,,,,,,,,,,,,,,,,,,,,,,,,,,,,,,,,,,,,,,,,,,,,,,,,,,,,,,,,,,,,,,,,,,1,"{x: 0.89241976, y: 0.87788343, z: 1, w: 0}",,,,,,,,,,,,,,,,,,,,,,,,,,,,,,,,,,,,,,,,,,,,,,{fileID: 0},0,,,,,,,,,,,,,,,,,,,0,,,1,,,,,,,,{fileID: 0},0,,,,,,,,,,,,,,,,,,,,LiftGammaGain,,0,,,,,{fileID: 0},0,{fileID: 0},0,,,,,,,,,,,,,,,,,,,,,,,,"{fileID: 282247082, guid: c88ab7b37c4f350242674d2efd621c19, type: 3}",282247082,c88ab7b37c4f350242674d2efd621c19,,,,,,,,,,,,,,,,,,,,,,,,,,,,,,,,,,,,,,,,,,,,,,,,,,,,,,,,,,,,,,,,,,,,,,,,,,,,,,,,,,,,,,,,,,,,,,,,,,,,,,,,,,,,,,,,,,,,,,,,,,,,,,,,,,,,,,,,,,,,,,,,,,,,,,,,,,,,,,,,,,,,,,,,,,,,,,,,,,,,,,,,,,,,,,,,,,,,,,,,,,,,,,,,,,,,,,,,,,,,,,,,,,,,,,,,,,,,,,,,,,,,,,,,,,,,,,,,,,,,,,,,,,,,,,,,,,,,,,,,,,,,,,,,,,,,,,,,,,,,,,,,,,,,,,,,,,,,,,,,,,,,,,,,,,,,,,,,,,,,,,,,,,,,,,,,,,,,,,,,,,,,,,,,,,,,,
Vignette_13,Assets/MonoBehaviour/Vignette_13.asset,c88ab7b37c4f350242674d2efd621c19,c88ab7b37c4f350242674d2efd621c19,565963466,,,,1,,,,,,,,,,,,,,,,,,,,,,,,,,,,,,,,,,,,,,,,,,,,,,,,,1,"{x: 0.5, y: 0.5}",,,1,"{r: 0.4056604, g: 0.044010334, b: 0.044010334, a: 1}",,,,,,,,,,,,,,,,,,,,,,,,,,,,,,,,,,,,,,,,,,,,,,,,,,,,,,,,,,,,,,,,,,,,,,,,,,,,,,,,,,,,,,,,,,,,,,,,,,,,,,,,,,,,,,,,,,,,,,,,,,,,,,,,,,,,,,,,1,0.35,,,,,,,,,,,,,,,,,,,,,,,,,,,,,,,,,,,,,,,,,,,,,,,,,,{fileID: 0},0,,,,,,,,,,,,,,,,,,,0,,,1,,,,,,,,{fileID: 0},0,,,,,,,,,,,,,,,,,,,,Vignette,,0,,,,,{fileID: 0},0,{fileID: 0},0,,,,,,,,,,,,,,,,,,,,,,,,"{fileID: 565963466, guid: c88ab7b37c4f350242674d2efd621c19, type: 3}",565963466,c88ab7b37c4f350242674d2efd621c19,,,,,,,,,,,,,,,,,,,,,,,,,,,,,,,,,,,,,,,,,,,,,,,,,,,,,,,,,,,,,,,,,,,,,,,,,,,,,,,,,,,,,,,,,,,,,,,,,,,,,,,,,,,,,,,,,,,,,,,,,,,,,,,,,,,,,,,,,,,,,,,,,,,,,,,,,,,,,,,1,0,,,,,,,,,,,,,,,,,,,,,,,,,,,,,,,,,,,,,,,,,,,,,,,,,,,,,,,,,,,,,,,,,,,,,,,,,,,,,,,,,,,,,,,,,,,,,,,,,,,,,,,,,,,,,,,,,,,,,,,,,,,,,,,,,,,,,,,,,,,,,,,,,,,,,,,,,,,,,,,,,,,,,,,,,,,,,,,,,,,,,1,0.6,,,,,,,,,,,,,,,,,,,,,,,,,,,,,,,
ColorAdjustments_14,Assets/MonoBehaviour/ColorAdjustments_14.asset,c88ab7b37c4f350242674d2efd621c19,c88ab7b37c4f350242674d2efd621c19,-1728269046,,,,0,,,,,,,,,,,,,,,,,,,,,,,,,,,,,,,,,,,,,,,,,,,,,,,,,,,,,,,0,"{r: 1, g: 1, b: 1, a: 1}",,,,,,,,,,,,,,,,0,50.7,,,,,,,,,,,,,,,,,,,,,,,,,,,,,,,,,,,,,,,,,,,,,,,,,,,,,,,,,,,,,,,,,,,,,,,,,,0,0,,,,,,,,,,,,,,,,,,,,,,,,,,,,,,,,,,,,,,,,,,,,,,,,,,,,,,,,,,,,,,,,,,,,,,,,,,,,,,,,,,,,,,,,,,,,,{fileID: 0},0,,,,,,,,,,,,,,,,,,,0,,,1,,,,,,,,{fileID: 0},0,,,,,,,,,,,,,,,,,,,,ColorAdjustments,,0,,,,,{fileID: 0},0,{fileID: 0},0,,,,,,,,,,,,,,,,,,,,,,,,"{fileID: -1728269046, guid: c88ab7b37c4f350242674d2efd621c19, type: 3}",-1728269046,c88ab7b37c4f350242674d2efd621c19,,,,,,,,,,,,,,,,,,,,,,,,,,,,,,,,,,,,,,,,,,,,,,,,,,,,,,,,,,,,,,,,,,,,,,,,,,,,,,,,,,,,,,,,,,,,,,,,,,,,,,,,,,,,,,,,,,,,,,,,,,,,,,,,1,0.2,,,,,,,,,,,,,,,,,,,,,,,,,,,,,,,,,,,,,,,,,,,0,0,,,,,,,,,,,,,,,,,,,,,,,,,,,,,,,,,,,,,,,,,,,,,,,,,,,,,,,,,,,,,,,,,,,,,,,,,,,,,,,,,,,,,,,,,,,,,,,,,,,,,,,,,,,,,,,,,,,,,,,,,,,,,,,,,,,,,,,,,,,,,,,,,,,,,,,,,,,,,,,,,,,,,,,,,,,,,,,,,,,,,,,,,,,,,,,,,,,,,,,,
Tonemapping_0,Assets/MonoBehaviour/Tonemapping_0.asset,c88ab7b37c4f350242674d2efd621c19,c88ab7b37c4f350242674d2efd621c19,640956576,,0,3,1,,,,,,,,,,,,,,,,,,,,,,,,,,,,,,,,,,,,,,,,,,,,,,,,,,,,,,,,,,,,,,,,,,,,,,,,,,,,,,,,,,,,,,0,1,0,0,,,,,,,,,,,,,,,,,,,,,,,,,,,,,,,,,,,,,,,,,,,,,,,,,,,,,,,,,,,,0,0,,,,,,,,,,,,,,,,,,,,,,,,,,,,,,,,,,,,,,,,,,,,,,,,,,,,,,,,,,,,,,,,,,,,,,,,,,,,,,,,,,,,,,,,,,,{fileID: 0},0,,,,,,,,,,,,,,,,,,,0,,,1,,,,,,,,{fileID: 0},0,,,,,,,,,,,,,,,,,,,,Tonemapping,,0,,,,,{fileID: 0},0,{fileID: 0},0,,,,,,,,,,,,,,,,,,,,,,,,"{fileID: 640956576, guid: c88ab7b37c4f350242674d2efd621c19, type: 3}",640956576,c88ab7b37c4f350242674d2efd621c19,,,,,,,,,,,,,,,,,,,,,,,,,,,,,,,,,,,,,,,,,,,,,,,,,,,,,,,,,,,,,,,,,,,,,,,,,,,,,,,,,,,,,,,,,,,,,,,,,,,,,,,,,,,,0,1000,,,0,0.005,1,2,0,2,,,,0,300,,,,,,,,,,,,,,,,,,,,,,,,,,,,,,,,,,,,,,,,,,,,,,,,,,,,,,,,,,,,,,,,,,,,,,,,,,,,,,,,,,,,,,,,,,,,,,,,,,,,,,,,,,,,,,,,,,,,,,,,,,,,,,,,,,,,,,,,,,,,,,,,,,,,,,,,,,,,,,,,,,,,,,,,,,,,,,,,,,,,,,,,,,,,,,,,,,,,,,,,,,,,,,,,,,,,,,,,,,,,,,,,,,,,,,,,,,,,,,,,,,,,,,,,,,,
FilmGrain_11,Assets/MonoBehaviour/FilmGrain_11.asset,c88ab7b37c4f350242674d2efd621c19,c88ab7b37c4f350242674d2efd621c19,-534242816,,,,1,,,,,,,,,,,,,,,,,,,,,,,,,,,,,,,,,,,,,,,,,,,,,,,,,,,,,,,,,,,,,,,,,,,,,,,,,,,,,,,,,,,,,,,,,,,,,,,,,,,,,,,,,,,,,,,,,,,,,,,,,,,,,,,,,,,,,,,,,,,,,,,,,,,,,,,,,,,,,,,,,,,,,,,,,,,,,,,,,,,,,,,,,,,,,,1,0.2,,,,,,,,,,,,,,,,,,,,,,,,,,,,,,,,,,,,,,,,,,,,,,,,,,{fileID: 0},0,,,,,,,,,,,,,,,,,,,0,,,1,,,,,,,,{fileID: 0},0,,,,,,,,,,,,,,,,,,,,FilmGrain,,0,,,,,{fileID: 0},0,{fileID: 0},0,,,,,,,,,,,,,,,,,,,,,,,,"{fileID: -534242816, guid: c88ab7b37c4f350242674d2efd621c19, type: 3}",-534242816,c88ab7b37c4f350242674d2efd621c19,,,,,,,,,,,,,,,,,,,,,,,,,,,,,,,,,,,,,,,,,,,,,,,,,,,,,,,,,,,,,,,,,,,,,,,,,,,,,,,,,,,,,,,,,,,,,,,,,,,,,,,,,,,,,,,,,,,,,,,,,,,,,,,,,,,,,,,,,,,,,,,,,,,,,,,,,,,,,1,0.3,,,,,,,,,,,,,,,,,,,,,,,,,,,,,,,,,,,,,,,,,,,,,,,,,,,,,,,,,,,,,,,,,,,,,,,,,,,,,,,,,,,,,,,,,,,,,,,,,,,,,,,,,,,,,,,,,,,,,,,,,,,,,,,,,,,,,,,,,,,,,,,,,,,,,,,,,,,,,,,,,,,,,,,,,,,,,,,,,,,,,,,,,,,,1,{fileID: 0},0,,,,,,,,,,,,,,,,1,0,,,,,,,,
XRSystemData,Assets/MonoBehaviour/XRSystemData.asset,c88ab7b37c4f350242674d2efd621c19,c88ab7b37c4f350242674d2efd621c19,1073360554,,,,,,,,,,,,,,,,,,,,,,,,,,,,,,,,,,,,,,,,,,,,,,,,,,,,,,,,,,,,,,,,,,,,,,,,,,,,,,,,,,,,,,,,,,,,,,,,,,,,,,,,,,,,,,,,,,,,,,,,,,,,,,,,,,,,,,,,,,,,,,,,,,,,,,,,,,,,,,,,,,,,,,,,,,,,,,,,,,,,,,,,,,,,,,,,,,,,,,,,,,,,,,,,,,,,,,,,,,,,,,,,,,,,,,,,,,,,,,,,,,,,,{fileID: 0},0,,,,,,,,,,,,,,,,,,,0,,,1,,,,,,,,{fileID: 0},0,,,,,,,,,,,,,,,,,,,,XRSystemData,,0,,,,,{fileID: 0},0,{fileID: 0},0,,,,,,,,,,,,,,,,,,,,,,,,"{fileID: 1073360554, guid: c88ab7b37c4f350242674d2efd621c19, type: 3}",1073360554,c88ab7b37c4f350242674d2efd621c19,,,,,,,,,,,,,,,,,,,,,,,,,,,,,,,,,,,,,,,,,,,,,,,,,,,,,,,,,,,,,,,,,,,,,,,,,,,,,,,,,,,,,,,,,,,,,,,,,,,,,,,,,,,,,,,,,,,,,,,,,,,,,,,,,,,,,,,,,,,,,,,,,,,,,,,,,,,,,,,,,,,,,,,,,,,,,,,,,,,,,,,,,,,,,,,,,,,,,,,,,,,,,,,,,,,,,,,,,,,,,,,,,,,,,,,,,,,,,,,,,,,,,,,,,,,,,,,,,,,,,,,,,,,,,,,,,,,,,,,,,,,,,,,,,,,,,,,,,,,,,,,,,,,,,,,,,,,,,,,,,,"{fileID: 4800000, guid: 2c21fe720eb0134499c9e575e326b6a4, type: 3}",4800000,2c21fe720eb0134499c9e575e326b6a4,Assets/Shader/Hidden_Universal Render Pipeline_XR_XRMirrorView.shader,"{fileID: 4800000, guid: 57a564e116cc46545acc63cae89d5792, type: 3}",4800000,57a564e116cc46545acc63cae89d5792,Assets/Shader/Hidden_Universal Render Pipeline_XR_XROcclusionMesh.shader,,,,,,,,,,,,,,,,,,,,,,,,,,,,,,,,,,,,,,,,,,,,
DepthOfField_5,Assets/MonoBehaviour/DepthOfField_5.asset,c88ab7b37c4f350242674d2efd621c19,c88ab7b37c4f350242674d2efd621c19,-2085558323,,,,0,1,1.24,,,,,1,5,1,1,1,0,,,,,,,,,,,,,,,,,,,,,,,,,,,,,,,,,,,,,,,,,,,,,,,,,,,,,,,,,,,,,,,,,,,,,,,,,,,,,,,,,,,,,,,,,,,,1,274.6,0,43,,,,,,1,74.6,1,1,1,44.12,,,,,,,,,,,,,,,,,,,,,1,0,,,,,,,,,,,,,,,,,,,,,,,,,,,,,,,,,,,,,,,,,,,,,,,,,,,,,,,,,,,,,,,,,,,,,,,,,,,,,,,,,,,,,,,,,,,,,,,,,,,,,{fileID: 0},0,,,,,,,,,,,,,,,,,,,0,,,1,,,,,,,,{fileID: 0},0,,,,,,,,,,,,,,,,,,,,DepthOfField,,0,,,,,{fileID: 0},0,{fileID: 0},0,,,,,,,,,,,,,,,,,,,,,,,,"{fileID: -2085558323, guid: c88ab7b37c4f350242674d2efd621c19, type: 3}",-2085558323,c88ab7b37c4f350242674d2efd621c19,,,,,,,,,,,,,,,,,,,,,,,,,,,,,,,,,,,,,,,,,,,,,,,,,,,,,,,,,,,,,,,,,,,,,,,,,,,,,,,,,,,,,,,,,,,,,,,,,,,,,,,,,,,,,,,,,,0,2,,,,,,,,,,,,,,,,,,,,,,,,,,,,,,,,,,,,,,,,,,,,,,,,,,,,,,,,,,,,,,,,,,,,,,,,,,,,,,,,,,,,,,,,,,,,,,,,,,,,,,,,,,,,,,,,,,,,,,,,,,,,,,,,,,,,,,,,,,,,,,,,,,,,,,,,,,,,,,,,,,,,,,,,,,,,,,,,,,,,,,,,,,,,,,,,,,,,,,,,,,,,,,,,,,,,,,,,,,,,,,,,,,,,,,,,,,,,,,,,,,,,,,,,,,,,,,,,,,
ChromaticAberration_16,Assets/MonoBehaviour/ChromaticAberration_16.asset,c88ab7b37c4f350242674d2efd621c19,c88ab7b37c4f350242674d2efd621c19,456897975,,,,0,,,,,,,,,,,,,,,,,,,,,,,,,,,,,,,,,,,,,,,,,,,,,,,,,,,,,,,,,,,,,,,,,,,,,,,,,,,,,,,,,,,,,,,,,,,,,,,,,,,,,,,,,,,,,,,,,,,,,,,,,,,,,,,,,,,,,,,,,,,,,,,,,,,,,,,,,,,,,,,,,,,,,,,,,,,,,,,,,,,,,,,,,,,,,,1,0.1,,,,,,,,,,,,,,,,,,,,,,,,,,,,,,,,,,,,,,,,,,,,,,,,,,{fileID: 0},0,,,,,,,,,,,,,,,,,,,0,,,1,,,,,,,,{fileID: 0},0,,,,,,,,,,,,,,,,,,,,ChromaticAberration,,0,,,,,{fileID: 0},0,{fileID: 0},0,,,,,,,,,,,,,,,,,,,,,,,,"{fileID: 456897975, guid: c88ab7b37c4f350242674d2efd621c19, type: 3}",456897975,c88ab7b37c4f350242674d2efd621c19,,,,,,,,,,,,,,,,,,,,,,,,,,,,,,,,,,,,,,,,,,,,,,,,,,,,,,,,,,,,,,,,,,,,,,,,,,,,,,,,,,,,,,,,,,,,,,,,,,,,,,,,,,,,,,,,,,,,,,,,,,,,,,,,,,,,,,,,,,,,,,,,,,,,,,,,,,,,,,,,,,,,,,,,,,,,,,,,,,,,,,,,,,,,,,,,,,,,,,,,,,,,,,,,,,,,,,,,,,,,,,,,,,,,,,,,,,,,,,,,,,,,,,,,,,,,,,,,,,,,,,,,,,,,,,,,,,,,,,,,,,,,,,,,,,,,,,,,,,,,,,,,,,,,,,,,,,,,,,,,,,,,,,,,,,,,,,,,,,,,,,,,,,,,,,,,,,,,,,,,,,,,,,,,,,,,,
ThermalBackground_0,Assets/MonoBehaviour/ThermalBackground_0.asset,c88ab7b37c4f350242674d2efd621c19,c88ab7b37c4f350242674d2efd621c19,999485770,,,,,,,,,,0,,,,,,,,,,,,,,,,,,,,,,,,,,,,,,,,,,,,,,,,,,,,,,,,,,,,,,,,,,,,,,,,,,,,,,,,,,,,,,,,,,,,,,,,,,,,,,,,,0,,,,,,,,,,,,,,,,,,,,,,,,,,,,,,,,,,,,,,,,,,,,,,,,,,,,,,,,,,,,,,,,,,,,,,,,,,,,,,,,,,,,,,450,,,,,,,,,,,,,,,,,,,,0,,,,,,,,,,,,,,,,,,,,,,,,,,,,,,,,{fileID: 0},0,,,,,,,,,,,,,,,,,,,0,,,1,,,,,,,,{fileID: 0},0,,,,,,,,,,,,,,,,,,,,ThermalBackground,,0,,,,,{fileID: 0},0,{fileID: 0},0,,,,,,,,,,,,,,,,,,,,,,,,"{fileID: 999485770, guid: c88ab7b37c4f350242674d2efd621c19, type: 3}",999485770,c88ab7b37c4f350242674d2efd621c19,,,,,,,,,,,,,,,,,,,,,,,,,,,,,,,,,,,,,,,,,,,,,,,,,,,,,,,,,,,,,,,,,,,,,,,,,,,,,,1,,,,,,,,,,,,,,,,,,,,,,,,,,,,,,,,,,,,,,,,,,,,,0,"{fileID: 2100000, guid: 143f92173c9531841ae7eab09b7ed673, type: 2}",2100000,143f92173c9531841ae7eab09b7ed673,Assets/Material/ThermalPass.mat,,,,,,,,,,,,,,,,,,,,,,,,,,,,,0,,,,,,,,,,,,,,,,,,,,,,,,,,,,,,,,,,,,,,,,,,,,,,,,,,,,,,,,,,,,,,,,,,,,,,,,,,,,,,,,,,,,,,,,,,,,,,,,,,,,,,,,,,,,,,,,,,,,,,,,,,,,,,,,,,,,,,,,,,,,,,,,,,,,,,,,,,,,,,,,,,,,,,,,,,,,,,,,,,,,,,,,,,,,,,,,,,,,,,,,,,,,,,,,,,,,,,,,,
ThermalCharacter_0,Assets/MonoBehaviour/ThermalCharacter_0.asset,c88ab7b37c4f350242674d2efd621c19,c88ab7b37c4f350242674d2efd621c19,-36843972,,,,,,,,,,,,,,,,,,,,,,,,,,,,,,,,,,,,,,,,,,,,,,,,,,,,,,,,,,,,,,,,,,,,,,,,,,,,,,,,,,,,,,,,,,,,,,,,,,,,,,,,,,,,,,,,,,,,,,,,,,,,,,,,,,,,,,,,,,,,,,,,,,,,,,,,,,,,,,,,,,,,,,,,,,,,,,,,,,,,,,,,,,,,,,,,,,,,,,,,,,,,,,,,,,,,,0,,,,,,,,,,,,,,,,,,,,,,,,,,,,,,,,{fileID: 0},0,,,,,,,,,,,,,,,,,,,0,,,1,,,,,,,,{fileID: 0},0,,,,,,,,,,,,,,,,,,,,ThermalCharacter,,0,,,,,{fileID: 0},0,{fileID: 0},0,,,,,,,,,,,,,,,,,,,,,,,,"{fileID: -36843972, guid: c88ab7b37c4f350242674d2efd621c19, type: 3}",-36843972,c88ab7b37c4f350242674d2efd621c19,,,,,,,,,,,,,,,,,,,,,,,,,,,,,,,,,,,,,,,,,,,,,,,,,,,,,,,,,,,,,,,,,,,,,,,,,,,,,,,,,,,,,,,,,,,,,,,,,,,,,,,,,,,,,,,,,,,,,,,,,,,,,,,,,,,,,,,,,,,,,,,,,,,,,,,,,,,,,,,,,,,,,,,,,,,,,,,,,,450,60,"{x: 0, y: 0, z: 0, w: 0}",0,1,4,0,512,2,[],1,1,"{fileID: 2100000, guid: 1cb3bfaf23c96744397847b79535bb42, type: 2}",0,2100000,1cb3bfaf23c96744397847b79535bb42,Assets/Material/ThermalCharacter.mat,2,"{fileID: 4800000, guid: f6b8a24a43b0cc2489c08b48df19b63e, type: 3}",0,4800000,f6b8a24a43b0cc2489c08b48df19b63e,Assets/Shader/ThermalCharacter.shader,ThermalCharacter,0,0,0,8,0,0,,,,,,,,,,,,,,,,,,,,,,,,,,,,,,,,,,,,,,,,,,,,,,,,,,,,,,,,,,,,,,,,,,,,,,,,,,,,,,,,,,,,,,,,,,,,,,,,,,,,,,,,,,,,,,,,,,,,,,,,,,,,,,,,,,,,,,,,,,,,,,,,,,,,,,,,,,,,,,,,,,,,,,
ChromaticAberration_7,Assets/MonoBehaviour/ChromaticAberration_7.asset,c88ab7b37c4f350242674d2efd621c19,c88ab7b37c4f350242674d2efd621c19,456897975,,,,0,,,,,,,,,,,,,,,,,,,,,,,,,,,,,,,,,,,,,,,,,,,,,,,,,,,,,,,,,,,,,,,,,,,,,,,,,,,,,,,,,,,,,,,,,,,,,,,,,,,,,,,,,,,,,,,,,,,,,,,,,,,,,,,,,,,,,,,,,,,,,,,,,,,,,,,,,,,,,,,,,,,,,,,,,,,,,,,,,,,,,,,,,,,,,,1,0.1,,,,,,,,,,,,,,,,,,,,,,,,,,,,,,,,,,,,,,,,,,,,,,,,,,{fileID: 0},0,,,,,,,,,,,,,,,,,,,0,,,1,,,,,,,,{fileID: 0},0,,,,,,,,,,,,,,,,,,,,ChromaticAberration,,0,,,,,{fileID: 0},0,{fileID: 0},0,,,,,,,,,,,,,,,,,,,,,,,,"{fileID: 456897975, guid: c88ab7b37c4f350242674d2efd621c19, type: 3}",456897975,c88ab7b37c4f350242674d2efd621c19,,,,,,,,,,,,,,,,,,,,,,,,,,,,,,,,,,,,,,,,,,,,,,,,,,,,,,,,,,,,,,,,,,,,,,,,,,,,,,,,,,,,,,,,,,,,,,,,,,,,,,,,,,,,,,,,,,,,,,,,,,,,,,,,,,,,,,,,,,,,,,,,,,,,,,,,,,,,,,,,,,,,,,,,,,,,,,,,,,,,,,,,,,,,,,,,,,,,,,,,,,,,,,,,,,,,,,,,,,,,,,,,,,,,,,,,,,,,,,,,,,,,,,,,,,,,,,,,,,,,,,,,,,,,,,,,,,,,,,,,,,,,,,,,,,,,,,,,,,,,,,,,,,,,,,,,,,,,,,,,,,,,,,,,,,,,,,,,,,,,,,,,,,,,,,,,,,,,,,,,,,,,,,,,,,,,,
ColorAdjustments_4,Assets/MonoBehaviour/ColorAdjustments_4.asset,c88ab7b37c4f350242674d2efd621c19,c88ab7b37c4f350242674d2efd621c19,-1728269046,,,,1,,,,,,,,,,,,,,,,,,,,,,,,,,,,,,,,,,,,,,,,,,,,,,,,,,,,,,,1,"{r: 1, g: 1, b: 1, a: 1}",,,,,,,,,,,,,,,,1,5,,,,,,,,,,,,,,,,,,,,,,,,,,,,,,,,,,,,,,,,,,,,,,,,,,,,,,,,,,,,,,,,,,,,,,,,,,1,0,,,,,,,,,,,,,,,,,,,,,,,,,,,,,,,,,,,,,,,,,,,,,,,,,,,,,,,,,,,,,,,,,,,,,,,,,,,,,,,,,,,,,,,,,,,,,{fileID: 0},0,,,,,,,,,,,,,,,,,,,0,,,1,,,,,,,,{fileID: 0},0,,,,,,,,,,,,,,,,,,,,ColorAdjustments,,0,,,,,{fileID: 0},0,{fileID: 0},0,,,,,,,,,,,,,,,,,,,,,,,,"{fileID: -1728269046, guid: c88ab7b37c4f350242674d2efd621c19, type: 3}",-1728269046,c88ab7b37c4f350242674d2efd621c19,,,,,,,,,,,,,,,,,,,,,,,,,,,,,,,,,,,,,,,,,,,,,,,,,,,,,,,,,,,,,,,,,,,,,,,,,,,,,,,,,,,,,,,,,,,,,,,,,,,,,,,,,,,,,,,,,,,,,,,,,,,,,,,,1,0.3,,,,,,,,,,,,,,,,,,,,,,,,,,,,,,,,,,,,,,,,,,,1,-5,,,,,,,,,,,,,,,,,,,,,,,,,,,,,,,,,,,,,,,,,,,,,,,,,,,,,,,,,,,,,,,,,,,,,,,,,,,,,,,,,,,,,,,,,,,,,,,,,,,,,,,,,,,,,,,,,,,,,,,,,,,,,,,,,,,,,,,,,,,,,,,,,,,,,,,,,,,,,,,,,,,,,,,,,,,,,,,,,,,,,,,,,,,,,,,,,,,,,,,,
Bloom_10,Assets/MonoBehaviour/Bloom_10.asset,c88ab7b37c4f350242674d2efd621c19,c88ab7b37c4f350242674d2efd621c19,464656391,,,,1,,,,,,,,,,,,,,,,,,,,,,,,,,,,,,,,,,,,,,,,,,,,,,,,,,,0,65472,,,,,,,,,,,,,,,,,,,,,,,,,,,,,,,,,,,,,,0,0,1,0,{fileID: 0},0,,,,,0,0,,,,,,,,,,,,,,,,,,,,,,,,,,,,,,,,,,,,0,0,,,,,,,,,,,,,,,,,,,,,,,,,,,,,,,,,,,,,,,,,,,,,,,,,,,,1,1,,,,,,,,,,,,,,,,,,,,,,,,,,,,,,,,,,,,,,,,,,,,,,,,,,{fileID: 0},0,,,,,,,,,,,,,,,,,,,0,,,1,,,,,,,,{fileID: 0},0,,,,,,,,,,,,,,,,,,,,Bloom,,0,,,,,{fileID: 0},0,{fileID: 0},0,,,,,,,,,,,,,,,,,,,,,,,,"{fileID: 464656391, guid: c88ab7b37c4f350242674d2efd621c19, type: 3}",464656391,c88ab7b37c4f350242674d2efd621c19,,,,,,,,,,,,,,,,,,,,,,,,,,,,,,,,,,,,,,,,,,,,,,,,,,,,,,,,,,,,,,,,,,,,,,,,,,,,,,,,,,,,,,,,,,,,,,,,,,,,,,,,,,0,6,,,,,,,,,,,,,,,,,,,,,,,,,,,,,,,,,,,,,,,,,,,,,,,,,,,,,,,,,,,,,,,,,,,,,1,0.7,,,,,,,,,,,,,,,,,,,,,,,,,,,,,,,,,,,,,,,,,,,,,,,,,,,,,,,,,,,,,,,,,,,,,,,,,,,,,,,,,,,,,,,,,,,,,,,,,,,,,,,,,,,,,,,,,,,,,,,,,,,,,,,,,,,,,,,,,,,,,,,,,,,,,,,,,,,,,,,,,,0,1,,,,,,,,,,,,,,,,,,,,1,1.2,0,"{r: 1, g: 1, b: 1, a: 1}",,,,,,,,,,
New Umbra Profile_1,Assets/MonoBehaviour/New Umbra Profile_1.asset,c88ab7b37c4f350242674d2efd621c19,c88ab7b37c4f350242674d2efd621c19,-2068570431,,,,,,,,,0,,,,,,,,0,,,,,,,,,,,,,,,,,,,50,50,0,5,0,0,1,10,,,0.1,1,0.1,1,0.1,1,1,,,,,,,,,0,0.75,0,0.85,0.3,0.1,16,0,0.01,0.01,0,0.5,0.15,0.111,0.0001,,,,,,,,,,,,,,,,,,,,,,,,,,,1,0,,,1,,,,,,0,,,,,,,,,,,,,,,,,,,,,,,,,,,,,,,,,,,,,,,,,,,,,,,,,,,,,,,,,,,,,,,,,,,,,,,,,,,,,,,,,,,,,,,,6,0,,,,,,,,,,,,,,,,,,,,,,,,,,,,,,,,,,,,,,,,,,,,{fileID: 0},0,,,,,,,,,,,,,,,,,,,0,,,1,,,,,,,,{fileID: 0},0,,,,,,,,,,,,,,,,,,,,New Umbra Profile,,0,,,,,{fileID: 0},0,{fileID: 0},0,,,,,,,,,,,,,,,,,,,,,,,,"{fileID: -2068570431, guid: c88ab7b37c4f350242674d2efd621c19, type: 3}",-2068570431,c88ab7b37c4f350242674d2efd621c19,,,,,,,,,,,,,,,,,,,,,,,,,,,,,,,,,,,,,,,,,,,,,,,,,,,,,,,,,,,,,,,,,,,,,,,,,,,,,,,,,,,,,1,{fileID: 0},0,,,,,,,,,,,,,,,,,,,,,,,,,,,,,,,0,8,8,,,,,,,,,,,,,,1,1,,,,,,,,,,,,,,,,,,,,,,,,,,16,,,,,,,,,,,,,,,,,,,,,,,,,,,,,,,,,,,,,,,,,,,,,,,,,,,,,,,,,,,,,,,,,,,,,,,,,,,,,,,,,,,,,,,,,,,,,,,,,,,,,,,,,,,,,,,,,,,,,,,,,,,,,,,,,,,,,,,,,,,,,,,,,,,,,,,,,,,,,,,,,,,,,,,,,1,,,,,,,0.1,5,,,,,0,,,,,,,,,,,,,,,,,,,,,,,,,,,,,,
DepthOfField_2,Assets/MonoBehaviour/DepthOfField_2.asset,c88ab7b37c4f350242674d2efd621c19,c88ab7b37c4f350242674d2efd621c19,-2085558323,,,,1,1,8.32,,,,,1,5,1,1,1,0,,,,,,,,,,,,,,,,,,,,,,,,,,,,,,,,,,,,,,,,,,,,,,,,,,,,,,,,,,,,,,,,,,,,,,,,,,,,,,,,,,,,,,,,,,,,1,259.6,1,10,,,,,,1,30,1,1,1,10,,,,,,,,,,,,,,,,,,,,,1,0,,,,,,,,,,,,,,,,,,,,,,,,,,,,,,,,,,,,,,,,,,,,,,,,,,,,,,,,,,,,,,,,,,,,,,,,,,,,,,,,,,,,,,,,,,,,,,,,,,,,,{fileID: 0},0,,,,,,,,,,,,,,,,,,,0,,,1,,,,,,,,{fileID: 0},0,,,,,,,,,,,,,,,,,,,,DepthOfField,,0,,,,,{fileID: 0},0,{fileID: 0},0,,,,,,,,,,,,,,,,,,,,,,,,"{fileID: -2085558323, guid: c88ab7b37c4f350242674d2efd621c19, type: 3}",-2085558323,c88ab7b37c4f350242674d2efd621c19,,,,,,,,,,,,,,,,,,,,,,,,,,,,,,,,,,,,,,,,,,,,,,,,,,,,,,,,,,,,,,,,,,,,,,,,,,,,,,,,,,,,,,,,,,,,,,,,,,,,,,,,,,,,,,,,,,1,2,,,,,,,,,,,,,,,,,,,,,,,,,,,,,,,,,,,,,,,,,,,,,,,,,,,,,,,,,,,,,,,,,,,,,,,,,,,,,,,,,,,,,,,,,,,,,,,,,,,,,,,,,,,,,,,,,,,,,,,,,,,,,,,,,,,,,,,,,,,,,,,,,,,,,,,,,,,,,,,,,,,,,,,,,,,,,,,,,,,,,,,,,,,,,,,,,,,,,,,,,,,,,,,,,,,,,,,,,,,,,,,,,,,,,,,,,,,,,,,,,,,,,,,,,,,,,,,,,,
ScreenSpaceShadows,Assets/MonoBehaviour/ScreenSpaceShadows.asset,c88ab7b37c4f350242674d2efd621c19,c88ab7b37c4f350242674d2efd621c19,394374998,,,,,,,,,,,,,,,,,,,,,,,,,,,,,,,,,,,,,,,,,,,,,,,,,,,,,,,,,,,,,,,,,,,,,,,,,,,,,,,,,,,,,,,,,,,,,,,,,,,,,,,,,,,,,,,,,,,,,,,,,,,,,,,,,,,,,,,,,,,,,,,,,,,,,,,,,,,,,,,,,,,,,,,,,,,,,,,,,,,,,,,,,,,,,,,,,,,,,,,,,,,,,,,,,,,,,0,,,,,,,,,,,,,,,,,,,,,,,,,,,,,,,,{fileID: 0},0,,,,,,,,,,,,,,,,,,,0,,,1,,,,,,,,{fileID: 0},0,,,,,,,,,,,,,,,,,,,,ScreenSpaceShadows,,0,,,,,{fileID: 0},0,{fileID: 0},0,,,,,,,,,,,,,,,,,,,,,,,,"{fileID: 394374998, guid: c88ab7b37c4f350242674d2efd621c19, type: 3}",394374998,c88ab7b37c4f350242674d2efd621c19,{},,,,,,,,,,,,,,,,,,,"{fileID: 4800000, guid: f4fd0044a7ba9bb44acb7c186e3d5590, type: 3}",,4800000,f4fd0044a7ba9bb44acb7c186e3d5590,Assets/Shader/Hidden_Universal Render Pipeline_ScreenSpaceShadows.shader,,,,,,,,,,,,,,,,,,,,,,,,,,,,,,,,,,,,,,,,,,,,,,,,,,,,,,,,,,,,,,,,,,,,,,,,,,,,,,,,,,,,,,,,,,,,,,,,,,,,,,,,,,,,,,,,,,,,,,,,,,,,,,,,,,,,,,,,,,,,,,,,,,,,,,,,,,,,,,,,,,,,,,,,,,,,,,,,,,,,,,,,,,,,,,,,,,,,,,,,,,,,,,,,,,,,,,,,,,,,,,,,,,,,,,,,,,,,,,,,,,,,,,,,,,,,,,,,,,,,,,,,,,,,,,,,,,,,,,,,,,,,,,,,,,,,,,,,,,,,,,,,,,,,,,,,,,,,,,,,,,,,,,,,,,,,,,,,,,,,,,,,,,,,,
DepthOfField_9,Assets/MonoBehaviour/DepthOfField_9.asset,c88ab7b37c4f350242674d2efd621c19,c88ab7b37c4f350242674d2efd621c19,-2085558323,,,,0,1,1.24,,,,,1,5,1,1,1,0,,,,,,,,,,,,,,,,,,,,,,,,,,,,,,,,,,,,,,,,,,,,,,,,,,,,,,,,,,,,,,,,,,,,,,,,,,,,,,,,,,,,,,,,,,,,1,274.6,0,43,,,,,,1,74.6,1,1,1,44.12,,,,,,,,,,,,,,,,,,,,,1,0,,,,,,,,,,,,,,,,,,,,,,,,,,,,,,,,,,,,,,,,,,,,,,,,,,,,,,,,,,,,,,,,,,,,,,,,,,,,,,,,,,,,,,,,,,,,,,,,,,,,,{fileID: 0},0,,,,,,,,,,,,,,,,,,,0,,,1,,,,,,,,{fileID: 0},0,,,,,,,,,,,,,,,,,,,,DepthOfField,,0,,,,,{fileID: 0},0,{fileID: 0},0,,,,,,,,,,,,,,,,,,,,,,,,"{fileID: -2085558323, guid: c88ab7b37c4f350242674d2efd621c19, type: 3}",-2085558323,c88ab7b37c4f350242674d2efd621c19,,,,,,,,,,,,,,,,,,,,,,,,,,,,,,,,,,,,,,,,,,,,,,,,,,,,,,,,,,,,,,,,,,,,,,,,,,,,,,,,,,,,,,,,,,,,,,,,,,,,,,,,,,,,,,,,,,0,2,,,,,,,,,,,,,,,,,,,,,,,,,,,,,,,,,,,,,,,,,,,,,,,,,,,,,,,,,,,,,,,,,,,,,,,,,,,,,,,,,,,,,,,,,,,,,,,,,,,,,,,,,,,,,,,,,,,,,,,,,,,,,,,,,,,,,,,,,,,,,,,,,,,,,,,,,,,,,,,,,,,,,,,,,,,,,,,,,,,,,,,,,,,,,,,,,,,,,,,,,,,,,,,,,,,,,,,,,,,,,,,,,,,,,,,,,,,,,,,,,,,,,,,,,,,,,,,,,,
New Umbra Profile_15,Assets/MonoBehaviour/New Umbra Profile_15.asset,c88ab7b37c4f350242674d2efd621c19,c88ab7b37c4f350242674d2efd621c19,-2068570431,,,,,,,,,0,,,,,,,,0,,,,,,,,,,,,,,,,,,,50,50,0,5,0,0,1,10,,,0.1,1,0.1,1,0.1,1,1,,,,,,,,,1,0,0,1,2,0.011,32,0,0.01,0.05,0,0.5,0.15,0.776,0.0001,,,,,,,,,,,,,,,,,,,,,,,,,,,1,0,,,1,,,,,,0,,,,,,,,,,,,,,,,,,,,,,,,,,,,,,,,,,,,,,,,,,,,,,,,,,,,,,,,,,,,,,,,,,,,,,,,,,,,,,,,,,,,,,,,6,0,,,,,,,,,,,,,,,,,,,,,,,,,,,,,,,,,,,,,,,,,,,,{fileID: 0},0,,,,,,,,,,,,,,,,,,,0,,,1,,,,,,,,{fileID: 0},0,,,,,,,,,,,,,,,,,,,,New Umbra Profile,,0,,,,,{fileID: 0},0,{fileID: 0},0,,,,,,,,,,,,,,,,,,,,,,,,"{fileID: -2068570431, guid: c88ab7b37c4f350242674d2efd621c19, type: 3}",-2068570431,c88ab7b37c4f350242674d2efd621c19,,,,,,,,,,,,,,,,,,,,,,,,,,,,,,,,,,,,,,,,,,,,,,,,,,,,,,,,,,,,,,,,,,,,,,,,,,,,,,,,,,,,,1,{fileID: 0},0,,,,,,,,,,,,,,,,,,,,,,,,,,,,,,,0,8,8,,,,,,,,,,,,,,1,1,,,,,,,,,,,,,,,,,,,,,,,,,,16,,,,,,,,,,,,,,,,,,,,,,,,,,,,,,,,,,,,,,,,,,,,,,,,,,,,,,,,,,,,,,,,,,,,,,,,,,,,,,,,,,,,,,,,,,,,,,,,,,,,,,,,,,,,,,,,,,,,,,,,,,,,,,,,,,,,,,,,,,,,,,,,,,,,,,,,,,,,,,,,,,,,,,,,,1,,,,,,,0.1,5,,,,,0,,,,,,,,,,,,,,,,,,,,,,,,,,,,,,
ShadowsMidtonesHighlights_2,Assets/MonoBehaviour/ShadowsMidtonesHighlights_2.asset,c88ab7b37c4f350242674d2efd621c19,c88ab7b37c4f350242674d2efd621c19,815276277,,,,1,,,,,,,,,,,,,,,,,,,,,,,,,,,,,,,,,,,,,,,,,,,,,,,,,,,,,,,,,,,,,,,,,,,,,,,,,,,,,,,,,,,,,,,,,,,,,,,,,,,,,,,,,,,,,,,,,,,,,,,,,,,,,,,,,,,,,,,,,,,,,1,"{x: 1, y: 0.9345417, z: 0.861944, w: 0}",1,1,1,0.55,,,,,,,,,,,,,,,,,,,,,,,,,,,,,,,,,,,,,,,,,,,,,,,,,,,,,,,,,,,,,,,,,,,,,,,,,,,,,,,,,,,,,,,,,,,,,,,{fileID: 0},0,,,,,,,,,,,,,,,,,,,0,,,1,,,,,,,,{fileID: 0},0,,,,,,,,,,,,,,,,,,,,ShadowsMidtonesHighlights,,0,,,,,{fileID: 0},0,{fileID: 0},0,,,,,,,,,,,,,,,,,,,,,,,,"{fileID: 815276277, guid: c88ab7b37c4f350242674d2efd621c19, type: 3}",815276277,c88ab7b37c4f350242674d2efd621c19,,,,,,,,,,,,,,,,,,,,,,,,,,,,,,,,,,,,,,,,,,,,,,,,,,,,,,,,,,,,,,,,,,,,,,,,,,,,,,,,,,,,,,,,,,,,,,,,,,,,,,,,,,,,,,1,"{x: 1, y: 0.9730033, z: 0.9710306, w: 0}",,,,,,,,,,,,,,,,,,,,,,,,,,,,,,,,,,,,,,,,,,,,,,,,,,,,,,,,,,,,,,,,,,,,,,,,,,,,,,,,,,,,,,,,,,,,,,,,,,,,,,,,,,,,,,,,,,,,,,,,,,,,,,,,,,,,,,,,,,,,,,,,,,,,,,,,,,,,,,,,,,,,,,,,,,,,,,,,,,,,,,,,,,,,,,,,,,,,,,,,,,,,,,,,,,,,,,,,,,,,1,"{x: 0.8971265, y: 0.9436495, z: 1, w: 0}",1,0.3,1,0,,,,,,,,,,,,,,,,,,,,,,,,,,,,,,,,,,,,,
FilmGrain_3,Assets/MonoBehaviour/FilmGrain_3.asset,c88ab7b37c4f350242674d2efd621c19,c88ab7b37c4f350242674d2efd621c19,-534242816,,,,1,,,,,,,,,,,,,,,,,,,,,,,,,,,,,,,,,,,,,,,,,,,,,,,,,,,,,,,,,,,,,,,,,,,,,,,,,,,,,,,,,,,,,,,,,,,,,,,,,,,,,,,,,,,,,,,,,,,,,,,,,,,,,,,,,,,,,,,,,,,,,,,,,,,,,,,,,,,,,,,,,,,,,,,,,,,,,,,,,,,,,,,,,,,,,,0,0,,,,,,,,,,,,,,,,,,,,,,,,,,,,,,,,,,,,,,,,,,,,,,,,,,{fileID: 0},0,,,,,,,,,,,,,,,,,,,0,,,1,,,,,,,,{fileID: 0},0,,,,,,,,,,,,,,,,,,,,FilmGrain,,0,,,,,{fileID: 0},0,{fileID: 0},0,,,,,,,,,,,,,,,,,,,,,,,,"{fileID: -534242816, guid: c88ab7b37c4f350242674d2efd621c19, type: 3}",-534242816,c88ab7b37c4f350242674d2efd621c19,,,,,,,,,,,,,,,,,,,,,,,,,,,,,,,,,,,,,,,,,,,,,,,,,,,,,,,,,,,,,,,,,,,,,,,,,,,,,,,,,,,,,,,,,,,,,,,,,,,,,,,,,,,,,,,,,,,,,,,,,,,,,,,,,,,,,,,,,,,,,,,,,,,,,,,,,,,,,0,0.8,,,,,,,,,,,,,,,,,,,,,,,,,,,,,,,,,,,,,,,,,,,,,,,,,,,,,,,,,,,,,,,,,,,,,,,,,,,,,,,,,,,,,,,,,,,,,,,,,,,,,,,,,,,,,,,,,,,,,,,,,,,,,,,,,,,,,,,,,,,,,,,,,,,,,,,,,,,,,,,,,,,,,,,,,,,,,,,,,,,,,,,,,,,,0,{fileID: 0},0,,,,,,,,,,,,,,,,0,0,,,,,,,,
ColorAdjustments_12,Assets/MonoBehaviour/ColorAdjustments_12.asset,c88ab7b37c4f350242674d2efd621c19,c88ab7b37c4f350242674d2efd621c19,-1728269046,,,,0,,,,,,,,,,,,,,,,,,,,,,,,,,,,,,,,,,,,,,,,,,,,,,,,,,,,,,,0,"{r: 1, g: 1, b: 1, a: 1}",,,,,,,,,,,,,,,,0,50.7,,,,,,,,,,,,,,,,,,,,,,,,,,,,,,,,,,,,,,,,,,,,,,,,,,,,,,,,,,,,,,,,,,,,,,,,,,0,0,,,,,,,,,,,,,,,,,,,,,,,,,,,,,,,,,,,,,,,,,,,,,,,,,,,,,,,,,,,,,,,,,,,,,,,,,,,,,,,,,,,,,,,,,,,,,{fileID: 0},0,,,,,,,,,,,,,,,,,,,0,,,1,,,,,,,,{fileID: 0},0,,,,,,,,,,,,,,,,,,,,ColorAdjustments,,0,,,,,{fileID: 0},0,{fileID: 0},0,,,,,,,,,,,,,,,,,,,,,,,,"{fileID: -1728269046, guid: c88ab7b37c4f350242674d2efd621c19, type: 3}",-1728269046,c88ab7b37c4f350242674d2efd621c19,,,,,,,,,,,,,,,,,,,,,,,,,,,,,,,,,,,,,,,,,,,,,,,,,,,,,,,,,,,,,,,,,,,,,,,,,,,,,,,,,,,,,,,,,,,,,,,,,,,,,,,,,,,,,,,,,,,,,,,,,,,,,,,,1,0.2,,,,,,,,,,,,,,,,,,,,,,,,,,,,,,,,,,,,,,,,,,,0,0,,,,,,,,,,,,,,,,,,,,,,,,,,,,,,,,,,,,,,,,,,,,,,,,,,,,,,,,,,,,,,,,,,,,,,,,,,,,,,,,,,,,,,,,,,,,,,,,,,,,,,,,,,,,,,,,,,,,,,,,,,,,,,,,,,,,,,,,,,,,,,,,,,,,,,,,,,,,,,,,,,,,,,,,,,,,,,,,,,,,,,,,,,,,,,,,,,,,,,,,
New Umbra Profile_6,Assets/MonoBehaviour/New Umbra Profile_6.asset,c88ab7b37c4f350242674d2efd621c19,c88ab7b37c4f350242674d2efd621c19,-2068570431,,,,,,,,,0,,,,,,,,0,,,,,,,,,,,,,,,,,,,50,50,0,5,0,0,1,10,,,0.1,1,0.1,1,0.1,1,1,,,,,,,,,0,0.75,0,0.85,0.3,0.1,16,0,0.01,0.01,0,0.5,0.15,0.111,0.0001,,,,,,,,,,,,,,,,,,,,,,,,,,,1,0,,,1,,,,,,0,,,,,,,,,,,,,,,,,,,,,,,,,,,,,,,,,,,,,,,,,,,,,,,,,,,,,,,,,,,,,,,,,,,,,,,,,,,,,,,,,,,,,,,,6,0,,,,,,,,,,,,,,,,,,,,,,,,,,,,,,,,,,,,,,,,,,,,{fileID: 0},0,,,,,,,,,,,,,,,,,,,0,,,1,,,,,,,,{fileID: 0},0,,,,,,,,,,,,,,,,,,,,New Umbra Profile,,0,,,,,{fileID: 0},0,{fileID: 0},0,,,,,,,,,,,,,,,,,,,,,,,,"{fileID: -2068570431, guid: c88ab7b37c4f350242674d2efd621c19, type: 3}",-2068570431,c88ab7b37c4f350242674d2efd621c19,,,,,,,,,,,,,,,,,,,,,,,,,,,,,,,,,,,,,,,,,,,,,,,,,,,,,,,,,,,,,,,,,,,,,,,,,,,,,,,,,,,,,1,{fileID: 0},0,,,,,,,,,,,,,,,,,,,,,,,,,,,,,,,0,8,8,,,,,,,,,,,,,,1,1,,,,,,,,,,,,,,,,,,,,,,,,,,16,,,,,,,,,,,,,,,,,,,,,,,,,,,,,,,,,,,,,,,,,,,,,,,,,,,,,,,,,,,,,,,,,,,,,,,,,,,,,,,,,,,,,,,,,,,,,,,,,,,,,,,,,,,,,,,,,,,,,,,,,,,,,,,,,,,,,,,,,,,,,,,,,,,,,,,,,,,,,,,,,,,,,,,,,1,,,,,,,0.1,5,,,,,0,,,,,,,,,,,,,,,,,,,,,,,,,,,,,,
New Umbra Profile_14,Assets/MonoBehaviour/New Umbra Profile_14.asset,c88ab7b37c4f350242674d2efd621c19,c88ab7b37c4f350242674d2efd621c19,-2068570431,,,,,,,,,0,,,,,,,,0,,,,,,,,,,,,,,,,,,,50,50,0,5,0,0,1,10,,,0.1,1,0.1,1,0.1,1,1,,,,,,,,,0,0.75,0,0.85,0.3,0.1,16,0,0.01,0.01,0,0.5,0.15,0.2,0.0001,,,,,,,,,,,,,,,,,,,,,,,,,,,1,0,,,1,,,,,,0,,,,,,,,,,,,,,,,,,,,,,,,,,,,,,,,,,,,,,,,,,,,,,,,,,,,,,,,,,,,,,,,,,,,,,,,,,,,,,,,,,,,,,,,6,0,,,,,,,,,,,,,,,,,,,,,,,,,,,,,,,,,,,,,,,,,,,,{fileID: 0},0,,,,,,,,,,,,,,,,,,,0,,,1,,,,,,,,{fileID: 0},0,,,,,,,,,,,,,,,,,,,,New Umbra Profile,,0,,,,,{fileID: 0},0,{fileID: 0},0,,,,,,,,,,,,,,,,,,,,,,,,"{fileID: -2068570431, guid: c88ab7b37c4f350242674d2efd621c19, type: 3}",-2068570431,c88ab7b37c4f350242674d2efd621c19,,,,,,,,,,,,,,,,,,,,,,,,,,,,,,,,,,,,,,,,,,,,,,,,,,,,,,,,,,,,,,,,,,,,,,,,,,,,,,,,,,,,,1,{fileID: 0},0,,,,,,,,,,,,,,,,,,,,,,,,,,,,,,,0,8,8,,,,,,,,,,,,,,1,1,,,,,,,,,,,,,,,,,,,,,,,,,,16,,,,,,,,,,,,,,,,,,,,,,,,,,,,,,,,,,,,,,,,,,,,,,,,,,,,,,,,,,,,,,,,,,,,,,,,,,,,,,,,,,,,,,,,,,,,,,,,,,,,,,,,,,,,,,,,,,,,,,,,,,,,,,,,,,,,,,,,,,,,,,,,,,,,,,,,,,,,,,,,,,,,,,,,,1,,,,,,,0.1,5,,,,,0,,,,,,,,,,,,,,,,,,,,,,,,,,,,,,
ChromaticAberration_13,Assets/MonoBehaviour/ChromaticAberration_13.asset,c88ab7b37c4f350242674d2efd621c19,c88ab7b37c4f350242674d2efd621c19,456897975,,,,0,,,,,,,,,,,,,,,,,,,,,,,,,,,,,,,,,,,,,,,,,,,,,,,,,,,,,,,,,,,,,,,,,,,,,,,,,,,,,,,,,,,,,,,,,,,,,,,,,,,,,,,,,,,,,,,,,,,,,,,,,,,,,,,,,,,,,,,,,,,,,,,,,,,,,,,,,,,,,,,,,,,,,,,,,,,,,,,,,,,,,,,,,,,,,,1,0.1,,,,,,,,,,,,,,,,,,,,,,,,,,,,,,,,,,,,,,,,,,,,,,,,,,{fileID: 0},0,,,,,,,,,,,,,,,,,,,0,,,1,,,,,,,,{fileID: 0},0,,,,,,,,,,,,,,,,,,,,ChromaticAberration,,0,,,,,{fileID: 0},0,{fileID: 0},0,,,,,,,,,,,,,,,,,,,,,,,,"{fileID: 456897975, guid: c88ab7b37c4f350242674d2efd621c19, type: 3}",456897975,c88ab7b37c4f350242674d2efd621c19,,,,,,,,,,,,,,,,,,,,,,,,,,,,,,,,,,,,,,,,,,,,,,,,,,,,,,,,,,,,,,,,,,,,,,,,,,,,,,,,,,,,,,,,,,,,,,,,,,,,,,,,,,,,,,,,,,,,,,,,,,,,,,,,,,,,,,,,,,,,,,,,,,,,,,,,,,,,,,,,,,,,,,,,,,,,,,,,,,,,,,,,,,,,,,,,,,,,,,,,,,,,,,,,,,,,,,,,,,,,,,,,,,,,,,,,,,,,,,,,,,,,,,,,,,,,,,,,,,,,,,,,,,,,,,,,,,,,,,,,,,,,,,,,,,,,,,,,,,,,,,,,,,,,,,,,,,,,,,,,,,,,,,,,,,,,,,,,,,,,,,,,,,,,,,,,,,,,,,,,,,,,,,,,,,,,,
LiftGammaGain,Assets/MonoBehaviour/LiftGammaGain.asset,c88ab7b37c4f350242674d2efd621c19,c88ab7b37c4f350242674d2efd621c19,282247082,,,,1,,,,,,,,,,,,,,,,,,,,,,,,,,,,,,,,,,,,,,,,,,,,,,,,,,,,,,,,,,,,,,,,,,,,,,,,,,,,,,,,,,,,,,,,,,,,,,,,,,,,,,,,,,,,,1,"{x: 1, y: 0.9507703, z: 0.8942983, w: 0}",1,"{x: 1, y: 0.98782974, z: 0.9305449, w: 0}",,,,,,,,,,,,,,,,,,,,,,,,,,,,,,,,,,,,,,,,,,,,,,,,,,,,,,,,,,,,,,,,,,,,,,,,,,,,,,,,,,1,"{x: 0.89241976, y: 0.87788343, z: 1, w: 0}",,,,,,,,,,,,,,,,,,,,,,,,,,,,,,,,,,,,,,,,,,,,,,{fileID: 0},0,,,,,,,,,,,,,,,,,,,0,,,1,,,,,,,,{fileID: 0},0,,,,,,,,,,,,,,,,,,,,LiftGammaGain,,0,,,,,{fileID: 0},0,{fileID: 0},0,,,,,,,,,,,,,,,,,,,,,,,,"{fileID: 282247082, guid: c88ab7b37c4f350242674d2efd621c19, type: 3}",282247082,c88ab7b37c4f350242674d2efd621c19,,,,,,,,,,,,,,,,,,,,,,,,,,,,,,,,,,,,,,,,,,,,,,,,,,,,,,,,,,,,,,,,,,,,,,,,,,,,,,,,,,,,,,,,,,,,,,,,,,,,,,,,,,,,,,,,,,,,,,,,,,,,,,,,,,,,,,,,,,,,,,,,,,,,,,,,,,,,,,,,,,,,,,,,,,,,,,,,,,,,,,,,,,,,,,,,,,,,,,,,,,,,,,,,,,,,,,,,,,,,,,,,,,,,,,,,,,,,,,,,,,,,,,,,,,,,,,,,,,,,,,,,,,,,,,,,,,,,,,,,,,,,,,,,,,,,,,,,,,,,,,,,,,,,,,,,,,,,,,,,,,,,,,,,,,,,,,,,,,,,,,,,,,,,,,,,,,,,,,,,,,,,,,,,,,,,,
ChromaticAberration_8,Assets/MonoBehaviour/ChromaticAberration_8.asset,c88ab7b37c4f350242674d2efd621c19,c88ab7b37c4f350242674d2efd621c19,456897975,,,,0,,,,,,,,,,,,,,,,,,,,,,,,,,,,,,,,,,,,,,,,,,,,,,,,,,,,,,,,,,,,,,,,,,,,,,,,,,,,,,,,,,,,,,,,,,,,,,,,,,,,,,,,,,,,,,,,,,,,,,,,,,,,,,,,,,,,,,,,,,,,,,,,,,,,,,,,,,,,,,,,,,,,,,,,,,,,,,,,,,,,,,,,,,,,,,1,0.05,,,,,,,,,,,,,,,,,,,,,,,,,,,,,,,,,,,,,,,,,,,,,,,,,,{fileID: 0},0,,,,,,,,,,,,,,,,,,,0,,,1,,,,,,,,{fileID: 0},0,,,,,,,,,,,,,,,,,,,,ChromaticAberration,,0,,,,,{fileID: 0},0,{fileID: 0},0,,,,,,,,,,,,,,,,,,,,,,,,"{fileID: 456897975, guid: c88ab7b37c4f350242674d2efd621c19, type: 3}",456897975,c88ab7b37c4f350242674d2efd621c19,,,,,,,,,,,,,,,,,,,,,,,,,,,,,,,,,,,,,,,,,,,,,,,,,,,,,,,,,,,,,,,,,,,,,,,,,,,,,,,,,,,,,,,,,,,,,,,,,,,,,,,,,,,,,,,,,,,,,,,,,,,,,,,,,,,,,,,,,,,,,,,,,,,,,,,,,,,,,,,,,,,,,,,,,,,,,,,,,,,,,,,,,,,,,,,,,,,,,,,,,,,,,,,,,,,,,,,,,,,,,,,,,,,,,,,,,,,,,,,,,,,,,,,,,,,,,,,,,,,,,,,,,,,,,,,,,,,,,,,,,,,,,,,,,,,,,,,,,,,,,,,,,,,,,,,,,,,,,,,,,,,,,,,,,,,,,,,,,,,,,,,,,,,,,,,,,,,,,,,,,,,,,,,,,,,,,
ChromaticAberration_3,Assets/MonoBehaviour/ChromaticAberration_3.asset,c88ab7b37c4f350242674d2efd621c19,c88ab7b37c4f350242674d2efd621c19,456897975,,,,0,,,,,,,,,,,,,,,,,,,,,,,,,,,,,,,,,,,,,,,,,,,,,,,,,,,,,,,,,,,,,,,,,,,,,,,,,,,,,,,,,,,,,,,,,,,,,,,,,,,,,,,,,,,,,,,,,,,,,,,,,,,,,,,,,,,,,,,,,,,,,,,,,,,,,,,,,,,,,,,,,,,,,,,,,,,,,,,,,,,,,,,,,,,,,,1,0.05,,,,,,,,,,,,,,,,,,,,,,,,,,,,,,,,,,,,,,,,,,,,,,,,,,{fileID: 0},0,,,,,,,,,,,,,,,,,,,0,,,1,,,,,,,,{fileID: 0},0,,,,,,,,,,,,,,,,,,,,ChromaticAberration,,0,,,,,{fileID: 0},0,{fileID: 0},0,,,,,,,,,,,,,,,,,,,,,,,,"{fileID: 456897975, guid: c88ab7b37c4f350242674d2efd621c19, type: 3}",456897975,c88ab7b37c4f350242674d2efd621c19,,,,,,,,,,,,,,,,,,,,,,,,,,,,,,,,,,,,,,,,,,,,,,,,,,,,,,,,,,,,,,,,,,,,,,,,,,,,,,,,,,,,,,,,,,,,,,,,,,,,,,,,,,,,,,,,,,,,,,,,,,,,,,,,,,,,,,,,,,,,,,,,,,,,,,,,,,,,,,,,,,,,,,,,,,,,,,,,,,,,,,,,,,,,,,,,,,,,,,,,,,,,,,,,,,,,,,,,,,,,,,,,,,,,,,,,,,,,,,,,,,,,,,,,,,,,,,,,,,,,,,,,,,,,,,,,,,,,,,,,,,,,,,,,,,,,,,,,,,,,,,,,,,,,,,,,,,,,,,,,,,,,,,,,,,,,,,,,,,,,,,,,,,,,,,,,,,,,,,,,,,,,,,,,,,,,,
ColorLookup_1,Assets/MonoBehaviour/ColorLookup_1.asset,c88ab7b37c4f350242674d2efd621c19,c88ab7b37c4f350242674d2efd621c19,257616187,,,,1,,,,,,,,,,,,,,,,,,,,,,,,,,,,,,,,,,,,,,,,,,,,,,,,,,,,,,,,,,,,,,,,,,,,,,,,,,1,0.5,,,,,,,,,,,,,,,,,,,,,,,,,,,,,,,,,,,,,,,,,,,,,,,,,,,,,,,,,,,,,,,,,,,,,,,,,,,,,,,,,,,,,,,,,,,,,,,,,,,,,,,,,,,,,,,,,,,,,,,,,,,,,,,,,,,,,,,,,,,,,,,,,,,,,,,,,,,,,,,,,,,,,,{fileID: 0},0,,,,,,,,,,,,,,,,,,,0,,,1,,,,,,,,{fileID: 0},0,,,,,,,,,,,,,,,,,,,,ColorLookup,,0,,,,,{fileID: 0},0,{fileID: 0},0,,,,,,,,,,,,,,,,,,,,,,,,"{fileID: 257616187, guid: c88ab7b37c4f350242674d2efd621c19, type: 3}",257616187,c88ab7b37c4f350242674d2efd621c19,,,,,,,,,,,,,,,,,,,,,,,,,,,,,,,,,,,,,,,,,,,,,,,,,,,,,,,,,,,,,,,,,,,,,,,,,,,,,,,,,,,,,,,,,,,,,,,,,,,,,,,,,,,,,,,,,,,,,,,,,,,,,,,,,,,,,,,,,,,,,,,,,,,,,,,,,,,,,,,,,,,,,,,,,,,,,,,,,,,,,,,,,,,,,,,,,,,,,,,,,,,,,,,,,,,,,,,,,,,,,,,,,,,,,,,,,,,,,,,,,,,,,,,,,,,,,,,,,,,,,,,,,,,,,,,,,,,,,,,,,,,,,,,,,,,,,,,,,,,,,,,,,,,,,,,,,,,,,,,,,,,,,,,,,,,,,,,,,,,,,,,,,1,1,"{fileID: 2800000, guid: 36d500d1f2ddd564b9ab681e6fc1aae8, type: 3}",2800000,36d500d1f2ddd564b9ab681e6fc1aae8,Assets/Texture2D/LUT_VisionX.png,,,,,,,,,,,,,,,,,,,,,,,
Tonemapping_1,Assets/MonoBehaviour/Tonemapping_1.asset,c88ab7b37c4f350242674d2efd621c19,c88ab7b37c4f350242674d2efd621c19,640956576,,0,3,1,,,,,,,,,,,,,,,,,,,,,,,,,,,,,,,,,,,,,,,,,,,,,,,,,,,,,,,,,,,,,,,,,,,,,,,,,,,,,,,,,,,,,,0,1,0,0,,,,,,,,,,,,,,,,,,,,,,,,,,,,,,,,,,,,,,,,,,,,,,,,,,,,,,,,,,,,0,0,,,,,,,,,,,,,,,,,,,,,,,,,,,,,,,,,,,,,,,,,,,,,,,,,,,,,,,,,,,,,,,,,,,,,,,,,,,,,,,,,,,,,,,,,,,{fileID: 0},0,,,,,,,,,,,,,,,,,,,0,,,1,,,,,,,,{fileID: 0},0,,,,,,,,,,,,,,,,,,,,Tonemapping,,0,,,,,{fileID: 0},0,{fileID: 0},0,,,,,,,,,,,,,,,,,,,,,,,,"{fileID: 640956576, guid: c88ab7b37c4f350242674d2efd621c19, type: 3}",640956576,c88ab7b37c4f350242674d2efd621c19,,,,,,,,,,,,,,,,,,,,,,,,,,,,,,,,,,,,,,,,,,,,,,,,,,,,,,,,,,,,,,,,,,,,,,,,,,,,,,,,,,,,,,,,,,,,,,,,,,,,,,,,,,,,0,1000,,,0,0.005,1,2,0,2,,,,0,300,,,,,,,,,,,,,,,,,,,,,,,,,,,,,,,,,,,,,,,,,,,,,,,,,,,,,,,,,,,,,,,,,,,,,,,,,,,,,,,,,,,,,,,,,,,,,,,,,,,,,,,,,,,,,,,,,,,,,,,,,,,,,,,,,,,,,,,,,,,,,,,,,,,,,,,,,,,,,,,,,,,,,,,,,,,,,,,,,,,,,,,,,,,,,,,,,,,,,,,,,,,,,,,,,,,,,,,,,,,,,,,,,,,,,,,,,,,,,,,,,,,,,,,,,,,
ChromaticAberration_25,Assets/MonoBehaviour/ChromaticAberration_25.asset,c88ab7b37c4f350242674d2efd621c19,c88ab7b37c4f350242674d2efd621c19,456897975,,,,1,,,,,,,,,,,,,,,,,,,,,,,,,,,,,,,,,,,,,,,,,,,,,,,,,,,,,,,,,,,,,,,,,,,,,,,,,,,,,,,,,,,,,,,,,,,,,,,,,,,,,,,,,,,,,,,,,,,,,,,,,,,,,,,,,,,,,,,,,,,,,,,,,,,,,,,,,,,,,,,,,,,,,,,,,,,,,,,,,,,,,,,,,,,,,,1,0.05,,,,,,,,,,,,,,,,,,,,,,,,,,,,,,,,,,,,,,,,,,,,,,,,,,{fileID: 0},0,,,,,,,,,,,,,,,,,,,0,,,1,,,,,,,,{fileID: 0},0,,,,,,,,,,,,,,,,,,,,ChromaticAberration,,0,,,,,{fileID: 0},0,{fileID: 0},0,,,,,,,,,,,,,,,,,,,,,,,,"{fileID: 456897975, guid: c88ab7b37c4f350242674d2efd621c19, type: 3}",456897975,c88ab7b37c4f350242674d2efd621c19,,,,,,,,,,,,,,,,,,,,,,,,,,,,,,,,,,,,,,,,,,,,,,,,,,,,,,,,,,,,,,,,,,,,,,,,,,,,,,,,,,,,,,,,,,,,,,,,,,,,,,,,,,,,,,,,,,,,,,,,,,,,,,,,,,,,,,,,,,,,,,,,,,,,,,,,,,,,,,,,,,,,,,,,,,,,,,,,,,,,,,,,,,,,,,,,,,,,,,,,,,,,,,,,,,,,,,,,,,,,,,,,,,,,,,,,,,,,,,,,,,,,,,,,,,,,,,,,,,,,,,,,,,,,,,,,,,,,,,,,,,,,,,,,,,,,,,,,,,,,,,,,,,,,,,,,,,,,,,,,,,,,,,,,,,,,,,,,,,,,,,,,,,,,,,,,,,,,,,,,,,,,,,,,,,,,,
FilmGrain_4,Assets/MonoBehaviour/FilmGrain_4.asset,c88ab7b37c4f350242674d2efd621c19,c88ab7b37c4f350242674d2efd621c19,-534242816,,,,1,,,,,,,,,,,,,,,,,,,,,,,,,,,,,,,,,,,,,,,,,,,,,,,,,,,,,,,,,,,,,,,,,,,,,,,,,,,,,,,,,,,,,,,,,,,,,,,,,,,,,,,,,,,,,,,,,,,,,,,,,,,,,,,,,,,,,,,,,,,,,,,,,,,,,,,,,,,,,,,,,,,,,,,,,,,,,,,,,,,,,,,,,,,,,,0,0,,,,,,,,,,,,,,,,,,,,,,,,,,,,,,,,,,,,,,,,,,,,,,,,,,{fileID: 0},0,,,,,,,,,,,,,,,,,,,0,,,1,,,,,,,,{fileID: 0},0,,,,,,,,,,,,,,,,,,,,FilmGrain,,0,,,,,{fileID: 0},0,{fileID: 0},0,,,,,,,,,,,,,,,,,,,,,,,,"{fileID: -534242816, guid: c88ab7b37c4f350242674d2efd621c19, type: 3}",-534242816,c88ab7b37c4f350242674d2efd621c19,,,,,,,,,,,,,,,,,,,,,,,,,,,,,,,,,,,,,,,,,,,,,,,,,,,,,,,,,,,,,,,,,,,,,,,,,,,,,,,,,,,,,,,,,,,,,,,,,,,,,,,,,,,,,,,,,,,,,,,,,,,,,,,,,,,,,,,,,,,,,,,,,,,,,,,,,,,,,0,0.8,,,,,,,,,,,,,,,,,,,,,,,,,,,,,,,,,,,,,,,,,,,,,,,,,,,,,,,,,,,,,,,,,,,,,,,,,,,,,,,,,,,,,,,,,,,,,,,,,,,,,,,,,,,,,,,,,,,,,,,,,,,,,,,,,,,,,,,,,,,,,,,,,,,,,,,,,,,,,,,,,,,,,,,,,,,,,,,,,,,,,,,,,,,,0,{fileID: 0},0,,,,,,,,,,,,,,,,0,0,,,,,,,,
LiftGammaGain_9,Assets/MonoBehaviour/LiftGammaGain_9.asset,c88ab7b37c4f350242674d2efd621c19,c88ab7b37c4f350242674d2efd621c19,282247082,,,,1,,,,,,,,,,,,,,,,,,,,,,,,,,,,,,,,,,,,,,,,,,,,,,,,,,,,,,,,,,,,,,,,,,,,,,,,,,,,,,,,,,,,,,,,,,,,,,,,,,,,,,,,,,,,,1,"{x: 1, y: 0.9884018, z: 0.9455655, w: 0}",1,"{x: 1, y: 0.9697585, z: 0.95002216, w: 0}",,,,,,,,,,,,,,,,,,,,,,,,,,,,,,,,,,,,,,,,,,,,,,,,,,,,,,,,,,,,,,,,,,,,,,,,,,,,,,,,,,1,"{x: 0.9314483, y: 0.94649035, z: 1, w: 0}",,,,,,,,,,,,,,,,,,,,,,,,,,,,,,,,,,,,,,,,,,,,,,{fileID: 0},0,,,,,,,,,,,,,,,,,,,0,,,1,,,,,,,,{fileID: 0},0,,,,,,,,,,,,,,,,,,,,LiftGammaGain,,0,,,,,{fileID: 0},0,{fileID: 0},0,,,,,,,,,,,,,,,,,,,,,,,,"{fileID: 282247082, guid: c88ab7b37c4f350242674d2efd621c19, type: 3}",282247082,c88ab7b37c4f350242674d2efd621c19,,,,,,,,,,,,,,,,,,,,,,,,,,,,,,,,,,,,,,,,,,,,,,,,,,,,,,,,,,,,,,,,,,,,,,,,,,,,,,,,,,,,,,,,,,,,,,,,,,,,,,,,,,,,,,,,,,,,,,,,,,,,,,,,,,,,,,,,,,,,,,,,,,,,,,,,,,,,,,,,,,,,,,,,,,,,,,,,,,,,,,,,,,,,,,,,,,,,,,,,,,,,,,,,,,,,,,,,,,,,,,,,,,,,,,,,,,,,,,,,,,,,,,,,,,,,,,,,,,,,,,,,,,,,,,,,,,,,,,,,,,,,,,,,,,,,,,,,,,,,,,,,,,,,,,,,,,,,,,,,,,,,,,,,,,,,,,,,,,,,,,,,,,,,,,,,,,,,,,,,,,,,,,,,,,,,,
URP-HighFidelity,Assets/MonoBehaviour/URP-HighFidelity.asset,c88ab7b37c4f350242674d2efd621c19,c88ab7b37c4f350242674d2efd621c19,-549186028,"11400000, guid: c7be1ff36930ca64096613cb240ea690, type: 2}",,,,,,,,,,,,,,,,,,,,,,,,,,,,,,,,,,,,,,,,,,,,,,,,,,,,,,,,,,,,,,,,,,,,,,,,,,,,,,,,,,,,,,,,,,,,,,,,,,,,,,,,,,,,,,,,,,,,,,,,,,,,,,,,,,,,,,,,,,,,,,,,,,,,,,,,,,,,,,,,,,,,,,,,,,,,,,,,,,,,,,,,,,,,,,,,,,,12,12,,,,,,,,,,,,,,,,,1,3,1024,5,1,,512,128,256,2048,,,,,,,,,0.62282866,"{x: 0.1, y: 0.3}","{x: 0.067, y: 0.2, z: 0.467}",0,,32,0,0,,,,,,{fileID: 0},0,,,,,,,0,,0,,,,,,,,,,0,1,0,1,,,,,,0,0.92,{fileID: 0},0,,0,,1,,,,256,0,1,1,2048,1,,,,,0,1,URP-HighFidelity,64,0,,1,,,{fileID: 0},0,{fileID: 0},0,,,1,0,,1,,{fileID: 0},0,,,1,,,1,1,,,,,,,,"{fileID: -549186028, guid: c88ab7b37c4f350242674d2efd621c19, type: 3}",-549186028,c88ab7b37c4f350242674d2efd621c19,,,,,,,,,,,,,,,,,,,0,,0,,,,256,1,1,0.8,80,,0.01,,,1,,3,1,,,0,,,,,,0,0,1,1,0,0,,,,,,,"{fileID: 2800000, guid: 635a2dddbf3665c45a02a166a1fa613b, type: 3}",2800000,635a2dddbf3665c45a02a166a1fa613b,Assets/Texture2D/BayerMatrix.png,"{fileID: 2800000, guid: 98269bc1db57dcd48957c8866d26e5c8, type: 3}",2800000,98269bc1db57dcd48957c8866d26e5c8,Assets/Texture2D/LDR_LLL1_0_1.png,,,,,0,1,1,,,1,,,,0,,,,,,,,,,,,,,,,,,,,,,,,,,,,,,,,,,,,,,,,,,,,,,,,,,,,,,,,,,,,,,,,,,,,,,,,,,,,,,,,,,,,,,,,,,,,,,,,,,,,,,,,,,,,,,,,,,,,,,,,,,,,,,,,,,,,,,,,,,,,,,,,,,,,,,,,,,,,,,,,,,,,,,,,,,,,,,,,,,,,,,,,,,,,,,,,,,,,,,,,,,,,,,,,,,,,,,,,,,,,,,,,,,,,,,,,,,,,,,,,,,,,,,,,,,,,,,,,,,,,,,,,,,,,,,,,,,,,,,,,,,,,,,,,,,,,,,
ShadowsMidtonesHighlights_0,Assets/MonoBehaviour/ShadowsMidtonesHighlights_0.asset,c88ab7b37c4f350242674d2efd621c19,c88ab7b37c4f350242674d2efd621c19,815276277,,,,1,,,,,,,,,,,,,,,,,,,,,,,,,,,,,,,,,,,,,,,,,,,,,,,,,,,,,,,,,,,,,,,,,,,,,,,,,,,,,,,,,,,,,,,,,,,,,,,,,,,,,,,,,,,,,,,,,,,,,,,,,,,,,,,,,,,,,,,,,,,,,1,"{x: 1, y: 0.9345417, z: 0.861944, w: 0}",1,1,1,0.55,,,,,,,,,,,,,,,,,,,,,,,,,,,,,,,,,,,,,,,,,,,,,,,,,,,,,,,,,,,,,,,,,,,,,,,,,,,,,,,,,,,,,,,,,,,,,,,{fileID: 0},0,,,,,,,,,,,,,,,,,,,0,,,1,,,,,,,,{fileID: 0},0,,,,,,,,,,,,,,,,,,,,ShadowsMidtonesHighlights,,0,,,,,{fileID: 0},0,{fileID: 0},0,,,,,,,,,,,,,,,,,,,,,,,,"{fileID: 815276277, guid: c88ab7b37c4f350242674d2efd621c19, type: 3}",815276277,c88ab7b37c4f350242674d2efd621c19,,,,,,,,,,,,,,,,,,,,,,,,,,,,,,,,,,,,,,,,,,,,,,,,,,,,,,,,,,,,,,,,,,,,,,,,,,,,,,,,,,,,,,,,,,,,,,,,,,,,,,,,,,,,,,1,"{x: 1, y: 0.9730033, z: 0.9710306, w: 0}",,,,,,,,,,,,,,,,,,,,,,,,,,,,,,,,,,,,,,,,,,,,,,,,,,,,,,,,,,,,,,,,,,,,,,,,,,,,,,,,,,,,,,,,,,,,,,,,,,,,,,,,,,,,,,,,,,,,,,,,,,,,,,,,,,,,,,,,,,,,,,,,,,,,,,,,,,,,,,,,,,,,,,,,,,,,,,,,,,,,,,,,,,,,,,,,,,,,,,,,,,,,,,,,,,,,,,,,,,,,1,"{x: 0.8971265, y: 0.9436495, z: 1, w: 0}",1,0.3,1,0,,,,,,,,,,,,,,,,,,,,,,,,,,,,,,,,,,,,,
ColorLookup,Assets/MonoBehaviour/ColorLookup.asset,c88ab7b37c4f350242674d2efd621c19,c88ab7b37c4f350242674d2efd621c19,257616187,,,,1,,,,,,,,,,,,,,,,,,,,,,,,,,,,,,,,,,,,,,,,,,,,,,,,,,,,,,,,,,,,,,,,,,,,,,,,,,1,0.8,,,,,,,,,,,,,,,,,,,,,,,,,,,,,,,,,,,,,,,,,,,,,,,,,,,,,,,,,,,,,,,,,,,,,,,,,,,,,,,,,,,,,,,,,,,,,,,,,,,,,,,,,,,,,,,,,,,,,,,,,,,,,,,,,,,,,,,,,,,,,,,,,,,,,,,,,,,,,,,,,,,,,,{fileID: 0},0,,,,,,,,,,,,,,,,,,,0,,,1,,,,,,,,{fileID: 0},0,,,,,,,,,,,,,,,,,,,,ColorLookup,,0,,,,,{fileID: 0},0,{fileID: 0},0,,,,,,,,,,,,,,,,,,,,,,,,"{fileID: 257616187, guid: c88ab7b37c4f350242674d2efd621c19, type: 3}",257616187,c88ab7b37c4f350242674d2efd621c19,,,,,,,,,,,,,,,,,,,,,,,,,,,,,,,,,,,,,,,,,,,,,,,,,,,,,,,,,,,,,,,,,,,,,,,,,,,,,,,,,,,,,,,,,,,,,,,,,,,,,,,,,,,,,,,,,,,,,,,,,,,,,,,,,,,,,,,,,,,,,,,,,,,,,,,,,,,,,,,,,,,,,,,,,,,,,,,,,,,,,,,,,,,,,,,,,,,,,,,,,,,,,,,,,,,,,,,,,,,,,,,,,,,,,,,,,,,,,,,,,,,,,,,,,,,,,,,,,,,,,,,,,,,,,,,,,,,,,,,,,,,,,,,,,,,,,,,,,,,,,,,,,,,,,,,,,,,,,,,,,,,,,,,,,,,,,,,,,,,,,,,,,1,1,"{fileID: 2800000, guid: 36d500d1f2ddd564b9ab681e6fc1aae8, type: 3}",2800000,36d500d1f2ddd564b9ab681e6fc1aae8,Assets/Texture2D/LUT_VisionX.png,,,,,,,,,,,,,,,,,,,,,,,
MotionBlur_5,Assets/MonoBehaviour/MotionBlur_5.asset,c88ab7b37c4f350242674d2efd621c19,c88ab7b37c4f350242674d2efd621c19,224828655,,,,0,,,,,,,,,,,,,,,,,,,,,,,,,,,,,,,,,,,,,,,,,,,,,,,,,,,1,0.05,,,,,,,,,,,,,,,,,,,,,,,,,,,,,,,,,,,,,,,,,,,,,,,,,,,,,,,,,,,,,,,,,,,,,,,,,,,,,,,,,,,,,,,,,,,,,,,,,,,,,,,,,,,,,,,,,,,,,,,,,,,,,,,,,,,,,,,,,,1,1,,,,,,,,,,,,,,,,,,,,,,,,,,,,,,,,,,,,,,,,,,,,,,,,,,{fileID: 0},0,,,,,,,,,,,,,,,,,,,0,,,1,,,,,,,,{fileID: 0},0,,,,,,,,,,,,,,,,,,,,MotionBlur,,0,,,,,{fileID: 0},0,{fileID: 0},0,,,,,,,,,,,,,,,,,,,,,,,,"{fileID: 224828655, guid: c88ab7b37c4f350242674d2efd621c19, type: 3}",224828655,c88ab7b37c4f350242674d2efd621c19,,,,,,,,,,,,,,,,,,,,,,,,,,,,,,,,,,,,,,,,,,,,,,,,,,,,,,,,,,,,,,,,,,,,,,,,,,,,,,,,,,,,,,,,,,,,,,,,,,,,,,,,,,,,,,,,,,1,1,,,,,,,,,,,,,,,,,,,,,1,2,,,,,,,,,,,,,,,,,,,,,,,,,,,,,,,,,,,,,,,,,,,,,,,,,,,,,,,,,,,,,,,,,,,,,,,,,,,,,,,,,,,,,,,,,,,,,,,,,,,,,,,,,,,,,,,,,,,,,,,,,,,,,,,,,,,,,,,,,,,,,,,,,,,,,,,,,,,,,,,,,,,,,,,,,,,,,,,,,,,,,,,,,,,,,,,,,,,,,,,,,,,,,,,,,,,,,,,,,,,,,,,,,,,,,,,,,,,,
New Umbra Profile_11,Assets/MonoBehaviour/New Umbra Profile_11.asset,c88ab7b37c4f350242674d2efd621c19,c88ab7b37c4f350242674d2efd621c19,-2068570431,,,,,,,,,0,,,,,,,,0,,,,,,,,,,,,,,,,,,,50,50,0,5,0,0,1,10,,,0.1,1,0.1,1,0.1,1,1,,,,,,,,,0,0.75,0,0.85,0.3,0.1,16,0,0.01,0.01,0,0.5,0.15,0.96,0.0001,,,,,,,,,,,,,,,,,,,,,,,,,,,1,0,,,1,,,,,,0,,,,,,,,,,,,,,,,,,,,,,,,,,,,,,,,,,,,,,,,,,,,,,,,,,,,,,,,,,,,,,,,,,,,,,,,,,,,,,,,,,,,,,,,6,0,,,,,,,,,,,,,,,,,,,,,,,,,,,,,,,,,,,,,,,,,,,,{fileID: 0},0,,,,,,,,,,,,,,,,,,,0,,,1,,,,,,,,{fileID: 0},0,,,,,,,,,,,,,,,,,,,,New Umbra Profile,,0,,,,,{fileID: 0},0,{fileID: 0},0,,,,,,,,,,,,,,,,,,,,,,,,"{fileID: -2068570431, guid: c88ab7b37c4f350242674d2efd621c19, type: 3}",-2068570431,c88ab7b37c4f350242674d2efd621c19,,,,,,,,,,,,,,,,,,,,,,,,,,,,,,,,,,,,,,,,,,,,,,,,,,,,,,,,,,,,,,,,,,,,,,,,,,,,,,,,,,,,,1,{fileID: 0},0,,,,,,,,,,,,,,,,,,,,,,,,,,,,,,,0,8,8,,,,,,,,,,,,,,1,1,,,,,,,,,,,,,,,,,,,,,,,,,,16,,,,,,,,,,,,,,,,,,,,,,,,,,,,,,,,,,,,,,,,,,,,,,,,,,,,,,,,,,,,,,,,,,,,,,,,,,,,,,,,,,,,,,,,,,,,,,,,,,,,,,,,,,,,,,,,,,,,,,,,,,,,,,,,,,,,,,,,,,,,,,,,,,,,,,,,,,,,,,,,,,,,,,,,,1,,,,,,,0.1,5,,,,,0,,,,,,,,,,,,,,,,,,,,,,,,,,,,,,
SodaUmbraShadowProfile,Assets/MonoBehaviour/SodaUmbraShadowProfile.asset,c88ab7b37c4f350242674d2efd621c19,c88ab7b37c4f350242674d2efd621c19,-2068570431,,,,,,,,,0,,,,,,,,0,,,,,,,,,,,,,,,,,,,40,40,0,5,0,1,1,20,,,0.1,1,0.1,1,0.1,1,1,,,,,,,,,1,1,0,0.822,1,0.0001,8,0,0.01,0.1,0,0.5,0.1,0.96,0.0001,,,,,,,,,,,,,,,,,,,,,,,,,,,1.5,0,,,1,,,,,,0,,,,,,,,,,,,,,,,,,,,,,,,,,,,,,,,,,,,,,,,,,,,,,,,,,,,,,,,,,,,,,,,,,,,,,,,,,,,,,,,,,,,,,,,13,0,,,,,,,,,,,,,,,,,,,,,,,,,,,,,,,,,,,,,,,,,,,,{fileID: 0},0,,,,,,,,,,,,,,,,,,,0,,,1,,,,,,,,{fileID: 0},0,,,,,,,,,,,,,,,,,,,,SodaUmbraShadowProfile,,0,,,,,{fileID: 0},0,{fileID: 0},0,,,,,,,,,,,,,,,,,,,,,,,,"{fileID: -2068570431, guid: c88ab7b37c4f350242674d2efd621c19, type: 3}",-2068570431,c88ab7b37c4f350242674d2efd621c19,,,,,,,,,,,,,,,,,,,,,,,,,,,,,,,,,,,,,,,,,,,,,,,,,,,,,,,,,,,,,,,,,,,,,,,,,,,,,,,,,,,,,1,{fileID: 0},0,,,,,,,,,,,,,,,,,,,,,,,,,,,,,,,0,9,8,,,,,,,,,,,,,,1,1,,,,,,,,,,,,,,,,,,,,,,,,,,16,,,,,,,,,,,,,,,,,,,,,,,,,,,,,,,,,,,,,,,,,,,,,,,,,,,,,,,,,,,,,,,,,,,,,,,,,,,,,,,,,,,,,,,,,,,,,,,,,,,,,,,,,,,,,,,,,,,,,,,,,,,,,,,,,,,,,,,,,,,,,,,,,,,,,,,,,,,,,,,,,,,,,,,,,1,,,,,,,0.1,5,,,,,0,,,,,,,,,,,,,,,,,,,,,,,,,,,,,,
DepthOfField_3,Assets/MonoBehaviour/DepthOfField_3.asset,c88ab7b37c4f350242674d2efd621c19,c88ab7b37c4f350242674d2efd621c19,-2085558323,,,,1,1,17.08,,,,,1,5,1,1,1,0,,,,,,,,,,,,,,,,,,,,,,,,,,,,,,,,,,,,,,,,,,,,,,,,,,,,,,,,,,,,,,,,,,,,,,,,,,,,,,,,,,,,,,,,,,,,1,1,1,0.94,,,,,,1,30,1,1,1,10,,,,,,,,,,,,,,,,,,,,,1,0,,,,,,,,,,,,,,,,,,,,,,,,,,,,,,,,,,,,,,,,,,,,,,,,,,,,,,,,,,,,,,,,,,,,,,,,,,,,,,,,,,,,,,,,,,,,,,,,,,,,,{fileID: 0},0,,,,,,,,,,,,,,,,,,,0,,,1,,,,,,,,{fileID: 0},0,,,,,,,,,,,,,,,,,,,,DepthOfField,,0,,,,,{fileID: 0},0,{fileID: 0},0,,,,,,,,,,,,,,,,,,,,,,,,"{fileID: -2085558323, guid: c88ab7b37c4f350242674d2efd621c19, type: 3}",-2085558323,c88ab7b37c4f350242674d2efd621c19,,,,,,,,,,,,,,,,,,,,,,,,,,,,,,,,,,,,,,,,,,,,,,,,,,,,,,,,,,,,,,,,,,,,,,,,,,,,,,,,,,,,,,,,,,,,,,,,,,,,,,,,,,,,,,,,,,1,2,,,,,,,,,,,,,,,,,,,,,,,,,,,,,,,,,,,,,,,,,,,,,,,,,,,,,,,,,,,,,,,,,,,,,,,,,,,,,,,,,,,,,,,,,,,,,,,,,,,,,,,,,,,,,,,,,,,,,,,,,,,,,,,,,,,,,,,,,,,,,,,,,,,,,,,,,,,,,,,,,,,,,,,,,,,,,,,,,,,,,,,,,,,,,,,,,,,,,,,,,,,,,,,,,,,,,,,,,,,,,,,,,,,,,,,,,,,,,,,,,,,,,,,,,,,,,,,,,,
ThermalBackground,Assets/MonoBehaviour/ThermalBackground.asset,c88ab7b37c4f350242674d2efd621c19,c88ab7b37c4f350242674d2efd621c19,999485770,,,,,,,,,,0,,,,,,,,,,,,,,,,,,,,,,,,,,,,,,,,,,,,,,,,,,,,,,,,,,,,,,,,,,,,,,,,,,,,,,,,,,,,,,,,,,,,,,,,,,,,,,,,,0,,,,,,,,,,,,,,,,,,,,,,,,,,,,,,,,,,,,,,,,,,,,,,,,,,,,,,,,,,,,,,,,,,,,,,,,,,,,,,,,,,,,,,450,,,,,,,,,,,,,,,,,,,,0,,,,,,,,,,,,,,,,,,,,,,,,,,,,,,,,{fileID: 0},0,,,,,,,,,,,,,,,,,,,0,,,1,,,,,,,,{fileID: 0},0,,,,,,,,,,,,,,,,,,,,ThermalBackground,,0,,,,,{fileID: 0},0,{fileID: 0},0,,,,,,,,,,,,,,,,,,,,,,,,"{fileID: 999485770, guid: c88ab7b37c4f350242674d2efd621c19, type: 3}",999485770,c88ab7b37c4f350242674d2efd621c19,,,,,,,,,,,,,,,,,,,,,,,,,,,,,,,,,,,,,,,,,,,,,,,,,,,,,,,,,,,,,,,,,,,,,,,,,,,,,,1,,,,,,,,,,,,,,,,,,,,,,,,,,,,,,,,,,,,,,,,,,,,,0,"{fileID: 2100000, guid: 143f92173c9531841ae7eab09b7ed673, type: 2}",2100000,143f92173c9531841ae7eab09b7ed673,Assets/Material/ThermalPass.mat,,,,,,,,,,,,,,,,,,,,,,,,,,,,,0,,,,,,,,,,,,,,,,,,,,,,,,,,,,,,,,,,,,,,,,,,,,,,,,,,,,,,,,,,,,,,,,,,,,,,,,,,,,,,,,,,,,,,,,,,,,,,,,,,,,,,,,,,,,,,,,,,,,,,,,,,,,,,,,,,,,,,,,,,,,,,,,,,,,,,,,,,,,,,,,,,,,,,,,,,,,,,,,,,,,,,,,,,,,,,,,,,,,,,,,,,,,,,,,,,,,,,,,,
MotionBlur_10,Assets/MonoBehaviour/MotionBlur_10.asset,c88ab7b37c4f350242674d2efd621c19,c88ab7b37c4f350242674d2efd621c19,224828655,,,,0,,,,,,,,,,,,,,,,,,,,,,,,,,,,,,,,,,,,,,,,,,,,,,,,,,,1,0.05,,,,,,,,,,,,,,,,,,,,,,,,,,,,,,,,,,,,,,,,,,,,,,,,,,,,,,,,,,,,,,,,,,,,,,,,,,,,,,,,,,,,,,,,,,,,,,,,,,,,,,,,,,,,,,,,,,,,,,,,,,,,,,,,,,,,,,,,,,1,1,,,,,,,,,,,,,,,,,,,,,,,,,,,,,,,,,,,,,,,,,,,,,,,,,,{fileID: 0},0,,,,,,,,,,,,,,,,,,,0,,,1,,,,,,,,{fileID: 0},0,,,,,,,,,,,,,,,,,,,,MotionBlur,,0,,,,,{fileID: 0},0,{fileID: 0},0,,,,,,,,,,,,,,,,,,,,,,,,"{fileID: 224828655, guid: c88ab7b37c4f350242674d2efd621c19, type: 3}",224828655,c88ab7b37c4f350242674d2efd621c19,,,,,,,,,,,,,,,,,,,,,,,,,,,,,,,,,,,,,,,,,,,,,,,,,,,,,,,,,,,,,,,,,,,,,,,,,,,,,,,,,,,,,,,,,,,,,,,,,,,,,,,,,,,,,,,,,,1,1,,,,,,,,,,,,,,,,,,,,,1,2,,,,,,,,,,,,,,,,,,,,,,,,,,,,,,,,,,,,,,,,,,,,,,,,,,,,,,,,,,,,,,,,,,,,,,,,,,,,,,,,,,,,,,,,,,,,,,,,,,,,,,,,,,,,,,,,,,,,,,,,,,,,,,,,,,,,,,,,,,,,,,,,,,,,,,,,,,,,,,,,,,,,,,,,,,,,,,,,,,,,,,,,,,,,,,,,,,,,,,,,,,,,,,,,,,,,,,,,,,,,,,,,,,,,,,,,,,,,
ColorAdjustments_10,Assets/MonoBehaviour/ColorAdjustments_10.asset,c88ab7b37c4f350242674d2efd621c19,c88ab7b37c4f350242674d2efd621c19,-1728269046,,,,1,,,,,,,,,,,,,,,,,,,,,,,,,,,,,,,,,,,,,,,,,,,,,,,,,,,,,,,0,"{r: 1, g: 1, b: 1, a: 1}",,,,,,,,,,,,,,,,0,30,,,,,,,,,,,,,,,,,,,,,,,,,,,,,,,,,,,,,,,,,,,,,,,,,,,,,,,,,,,,,,,,,,,,,,,,,,0,0,,,,,,,,,,,,,,,,,,,,,,,,,,,,,,,,,,,,,,,,,,,,,,,,,,,,,,,,,,,,,,,,,,,,,,,,,,,,,,,,,,,,,,,,,,,,,{fileID: 0},0,,,,,,,,,,,,,,,,,,,0,,,1,,,,,,,,{fileID: 0},0,,,,,,,,,,,,,,,,,,,,ColorAdjustments,,0,,,,,{fileID: 0},0,{fileID: 0},0,,,,,,,,,,,,,,,,,,,,,,,,"{fileID: -1728269046, guid: c88ab7b37c4f350242674d2efd621c19, type: 3}",-1728269046,c88ab7b37c4f350242674d2efd621c19,,,,,,,,,,,,,,,,,,,,,,,,,,,,,,,,,,,,,,,,,,,,,,,,,,,,,,,,,,,,,,,,,,,,,,,,,,,,,,,,,,,,,,,,,,,,,,,,,,,,,,,,,,,,,,,,,,,,,,,,,,,,,,,,1,0.5,,,,,,,,,,,,,,,,,,,,,,,,,,,,,,,,,,,,,,,,,,,0,10,,,,,,,,,,,,,,,,,,,,,,,,,,,,,,,,,,,,,,,,,,,,,,,,,,,,,,,,,,,,,,,,,,,,,,,,,,,,,,,,,,,,,,,,,,,,,,,,,,,,,,,,,,,,,,,,,,,,,,,,,,,,,,,,,,,,,,,,,,,,,,,,,,,,,,,,,,,,,,,,,,,,,,,,,,,,,,,,,,,,,,,,,,,,,,,,,,,,,,,,
FilmGrain_6,Assets/MonoBehaviour/FilmGrain_6.asset,c88ab7b37c4f350242674d2efd621c19,c88ab7b37c4f350242674d2efd621c19,-534242816,,,,1,,,,,,,,,,,,,,,,,,,,,,,,,,,,,,,,,,,,,,,,,,,,,,,,,,,,,,,,,,,,,,,,,,,,,,,,,,,,,,,,,,,,,,,,,,,,,,,,,,,,,,,,,,,,,,,,,,,,,,,,,,,,,,,,,,,,,,,,,,,,,,,,,,,,,,,,,,,,,,,,,,,,,,,,,,,,,,,,,,,,,,,,,,,,,,1,0.264,,,,,,,,,,,,,,,,,,,,,,,,,,,,,,,,,,,,,,,,,,,,,,,,,,{fileID: 0},0,,,,,,,,,,,,,,,,,,,0,,,1,,,,,,,,{fileID: 0},0,,,,,,,,,,,,,,,,,,,,FilmGrain,,0,,,,,{fileID: 0},0,{fileID: 0},0,,,,,,,,,,,,,,,,,,,,,,,,"{fileID: -534242816, guid: c88ab7b37c4f350242674d2efd621c19, type: 3}",-534242816,c88ab7b37c4f350242674d2efd621c19,,,,,,,,,,,,,,,,,,,,,,,,,,,,,,,,,,,,,,,,,,,,,,,,,,,,,,,,,,,,,,,,,,,,,,,,,,,,,,,,,,,,,,,,,,,,,,,,,,,,,,,,,,,,,,,,,,,,,,,,,,,,,,,,,,,,,,,,,,,,,,,,,,,,,,,,,,,,,1,0.323,,,,,,,,,,,,,,,,,,,,,,,,,,,,,,,,,,,,,,,,,,,,,,,,,,,,,,,,,,,,,,,,,,,,,,,,,,,,,,,,,,,,,,,,,,,,,,,,,,,,,,,,,,,,,,,,,,,,,,,,,,,,,,,,,,,,,,,,,,,,,,,,,,,,,,,,,,,,,,,,,,,,,,,,,,,,,,,,,,,,,,,,,,,,1,{fileID: 0},0,,,,,,,,,,,,,,,,1,0,,,,,,,,
ColorAdjustments_30,Assets/MonoBehaviour/ColorAdjustments_30.asset,c88ab7b37c4f350242674d2efd621c19,c88ab7b37c4f350242674d2efd621c19,-1728269046,,,,1,,,,,,,,,,,,,,,,,,,,,,,,,,,,,,,,,,,,,,,,,,,,,,,,,,,,,,,0,"{r: 1, g: 0.5235849, b: 0.5235849, a: 1}",,,,,,,,,,,,,,,,0,0,,,,,,,,,,,,,,,,,,,,,,,,,,,,,,,,,,,,,,,,,,,,,,,,,,,,,,,,,,,,,,,,,,,,,,,,,,0,0,,,,,,,,,,,,,,,,,,,,,,,,,,,,,,,,,,,,,,,,,,,,,,,,,,,,,,,,,,,,,,,,,,,,,,,,,,,,,,,,,,,,,,,,,,,,,{fileID: 0},0,,,,,,,,,,,,,,,,,,,0,,,1,,,,,,,,{fileID: 0},0,,,,,,,,,,,,,,,,,,,,ColorAdjustments,,0,,,,,{fileID: 0},0,{fileID: 0},0,,,,,,,,,,,,,,,,,,,,,,,,"{fileID: -1728269046, guid: c88ab7b37c4f350242674d2efd621c19, type: 3}",-1728269046,c88ab7b37c4f350242674d2efd621c19,,,,,,,,,,,,,,,,,,,,,,,,,,,,,,,,,,,,,,,,,,,,,,,,,,,,,,,,,,,,,,,,,,,,,,,,,,,,,,,,,,,,,,,,,,,,,,,,,,,,,,,,,,,,,,,,,,,,,,,,,,,,,,,,0,0,,,,,,,,,,,,,,,,,,,,,,,,,,,,,,,,,,,,,,,,,,,0,0,,,,,,,,,,,,,,,,,,,,,,,,,,,,,,,,,,,,,,,,,,,,,,,,,,,,,,,,,,,,,,,,,,,,,,,,,,,,,,,,,,,,,,,,,,,,,,,,,,,,,,,,,,,,,,,,,,,,,,,,,,,,,,,,,,,,,,,,,,,,,,,,,,,,,,,,,,,,,,,,,,,,,,,,,,,,,,,,,,,,,,,,,,,,,,,,,,,,,,,,
PostProcessData,Assets/MonoBehaviour/PostProcessData.asset,c88ab7b37c4f350242674d2efd621c19,c88ab7b37c4f350242674d2efd621c19,304953222,,,,,,,,,,,,,,,,,,,,,,,,,,,,,,,,,,,,,,,,,,,,,,,,,,,,,,,,,,,,,,,,,,,,,,,,,,,,,,,,,,,,,,,,,,,,,,,,,,,,,,,,,,,,,,,,,,,,,,,,,,,,,,,,,,,,,,,,,,,,,,,,,,,,,,,,,,,,,,,,,,,,,,,,,,,,,,,,,,,,,,,,,,,,,,,,,,,,,,,,,,,,,,,,,,,,,,,,,,,,,,,,,,,,,,,,,,,,,,,,,,,,,{fileID: 0},0,,,,,,,,,,,,,,,,,,,0,,,1,,,,,,,,{fileID: 0},0,,,,,,,,,,,,,,,,,,,,PostProcessData,,0,,,,,{fileID: 0},0,{fileID: 0},0,,,,,,,,,,,,,,,,,,,,,,,,"{fileID: 304953222, guid: c88ab7b37c4f350242674d2efd621c19, type: 3}",304953222,c88ab7b37c4f350242674d2efd621c19,,,,,,,,,,,,,,,,,,,,,,,,,,,,,,,,,,,,,,,,,,,,,,,,,,,,,,,,,,,,,,,,,,,,,,,,,,,,,,,,,,,,,,,,,,,,,,,,,,,,,,,,,,,,,,,,,,,,,,,,,,,,,,,,,,,,,,,,,,,,,,,,,,,,,,,,,,,,,,,,,,,,,,,,,,,,,,,,,,,,,,,,,,,,,,,,,,,,,,,,,,,,,,,,"{fileID: 4800000, guid: 9f08c25dd95d27a4698021afb85457be, type: 3}",4800000,9f08c25dd95d27a4698021afb85457be,Assets/Shader/Hidden_Universal Render Pipeline_LensFlareDataDriven.shader,,,,,,,,,"{fileID: 4800000, guid: bc6382a0b0491454da83de1d629fe0d2, type: 3}",4800000,bc6382a0b0491454da83de1d629fe0d2,Assets/Shader/Hidden_Universal Render Pipeline_Bloom.shader,"{fileID: 4800000, guid: ae13426dbcc238a4aa16d816f3ef0b2f, type: 3}",4800000,ae13426dbcc238a4aa16d816f3ef0b2f,Assets/Shader/Hidden_Universal Render Pipeline_BokehDepthOfField.shader,"{fileID: 4800000, guid: 4c85e870525952345b5d0ebdc8435bbb, type: 3}",4800000,4c85e870525952345b5d0ebdc8435bbb,Assets/Shader/Hidden_Universal Render Pipeline_CameraMotionBlur.shader,,,,,,,,,,,,,,,,,,,,,"{fileID: 4800000, guid: 3f27c516391da0c42b22867f383013e0, type: 3}",4800000,3f27c516391da0c42b22867f383013e0,Assets/Shader/Hidden_Universal Render Pipeline_Edge Adaptive Spatial Upsampling.shader,,,,,,,,,"{fileID: 4800000, guid: 3fe20e96a4eb5144284b41896642c6dd, type: 3}",4800000,3fe20e96a4eb5144284b41896642c6dd,Assets/Shader/Hidden_Universal Render Pipeline_FinalPost.shader,"{fileID: 4800000, guid: a0cf1d39b5b586b41878955774bc765b, type: 3}",4800000,a0cf1d39b5b586b41878955774bc765b,Assets/Shader/Hidden_Universal Render Pipeline_GaussianDepthOfField.shader,"{fileID: 4800000, guid: e84608303067ea74ea38cc62c5ff201b, type: 3}",4800000,e84608303067ea74ea38cc62c5ff201b,Assets/Shader/Hidden_Universal Render Pipeline_LutBuilderHdr.shader,"{fileID: 4800000, guid: 48477869316dd6c43af54f7cfaa58eff, type: 3}",4800000,48477869316dd6c43af54f7cfaa58eff,Assets/Shader/Hidden_Universal Render Pipeline_LutBuilderLdr.shader,,,,,,,,,"{fileID: 4800000, guid: 3e4af4fe7e9582f40bde1ad5b07e457a, type: 3}",4800000,3e4af4fe7e9582f40bde1ad5b07e457a,Assets/Shader/Hidden_Universal Render Pipeline_PaniniProjection.shader,,,,,"{fileID: 4800000, guid: 4a22c93d98e70864f84dae3823e2059f, type: 3}",4800000,4a22c93d98e70864f84dae3823e2059f,Assets/Shader/Hidden_Universal Render Pipeline_Scaling Setup.shader,,,,,,,"{fileID: 4800000, guid: eed6e6b441d0ca34e9ad38da322c5bbf, type: 3}",4800000,eed6e6b441d0ca34e9ad38da322c5bbf,Assets/Shader/Hidden_Universal Render Pipeline_Stop NaN.shader,"{fileID: 4800000, guid: 007d73aa6e7c95d43b49686afe5c1a32, type: 3}",4800000,007d73aa6e7c95d43b49686afe5c1a32,Assets/Shader/Hidden_Universal Render Pipeline_SubpixelMorphologicalAntialiasing.shader,"{fileID: 4800000, guid: 7870077780f1b0a469749ef6729b9477, type: 3}",4800000,7870077780f1b0a469749ef6729b9477,Assets/Shader/Hidden_Universal Render Pipeline_TemporalAA.shader,"{fileID: 4800000, guid: 23395c4ecd158b04285a9f373aa6dfc4, type: 3}",4800000,23395c4ecd158b04285a9f373aa6dfc4,Assets/Shader/Hidden_Universal Render Pipeline_UberPost.shader,,,,,,,,,,,,,,,,,,,,,,,,,,,,,,"2800000, guid: 61a565b5c830fe04399d57966b1b739d, type: 3}","{fileID: 2800000, guid: bd67b0152625ff246858da588b3264d9, type: 3}",2800000,bd67b0152625ff246858da588b3264d9,Assets/Texture2D/AreaTex.png,"{fileID: 2800000, guid: 8e1dfd79c4e75dd458b8be85a2acfc66, type: 3}",2800000,8e1dfd79c4e75dd458b8be85a2acfc66,Assets/Texture2D/SearchTex.png,,,,,,,,,,,,,,
New Umbra Profile_9,Assets/MonoBehaviour/New Umbra Profile_9.asset,c88ab7b37c4f350242674d2efd621c19,c88ab7b37c4f350242674d2efd621c19,-2068570431,,,,,,,,,0,,,,,,,,0,,,,,,,,,,,,,,,,,,,50,50,0,5,0,0,1,10,,,0.1,1,0.1,1,0.1,1,1,,,,,,,,,0,0.75,0,0.85,0.3,0.1,16,0,0.01,0.01,0,0.5,0.15,0.96,0.0001,,,,,,,,,,,,,,,,,,,,,,,,,,,1,0,,,1,,,,,,0,,,,,,,,,,,,,,,,,,,,,,,,,,,,,,,,,,,,,,,,,,,,,,,,,,,,,,,,,,,,,,,,,,,,,,,,,,,,,,,,,,,,,,,,6,0,,,,,,,,,,,,,,,,,,,,,,,,,,,,,,,,,,,,,,,,,,,,{fileID: 0},0,,,,,,,,,,,,,,,,,,,0,,,1,,,,,,,,{fileID: 0},0,,,,,,,,,,,,,,,,,,,,New Umbra Profile,,0,,,,,{fileID: 0},0,{fileID: 0},0,,,,,,,,,,,,,,,,,,,,,,,,"{fileID: -2068570431, guid: c88ab7b37c4f350242674d2efd621c19, type: 3}",-2068570431,c88ab7b37c4f350242674d2efd621c19,,,,,,,,,,,,,,,,,,,,,,,,,,,,,,,,,,,,,,,,,,,,,,,,,,,,,,,,,,,,,,,,,,,,,,,,,,,,,,,,,,,,,1,{fileID: 0},0,,,,,,,,,,,,,,,,,,,,,,,,,,,,,,,0,8,8,,,,,,,,,,,,,,1,1,,,,,,,,,,,,,,,,,,,,,,,,,,16,,,,,,,,,,,,,,,,,,,,,,,,,,,,,,,,,,,,,,,,,,,,,,,,,,,,,,,,,,,,,,,,,,,,,,,,,,,,,,,,,,,,,,,,,,,,,,,,,,,,,,,,,,,,,,,,,,,,,,,,,,,,,,,,,,,,,,,,,,,,,,,,,,,,,,,,,,,,,,,,,,,,,,,,,1,,,,,,,0.1,5,,,,,0,,,,,,,,,,,,,,,,,,,,,,,,,,,,,,
SplitToning_4,Assets/MonoBehaviour/SplitToning_4.asset,c88ab7b37c4f350242674d2efd621c19,c88ab7b37c4f350242674d2efd621c19,-1771661620,,,,0,,,1,6.2,,,,,,,,,,,,,,,,,,,,,,,,,,,,,,,,,,,,,,,,,,,,,,,,,,,,,,,,,,,,,,,,,,,,,,,,,,,,,,,,,,,,,,,,,,,,,,,,,,,,,,,,,,,,,,,,,,,,,,,,,,,,,,,,,,,,,,,,,1,"{r: 0.6226415, g: 0.17282097, b: 0.014684939, a: 1}",,,,,,,,,,,,,,,,,,,,,,,,,,,,,,,,,,,,,,,,,,,,,,,,,,,,,,,,,,,,,,,,,,,,,,,,,,,,,,,,,,,,,,,,,,,,,,,,,,,{fileID: 0},0,,,,,,,,,,,,,,,,,,,0,,,1,,,,,,,,{fileID: 0},0,,,,,,,,,,,,,,,,,,,,SplitToning,,0,,,,,{fileID: 0},0,{fileID: 0},0,,,,,,,,,,,,,,,,,,,,,,,,"{fileID: -1771661620, guid: c88ab7b37c4f350242674d2efd621c19, type: 3}",-1771661620,c88ab7b37c4f350242674d2efd621c19,,,,,,,,,,,,,,,,,,,,,,,,,,,,,,,,,,,,,,,,,,,,,,,,,,,,,,,,,,,,,,,,,,,,,,,,,,,,,,,,,,,,,,,,,,,,,,,,,,,,,,,,,,,,,,,,,,,,,,,,,,,,,,,,,,,,,,,,,,,,,,,,,,,,,,,,,,,,,,,,,,,,,,,,,,,,,,,,,,,,,,,,,,,,,,,,,,,,,,,,,,,,,,,,,,,,,,,,,,,,,,,,,,,,,,,,,,,,,,,,,,,,,,,,,,,,,,,,,,,,,,,,,,,,,,,,,,,,,,,,,,,,,,,,,,,,,,,,,,,,,,,,,,,,,,,,,,,,,,,,,,,,,,,,,,,1,"{r: 0.062032744, g: 0.22253945, b: 0.3207547, a: 1}",,,,,,,,,,,,,,,,,,,,,,,,,,,,,,,,,,,,,,,,,
DepthOfField_10,Assets/MonoBehaviour/DepthOfField_10.asset,c88ab7b37c4f350242674d2efd621c19,c88ab7b37c4f350242674d2efd621c19,-2085558323,,,,1,1,2.02,,,,,0,5,0,1,0,0,,,,,,,,,,,,,,,,,,,,,,,,,,,,,,,,,,,,,,,,,,,,,,,,,,,,,,,,,,,,,,,,,,,,,,,,,,,,,,,,,,,,,,,,,,,,1,194.4,1,15.47,,,,,,0,30,0,1,0,10,,,,,,,,,,,,,,,,,,,,,0,0,,,,,,,,,,,,,,,,,,,,,,,,,,,,,,,,,,,,,,,,,,,,,,,,,,,,,,,,,,,,,,,,,,,,,,,,,,,,,,,,,,,,,,,,,,,,,,,,,,,,,{fileID: 0},0,,,,,,,,,,,,,,,,,,,0,,,1,,,,,,,,{fileID: 0},0,,,,,,,,,,,,,,,,,,,,DepthOfField,,0,,,,,{fileID: 0},0,{fileID: 0},0,,,,,,,,,,,,,,,,,,,,,,,,"{fileID: -2085558323, guid: c88ab7b37c4f350242674d2efd621c19, type: 3}",-2085558323,c88ab7b37c4f350242674d2efd621c19,,,,,,,,,,,,,,,,,,,,,,,,,,,,,,,,,,,,,,,,,,,,,,,,,,,,,,,,,,,,,,,,,,,,,,,,,,,,,,,,,,,,,,,,,,,,,,,,,,,,,,,,,,,,,,,,,,1,2,,,,,,,,,,,,,,,,,,,,,,,,,,,,,,,,,,,,,,,,,,,,,,,,,,,,,,,,,,,,,,,,,,,,,,,,,,,,,,,,,,,,,,,,,,,,,,,,,,,,,,,,,,,,,,,,,,,,,,,,,,,,,,,,,,,,,,,,,,,,,,,,,,,,,,,,,,,,,,,,,,,,,,,,,,,,,,,,,,,,,,,,,,,,,,,,,,,,,,,,,,,,,,,,,,,,,,,,,,,,,,,,,,,,,,,,,,,,,,,,,,,,,,,,,,,,,,,,,,
ChromaticAberration_1,Assets/MonoBehaviour/ChromaticAberration_1.asset,c88ab7b37c4f350242674d2efd621c19,c88ab7b37c4f350242674d2efd621c19,456897975,,,,0,,,,,,,,,,,,,,,,,,,,,,,,,,,,,,,,,,,,,,,,,,,,,,,,,,,,,,,,,,,,,,,,,,,,,,,,,,,,,,,,,,,,,,,,,,,,,,,,,,,,,,,,,,,,,,,,,,,,,,,,,,,,,,,,,,,,,,,,,,,,,,,,,,,,,,,,,,,,,,,,,,,,,,,,,,,,,,,,,,,,,,,,,,,,,,1,0.1,,,,,,,,,,,,,,,,,,,,,,,,,,,,,,,,,,,,,,,,,,,,,,,,,,{fileID: 0},0,,,,,,,,,,,,,,,,,,,0,,,1,,,,,,,,{fileID: 0},0,,,,,,,,,,,,,,,,,,,,ChromaticAberration,,0,,,,,{fileID: 0},0,{fileID: 0},0,,,,,,,,,,,,,,,,,,,,,,,,"{fileID: 456897975, guid: c88ab7b37c4f350242674d2efd621c19, type: 3}",456897975,c88ab7b37c4f350242674d2efd621c19,,,,,,,,,,,,,,,,,,,,,,,,,,,,,,,,,,,,,,,,,,,,,,,,,,,,,,,,,,,,,,,,,,,,,,,,,,,,,,,,,,,,,,,,,,,,,,,,,,,,,,,,,,,,,,,,,,,,,,,,,,,,,,,,,,,,,,,,,,,,,,,,,,,,,,,,,,,,,,,,,,,,,,,,,,,,,,,,,,,,,,,,,,,,,,,,,,,,,,,,,,,,,,,,,,,,,,,,,,,,,,,,,,,,,,,,,,,,,,,,,,,,,,,,,,,,,,,,,,,,,,,,,,,,,,,,,,,,,,,,,,,,,,,,,,,,,,,,,,,,,,,,,,,,,,,,,,,,,,,,,,,,,,,,,,,,,,,,,,,,,,,,,,,,,,,,,,,,,,,,,,,,,,,,,,,,,
DepthOfField_13,Assets/MonoBehaviour/DepthOfField_13.asset,c88ab7b37c4f350242674d2efd621c19,c88ab7b37c4f350242674d2efd621c19,-2085558323,,,,0,1,1.24,,,,,1,5,1,1,1,0,,,,,,,,,,,,,,,,,,,,,,,,,,,,,,,,,,,,,,,,,,,,,,,,,,,,,,,,,,,,,,,,,,,,,,,,,,,,,,,,,,,,,,,,,,,,1,274.6,0,43,,,,,,1,74.6,1,1,1,44.12,,,,,,,,,,,,,,,,,,,,,1,0,,,,,,,,,,,,,,,,,,,,,,,,,,,,,,,,,,,,,,,,,,,,,,,,,,,,,,,,,,,,,,,,,,,,,,,,,,,,,,,,,,,,,,,,,,,,,,,,,,,,,{fileID: 0},0,,,,,,,,,,,,,,,,,,,0,,,1,,,,,,,,{fileID: 0},0,,,,,,,,,,,,,,,,,,,,DepthOfField,,0,,,,,{fileID: 0},0,{fileID: 0},0,,,,,,,,,,,,,,,,,,,,,,,,"{fileID: -2085558323, guid: c88ab7b37c4f350242674d2efd621c19, type: 3}",-2085558323,c88ab7b37c4f350242674d2efd621c19,,,,,,,,,,,,,,,,,,,,,,,,,,,,,,,,,,,,,,,,,,,,,,,,,,,,,,,,,,,,,,,,,,,,,,,,,,,,,,,,,,,,,,,,,,,,,,,,,,,,,,,,,,,,,,,,,,0,2,,,,,,,,,,,,,,,,,,,,,,,,,,,,,,,,,,,,,,,,,,,,,,,,,,,,,,,,,,,,,,,,,,,,,,,,,,,,,,,,,,,,,,,,,,,,,,,,,,,,,,,,,,,,,,,,,,,,,,,,,,,,,,,,,,,,,,,,,,,,,,,,,,,,,,,,,,,,,,,,,,,,,,,,,,,,,,,,,,,,,,,,,,,,,,,,,,,,,,,,,,,,,,,,,,,,,,,,,,,,,,,,,,,,,,,,,,,,,,,,,,,,,,,,,,,,,,,,,,
ColorAdjustments_17,Assets/MonoBehaviour/ColorAdjustments_17.asset,c88ab7b37c4f350242674d2efd621c19,c88ab7b37c4f350242674d2efd621c19,-1728269046,,,,0,,,,,,,,,,,,,,,,,,,,,,,,,,,,,,,,,,,,,,,,,,,,,,,,,,,,,,,0,"{r: 1, g: 1, b: 1, a: 1}",,,,,,,,,,,,,,,,0,0,,,,,,,,,,,,,,,,,,,,,,,,,,,,,,,,,,,,,,,,,,,,,,,,,,,,,,,,,,,,,,,,,,,,,,,,,,0,0,,,,,,,,,,,,,,,,,,,,,,,,,,,,,,,,,,,,,,,,,,,,,,,,,,,,,,,,,,,,,,,,,,,,,,,,,,,,,,,,,,,,,,,,,,,,,{fileID: 0},0,,,,,,,,,,,,,,,,,,,0,,,1,,,,,,,,{fileID: 0},0,,,,,,,,,,,,,,,,,,,,ColorAdjustments,,0,,,,,{fileID: 0},0,{fileID: 0},0,,,,,,,,,,,,,,,,,,,,,,,,"{fileID: -1728269046, guid: c88ab7b37c4f350242674d2efd621c19, type: 3}",-1728269046,c88ab7b37c4f350242674d2efd621c19,,,,,,,,,,,,,,,,,,,,,,,,,,,,,,,,,,,,,,,,,,,,,,,,,,,,,,,,,,,,,,,,,,,,,,,,,,,,,,,,,,,,,,,,,,,,,,,,,,,,,,,,,,,,,,,,,,,,,,,,,,,,,,,,0,0,,,,,,,,,,,,,,,,,,,,,,,,,,,,,,,,,,,,,,,,,,,0,-12,,,,,,,,,,,,,,,,,,,,,,,,,,,,,,,,,,,,,,,,,,,,,,,,,,,,,,,,,,,,,,,,,,,,,,,,,,,,,,,,,,,,,,,,,,,,,,,,,,,,,,,,,,,,,,,,,,,,,,,,,,,,,,,,,,,,,,,,,,,,,,,,,,,,,,,,,,,,,,,,,,,,,,,,,,,,,,,,,,,,,,,,,,,,,,,,,,,,,,,,
FilmGrain_9,Assets/MonoBehaviour/FilmGrain_9.asset,c88ab7b37c4f350242674d2efd621c19,c88ab7b37c4f350242674d2efd621c19,-534242816,,,,1,,,,,,,,,,,,,,,,,,,,,,,,,,,,,,,,,,,,,,,,,,,,,,,,,,,,,,,,,,,,,,,,,,,,,,,,,,,,,,,,,,,,,,,,,,,,,,,,,,,,,,,,,,,,,,,,,,,,,,,,,,,,,,,,,,,,,,,,,,,,,,,,,,,,,,,,,,,,,,,,,,,,,,,,,,,,,,,,,,,,,,,,,,,,,,1,0.432,,,,,,,,,,,,,,,,,,,,,,,,,,,,,,,,,,,,,,,,,,,,,,,,,,{fileID: 0},0,,,,,,,,,,,,,,,,,,,0,,,1,,,,,,,,{fileID: 0},0,,,,,,,,,,,,,,,,,,,,FilmGrain,,0,,,,,{fileID: 0},0,{fileID: 0},0,,,,,,,,,,,,,,,,,,,,,,,,"{fileID: -534242816, guid: c88ab7b37c4f350242674d2efd621c19, type: 3}",-534242816,c88ab7b37c4f350242674d2efd621c19,,,,,,,,,,,,,,,,,,,,,,,,,,,,,,,,,,,,,,,,,,,,,,,,,,,,,,,,,,,,,,,,,,,,,,,,,,,,,,,,,,,,,,,,,,,,,,,,,,,,,,,,,,,,,,,,,,,,,,,,,,,,,,,,,,,,,,,,,,,,,,,,,,,,,,,,,,,,,1,0.341,,,,,,,,,,,,,,,,,,,,,,,,,,,,,,,,,,,,,,,,,,,,,,,,,,,,,,,,,,,,,,,,,,,,,,,,,,,,,,,,,,,,,,,,,,,,,,,,,,,,,,,,,,,,,,,,,,,,,,,,,,,,,,,,,,,,,,,,,,,,,,,,,,,,,,,,,,,,,,,,,,,,,,,,,,,,,,,,,,,,,,,,,,,,1,{fileID: 0},0,,,,,,,,,,,,,,,,1,2,,,,,,,,
ColorAdjustments_27,Assets/MonoBehaviour/ColorAdjustments_27.asset,c88ab7b37c4f350242674d2efd621c19,c88ab7b37c4f350242674d2efd621c19,-1728269046,,,,1,,,,,,,,,,,,,,,,,,,,,,,,,,,,,,,,,,,,,,,,,,,,,,,,,,,,,,,1,"{r: 0.2235294, g: 1, b: 0.505567, a: 1}",,,,,,,,,,,,,,,,1,5,,,,,,,,,,,,,,,,,,,,,,,,,,,,,,,,,,,,,,,,,,,,,,,,,,,,,,,,,,,,,,,,,,,,,,,,,,1,0,,,,,,,,,,,,,,,,,,,,,,,,,,,,,,,,,,,,,,,,,,,,,,,,,,,,,,,,,,,,,,,,,,,,,,,,,,,,,,,,,,,,,,,,,,,,,{fileID: 0},0,,,,,,,,,,,,,,,,,,,0,,,1,,,,,,,,{fileID: 0},0,,,,,,,,,,,,,,,,,,,,ColorAdjustments,,0,,,,,{fileID: 0},0,{fileID: 0},0,,,,,,,,,,,,,,,,,,,,,,,,"{fileID: -1728269046, guid: c88ab7b37c4f350242674d2efd621c19, type: 3}",-1728269046,c88ab7b37c4f350242674d2efd621c19,,,,,,,,,,,,,,,,,,,,,,,,,,,,,,,,,,,,,,,,,,,,,,,,,,,,,,,,,,,,,,,,,,,,,,,,,,,,,,,,,,,,,,,,,,,,,,,,,,,,,,,,,,,,,,,,,,,,,,,,,,,,,,,,1,0.5,,,,,,,,,,,,,,,,,,,,,,,,,,,,,,,,,,,,,,,,,,,1,-15,,,,,,,,,,,,,,,,,,,,,,,,,,,,,,,,,,,,,,,,,,,,,,,,,,,,,,,,,,,,,,,,,,,,,,,,,,,,,,,,,,,,,,,,,,,,,,,,,,,,,,,,,,,,,,,,,,,,,,,,,,,,,,,,,,,,,,,,,,,,,,,,,,,,,,,,,,,,,,,,,,,,,,,,,,,,,,,,,,,,,,,,,,,,,,,,,,,,,,,,
MotionBlur_13,Assets/MonoBehaviour/MotionBlur_13.asset,c88ab7b37c4f350242674d2efd621c19,c88ab7b37c4f350242674d2efd621c19,224828655,,,,1,,,,,,,,,,,,,,,,,,,,,,,,,,,,,,,,,,,,,,,,,,,,,,,,,,,1,0.2,,,,,,,,,,,,,,,,,,,,,,,,,,,,,,,,,,,,,,,,,,,,,,,,,,,,,,,,,,,,,,,,,,,,,,,,,,,,,,,,,,,,,,,,,,,,,,,,,,,,,,,,,,,,,,,,,,,,,,,,,,,,,,,,,,,,,,,,,,1,1,,,,,,,,,,,,,,,,,,,,,,,,,,,,,,,,,,,,,,,,,,,,,,,,,,{fileID: 0},0,,,,,,,,,,,,,,,,,,,0,,,1,,,,,,,,{fileID: 0},0,,,,,,,,,,,,,,,,,,,,MotionBlur,,0,,,,,{fileID: 0},0,{fileID: 0},0,,,,,,,,,,,,,,,,,,,,,,,,"{fileID: 224828655, guid: c88ab7b37c4f350242674d2efd621c19, type: 3}",224828655,c88ab7b37c4f350242674d2efd621c19,,,,,,,,,,,,,,,,,,,,,,,,,,,,,,,,,,,,,,,,,,,,,,,,,,,,,,,,,,,,,,,,,,,,,,,,,,,,,,,,,,,,,,,,,,,,,,,,,,,,,,,,,,,,,,,,,,1,1,,,,,,,,,,,,,,,,,,,,,1,2,,,,,,,,,,,,,,,,,,,,,,,,,,,,,,,,,,,,,,,,,,,,,,,,,,,,,,,,,,,,,,,,,,,,,,,,,,,,,,,,,,,,,,,,,,,,,,,,,,,,,,,,,,,,,,,,,,,,,,,,,,,,,,,,,,,,,,,,,,,,,,,,,,,,,,,,,,,,,,,,,,,,,,,,,,,,,,,,,,,,,,,,,,,,,,,,,,,,,,,,,,,,,,,,,,,,,,,,,,,,,,,,,,,,,,,,,,,,
DepthOfField_17,Assets/MonoBehaviour/DepthOfField_17.asset,c88ab7b37c4f350242674d2efd621c19,c88ab7b37c4f350242674d2efd621c19,-2085558323,,,,1,1,1.83,,,,,1,5,1,1,1,0,,,,,,,,,,,,,,,,,,,,,,,,,,,,,,,,,,,,,,,,,,,,,,,,,,,,,,,,,,,,,,,,,,,,,,,,,,,,,,,,,,,,,,,,,,,,1,259.6,1,10,,,,,,1,30,1,1,1,10,,,,,,,,,,,,,,,,,,,,,1,0,,,,,,,,,,,,,,,,,,,,,,,,,,,,,,,,,,,,,,,,,,,,,,,,,,,,,,,,,,,,,,,,,,,,,,,,,,,,,,,,,,,,,,,,,,,,,,,,,,,,,{fileID: 0},0,,,,,,,,,,,,,,,,,,,0,,,1,,,,,,,,{fileID: 0},0,,,,,,,,,,,,,,,,,,,,DepthOfField,,0,,,,,{fileID: 0},0,{fileID: 0},0,,,,,,,,,,,,,,,,,,,,,,,,"{fileID: -2085558323, guid: c88ab7b37c4f350242674d2efd621c19, type: 3}",-2085558323,c88ab7b37c4f350242674d2efd621c19,,,,,,,,,,,,,,,,,,,,,,,,,,,,,,,,,,,,,,,,,,,,,,,,,,,,,,,,,,,,,,,,,,,,,,,,,,,,,,,,,,,,,,,,,,,,,,,,,,,,,,,,,,,,,,,,,,1,2,,,,,,,,,,,,,,,,,,,,,,,,,,,,,,,,,,,,,,,,,,,,,,,,,,,,,,,,,,,,,,,,,,,,,,,,,,,,,,,,,,,,,,,,,,,,,,,,,,,,,,,,,,,,,,,,,,,,,,,,,,,,,,,,,,,,,,,,,,,,,,,,,,,,,,,,,,,,,,,,,,,,,,,,,,,,,,,,,,,,,,,,,,,,,,,,,,,,,,,,,,,,,,,,,,,,,,,,,,,,,,,,,,,,,,,,,,,,,,,,,,,,,,,,,,,,,,,,,,
DepthOfField_1,Assets/MonoBehaviour/DepthOfField_1.asset,c88ab7b37c4f350242674d2efd621c19,c88ab7b37c4f350242674d2efd621c19,-2085558323,,,,1,1,8.32,,,,,1,5,1,1,1,0,,,,,,,,,,,,,,,,,,,,,,,,,,,,,,,,,,,,,,,,,,,,,,,,,,,,,,,,,,,,,,,,,,,,,,,,,,,,,,,,,,,,,,,,,,,,1,259.6,1,10,,,,,,1,30,1,1,1,10,,,,,,,,,,,,,,,,,,,,,1,0,,,,,,,,,,,,,,,,,,,,,,,,,,,,,,,,,,,,,,,,,,,,,,,,,,,,,,,,,,,,,,,,,,,,,,,,,,,,,,,,,,,,,,,,,,,,,,,,,,,,,{fileID: 0},0,,,,,,,,,,,,,,,,,,,0,,,1,,,,,,,,{fileID: 0},0,,,,,,,,,,,,,,,,,,,,DepthOfField,,0,,,,,{fileID: 0},0,{fileID: 0},0,,,,,,,,,,,,,,,,,,,,,,,,"{fileID: -2085558323, guid: c88ab7b37c4f350242674d2efd621c19, type: 3}",-2085558323,c88ab7b37c4f350242674d2efd621c19,,,,,,,,,,,,,,,,,,,,,,,,,,,,,,,,,,,,,,,,,,,,,,,,,,,,,,,,,,,,,,,,,,,,,,,,,,,,,,,,,,,,,,,,,,,,,,,,,,,,,,,,,,,,,,,,,,1,2,,,,,,,,,,,,,,,,,,,,,,,,,,,,,,,,,,,,,,,,,,,,,,,,,,,,,,,,,,,,,,,,,,,,,,,,,,,,,,,,,,,,,,,,,,,,,,,,,,,,,,,,,,,,,,,,,,,,,,,,,,,,,,,,,,,,,,,,,,,,,,,,,,,,,,,,,,,,,,,,,,,,,,,,,,,,,,,,,,,,,,,,,,,,,,,,,,,,,,,,,,,,,,,,,,,,,,,,,,,,,,,,,,,,,,,,,,,,,,,,,,,,,,,,,,,,,,,,,,
ColorAdjustments_6,Assets/MonoBehaviour/ColorAdjustments_6.asset,c88ab7b37c4f350242674d2efd621c19,c88ab7b37c4f350242674d2efd621c19,-1728269046,,,,0,,,,,,,,,,,,,,,,,,,,,,,,,,,,,,,,,,,,,,,,,,,,,,,,,,,,,,,0,"{r: 1, g: 1, b: 1, a: 1}",,,,,,,,,,,,,,,,0,50.7,,,,,,,,,,,,,,,,,,,,,,,,,,,,,,,,,,,,,,,,,,,,,,,,,,,,,,,,,,,,,,,,,,,,,,,,,,0,0,,,,,,,,,,,,,,,,,,,,,,,,,,,,,,,,,,,,,,,,,,,,,,,,,,,,,,,,,,,,,,,,,,,,,,,,,,,,,,,,,,,,,,,,,,,,,{fileID: 0},0,,,,,,,,,,,,,,,,,,,0,,,1,,,,,,,,{fileID: 0},0,,,,,,,,,,,,,,,,,,,,ColorAdjustments,,0,,,,,{fileID: 0},0,{fileID: 0},0,,,,,,,,,,,,,,,,,,,,,,,,"{fileID: -1728269046, guid: c88ab7b37c4f350242674d2efd621c19, type: 3}",-1728269046,c88ab7b37c4f350242674d2efd621c19,,,,,,,,,,,,,,,,,,,,,,,,,,,,,,,,,,,,,,,,,,,,,,,,,,,,,,,,,,,,,,,,,,,,,,,,,,,,,,,,,,,,,,,,,,,,,,,,,,,,,,,,,,,,,,,,,,,,,,,,,,,,,,,,1,0.2,,,,,,,,,,,,,,,,,,,,,,,,,,,,,,,,,,,,,,,,,,,0,0,,,,,,,,,,,,,,,,,,,,,,,,,,,,,,,,,,,,,,,,,,,,,,,,,,,,,,,,,,,,,,,,,,,,,,,,,,,,,,,,,,,,,,,,,,,,,,,,,,,,,,,,,,,,,,,,,,,,,,,,,,,,,,,,,,,,,,,,,,,,,,,,,,,,,,,,,,,,,,,,,,,,,,,,,,,,,,,,,,,,,,,,,,,,,,,,,,,,,,,,
URP-HighFidelity-Renderer-Recording,Assets/MonoBehaviour/URP-HighFidelity-Renderer-Recording.asset,c88ab7b37c4f350242674d2efd621c19,c88ab7b37c4f350242674d2efd621c19,-1575395517,"11400000, guid: 92b02bac95521ad438612b45797bc3f4, type: 2}",,,,,,,,,,,,,,,,,,,,,,,,,,,,,,,,,,,,,,,,,,,,,,,,,,,,,,,,,,,,,,,,,,,,,,,,,,,,,,,,,"{fileID: 4800000, guid: b17ccd757e79dfe4a94a4934ec27e59b, type: 3}",4800000,b17ccd757e79dfe4a94a4934ec27e59b,Assets/Shader/Hidden_Universal Render Pipeline_Debug_DebugReplacement.shader,"{fileID: 4800000, guid: 221598d7edc18d946a186bd1be7e0506, type: 3}",4800000,221598d7edc18d946a186bd1be7e0506,Assets/Shader/Hidden_Universal_HDRDebugView.shader,,,,,,,,,,,,,,,,,,,,,,,,,,,,,,,,,,,,,,,,,,,,,,,,,,,,,,,,,,,,,,,,,,,,,,,,,,,,,,,,,,,,,,,,,,,,,,,,,,,,,,,,,,,,,,,,,,,,,,,,,,,0,,,,,,,,,,,,,,,,2,,,,,,,,,,,,0,,,,,{fileID: 0},0,,,,,,,,,,2,0,2,3,2,2,0,,,0,,,1,,,,,,,,{fileID: 0},0,,,1,,,,,,,,,,,,,,,,,URP-HighFidelity-Renderer-Recording,,0,,,4294967295,2,{fileID: 0},0,{fileID: 0},0,,,,,,,,,,"8508129c9b98361faac5377ccc499a(bf4da7caa7806654902f359b67380d618697c59a791ec64,ee236c58e5c62ff55a011bd9d02495a48883f780fc21793113bd0dcbad70492*8",,,,1,,,,,,,,,,"{fileID: -1575395517, guid: c88ab7b37c4f350242674d2efd621c19, type: 3}",-1575395517,c88ab7b37c4f350242674d2efd621c19,,,,,,,,,,,,,,,,,,,,,,,,,,,,,,,,,1,,,,,,,,,,,,,,,,,,,,,,,,,,,,,,,,,4294967295,2,,,,,,0,,,,,,,,,,,,,,,,,,,,,,,,,,,,,,,,,,,,,,,,,,,,,,,,,,,,,,,,,"{fileID: 11400000, guid: a70445ff426c66142a46ec56f8726547, type: 2}",11400000,a70445ff426c66142a46ec56f8726547,Assets/MonoBehaviour/PostProcessData.asset,,,,,,,,,,,,,,,,,,,,,,,,,,,,,,,,,,,,,,,,,,,,,,,,,,,,,,,,,,,,,,,,,,,,,,,,,,,,,,,"{fileID: 4800000, guid: c238d5feb7d99c344a6465c79b55fa52, type: 3}",4800000,c238d5feb7d99c344a6465c79b55fa52,Assets/Shader/Hidden_Universal_BlitHDROverlay.shader,"{fileID: 4800000, guid: 8c1120e8ac2b2b446b3e5621a2052362, type: 3}",4800000,8c1120e8ac2b2b446b3e5621a2052362,Assets/Shader/Hidden_Universal Render Pipeline_Blit.shader,,,,,,,,,,,,,"{fileID: 4800000, guid: 48ce2f9cdc2a90243904a8408c7929d7, type: 3}",4800000,48ce2f9cdc2a90243904a8408c7929d7,Assets/Shader/Hidden_Universal Render Pipeline_CameraMotionVectors.shader,"{fileID: 4800000, guid: 36ed5df42a1a91e4faf05b3726afbf50, type: 3}",4800000,36ed5df42a1a91e4faf05b3726afbf50,Assets/Shader/Hidden_Universal Render Pipeline_CopyDepth.shader,"{fileID: 4800000, guid: 4931cc0ca7aa93945a897c2144cc7b88, type: 3}",4800000,4931cc0ca7aa93945a897c2144cc7b88,Assets/Shader/Hidden_Universal_CoreBlitColorAndDepth.shader,"{fileID: 4800000, guid: 298fe462cd855084f9eae37c2bac2bdc, type: 3}",4800000,298fe462cd855084f9eae37c2bac2bdc,Assets/Shader/Hidden_Universal_CoreBlit.shader,"{fileID: 4800000, guid: 9f08c25dd95d27a4698021afb85457be, type: 3}",4800000,9f08c25dd95d27a4698021afb85457be,Assets/Shader/Hidden_Universal Render Pipeline_LensFlareDataDriven.shader,,,,,"{fileID: 4800000, guid: a718f956e275b714dbab7603ba39ecd6, type: 3}",4800000,a718f956e275b714dbab7603ba39ecd6,Assets/Shader/Hidden_Universal Render Pipeline_FallbackError.shader,"{fileID: 4800000, guid: f2d2c4785467fdb438268b329667c86c, type: 3}",4800000,f2d2c4785467fdb438268b329667c86c,Assets/Shader/Hidden_Universal Render Pipeline_FallbackLoading.shader,,,,,,,,,,,,,,,,,"{fileID: 4800000, guid: 05f1358865ef4fa468533bcff3b3cd14, type: 3}",4800000,05f1358865ef4fa468533bcff3b3cd14,Assets/Shader/Hidden_Universal Render Pipeline_MaterialError.shader,"{fileID: 4800000, guid: 105f64465aca5ab488277f5043f01f30, type: 3}",4800000,105f64465aca5ab488277f5043f01f30,Assets/Shader/Hidden_Universal Render Pipeline_ObjectMotionVectors.shader,,,,,"{fileID: 4800000, guid: 71d048003cbf5da4492ef8f567373212, type: 3}",4800000,71d048003cbf5da4492ef8f567373212,Assets/Shader/Hidden_Universal Render Pipeline_Sampling.shader,,,,,{fileID: 0},0,"{fileID: 4800000, guid: f62af052555bc7244a08f2b97185493b, type: 3}",4800000,f62af052555bc7244a08f2b97185493b,Assets/Shader/Hidden_Universal Render Pipeline_StencilDeferred.shader,,,,,,,,,,,,,,,,,,,,,,,,,,,,,,,,,,,,,,,,,,,,,,,,,,,,,,,,,,,,,,,"{fileID: 11400000, guid: 467c9003cb4d4e04ebb0eb2df37872fb, type: 2}",11400000,467c9003cb4d4e04ebb0eb2df37872fb,Assets/MonoBehaviour/XRSystemData.asset,,
DepthOfField_19,Assets/MonoBehaviour/DepthOfField_19.asset,c88ab7b37c4f350242674d2efd621c19,c88ab7b37c4f350242674d2efd621c19,-2085558323,,,,1,1,8.32,,,,,1,5,1,1,1,0,,,,,,,,,,,,,,,,,,,,,,,,,,,,,,,,,,,,,,,,,,,,,,,,,,,,,,,,,,,,,,,,,,,,,,,,,,,,,,,,,,,,,,,,,,,,1,259.6,1,10,,,,,,1,30,1,1,1,10,,,,,,,,,,,,,,,,,,,,,1,0,,,,,,,,,,,,,,,,,,,,,,,,,,,,,,,,,,,,,,,,,,,,,,,,,,,,,,,,,,,,,,,,,,,,,,,,,,,,,,,,,,,,,,,,,,,,,,,,,,,,,{fileID: 0},0,,,,,,,,,,,,,,,,,,,0,,,1,,,,,,,,{fileID: 0},0,,,,,,,,,,,,,,,,,,,,DepthOfField,,0,,,,,{fileID: 0},0,{fileID: 0},0,,,,,,,,,,,,,,,,,,,,,,,,"{fileID: -2085558323, guid: c88ab7b37c4f350242674d2efd621c19, type: 3}",-2085558323,c88ab7b37c4f350242674d2efd621c19,,,,,,,,,,,,,,,,,,,,,,,,,,,,,,,,,,,,,,,,,,,,,,,,,,,,,,,,,,,,,,,,,,,,,,,,,,,,,,,,,,,,,,,,,,,,,,,,,,,,,,,,,,,,,,,,,,1,2,,,,,,,,,,,,,,,,,,,,,,,,,,,,,,,,,,,,,,,,,,,,,,,,,,,,,,,,,,,,,,,,,,,,,,,,,,,,,,,,,,,,,,,,,,,,,,,,,,,,,,,,,,,,,,,,,,,,,,,,,,,,,,,,,,,,,,,,,,,,,,,,,,,,,,,,,,,,,,,,,,,,,,,,,,,,,,,,,,,,,,,,,,,,,,,,,,,,,,,,,,,,,,,,,,,,,,,,,,,,,,,,,,,,,,,,,,,,,,,,,,,,,,,,,,,,,,,,,,
New Umbra Profile_19,Assets/MonoBehaviour/New Umbra Profile_19.asset,c88ab7b37c4f350242674d2efd621c19,c88ab7b37c4f350242674d2efd621c19,-2068570431,,,,,,,,,0,,,,,,,,0,,,,,,,,,,,,,,,,,,,50,50,0,5,0,0,1,10,,,0.1,1,0.1,1,0.1,1,1,,,,,,,,,0,0.75,0,0.85,0.3,0.1,16,0,0.01,0.01,0,0.5,0.15,0,0.0001,,,,,,,,,,,,,,,,,,,,,,,,,,,1,0,,,1,,,,,,0,,,,,,,,,,,,,,,,,,,,,,,,,,,,,,,,,,,,,,,,,,,,,,,,,,,,,,,,,,,,,,,,,,,,,,,,,,,,,,,,,,,,,,,,6,0,,,,,,,,,,,,,,,,,,,,,,,,,,,,,,,,,,,,,,,,,,,,{fileID: 0},0,,,,,,,,,,,,,,,,,,,0,,,1,,,,,,,,{fileID: 0},0,,,,,,,,,,,,,,,,,,,,New Umbra Profile,,0,,,,,{fileID: 0},0,{fileID: 0},0,,,,,,,,,,,,,,,,,,,,,,,,"{fileID: -2068570431, guid: c88ab7b37c4f350242674d2efd621c19, type: 3}",-2068570431,c88ab7b37c4f350242674d2efd621c19,,,,,,,,,,,,,,,,,,,,,,,,,,,,,,,,,,,,,,,,,,,,,,,,,,,,,,,,,,,,,,,,,,,,,,,,,,,,,,,,,,,,,1,{fileID: 0},0,,,,,,,,,,,,,,,,,,,,,,,,,,,,,,,0,8,8,,,,,,,,,,,,,,1,1,,,,,,,,,,,,,,,,,,,,,,,,,,16,,,,,,,,,,,,,,,,,,,,,,,,,,,,,,,,,,,,,,,,,,,,,,,,,,,,,,,,,,,,,,,,,,,,,,,,,,,,,,,,,,,,,,,,,,,,,,,,,,,,,,,,,,,,,,,,,,,,,,,,,,,,,,,,,,,,,,,,,,,,,,,,,,,,,,,,,,,,,,,,,,,,,,,,,1,,,,,,,0.1,5,,,,,0,,,,,,,,,,,,,,,,,,,,,,,,,,,,,,
Vignette_5,Assets/MonoBehaviour/Vignette_5.asset,c88ab7b37c4f350242674d2efd621c19,c88ab7b37c4f350242674d2efd621c19,565963466,,,,0,,,,,,,,,,,,,,,,,,,,,,,,,,,,,,,,,,,,,,,,,,,,,,,,,0,"{x: 0.5, y: 0.5}",,,1,"{r: 1, g: 1, b: 1, a: 1}",,,,,,,,,,,,,,,,,,,,,,,,,,,,,,,,,,,,,,,,,,,,,,,,,,,,,,,,,,,,,,,,,,,,,,,,,,,,,,,,,,,,,,,,,,,,,,,,,,,,,,,,,,,,,,,,,,,,,,,,,,,,,,,,,,,,,,,,1,1,,,,,,,,,,,,,,,,,,,,,,,,,,,,,,,,,,,,,,,,,,,,,,,,,,{fileID: 0},0,,,,,,,,,,,,,,,,,,,0,,,1,,,,,,,,{fileID: 0},0,,,,,,,,,,,,,,,,,,,,Vignette,,0,,,,,{fileID: 0},0,{fileID: 0},0,,,,,,,,,,,,,,,,,,,,,,,,"{fileID: 565963466, guid: c88ab7b37c4f350242674d2efd621c19, type: 3}",565963466,c88ab7b37c4f350242674d2efd621c19,,,,,,,,,,,,,,,,,,,,,,,,,,,,,,,,,,,,,,,,,,,,,,,,,,,,,,,,,,,,,,,,,,,,,,,,,,,,,,,,,,,,,,,,,,,,,,,,,,,,,,,,,,,,,,,,,,,,,,,,,,,,,,,,,,,,,,,,,,,,,,,,,,,,,,,,,,,,,,,0,0,,,,,,,,,,,,,,,,,,,,,,,,,,,,,,,,,,,,,,,,,,,,,,,,,,,,,,,,,,,,,,,,,,,,,,,,,,,,,,,,,,,,,,,,,,,,,,,,,,,,,,,,,,,,,,,,,,,,,,,,,,,,,,,,,,,,,,,,,,,,,,,,,,,,,,,,,,,,,,,,,,,,,,,,,,,,,,,,,,,,,1,1,,,,,,,,,,,,,,,,,,,,,,,,,,,,,,,
New Umbra Profile_12,Assets/MonoBehaviour/New Umbra Profile_12.asset,c88ab7b37c4f350242674d2efd621c19,c88ab7b37c4f350242674d2efd621c19,-2068570431,,,,,,,,,0,,,,,,,,0,,,,,,,,,,,,,,,,,,,50,50,0,5,0,0,1,10,,,0.1,1,0.1,1,0.1,1,1,,,,,,,,,0,0.75,0,0.85,0.3,0.1,16,0,0.01,0.01,0,0.5,0.15,0.418,0.0001,,,,,,,,,,,,,,,,,,,,,,,,,,,1,0,,,1,,,,,,0,,,,,,,,,,,,,,,,,,,,,,,,,,,,,,,,,,,,,,,,,,,,,,,,,,,,,,,,,,,,,,,,,,,,,,,,,,,,,,,,,,,,,,,,6,0,,,,,,,,,,,,,,,,,,,,,,,,,,,,,,,,,,,,,,,,,,,,{fileID: 0},0,,,,,,,,,,,,,,,,,,,0,,,1,,,,,,,,{fileID: 0},0,,,,,,,,,,,,,,,,,,,,New Umbra Profile,,0,,,,,{fileID: 0},0,{fileID: 0},0,,,,,,,,,,,,,,,,,,,,,,,,"{fileID: -2068570431, guid: c88ab7b37c4f350242674d2efd621c19, type: 3}",-2068570431,c88ab7b37c4f350242674d2efd621c19,,,,,,,,,,,,,,,,,,,,,,,,,,,,,,,,,,,,,,,,,,,,,,,,,,,,,,,,,,,,,,,,,,,,,,,,,,,,,,,,,,,,,1,{fileID: 0},0,,,,,,,,,,,,,,,,,,,,,,,,,,,,,,,0,8,8,,,,,,,,,,,,,,1,1,,,,,,,,,,,,,,,,,,,,,,,,,,16,,,,,,,,,,,,,,,,,,,,,,,,,,,,,,,,,,,,,,,,,,,,,,,,,,,,,,,,,,,,,,,,,,,,,,,,,,,,,,,,,,,,,,,,,,,,,,,,,,,,,,,,,,,,,,,,,,,,,,,,,,,,,,,,,,,,,,,,,,,,,,,,,,,,,,,,,,,,,,,,,,,,,,,,,1,,,,,,,0.1,5,,,,,0,,,,,,,,,,,,,,,,,,,,,,,,,,,,,,
URP-HighFidelity-Renderer,Assets/MonoBehaviour/URP-HighFidelity-Renderer.asset,c88ab7b37c4f350242674d2efd621c19,c88ab7b37c4f350242674d2efd621c19,-1575395517,"11400000, guid: 2aeb7ff8cf1b76749ac16c1be44460de, type: 2}",,,,,,,,,,,,,,,,,,,,,,,,,,,,,,,,,,,,,,,,,,,,,,,,,,,,,,,,,,,,,,,,,,,,,,,,,,,,,,,,,"{fileID: 4800000, guid: b17ccd757e79dfe4a94a4934ec27e59b, type: 3}",4800000,b17ccd757e79dfe4a94a4934ec27e59b,Assets/Shader/Hidden_Universal Render Pipeline_Debug_DebugReplacement.shader,"{fileID: 4800000, guid: 221598d7edc18d946a186bd1be7e0506, type: 3}",4800000,221598d7edc18d946a186bd1be7e0506,Assets/Shader/Hidden_Universal_HDRDebugView.shader,,,,,,,,,,,,,,,,,,,,,,,,,,,,,,,,,,,,,,,,,,,,,,,,,,,,,,,,,,,,,,,,,,,,,,,,,,,,,,,,,,,,,,,,,,,,,,,,,,,,,,,,,,,,,,,,,,,,,,,,,,,0,,,,,,,,,,,,,,,,2,,,,,,,,,,,,0,,,,,{fileID: 0},0,,,,,,,,,,2,0,2,3,2,2,0,,,0,,,1,,,,,,,,{fileID: 0},0,,,1,,,,,,,,,,,,,,,,,URP-HighFidelity-Renderer,,0,,,4294967295,2,{fileID: 0},0,{fileID: 0},0,,,,,,,,,,"8508129c9b98361f6e84e524dc49c5586c84ad7e413b6b49f4da7caa7806654902f359b67380d618697c59a791ec64,ee236c58e5c62ff55a011bd9d02495a48883f780fc21793113bd0dcbad70492*873ca1076e450a75236c4fb0b1419eb+4",,,,1,,,,,,,,,,"{fileID: -1575395517, guid: c88ab7b37c4f350242674d2efd621c19, type: 3}",-1575395517,c88ab7b37c4f350242674d2efd621c19,,,,,,,,,,,,,,,,,,,,,,,,,,,,,,,,,1,,,,,,,,,,,,,,,,,,,,,,,,,,,,,,,,,4294967295,2,,,,,,0,,,,,,,,,,,,,,,,,,,,,,,,,,,,,,,,,,,,,,,,,,,,,,,,,,,,,,,,,"{fileID: 11400000, guid: a70445ff426c66142a46ec56f8726547, type: 2}",11400000,a70445ff426c66142a46ec56f8726547,Assets/MonoBehaviour/PostProcessData.asset,,,,,,,,,,,,,,,,,,,,,,,,,,,,,,,,,,,,,,,,,,,,,,,,,,,,,,,,,,,,,,,,,,,,,,,,,,,,,,,"{fileID: 4800000, guid: c238d5feb7d99c344a6465c79b55fa52, type: 3}",4800000,c238d5feb7d99c344a6465c79b55fa52,Assets/Shader/Hidden_Universal_BlitHDROverlay.shader,"{fileID: 4800000, guid: 8c1120e8ac2b2b446b3e5621a2052362, type: 3}",4800000,8c1120e8ac2b2b446b3e5621a2052362,Assets/Shader/Hidden_Universal Render Pipeline_Blit.shader,,,,,,,,,,,,,"{fileID: 4800000, guid: 48ce2f9cdc2a90243904a8408c7929d7, type: 3}",4800000,48ce2f9cdc2a90243904a8408c7929d7,Assets/Shader/Hidden_Universal Render Pipeline_CameraMotionVectors.shader,"{fileID: 4800000, guid: 36ed5df42a1a91e4faf05b3726afbf50, type: 3}",4800000,36ed5df42a1a91e4faf05b3726afbf50,Assets/Shader/Hidden_Universal Render Pipeline_CopyDepth.shader,"{fileID: 4800000, guid: 4931cc0ca7aa93945a897c2144cc7b88, type: 3}",4800000,4931cc0ca7aa93945a897c2144cc7b88,Assets/Shader/Hidden_Universal_CoreBlitColorAndDepth.shader,"{fileID: 4800000, guid: 298fe462cd855084f9eae37c2bac2bdc, type: 3}",4800000,298fe462cd855084f9eae37c2bac2bdc,Assets/Shader/Hidden_Universal_CoreBlit.shader,"{fileID: 4800000, guid: 9f08c25dd95d27a4698021afb85457be, type: 3}",4800000,9f08c25dd95d27a4698021afb85457be,Assets/Shader/Hidden_Universal Render Pipeline_LensFlareDataDriven.shader,,,,,"{fileID: 4800000, guid: a718f956e275b714dbab7603ba39ecd6, type: 3}",4800000,a718f956e275b714dbab7603ba39ecd6,Assets/Shader/Hidden_Universal Render Pipeline_FallbackError.shader,"{fileID: 4800000, guid: f2d2c4785467fdb438268b329667c86c, type: 3}",4800000,f2d2c4785467fdb438268b329667c86c,Assets/Shader/Hidden_Universal Render Pipeline_FallbackLoading.shader,,,,,,,,,,,,,,,,,"{fileID: 4800000, guid: 05f1358865ef4fa468533bcff3b3cd14, type: 3}",4800000,05f1358865ef4fa468533bcff3b3cd14,Assets/Shader/Hidden_Universal Render Pipeline_MaterialError.shader,"{fileID: 4800000, guid: 105f64465aca5ab488277f5043f01f30, type: 3}",4800000,105f64465aca5ab488277f5043f01f30,Assets/Shader/Hidden_Universal Render Pipeline_ObjectMotionVectors.shader,,,,,"{fileID: 4800000, guid: 71d048003cbf5da4492ef8f567373212, type: 3}",4800000,71d048003cbf5da4492ef8f567373212,Assets/Shader/Hidden_Universal Render Pipeline_Sampling.shader,,,,,{fileID: 0},0,"{fileID: 4800000, guid: f62af052555bc7244a08f2b97185493b, type: 3}",4800000,f62af052555bc7244a08f2b97185493b,Assets/Shader/Hidden_Universal Render Pipeline_StencilDeferred.shader,,,,,,,,,,,,,,,,,,,,,,,,,,,,,,,,,,,,,,,,,,,,,,,,,,,,,,,,,,,,,,,"{fileID: 11400000, guid: 467c9003cb4d4e04ebb0eb2df37872fb, type: 2}",11400000,467c9003cb4d4e04ebb0eb2df37872fb,Assets/MonoBehaviour/XRSystemData.asset,,
ChromaticAberration_21,Assets/MonoBehaviour/ChromaticAberration_21.asset,c88ab7b37c4f350242674d2efd621c19,c88ab7b37c4f350242674d2efd621c19,456897975,,,,0,,,,,,,,,,,,,,,,,,,,,,,,,,,,,,,,,,,,,,,,,,,,,,,,,,,,,,,,,,,,,,,,,,,,,,,,,,,,,,,,,,,,,,,,,,,,,,,,,,,,,,,,,,,,,,,,,,,,,,,,,,,,,,,,,,,,,,,,,,,,,,,,,,,,,,,,,,,,,,,,,,,,,,,,,,,,,,,,,,,,,,,,,,,,,,1,0.05,,,,,,,,,,,,,,,,,,,,,,,,,,,,,,,,,,,,,,,,,,,,,,,,,,{fileID: 0},0,,,,,,,,,,,,,,,,,,,0,,,1,,,,,,,,{fileID: 0},0,,,,,,,,,,,,,,,,,,,,ChromaticAberration,,0,,,,,{fileID: 0},0,{fileID: 0},0,,,,,,,,,,,,,,,,,,,,,,,,"{fileID: 456897975, guid: c88ab7b37c4f350242674d2efd621c19, type: 3}",456897975,c88ab7b37c4f350242674d2efd621c19,,,,,,,,,,,,,,,,,,,,,,,,,,,,,,,,,,,,,,,,,,,,,,,,,,,,,,,,,,,,,,,,,,,,,,,,,,,,,,,,,,,,,,,,,,,,,,,,,,,,,,,,,,,,,,,,,,,,,,,,,,,,,,,,,,,,,,,,,,,,,,,,,,,,,,,,,,,,,,,,,,,,,,,,,,,,,,,,,,,,,,,,,,,,,,,,,,,,,,,,,,,,,,,,,,,,,,,,,,,,,,,,,,,,,,,,,,,,,,,,,,,,,,,,,,,,,,,,,,,,,,,,,,,,,,,,,,,,,,,,,,,,,,,,,,,,,,,,,,,,,,,,,,,,,,,,,,,,,,,,,,,,,,,,,,,,,,,,,,,,,,,,,,,,,,,,,,,,,,,,,,,,,,,,,,,,,
LiftGammaGain_6,Assets/MonoBehaviour/LiftGammaGain_6.asset,c88ab7b37c4f350242674d2efd621c19,c88ab7b37c4f350242674d2efd621c19,282247082,,,,1,,,,,,,,,,,,,,,,,,,,,,,,,,,,,,,,,,,,,,,,,,,,,,,,,,,,,,,,,,,,,,,,,,,,,,,,,,,,,,,,,,,,,,,,,,,,,,,,,,,,,,,,,,,,,1,"{x: 1, y: 0.9507703, z: 0.8942983, w: 0}",1,"{x: 1, y: 0.98782974, z: 0.9305449, w: 0}",,,,,,,,,,,,,,,,,,,,,,,,,,,,,,,,,,,,,,,,,,,,,,,,,,,,,,,,,,,,,,,,,,,,,,,,,,,,,,,,,,1,"{x: 0.89241976, y: 0.87788343, z: 1, w: 0}",,,,,,,,,,,,,,,,,,,,,,,,,,,,,,,,,,,,,,,,,,,,,,{fileID: 0},0,,,,,,,,,,,,,,,,,,,0,,,1,,,,,,,,{fileID: 0},0,,,,,,,,,,,,,,,,,,,,LiftGammaGain,,0,,,,,{fileID: 0},0,{fileID: 0},0,,,,,,,,,,,,,,,,,,,,,,,,"{fileID: 282247082, guid: c88ab7b37c4f350242674d2efd621c19, type: 3}",282247082,c88ab7b37c4f350242674d2efd621c19,,,,,,,,,,,,,,,,,,,,,,,,,,,,,,,,,,,,,,,,,,,,,,,,,,,,,,,,,,,,,,,,,,,,,,,,,,,,,,,,,,,,,,,,,,,,,,,,,,,,,,,,,,,,,,,,,,,,,,,,,,,,,,,,,,,,,,,,,,,,,,,,,,,,,,,,,,,,,,,,,,,,,,,,,,,,,,,,,,,,,,,,,,,,,,,,,,,,,,,,,,,,,,,,,,,,,,,,,,,,,,,,,,,,,,,,,,,,,,,,,,,,,,,,,,,,,,,,,,,,,,,,,,,,,,,,,,,,,,,,,,,,,,,,,,,,,,,,,,,,,,,,,,,,,,,,,,,,,,,,,,,,,,,,,,,,,,,,,,,,,,,,,,,,,,,,,,,,,,,,,,,,,,,,,,,,,
ColorAdjustments_25,Assets/MonoBehaviour/ColorAdjustments_25.asset,c88ab7b37c4f350242674d2efd621c19,c88ab7b37c4f350242674d2efd621c19,-1728269046,,,,1,,,,,,,,,,,,,,,,,,,,,,,,,,,,,,,,,,,,,,,,,,,,,,,,,,,,,,,1,"{r: 1, g: 1, b: 1, a: 1}",,,,,,,,,,,,,,,,1,10,,,,,,,,,,,,,,,,,,,,,,,,,,,,,,,,,,,,,,,,,,,,,,,,,,,,,,,,,,,,,,,,,,,,,,,,,,1,0,,,,,,,,,,,,,,,,,,,,,,,,,,,,,,,,,,,,,,,,,,,,,,,,,,,,,,,,,,,,,,,,,,,,,,,,,,,,,,,,,,,,,,,,,,,,,{fileID: 0},0,,,,,,,,,,,,,,,,,,,0,,,1,,,,,,,,{fileID: 0},0,,,,,,,,,,,,,,,,,,,,ColorAdjustments,,0,,,,,{fileID: 0},0,{fileID: 0},0,,,,,,,,,,,,,,,,,,,,,,,,"{fileID: -1728269046, guid: c88ab7b37c4f350242674d2efd621c19, type: 3}",-1728269046,c88ab7b37c4f350242674d2efd621c19,,,,,,,,,,,,,,,,,,,,,,,,,,,,,,,,,,,,,,,,,,,,,,,,,,,,,,,,,,,,,,,,,,,,,,,,,,,,,,,,,,,,,,,,,,,,,,,,,,,,,,,,,,,,,,,,,,,,,,,,,,,,,,,,1,0,,,,,,,,,,,,,,,,,,,,,,,,,,,,,,,,,,,,,,,,,,,1,0,,,,,,,,,,,,,,,,,,,,,,,,,,,,,,,,,,,,,,,,,,,,,,,,,,,,,,,,,,,,,,,,,,,,,,,,,,,,,,,,,,,,,,,,,,,,,,,,,,,,,,,,,,,,,,,,,,,,,,,,,,,,,,,,,,,,,,,,,,,,,,,,,,,,,,,,,,,,,,,,,,,,,,,,,,,,,,,,,,,,,,,,,,,,,,,,,,,,,,,,
DepthOfField_38,Assets/MonoBehaviour/DepthOfField_38.asset,c88ab7b37c4f350242674d2efd621c19,c88ab7b37c4f350242674d2efd621c19,-2085558323,,,,1,1,2.75,,,,,1,5,1,1,1,0,,,,,,,,,,,,,,,,,,,,,,,,,,,,,,,,,,,,,,,,,,,,,,,,,,,,,,,,,,,,,,,,,,,,,,,,,,,,,,,,,,,,,,,,,,,,1,33.5,1,1,,,,,,1,74.6,1,1,1,44.12,,,,,,,,,,,,,,,,,,,,,1,0,,,,,,,,,,,,,,,,,,,,,,,,,,,,,,,,,,,,,,,,,,,,,,,,,,,,,,,,,,,,,,,,,,,,,,,,,,,,,,,,,,,,,,,,,,,,,,,,,,,,,{fileID: 0},0,,,,,,,,,,,,,,,,,,,0,,,1,,,,,,,,{fileID: 0},0,,,,,,,,,,,,,,,,,,,,DepthOfField,,0,,,,,{fileID: 0},0,{fileID: 0},0,,,,,,,,,,,,,,,,,,,,,,,,"{fileID: -2085558323, guid: c88ab7b37c4f350242674d2efd621c19, type: 3}",-2085558323,c88ab7b37c4f350242674d2efd621c19,,,,,,,,,,,,,,,,,,,,,,,,,,,,,,,,,,,,,,,,,,,,,,,,,,,,,,,,,,,,,,,,,,,,,,,,,,,,,,,,,,,,,,,,,,,,,,,,,,,,,,,,,,,,,,,,,,1,0,,,,,,,,,,,,,,,,,,,,,,,,,,,,,,,,,,,,,,,,,,,,,,,,,,,,,,,,,,,,,,,,,,,,,,,,,,,,,,,,,,,,,,,,,,,,,,,,,,,,,,,,,,,,,,,,,,,,,,,,,,,,,,,,,,,,,,,,,,,,,,,,,,,,,,,,,,,,,,,,,,,,,,,,,,,,,,,,,,,,,,,,,,,,,,,,,,,,,,,,,,,,,,,,,,,,,,,,,,,,,,,,,,,,,,,,,,,,,,,,,,,,,,,,,,,,,,,,,,
ColorAdjustments_28,Assets/MonoBehaviour/ColorAdjustments_28.asset,c88ab7b37c4f350242674d2efd621c19,c88ab7b37c4f350242674d2efd621c19,-1728269046,,,,1,,,,,,,,,,,,,,,,,,,,,,,,,,,,,,,,,,,,,,,,,,,,,,,,,,,,,,,1,"{r: 1, g: 1, b: 1, a: 1}",,,,,,,,,,,,,,,,1,0,,,,,,,,,,,,,,,,,,,,,,,,,,,,,,,,,,,,,,,,,,,,,,,,,,,,,,,,,,,,,,,,,,,,,,,,,,1,0,,,,,,,,,,,,,,,,,,,,,,,,,,,,,,,,,,,,,,,,,,,,,,,,,,,,,,,,,,,,,,,,,,,,,,,,,,,,,,,,,,,,,,,,,,,,,{fileID: 0},0,,,,,,,,,,,,,,,,,,,0,,,1,,,,,,,,{fileID: 0},0,,,,,,,,,,,,,,,,,,,,ColorAdjustments,,0,,,,,{fileID: 0},0,{fileID: 0},0,,,,,,,,,,,,,,,,,,,,,,,,"{fileID: -1728269046, guid: c88ab7b37c4f350242674d2efd621c19, type: 3}",-1728269046,c88ab7b37c4f350242674d2efd621c19,,,,,,,,,,,,,,,,,,,,,,,,,,,,,,,,,,,,,,,,,,,,,,,,,,,,,,,,,,,,,,,,,,,,,,,,,,,,,,,,,,,,,,,,,,,,,,,,,,,,,,,,,,,,,,,,,,,,,,,,,,,,,,,,1,0,,,,,,,,,,,,,,,,,,,,,,,,,,,,,,,,,,,,,,,,,,,1,-100,,,,,,,,,,,,,,,,,,,,,,,,,,,,,,,,,,,,,,,,,,,,,,,,,,,,,,,,,,,,,,,,,,,,,,,,,,,,,,,,,,,,,,,,,,,,,,,,,,,,,,,,,,,,,,,,,,,,,,,,,,,,,,,,,,,,,,,,,,,,,,,,,,,,,,,,,,,,,,,,,,,,,,,,,,,,,,,,,,,,,,,,,,,,,,,,,,,,,,,,
MotionBlur_0,Assets/MonoBehaviour/MotionBlur_0.asset,c88ab7b37c4f350242674d2efd621c19,c88ab7b37c4f350242674d2efd621c19,224828655,,,,0,,,,,,,,,,,,,,,,,,,,,,,,,,,,,,,,,,,,,,,,,,,,,,,,,,,1,0.05,,,,,,,,,,,,,,,,,,,,,,,,,,,,,,,,,,,,,,,,,,,,,,,,,,,,,,,,,,,,,,,,,,,,,,,,,,,,,,,,,,,,,,,,,,,,,,,,,,,,,,,,,,,,,,,,,,,,,,,,,,,,,,,,,,,,,,,,,,1,1,,,,,,,,,,,,,,,,,,,,,,,,,,,,,,,,,,,,,,,,,,,,,,,,,,{fileID: 0},0,,,,,,,,,,,,,,,,,,,0,,,1,,,,,,,,{fileID: 0},0,,,,,,,,,,,,,,,,,,,,MotionBlur,,0,,,,,{fileID: 0},0,{fileID: 0},0,,,,,,,,,,,,,,,,,,,,,,,,"{fileID: 224828655, guid: c88ab7b37c4f350242674d2efd621c19, type: 3}",224828655,c88ab7b37c4f350242674d2efd621c19,,,,,,,,,,,,,,,,,,,,,,,,,,,,,,,,,,,,,,,,,,,,,,,,,,,,,,,,,,,,,,,,,,,,,,,,,,,,,,,,,,,,,,,,,,,,,,,,,,,,,,,,,,,,,,,,,,1,1,,,,,,,,,,,,,,,,,,,,,1,2,,,,,,,,,,,,,,,,,,,,,,,,,,,,,,,,,,,,,,,,,,,,,,,,,,,,,,,,,,,,,,,,,,,,,,,,,,,,,,,,,,,,,,,,,,,,,,,,,,,,,,,,,,,,,,,,,,,,,,,,,,,,,,,,,,,,,,,,,,,,,,,,,,,,,,,,,,,,,,,,,,,,,,,,,,,,,,,,,,,,,,,,,,,,,,,,,,,,,,,,,,,,,,,,,,,,,,,,,,,,,,,,,,,,,,,,,,,,
SodaLight,Assets/MonoBehaviour/SodaLight.asset,c88ab7b37c4f350242674d2efd621c19,c88ab7b37c4f350242674d2efd621c19,-36843972,,,,,,,,,,,,,,,,,,,,,,,,,,,,,,,,,,,,,,,,,,,,,,,,,,,,,,,,,,,,,,,,,,,,,,,,,,,,,,,,,,,,,,,,,,,,,,,,,,,,,,,,,,,,,,,,,,,,,,,,,,,,,,,,,,,,,,,,,,,,,,,,,,,,,,,,,,,,,,,,,,,,,,,,,,,,,,,,,,,,,,,,,,,,,,,,,,,,,,,,,,,,,,,,,,,,,1,,,,,,,,,,,,,,,,,,,,,,,,,,,,,,,,{fileID: 0},0,,,,,,,,,,,,,,,,,,,0,,,1,,,,,,,,{fileID: 0},0,,,,,,,,,,,,,,,,,,,,SodaLight,,0,,,,,{fileID: 0},0,{fileID: 0},0,,,,,,,,,,,,,,,,,,,,,,,,"{fileID: -36843972, guid: c88ab7b37c4f350242674d2efd621c19, type: 3}",-36843972,c88ab7b37c4f350242674d2efd621c19,,,,,,,,,,,,,,,,,,,,,,,,,,,,,,,,,,,,,,,,,,,,,,,,,,,,,,,,,,,,,,,,,,,,,,,,,,,,,,,,,,,,,,,,,,,,,,,,,,,,,,,,,,,,,,,,,,,,,,,,,,,,,,,,,,,,,,,,,,,,,,,,,,,,,,,,,,,,,,,,,,,,,,,,,,,,,,,,,,230,60,"{x: 0, y: 0, z: 0, w: 0}",0,1,4,1,32768,2,[],1,0,"{fileID: 2100000, guid: 286cc9238b0b7824a9961433a46aeae3, type: 2}",0,2100000,286cc9238b0b7824a9961433a46aeae3,Assets/Material/SodaPointLight.mat,1,{fileID: 0},0,0,,,SodaLight,0,0,0,8,0,0,,,,,,,,,,,,,,,,,,,,,,,,,,,,,,,,,,,,,,,,,,,,,,,,,,,,,,,,,,,,,,,,,,,,,,,,,,,,,,,,,,,,,,,,,,,,,,,,,,,,,,,,,,,,,,,,,,,,,,,,,,,,,,,,,,,,,,,,,,,,,,,,,,,,,,,,,,,,,,,,,,,,,,
ColorAdjustments_11,Assets/MonoBehaviour/ColorAdjustments_11.asset,c88ab7b37c4f350242674d2efd621c19,c88ab7b37c4f350242674d2efd621c19,-1728269046,,,,0,,,,,,,,,,,,,,,,,,,,,,,,,,,,,,,,,,,,,,,,,,,,,,,,,,,,,,,0,"{r: 1, g: 1, b: 1, a: 1}",,,,,,,,,,,,,,,,0,50.7,,,,,,,,,,,,,,,,,,,,,,,,,,,,,,,,,,,,,,,,,,,,,,,,,,,,,,,,,,,,,,,,,,,,,,,,,,0,0,,,,,,,,,,,,,,,,,,,,,,,,,,,,,,,,,,,,,,,,,,,,,,,,,,,,,,,,,,,,,,,,,,,,,,,,,,,,,,,,,,,,,,,,,,,,,{fileID: 0},0,,,,,,,,,,,,,,,,,,,0,,,1,,,,,,,,{fileID: 0},0,,,,,,,,,,,,,,,,,,,,ColorAdjustments,,0,,,,,{fileID: 0},0,{fileID: 0},0,,,,,,,,,,,,,,,,,,,,,,,,"{fileID: -1728269046, guid: c88ab7b37c4f350242674d2efd621c19, type: 3}",-1728269046,c88ab7b37c4f350242674d2efd621c19,,,,,,,,,,,,,,,,,,,,,,,,,,,,,,,,,,,,,,,,,,,,,,,,,,,,,,,,,,,,,,,,,,,,,,,,,,,,,,,,,,,,,,,,,,,,,,,,,,,,,,,,,,,,,,,,,,,,,,,,,,,,,,,,1,0.2,,,,,,,,,,,,,,,,,,,,,,,,,,,,,,,,,,,,,,,,,,,0,0,,,,,,,,,,,,,,,,,,,,,,,,,,,,,,,,,,,,,,,,,,,,,,,,,,,,,,,,,,,,,,,,,,,,,,,,,,,,,,,,,,,,,,,,,,,,,,,,,,,,,,,,,,,,,,,,,,,,,,,,,,,,,,,,,,,,,,,,,,,,,,,,,,,,,,,,,,,,,,,,,,,,,,,,,,,,,,,,,,,,,,,,,,,,,,,,,,,,,,,,
New Umbra Profile,Assets/MonoBehaviour/New Umbra Profile.asset,c88ab7b37c4f350242674d2efd621c19,c88ab7b37c4f350242674d2efd621c19,-2068570431,,,,,,,,,0,,,,,,,,0,,,,,,,,,,,,,,,,,,,50,50,0,5,0,0,1,10,,,0.1,1,0.1,1,0.1,1,1,,,,,,,,,0,0.75,0,0.85,0.3,0.1,16,0,0.01,0.01,0,0.5,0.15,0.111,0.0001,,,,,,,,,,,,,,,,,,,,,,,,,,,1,0,,,1,,,,,,0,,,,,,,,,,,,,,,,,,,,,,,,,,,,,,,,,,,,,,,,,,,,,,,,,,,,,,,,,,,,,,,,,,,,,,,,,,,,,,,,,,,,,,,,6,0,,,,,,,,,,,,,,,,,,,,,,,,,,,,,,,,,,,,,,,,,,,,{fileID: 0},0,,,,,,,,,,,,,,,,,,,0,,,1,,,,,,,,{fileID: 0},0,,,,,,,,,,,,,,,,,,,,New Umbra Profile,,0,,,,,{fileID: 0},0,{fileID: 0},0,,,,,,,,,,,,,,,,,,,,,,,,"{fileID: -2068570431, guid: c88ab7b37c4f350242674d2efd621c19, type: 3}",-2068570431,c88ab7b37c4f350242674d2efd621c19,,,,,,,,,,,,,,,,,,,,,,,,,,,,,,,,,,,,,,,,,,,,,,,,,,,,,,,,,,,,,,,,,,,,,,,,,,,,,,,,,,,,,1,{fileID: 0},0,,,,,,,,,,,,,,,,,,,,,,,,,,,,,,,0,8,8,,,,,,,,,,,,,,1,1,,,,,,,,,,,,,,,,,,,,,,,,,,16,,,,,,,,,,,,,,,,,,,,,,,,,,,,,,,,,,,,,,,,,,,,,,,,,,,,,,,,,,,,,,,,,,,,,,,,,,,,,,,,,,,,,,,,,,,,,,,,,,,,,,,,,,,,,,,,,,,,,,,,,,,,,,,,,,,,,,,,,,,,,,,,,,,,,,,,,,,,,,,,,,,,,,,,,1,,,,,,,0.1,5,,,,,0,,,,,,,,,,,,,,,,,,,,,,,,,,,,,,
New Umbra Profile_18,Assets/MonoBehaviour/New Umbra Profile_18.asset,c88ab7b37c4f350242674d2efd621c19,c88ab7b37c4f350242674d2efd621c19,-2068570431,,,,,,,,,0,,,,,,,,0,,,,,,,,,,,,,,,,,,,50,50,0,5,0,0,1,10,,,0.1,1,0.1,1,0.1,1,1,,,,,,,,,0,0.75,0,0.85,0.3,0.1,16,0,0.01,0.01,0,0.5,0.15,0.96,0.0001,,,,,,,,,,,,,,,,,,,,,,,,,,,1,0,,,1,,,,,,0,,,,,,,,,,,,,,,,,,,,,,,,,,,,,,,,,,,,,,,,,,,,,,,,,,,,,,,,,,,,,,,,,,,,,,,,,,,,,,,,,,,,,,,,6,0,,,,,,,,,,,,,,,,,,,,,,,,,,,,,,,,,,,,,,,,,,,,{fileID: 0},0,,,,,,,,,,,,,,,,,,,0,,,1,,,,,,,,{fileID: 0},0,,,,,,,,,,,,,,,,,,,,New Umbra Profile,,0,,,,,{fileID: 0},0,{fileID: 0},0,,,,,,,,,,,,,,,,,,,,,,,,"{fileID: -2068570431, guid: c88ab7b37c4f350242674d2efd621c19, type: 3}",-2068570431,c88ab7b37c4f350242674d2efd621c19,,,,,,,,,,,,,,,,,,,,,,,,,,,,,,,,,,,,,,,,,,,,,,,,,,,,,,,,,,,,,,,,,,,,,,,,,,,,,,,,,,,,,1,{fileID: 0},0,,,,,,,,,,,,,,,,,,,,,,,,,,,,,,,0,8,8,,,,,,,,,,,,,,1,1,,,,,,,,,,,,,,,,,,,,,,,,,,16,,,,,,,,,,,,,,,,,,,,,,,,,,,,,,,,,,,,,,,,,,,,,,,,,,,,,,,,,,,,,,,,,,,,,,,,,,,,,,,,,,,,,,,,,,,,,,,,,,,,,,,,,,,,,,,,,,,,,,,,,,,,,,,,,,,,,,,,,,,,,,,,,,,,,,,,,,,,,,,,,,,,,,,,,1,,,,,,,0.1,5,,,,,0,,,,,,,,,,,,,,,,,,,,,,,,,,,,,,
Vignette_8,Assets/MonoBehaviour/Vignette_8.asset,c88ab7b37c4f350242674d2efd621c19,c88ab7b37c4f350242674d2efd621c19,565963466,,,,1,,,,,,,,,,,,,,,,,,,,,,,,,,,,,,,,,,,,,,,,,,,,,,,,,0,"{x: 0.5, y: 0.5}",,,0,"{r: 0, g: 0, b: 0, a: 1}",,,,,,,,,,,,,,,,,,,,,,,,,,,,,,,,,,,,,,,,,,,,,,,,,,,,,,,,,,,,,,,,,,,,,,,,,,,,,,,,,,,,,,,,,,,,,,,,,,,,,,,,,,,,,,,,,,,,,,,,,,,,,,,,,,,,,,,,1,0.288,,,,,,,,,,,,,,,,,,,,,,,,,,,,,,,,,,,,,,,,,,,,,,,,,,{fileID: 0},0,,,,,,,,,,,,,,,,,,,0,,,1,,,,,,,,{fileID: 0},0,,,,,,,,,,,,,,,,,,,,Vignette,,0,,,,,{fileID: 0},0,{fileID: 0},0,,,,,,,,,,,,,,,,,,,,,,,,"{fileID: 565963466, guid: c88ab7b37c4f350242674d2efd621c19, type: 3}",565963466,c88ab7b37c4f350242674d2efd621c19,,,,,,,,,,,,,,,,,,,,,,,,,,,,,,,,,,,,,,,,,,,,,,,,,,,,,,,,,,,,,,,,,,,,,,,,,,,,,,,,,,,,,,,,,,,,,,,,,,,,,,,,,,,,,,,,,,,,,,,,,,,,,,,,,,,,,,,,,,,,,,,,,,,,,,,,,,,,,,,0,0,,,,,,,,,,,,,,,,,,,,,,,,,,,,,,,,,,,,,,,,,,,,,,,,,,,,,,,,,,,,,,,,,,,,,,,,,,,,,,,,,,,,,,,,,,,,,,,,,,,,,,,,,,,,,,,,,,,,,,,,,,,,,,,,,,,,,,,,,,,,,,,,,,,,,,,,,,,,,,,,,,,,,,,,,,,,,,,,,,,,,1,0.662,,,,,,,,,,,,,,,,,,,,,,,,,,,,,,,
ColorAdjustments_13,Assets/MonoBehaviour/ColorAdjustments_13.asset,c88ab7b37c4f350242674d2efd621c19,c88ab7b37c4f350242674d2efd621c19,-1728269046,,,,0,,,,,,,,,,,,,,,,,,,,,,,,,,,,,,,,,,,,,,,,,,,,,,,,,,,,,,,0,"{r: 1, g: 1, b: 1, a: 1}",,,,,,,,,,,,,,,,0,50.7,,,,,,,,,,,,,,,,,,,,,,,,,,,,,,,,,,,,,,,,,,,,,,,,,,,,,,,,,,,,,,,,,,,,,,,,,,0,0,,,,,,,,,,,,,,,,,,,,,,,,,,,,,,,,,,,,,,,,,,,,,,,,,,,,,,,,,,,,,,,,,,,,,,,,,,,,,,,,,,,,,,,,,,,,,{fileID: 0},0,,,,,,,,,,,,,,,,,,,0,,,1,,,,,,,,{fileID: 0},0,,,,,,,,,,,,,,,,,,,,ColorAdjustments,,0,,,,,{fileID: 0},0,{fileID: 0},0,,,,,,,,,,,,,,,,,,,,,,,,"{fileID: -1728269046, guid: c88ab7b37c4f350242674d2efd621c19, type: 3}",-1728269046,c88ab7b37c4f350242674d2efd621c19,,,,,,,,,,,,,,,,,,,,,,,,,,,,,,,,,,,,,,,,,,,,,,,,,,,,,,,,,,,,,,,,,,,,,,,,,,,,,,,,,,,,,,,,,,,,,,,,,,,,,,,,,,,,,,,,,,,,,,,,,,,,,,,,1,0.2,,,,,,,,,,,,,,,,,,,,,,,,,,,,,,,,,,,,,,,,,,,0,0,,,,,,,,,,,,,,,,,,,,,,,,,,,,,,,,,,,,,,,,,,,,,,,,,,,,,,,,,,,,,,,,,,,,,,,,,,,,,,,,,,,,,,,,,,,,,,,,,,,,,,,,,,,,,,,,,,,,,,,,,,,,,,,,,,,,,,,,,,,,,,,,,,,,,,,,,,,,,,,,,,,,,,,,,,,,,,,,,,,,,,,,,,,,,,,,,,,,,,,,
ColorAdjustments_22,Assets/MonoBehaviour/ColorAdjustments_22.asset,c88ab7b37c4f350242674d2efd621c19,c88ab7b37c4f350242674d2efd621c19,-1728269046,,,,1,,,,,,,,,,,,,,,,,,,,,,,,,,,,,,,,,,,,,,,,,,,,,,,,,,,,,,,1,"{r: 0, g: 0, b: 0, a: 1}",,,,,,,,,,,,,,,,0,-56.5,,,,,,,,,,,,,,,,,,,,,,,,,,,,,,,,,,,,,,,,,,,,,,,,,,,,,,,,,,,,,,,,,,,,,,,,,,0,0,,,,,,,,,,,,,,,,,,,,,,,,,,,,,,,,,,,,,,,,,,,,,,,,,,,,,,,,,,,,,,,,,,,,,,,,,,,,,,,,,,,,,,,,,,,,,{fileID: 0},0,,,,,,,,,,,,,,,,,,,0,,,1,,,,,,,,{fileID: 0},0,,,,,,,,,,,,,,,,,,,,ColorAdjustments,,0,,,,,{fileID: 0},0,{fileID: 0},0,,,,,,,,,,,,,,,,,,,,,,,,"{fileID: -1728269046, guid: c88ab7b37c4f350242674d2efd621c19, type: 3}",-1728269046,c88ab7b37c4f350242674d2efd621c19,,,,,,,,,,,,,,,,,,,,,,,,,,,,,,,,,,,,,,,,,,,,,,,,,,,,,,,,,,,,,,,,,,,,,,,,,,,,,,,,,,,,,,,,,,,,,,,,,,,,,,,,,,,,,,,,,,,,,,,,,,,,,,,,1,-5,,,,,,,,,,,,,,,,,,,,,,,,,,,,,,,,,,,,,,,,,,,0,0,,,,,,,,,,,,,,,,,,,,,,,,,,,,,,,,,,,,,,,,,,,,,,,,,,,,,,,,,,,,,,,,,,,,,,,,,,,,,,,,,,,,,,,,,,,,,,,,,,,,,,,,,,,,,,,,,,,,,,,,,,,,,,,,,,,,,,,,,,,,,,,,,,,,,,,,,,,,,,,,,,,,,,,,,,,,,,,,,,,,,,,,,,,,,,,,,,,,,,,,
DepthOfField,Assets/MonoBehaviour/DepthOfField.asset,c88ab7b37c4f350242674d2efd621c19,c88ab7b37c4f350242674d2efd621c19,-2085558323,,,,0,1,4.94,,,,,1,5,1,1,1,0,,,,,,,,,,,,,,,,,,,,,,,,,,,,,,,,,,,,,,,,,,,,,,,,,,,,,,,,,,,,,,,,,,,,,,,,,,,,,,,,,,,,,,,,,,,,1,157.3,1,13.78,,,,,,1,30,1,1,1,10,,,,,,,,,,,,,,,,,,,,,1,0,,,,,,,,,,,,,,,,,,,,,,,,,,,,,,,,,,,,,,,,,,,,,,,,,,,,,,,,,,,,,,,,,,,,,,,,,,,,,,,,,,,,,,,,,,,,,,,,,,,,,{fileID: 0},0,,,,,,,,,,,,,,,,,,,0,,,1,,,,,,,,{fileID: 0},0,,,,,,,,,,,,,,,,,,,,DepthOfField,,0,,,,,{fileID: 0},0,{fileID: 0},0,,,,,,,,,,,,,,,,,,,,,,,,"{fileID: -2085558323, guid: c88ab7b37c4f350242674d2efd621c19, type: 3}",-2085558323,c88ab7b37c4f350242674d2efd621c19,,,,,,,,,,,,,,,,,,,,,,,,,,,,,,,,,,,,,,,,,,,,,,,,,,,,,,,,,,,,,,,,,,,,,,,,,,,,,,,,,,,,,,,,,,,,,,,,,,,,,,,,,,,,,,,,,,1,2,,,,,,,,,,,,,,,,,,,,,,,,,,,,,,,,,,,,,,,,,,,,,,,,,,,,,,,,,,,,,,,,,,,,,,,,,,,,,,,,,,,,,,,,,,,,,,,,,,,,,,,,,,,,,,,,,,,,,,,,,,,,,,,,,,,,,,,,,,,,,,,,,,,,,,,,,,,,,,,,,,,,,,,,,,,,,,,,,,,,,,,,,,,,,,,,,,,,,,,,,,,,,,,,,,,,,,,,,,,,,,,,,,,,,,,,,,,,,,,,,,,,,,,,,,,,,,,,,,
UniversalRenderPipelineGlobalSettings,Assets/MonoBehaviour/UniversalRenderPipelineGlobalSettings.asset,c88ab7b37c4f350242674d2efd621c19,c88ab7b37c4f350242674d2efd621c19,474283971,,,,,,,,,,,,,,,,,,,,,,,,,,,,,,,,,,,,,,,,,,,,,,,,,,,,,,,,,,,,,,,,,,,,,,,,,,,,,,,,,,,,,,,,,,,,,,,,,,,,,,,,,,,,,,,,,,,,,,,,,,,,,,,,,,,,,,,,,,,,,,,,,,,,,,,,,,,,,,,,,,,,,,,,,,,,,,,,,,,,,,,,,,,,,,,,,,,,,3,,,,,,,,,,,,,,,,,,,,,,,,,,,,,,,,,,,,,,,,,,,,,,,,{fileID: 0},0,,,,,,,,,,,,,,,,,,,0,,,1,,1,,,,,,{fileID: 0},0,,,,,,,,,,,,,,,,,,,,UniversalRenderPipelineGlobalSettings,,0,,,,,{fileID: 0},0,{fileID: 0},0,,,,,,,,,,,,,,,,,,,,,,,,"{fileID: 474283971, guid: c88ab7b37c4f350242674d2efd621c19, type: 3}",474283971,c88ab7b37c4f350242674d2efd621c19,,,,,,,,,,,,,,,,,,,,,0,,,,,,,,,,,,,,,,,,,,1,1,1,1,1,,,,,,,,,,,,,,,,,,,,,,,,,,,,,,,,1,,,,,,,,,,,,,,,,,,,,,,,,,,,,,,,,,,,,,,,,,,,,,,,,,,,,,,,,,,,,,,,,,,,,,,,,,,,,,,,,,,,,,,,,,,,,,,,,,,,,,,,,,,,,,,,,,,,,,,,,,,,,,,,,,,,,,,,,,,,,,,,,,,,,,,,,,,,,,,,,,,,,,,,,,,,,,,,,,,,,,,,,,,,,,,,,,,,,,,,,,,,,,,,,,,,,,,,,,,,,,,,,,,,,,,,,,,,,,,,,,,,,,,,,,,,,,,,,,,,,,,,,,,,0,,,,,,,,,,,,,,,,,,,,,,,,,,,,,
MotionBlur_8,Assets/MonoBehaviour/MotionBlur_8.asset,c88ab7b37c4f350242674d2efd621c19,c88ab7b37c4f350242674d2efd621c19,224828655,,,,1,,,,,,,,,,,,,,,,,,,,,,,,,,,,,,,,,,,,,,,,,,,,,,,,,,,1,0.05,,,,,,,,,,,,,,,,,,,,,,,,,,,,,,,,,,,,,,,,,,,,,,,,,,,,,,,,,,,,,,,,,,,,,,,,,,,,,,,,,,,,,,,,,,,,,,,,,,,,,,,,,,,,,,,,,,,,,,,,,,,,,,,,,,,,,,,,,,1,1,,,,,,,,,,,,,,,,,,,,,,,,,,,,,,,,,,,,,,,,,,,,,,,,,,{fileID: 0},0,,,,,,,,,,,,,,,,,,,0,,,1,,,,,,,,{fileID: 0},0,,,,,,,,,,,,,,,,,,,,MotionBlur,,0,,,,,{fileID: 0},0,{fileID: 0},0,,,,,,,,,,,,,,,,,,,,,,,,"{fileID: 224828655, guid: c88ab7b37c4f350242674d2efd621c19, type: 3}",224828655,c88ab7b37c4f350242674d2efd621c19,,,,,,,,,,,,,,,,,,,,,,,,,,,,,,,,,,,,,,,,,,,,,,,,,,,,,,,,,,,,,,,,,,,,,,,,,,,,,,,,,,,,,,,,,,,,,,,,,,,,,,,,,,,,,,,,,,1,1,,,,,,,,,,,,,,,,,,,,,1,2,,,,,,,,,,,,,,,,,,,,,,,,,,,,,,,,,,,,,,,,,,,,,,,,,,,,,,,,,,,,,,,,,,,,,,,,,,,,,,,,,,,,,,,,,,,,,,,,,,,,,,,,,,,,,,,,,,,,,,,,,,,,,,,,,,,,,,,,,,,,,,,,,,,,,,,,,,,,,,,,,,,,,,,,,,,,,,,,,,,,,,,,,,,,,,,,,,,,,,,,,,,,,,,,,,,,,,,,,,,,,,,,,,,,,,,,,,,,
MotionBlur_2,Assets/MonoBehaviour/MotionBlur_2.asset,c88ab7b37c4f350242674d2efd621c19,c88ab7b37c4f350242674d2efd621c19,224828655,,,,1,,,,,,,,,,,,,,,,,,,,,,,,,,,,,,,,,,,,,,,,,,,,,,,,,,,1,0.05,,,,,,,,,,,,,,,,,,,,,,,,,,,,,,,,,,,,,,,,,,,,,,,,,,,,,,,,,,,,,,,,,,,,,,,,,,,,,,,,,,,,,,,,,,,,,,,,,,,,,,,,,,,,,,,,,,,,,,,,,,,,,,,,,,,,,,,,,,1,1,,,,,,,,,,,,,,,,,,,,,,,,,,,,,,,,,,,,,,,,,,,,,,,,,,{fileID: 0},0,,,,,,,,,,,,,,,,,,,0,,,1,,,,,,,,{fileID: 0},0,,,,,,,,,,,,,,,,,,,,MotionBlur,,0,,,,,{fileID: 0},0,{fileID: 0},0,,,,,,,,,,,,,,,,,,,,,,,,"{fileID: 224828655, guid: c88ab7b37c4f350242674d2efd621c19, type: 3}",224828655,c88ab7b37c4f350242674d2efd621c19,,,,,,,,,,,,,,,,,,,,,,,,,,,,,,,,,,,,,,,,,,,,,,,,,,,,,,,,,,,,,,,,,,,,,,,,,,,,,,,,,,,,,,,,,,,,,,,,,,,,,,,,,,,,,,,,,,0,0,,,,,,,,,,,,,,,,,,,,,1,2,,,,,,,,,,,,,,,,,,,,,,,,,,,,,,,,,,,,,,,,,,,,,,,,,,,,,,,,,,,,,,,,,,,,,,,,,,,,,,,,,,,,,,,,,,,,,,,,,,,,,,,,,,,,,,,,,,,,,,,,,,,,,,,,,,,,,,,,,,,,,,,,,,,,,,,,,,,,,,,,,,,,,,,,,,,,,,,,,,,,,,,,,,,,,,,,,,,,,,,,,,,,,,,,,,,,,,,,,,,,,,,,,,,,,,,,,,,,
ColorCurves_5,Assets/MonoBehaviour/ColorCurves_5.asset,c88ab7b37c4f350242674d2efd621c19,c88ab7b37c4f350242674d2efd621c19,1948069495,,,,0,,,,,,,,,,,,,,0,2,3,1,0,2,2,4,1,0,2,0,1,1,0,0,1,0,,,,,,,,,,,,,,,,,,,,,,,,,,,,,,,,,,,,,,,,,,,,,,,,,,,,,,,,,,,,,,,,,,,,,,,,,,,,,,,,,,,,,,,,0,2,3,1,0,2,2,4,1,0,2,0,1,1,0,0,1,0,,,,,,,,,,,,,,,0,0,,,,[],2,2,4,,,2,,,,,1,1,0.5,1,4,3,0,0,,2,2,4,0,0,2,0,0.9964497,0.5,0,1,1,0.5,,,,,,,,,,0,0,[],2,2,4,2,0,1,0.5,,,,,,,,,,,,,,,,,,,,,,,,,,,,,,,,,,{fileID: 0},0,,,,,,,,,,,,,,,,,,,0,,,1,,,,,,,,{fileID: 0},0,,,,,,,,,,,,,,,,,,,,ColorCurves,,0,,,,,{fileID: 0},0,{fileID: 0},0,,,,,,,,,,,,,,,,,,,,,,,,"{fileID: 1948069495, guid: c88ab7b37c4f350242674d2efd621c19, type: 3}",1948069495,c88ab7b37c4f350242674d2efd621c19,,,,,,,,,,,,,,,,,,,,,,,,,,,,,,,,,,,,,,,,,,,,,,,,,,,,,,,,,,,,,,,,,,,,,,,,,,,,,,,,,,,,,,,,0,2,3,1,0,2,2,4,1,0,2,0,1,1,0,0,1,0,,,,,,,,,,,,,,,,,,,,,,,,,,,,,,,,,0,2,3,1,0,2,2,4,1,0,2,0,1,1,0,0,1,0,,,,,,,0,0,[],2,2,4,2,0,1,0.5,,,,,,,,,,,,,,,,,,,,,,,,,,,,,,,,,,,,,,,,,,,,,,,,,,,,,,,,,,,,,,,,,,,,,,,,,,,,,,,,,,,,,,,,,,,,,,,,,,,,,,,,,,,,,,,,,,,,,,,,,,,,,,,,,,,,,,,,,,,,,,,,,,,,,,,,,,,,,,,,,,,,,,,,,,,,,,,,,,,,,,,,,,,,,,,,,,,,,,,,,,
FilmGrain_12,Assets/MonoBehaviour/FilmGrain_12.asset,c88ab7b37c4f350242674d2efd621c19,c88ab7b37c4f350242674d2efd621c19,-534242816,,,,1,,,,,,,,,,,,,,,,,,,,,,,,,,,,,,,,,,,,,,,,,,,,,,,,,,,,,,,,,,,,,,,,,,,,,,,,,,,,,,,,,,,,,,,,,,,,,,,,,,,,,,,,,,,,,,,,,,,,,,,,,,,,,,,,,,,,,,,,,,,,,,,,,,,,,,,,,,,,,,,,,,,,,,,,,,,,,,,,,,,,,,,,,,,,,,1,0.707,,,,,,,,,,,,,,,,,,,,,,,,,,,,,,,,,,,,,,,,,,,,,,,,,,{fileID: 0},0,,,,,,,,,,,,,,,,,,,0,,,1,,,,,,,,{fileID: 0},0,,,,,,,,,,,,,,,,,,,,FilmGrain,,0,,,,,{fileID: 0},0,{fileID: 0},0,,,,,,,,,,,,,,,,,,,,,,,,"{fileID: -534242816, guid: c88ab7b37c4f350242674d2efd621c19, type: 3}",-534242816,c88ab7b37c4f350242674d2efd621c19,,,,,,,,,,,,,,,,,,,,,,,,,,,,,,,,,,,,,,,,,,,,,,,,,,,,,,,,,,,,,,,,,,,,,,,,,,,,,,,,,,,,,,,,,,,,,,,,,,,,,,,,,,,,,,,,,,,,,,,,,,,,,,,,,,,,,,,,,,,,,,,,,,,,,,,,,,,,,1,0.709,,,,,,,,,,,,,,,,,,,,,,,,,,,,,,,,,,,,,,,,,,,,,,,,,,,,,,,,,,,,,,,,,,,,,,,,,,,,,,,,,,,,,,,,,,,,,,,,,,,,,,,,,,,,,,,,,,,,,,,,,,,,,,,,,,,,,,,,,,,,,,,,,,,,,,,,,,,,,,,,,,,,,,,,,,,,,,,,,,,,,,,,,,,,1,{fileID: 0},0,,,,,,,,,,,,,,,,1,8,,,,,,,,
New Umbra Profile_4,Assets/MonoBehaviour/New Umbra Profile_4.asset,c88ab7b37c4f350242674d2efd621c19,c88ab7b37c4f350242674d2efd621c19,-2068570431,,,,,,,,,0,,,,,,,,0,,,,,,,,,,,,,,,,,,,50,50,0,5,0,0,1,10,,,0.1,1,0.1,1,0.1,1,1,,,,,,,,,0,0.75,0,0.85,0.3,0.1,16,0,0.01,0.01,0,0.5,0.15,0.111,0.0001,,,,,,,,,,,,,,,,,,,,,,,,,,,1,0,,,1,,,,,,0,,,,,,,,,,,,,,,,,,,,,,,,,,,,,,,,,,,,,,,,,,,,,,,,,,,,,,,,,,,,,,,,,,,,,,,,,,,,,,,,,,,,,,,,6,0,,,,,,,,,,,,,,,,,,,,,,,,,,,,,,,,,,,,,,,,,,,,{fileID: 0},0,,,,,,,,,,,,,,,,,,,0,,,1,,,,,,,,{fileID: 0},0,,,,,,,,,,,,,,,,,,,,New Umbra Profile,,0,,,,,{fileID: 0},0,{fileID: 0},0,,,,,,,,,,,,,,,,,,,,,,,,"{fileID: -2068570431, guid: c88ab7b37c4f350242674d2efd621c19, type: 3}",-2068570431,c88ab7b37c4f350242674d2efd621c19,,,,,,,,,,,,,,,,,,,,,,,,,,,,,,,,,,,,,,,,,,,,,,,,,,,,,,,,,,,,,,,,,,,,,,,,,,,,,,,,,,,,,1,{fileID: 0},0,,,,,,,,,,,,,,,,,,,,,,,,,,,,,,,0,8,8,,,,,,,,,,,,,,1,1,,,,,,,,,,,,,,,,,,,,,,,,,,16,,,,,,,,,,,,,,,,,,,,,,,,,,,,,,,,,,,,,,,,,,,,,,,,,,,,,,,,,,,,,,,,,,,,,,,,,,,,,,,,,,,,,,,,,,,,,,,,,,,,,,,,,,,,,,,,,,,,,,,,,,,,,,,,,,,,,,,,,,,,,,,,,,,,,,,,,,,,,,,,,,,,,,,,,1,,,,,,,0.1,5,,,,,0,,,,,,,,,,,,,,,,,,,,,,,,,,,,,,
0_CharacterModel_Custom_Enemy _Boss_Storm5,Assets/GameObject/0_CharacterModel_Custom_Enemy _Boss_Storm5.prefab,c88ab7b37c4f350242674d2efd621c19,c88ab7b37c4f350242674d2efd621c19,-1431003440,,,,,,,,,,,,,,,,,,,,,,,,,,,,,,,,,,,,,,,,,,,,,,,,,,,,,,,,,,,,,,,,,,,,,,,,,,,,,,,,,,,,,,,,,,,,,,,,,,,,,,,,,,,,,,,,,,,,,,,,,,,,,,,,,,,,,,,,,,,,,,,,,,,,,,,,,,,,,,,,,,,,,,,,,,,,,,,,,,,,,,,,,,,,,,,,,,,,,,,,,,,,,,,,,,,,,,,,,,,0,,,,,,,,,,,,,,,,,,,,,,,,,,{fileID: 0},0,,0,,,,,,,,,,,,,,,,,0,,,1,,,,,,,,{fileID: 1326002971633390},1326002971633390,,,,,"{x: 0, y: 0}","{x: 1, y: 1}",1,,,,,,,,,,,,,,,0,,,,,{fileID: 0},0,{fileID: 0},0,,,,,,,,,,,,,1,,,,,,,,,,,"{fileID: -1431003440, guid: c88ab7b37c4f350242674d2efd621c19, type: 3}",-1431003440,c88ab7b37c4f350242674d2efd621c19,,,,,,,,,,,,,,,,,,,,,,,,,,,,,,1,,1,,,,0,,,,,,,,,,,,,,,,,,,,,,,,,,,,,,,,,,,,,,1,,,,3,,,,,,,,,,,,,,,,,,,,,,,,,,,,,,,,,,,,,,,,,,,,,,,,,,,,,,,,,,,,,,,,,,,,,,,,,,,,,,,,,,,,,,,,,,,,,,,,,,,,,,,,,,,,,,,,,,,,,,,,,,,,,,,,,,,,,,,,,,,,,,,,,,,,,,,,,,,,,,,,,,,,,,,,,,,,,,,,,,,,,,,,,,,,,,,,,,,,,,,,,,,,,,,,,,,,,,,,,,,,,,,,,,,,,,,,,,,,,,,,,,,,,,,,,,,,,,,,,,,,,,,,,,,,,,,,,,,,,,,,,,,,,,,,,,,,,,,
0_CharacterModel_Custom_Enemy _Boss_Storm5,Assets/GameObject/0_CharacterModel_Custom_Enemy _Boss_Storm5.prefab,c88ab7b37c4f350242674d2efd621c19,c88ab7b37c4f350242674d2efd621c19,-1431003440,,,,,,,,,,,,,,,,,,,,,,,,,,,,,,,,,,,,,,,,,,,,,,,,,,,,,,,,,,,,,,,,,,,,,,,,,,,,,,,,,,,,,,,,,,,,,,,,,,,,,,,,,,,,,,,,,,,,,,,,,,,,,,,,,,,,,,,,,,,,,,,,,,,,,,,,,,,,,,,,,,,,,,,,,,,,,,,,,,,,,,,,,,,,,,,,,,,,,,,,,,,,,,,,,,,,,,,,,,,2,,,,,,,,,,,,,,,,,,,,,,,,,,{fileID: 0},0,,0,,,,,,,,,,,,,,,,,0,,,1,,,,,,,,{fileID: 1660973152543025},1660973152543025,,,,,"{x: 0, y: 0}","{x: 1, y: 1}",1,,,,,,,,,,,,,,,0,,,,,{fileID: 0},0,{fileID: 0},0,,,,,,,,,,,,,1,,,,,,,,,,,"{fileID: -1431003440, guid: c88ab7b37c4f350242674d2efd621c19, type: 3}",-1431003440,c88ab7b37c4f350242674d2efd621c19,,,,,,,,,,,,,,,,,,,,,,,,,,,,,,1,,1,,,,0,,,,,,,,,,,,,,,,,,,,,,,,,,,,,,,,,,,,,,1,,,,3,,,,,,,,,,,,,,,,,,,,,,,,,,,,,,,,,,,,,,,,,,,,,,,,,,,,,,,,,,,,,,,,,,,,,,,,,,,,,,,,,,,,,,,,,,,,,,,,,,,,,,,,,,,,,,,,,,,,,,,,,,,,,,,,,,,,,,,,,,,,,,,,,,,,,,,,,,,,,,,,,,,,,,,,,,,,,,,,,,,,,,,,,,,,,,,,,,,,,,,,,,,,,,,,,,,,,,,,,,,,,,,,,,,,,,,,,,,,,,,,,,,,,,,,,,,,,,,,,,,,,,,,,,,,,,,,,,,,,,,,,,,,,,,,,,,,,,,
Building_Kitchen,Assets/GameObject/Building_Kitchen.prefab,c88ab7b37c4f350242674d2efd621c19,c88ab7b37c4f350242674d2efd621c19,-1431003440,,,,,,,,,,,,,,,,,,,,,,,,,,,,,,,,,,,,,,,,,,,,,,,,,,,,,,,,,,,,,,,,,,,,,,,,,,,,,,,,,,,,,,,,,,,,,,,,,,,,,,,,,,,,,,,,,,,,,,,,,,,,,,,,,,,,,,,,,,,,,,,,,,,,,,,,,,,,,,,,,,,,,,,,,,,,,,,,,,,,,,,,,,,,,,,,,,,,,,,,,,,,,,,,,,,,,,,,,,,2,,,,,,,,,,,,,,,,,,,,,,,,,,{fileID: 0},0,,0,,,,,,,,,,,,,,,,,0,,,1,,,,,,,,{fileID: 1774299803526966},1774299803526966,,,,,"{x: 0, y: 0}","{x: 1, y: 1}",1,,,,,,,,,,,,,,,0,,,,,{fileID: 0},0,{fileID: 0},0,,,,,,,,,,,,,1,,,,,,,,,,,"{fileID: -1431003440, guid: c88ab7b37c4f350242674d2efd621c19, type: 3}",-1431003440,c88ab7b37c4f350242674d2efd621c19,,,,,,,,,,,,,,,,,,,,,,,,,,,,,,1,,1,,,,0,,,,,,,,,,,,,,,,,,,,,,,,,,,,,,,,,,,,,,1,,,,3,,,,,,,,,,,,,,,,,,,,,,,,,,,,,,,,,,,,,,,,,,,,,,,,,,,,,,,,,,,,,,,,,,,,,,,,,,,,,,,,,,,,,,,,,,,,,,,,,,,,,,,,,,,,,,,,,,,,,,,,,,,,,,,,,,,,,,,,,,,,,,,,,,,,,,,,,,,,,,,,,,,,,,,,,,,,,,,,,,,,,,,,,,,,,,,,,,,,,,,,,,,,,,,,,,,,,,,,,,,,,,,,,,,,,,,,,,,,,,,,,,,,,,,,,,,,,,,,,,,,,,,,,,,,,,,,,,,,,,,,,,,,,,,,,,,,,,,
ExplosionFx_Elec,Assets/GameObject/ExplosionFx_Elec.prefab,c88ab7b37c4f350242674d2efd621c19,c88ab7b37c4f350242674d2efd621c19,-1431003440,,,,,,,,,,,,,,,,,,,,,,,,,,,,,,,,,,,,,,,,,,,,,,,,,,,,,,,,,,,,,,,,,,,,,,,,,,,,,,,,,,,,,,,,,,,,,,,,,,,,,,,,,,,,,,,,,,,,,,,,,,,,,,,,,,,,,,,,,,,,,,,,,,,,,,,,,,,,,,,,,,,,,,,,,,,,,,,,,,,,,,,,,,,,,,,,,,,,,,,,,,,,,,,,,,,,,,,,,,,2,,,,,,,,,,,,,,,,,,,,,,,,,,{fileID: 0},0,,0,,,,,,,,,,,,,,,,,0,,,1,,,,,,,,{fileID: 1635465029009851},1635465029009851,,,,,"{x: 0, y: 0}","{x: 1, y: 1}",1,,,,,,,,,,,,,,,0,,,,,{fileID: 0},0,{fileID: 0},0,,,,,,,,,,,,,1,,,,,,,,,,,"{fileID: -1431003440, guid: c88ab7b37c4f350242674d2efd621c19, type: 3}",-1431003440,c88ab7b37c4f350242674d2efd621c19,,,,,,,,,,,,,,,,,,,,,,,,,,,,,,1,,1,,,,0,,,,,,,,,,,,,,,,,,,,,,,,,,,,,,,,,,,,,,1,,,,3,,,,,,,,,,,,,,,,,,,,,,,,,,,,,,,,,,,,,,,,,,,,,,,,,,,,,,,,,,,,,,,,,,,,,,,,,,,,,,,,,,,,,,,,,,,,,,,,,,,,,,,,,,,,,,,,,,,,,,,,,,,,,,,,,,,,,,,,,,,,,,,,,,,,,,,,,,,,,,,,,,,,,,,,,,,,,,,,,,,,,,,,,,,,,,,,,,,,,,,,,,,,,,,,,,,,,,,,,,,,,,,,,,,,,,,,,,,,,,,,,,,,,,,,,,,,,,,,,,,,,,,,,,,,,,,,,,,,,,,,,,,,,,,,,,,,,,,
Building_Merchant_Equipment,Assets/GameObject/Building_Merchant_Equipment.prefab,c88ab7b37c4f350242674d2efd621c19,c88ab7b37c4f350242674d2efd621c19,-1431003440,,,,,,,,,,,,,,,,,,,,,,,,,,,,,,,,,,,,,,,,,,,,,,,,,,,,,,,,,,,,,,,,,,,,,,,,,,,,,,,,,,,,,,,,,,,,,,,,,,,,,,,,,,,,,,,,,,,,,,,,,,,,,,,,,,,,,,,,,,,,,,,,,,,,,,,,,,,,,,,,,,,,,,,,,,,,,,,,,,,,,,,,,,,,,,,,,,,,,,,,,,,,,,,,,,,,,,,,,,,1,,,,,,,,,,,,,,,,,,,,,,,,,,{fileID: 0},0,,0,,,,,,,,,,,,,,,,,0,,,1,,,,,,,,{fileID: 1450238847648247},1450238847648247,,,,,"{x: 0, y: 0}","{x: 1, y: 1}",1,,,,,,,,,,,,,,,0,,,,,{fileID: 0},0,{fileID: 0},0,,,,,,,,,,,,,1,,,,,,,,,,,"{fileID: -1431003440, guid: c88ab7b37c4f350242674d2efd621c19, type: 3}",-1431003440,c88ab7b37c4f350242674d2efd621c19,,,,,,,,,,,,,,,,,,,,,,,,,,,,,,1,,1,,,,0,,,,,,,,,,,,,,,,,,,,,,,,,,,,,,,,,,,,,,1,,,,3,,,,,,,,,,,,,,,,,,,,,,,,,,,,,,,,,,,,,,,,,,,,,,,,,,,,,,,,,,,,,,,,,,,,,,,,,,,,,,,,,,,,,,,,,,,,,,,,,,,,,,,,,,,,,,,,,,,,,,,,,,,,,,,,,,,,,,,,,,,,,,,,,,,,,,,,,,,,,,,,,,,,,,,,,,,,,,,,,,,,,,,,,,,,,,,,,,,,,,,,,,,,,,,,,,,,,,,,,,,,,,,,,,,,,,,,,,,,,,,,,,,,,,,,,,,,,,,,,,,,,,,,,,,,,,,,,,,,,,,,,,,,,,,,,,,,,,,
LootBox_Tomb,Assets/GameObject/LootBox_Tomb.prefab,c88ab7b37c4f350242674d2efd621c19,c88ab7b37c4f350242674d2efd621c19,1667301410,,,,,,,,,,,,,,,,,,,,,,,,,,,,,,,,,,,,,,,,,,,,,,,,,,,,,,,,,,,,,,,,,,,,,,,,,,,,,,,,,,,,,,,,,,,,,,,,,,,,,,,,,,,,,,,,,,,,,,,,,,,,,,,,,,,,,,,,,,,,,,,,,,,,,,,,,,,,,,,,,,,,,,,,,,,,,,,,,,,,,,,,,,,,,,,,,,,,,,,,,,,,,,,,,,,,,,,,,,,,,,,,,,,,,,,,,,,,,,,,,,,,,{fileID: 0},0,,,,,,,,1,,,,,,,,,,1000,0,,,1,180,,1,0.9,,,,{fileID: 1280488172191713},1280488172191713,,,,,,,,,,,,,,"{fileID: 2100000, guid: 5d6cd29f5f8fbeb41ac67ffefbdc3fee, type: 2}",2100000,5d6cd29f5f8fbeb41ac67ffefbdc3fee,Assets/Material/MAT_Decal_TOTEM.mat,,,,,0,"{x: 0, y: 0, z: 0.5}",,,,{fileID: 0},0,{fileID: 0},0,,,,,,,,,,,,,,,,,,,,,1,,,"{fileID: 1667301410, guid: c88ab7b37c4f350242674d2efd621c19, type: 3}",1667301410,c88ab7b37c4f350242674d2efd621c19,,,,,,,,,,,,,,,,,,,,,,,,,,,,,,,,,,,"{x: 1, y: 1, z: 1}",,,180,,,,,,,,,,,,,,,,,,,,,,,,,,,,,,"{x: 0, y: 0}","{x: 1, y: 1}",,,,,,,,,,,,,,,,,,,,,,,,,,,,,,,,,,,,,,,,,,,,,,,,,,,,,,,,,,,,,,,,,,,,,,,,,,,,,,,,,,,,,,,,,,,,,,,,,,,,,,,,,,,,,,,,,,,,,,,,,,,,,,,,,,,,,,,,,,,,,,,,,,,,,,,,,,,,,,,,,,,,,,,,,,,,,,,,,,,,,,,,,,,,,,,,,,,,,,,,,,,,,,,,,,,,,,,,,,,,,,,,,,,,,,,,,,,,,,,,,,,,,,,,,,,,,,,,,,,,,,,,,,,,,,,,,,,,,,,,,,,,,,,,,,,,,,,,,,,,,,,,
Building_Workbench,Assets/GameObject/Building_Workbench.prefab,c88ab7b37c4f350242674d2efd621c19,c88ab7b37c4f350242674d2efd621c19,-1431003440,,,,,,,,,,,,,,,,,,,,,,,,,,,,,,,,,,,,,,,,,,,,,,,,,,,,,,,,,,,,,,,,,,,,,,,,,,,,,,,,,,,,,,,,,,,,,,,,,,,,,,,,,,,,,,,,,,,,,,,,,,,,,,,,,,,,,,,,,,,,,,,,,,,,,,,,,,,,,,,,,,,,,,,,,,,,,,,,,,,,,,,,,,,,,,,,,,,,,,,,,,,,,,,,,,,,,,,,,,,0,,,,,,,,,,,,,,,,,,,,,,,,,,{fileID: 0},0,,0,,,,,,,,,,,,,,,,,0,,,1,,,,,,,,{fileID: 1952340759735348},1952340759735348,,,,,"{x: 0, y: 0}","{x: 1, y: 1}",1,,,,,,,,,,,,,,,0,,,,,{fileID: 0},0,{fileID: 0},0,,,,,,,,,,,,,1,,,,,,,,,,,"{fileID: -1431003440, guid: c88ab7b37c4f350242674d2efd621c19, type: 3}",-1431003440,c88ab7b37c4f350242674d2efd621c19,,,,,,,,,,,,,,,,,,,,,,,,,,,,,,1,,1,,,,0,,,,,,,,,,,,,,,,,,,,,,,,,,,,,,,,,,,,,,1,,,,3,,,,,,,,,,,,,,,,,,,,,,,,,,,,,,,,,,,,,,,,,,,,,,,,,,,,,,,,,,,,,,,,,,,,,,,,,,,,,,,,,,,,,,,,,,,,,,,,,,,,,,,,,,,,,,,,,,,,,,,,,,,,,,,,,,,,,,,,,,,,,,,,,,,,,,,,,,,,,,,,,,,,,,,,,,,,,,,,,,,,,,,,,,,,,,,,,,,,,,,,,,,,,,,,,,,,,,,,,,,,,,,,,,,,,,,,,,,,,,,,,,,,,,,,,,,,,,,,,,,,,,,,,,,,,,,,,,,,,,,,,,,,,,,,,,,,,,,
Building_MasterKey,Assets/GameObject/Building_MasterKey.prefab,c88ab7b37c4f350242674d2efd621c19,c88ab7b37c4f350242674d2efd621c19,-1431003440,,,,,,,,,,,,,,,,,,,,,,,,,,,,,,,,,,,,,,,,,,,,,,,,,,,,,,,,,,,,,,,,,,,,,,,,,,,,,,,,,,,,,,,,,,,,,,,,,,,,,,,,,,,,,,,,,,,,,,,,,,,,,,,,,,,,,,,,,,,,,,,,,,,,,,,,,,,,,,,,,,,,,,,,,,,,,,,,,,,,,,,,,,,,,,,,,,,,,,,,,,,,,,,,,,,,,,,,,,,0,,,,,,,,,,,,,,,,,,,,,,,,,,{fileID: 0},0,,0,,,,,,,,,,,,,,,,,0,,,1,,,,,,,,{fileID: 1185849893036757},1185849893036757,,,,,"{x: 0, y: 0}","{x: 1, y: 1}",1,,,,,,,,,,,,,,,0,,,,,{fileID: 0},0,{fileID: 0},0,,,,,,,,,,,,,1,,,,,,,,,,,"{fileID: -1431003440, guid: c88ab7b37c4f350242674d2efd621c19, type: 3}",-1431003440,c88ab7b37c4f350242674d2efd621c19,,,,,,,,,,,,,,,,,,,,,,,,,,,,,,1,,1,,,,0,,,,,,,,,,,,,,,,,,,,,,,,,,,,,,,,,,,,,,1,,,,3,,,,,,,,,,,,,,,,,,,,,,,,,,,,,,,,,,,,,,,,,,,,,,,,,,,,,,,,,,,,,,,,,,,,,,,,,,,,,,,,,,,,,,,,,,,,,,,,,,,,,,,,,,,,,,,,,,,,,,,,,,,,,,,,,,,,,,,,,,,,,,,,,,,,,,,,,,,,,,,,,,,,,,,,,,,,,,,,,,,,,,,,,,,,,,,,,,,,,,,,,,,,,,,,,,,,,,,,,,,,,,,,,,,,,,,,,,,,,,,,,,,,,,,,,,,,,,,,,,,,,,,,,,,,,,,,,,,,,,,,,,,,,,,,,,,,,,,
FactoryPanicShock,Assets/GameObject/FactoryPanicShock.prefab,c88ab7b37c4f350242674d2efd621c19,c88ab7b37c4f350242674d2efd621c19,938447500,,,,,,,,,,,,,,,,,,,,,,,,,,,,,,,,,,,,,,,,,,,,,,,,,,,,,,,,,,,,,,,,,,,,,,,,,,,,,,,,,,,,,,,,,,,,,,,,,,,,,,,,,,,,,,,,,,,,,,,,,,,,,,,,,,,,,,,,,,,,,,,,,,,,,,,,,,,,,,,,,,,,,,,,,,,,,,,,,,,,,,,,,,,,,,,,,,,,,,,,,,,,,,,,,,,,,,,,,,,,,,,,1,1,0,2,,,0,[],,,,,1,,,,,,,,,{fileID: 0},0,,,,,,,,,,,,,,,,,0,,0,,,1,,,,,,,,{fileID: 1839774129306572},1839774129306572,,,,,,,,,,,,,,,,,,,,,,0,,,,,{fileID: 0},0,{fileID: 0},0,,,,,0,,1,,,,4,,,,,,0,0,2,2,,"{x: 0, y: 0, z: 0, w: 0}","{x: 0, y: 0, z: 0, w: 0}","{fileID: 938447500, guid: c88ab7b37c4f350242674d2efd621c19, type: 3}",938447500,c88ab7b37c4f350242674d2efd621c19,,,,,,,,,,,,,,,,,,,,,,,,,,,,,,,,,,,,,,,0,,,,,,,,,,,,,0,0.1,1,0,3,0.9,,,,,,,,,,,,,,,,,,,0,,2,,2,1,2,{fileID: 0},0,,,,,,,,,,,,,,,,,,,,,,,,,,,,,,,,,,,,,,,,,,,,,,,,,,,,,,,,,,,,,,,,,,,,,,,,,,,,,,,,,,,,,,,,,,,,,,,,,,,,,,,,,,,,,,,,,,,,,,,,,,,,,,,,,,,,,,,,,,,,,,,,,,,,,,,,,,,,,,,,,,,,,,,,,,,,,,,,,,,,,,,,,,,,,,,,,,,,,,,,,,,,,,,,,,,,,,,,,,,,,,,,,,,,,,,,,,,,,,,,,,,,,,,,,,,,,,,,,,,,,,,,,,,,,,,,,,,,,,,,,,,,,,,,,
FactoryPanicShock,Assets/GameObject/FactoryPanicShock.prefab,c88ab7b37c4f350242674d2efd621c19,c88ab7b37c4f350242674d2efd621c19,938447500,,,,,,,,,,,,,,,,,,,,,,,,,,,,,,,,,,,,,,,,,,,,,,,,,,,,,,,,,,,,,,,,,,,,,,,,,,,,,,,,,,,,,,,,,,,,,,,,,,,,,,,,,,,,,,,,,,,,,,,,,,,,,,,,,,,,,,,,,,,,,,,,,,,,,,,,,,,,,,,,,,,,,,,,,,,,,,,,,,,,,,,,,,,,,,,,,,,,,,,,,,,,,,,,,,,,,,,,,,,,,,,,1,1,0,2,,,0,[],,,,,1,,,,,,,,,{fileID: 0},0,,,,,,,,,,,,,,,,,0,,0,,,1,,,,,,,,{fileID: 1041482726334467},1041482726334467,,,,,,,,,,,,,,,,,,,,,,0,,,,,{fileID: 0},0,{fileID: 0},0,,,,,1,,1,,,,4,,,,,,0,0,2,2,,"{x: 0, y: 0, z: 0, w: 0}","{x: 0, y: 0, z: 0, w: 0}","{fileID: 938447500, guid: c88ab7b37c4f350242674d2efd621c19, type: 3}",938447500,c88ab7b37c4f350242674d2efd621c19,,,,,,,,,,,,,,,,,,,,,,,,,,,,,,,,,,,,,,,0,,,,,,,,,,,,,0,0.1,1,0,3,0.9,,,,,,,,,,,,,,,,,,,0,,2,,2,1073741824,2,{fileID: 0},0,,,,,,,,,,,,,,,,,,,,,,,,,,,,,,,,,,,,,,,,,,,,,,,,,,,,,,,,,,,,,,,,,,,,,,,,,,,,,,,,,,,,,,,,,,,,,,,,,,,,,,,,,,,,,,,,,,,,,,,,,,,,,,,,,,,,,,,,,,,,,,,,,,,,,,,,,,,,,,,,,,,,,,,,,,,,,,,,,,,,,,,,,,,,,,,,,,,,,,,,,,,,,,,,,,,,,,,,,,,,,,,,,,,,,,,,,,,,,,,,,,,,,,,,,,,,,,,,,,,,,,,,,,,,,,,,,,,,,,,,,,,,,,,,,
FactoryPanicShock,Assets/GameObject/FactoryPanicShock.prefab,c88ab7b37c4f350242674d2efd621c19,c88ab7b37c4f350242674d2efd621c19,-1431003440,,,,,,,,,,,,,,,,,,,,,,,,,,,,,,,,,,,,,,,,,,,,,,,,,,,,,,,,,,,,,,,,,,,,,,,,,,,,,,,,,,,,,,,,,,,,,,,,,,,,,,,,,,,,,,,,,,,,,,,,,,,,,,,,,,,,,,,,,,,,,,,,,,,,,,,,,,,,,,,,,,,,,,,,,,,,,,,,,,,,,,,,,,,,,,,,,,,,,,,,,,,,,,,,,,,,,,,,,,,2,,,,,,,,,,,,,,,,,,,,,,,,,,{fileID: 0},0,,0,,,,,,,,,,,,,,,,,0,,,1,,,,,,,,{fileID: 1524031897428442},1524031897428442,,,,,"{x: 0, y: 0}","{x: 1, y: 1}",1,,,,,,,,,,,,,,,0,,,,,{fileID: 0},0,{fileID: 0},0,,,,,,,,,,,,,1,,,,,,,,,,,"{fileID: -1431003440, guid: c88ab7b37c4f350242674d2efd621c19, type: 3}",-1431003440,c88ab7b37c4f350242674d2efd621c19,,,,,,,,,,,,,,,,,,,,,,,,,,,,,,1,,1,,,,0,,,,,,,,,,,,,,,,,,,,,,,,,,,,,,,,,,,,,,1,,,,3,,,,,,,,,,,,,,,,,,,,,,,,,,,,,,,,,,,,,,,,,,,,,,,,,,,,,,,,,,,,,,,,,,,,,,,,,,,,,,,,,,,,,,,,,,,,,,,,,,,,,,,,,,,,,,,,,,,,,,,,,,,,,,,,,,,,,,,,,,,,,,,,,,,,,,,,,,,,,,,,,,,,,,,,,,,,,,,,,,,,,,,,,,,,,,,,,,,,,,,,,,,,,,,,,,,,,,,,,,,,,,,,,,,,,,,,,,,,,,,,,,,,,,,,,,,,,,,,,,,,,,,,,,,,,,,,,,,,,,,,,,,,,,,,,,,,,,,
FactoryPanicShock,Assets/GameObject/FactoryPanicShock.prefab,c88ab7b37c4f350242674d2efd621c19,c88ab7b37c4f350242674d2efd621c19,-1431003440,,,,,,,,,,,,,,,,,,,,,,,,,,,,,,,,,,,,,,,,,,,,,,,,,,,,,,,,,,,,,,,,,,,,,,,,,,,,,,,,,,,,,,,,,,,,,,,,,,,,,,,,,,,,,,,,,,,,,,,,,,,,,,,,,,,,,,,,,,,,,,,,,,,,,,,,,,,,,,,,,,,,,,,,,,,,,,,,,,,,,,,,,,,,,,,,,,,,,,,,,,,,,,,,,,,,,,,,,,,2,,,,,,,,,,,,,,,,,,,,,,,,,,{fileID: 0},0,,0,,,,,,,,,,,,,,,,,0,,,1,,,,,,,,{fileID: 1310847167372671},1310847167372671,,,,,"{x: 0, y: 0}","{x: 1, y: 1}",1,,,,,,,,,,,,,,,0,,,,,{fileID: 0},0,{fileID: 0},0,,,,,,,,,,,,,1,,,,,,,,,,,"{fileID: -1431003440, guid: c88ab7b37c4f350242674d2efd621c19, type: 3}",-1431003440,c88ab7b37c4f350242674d2efd621c19,,,,,,,,,,,,,,,,,,,,,,,,,,,,,,1,,1,,,,0,,,,,,,,,,,,,,,,,,,,,,,,,,,,,,,,,,,,,,1,,,,3,,,,,,,,,,,,,,,,,,,,,,,,,,,,,,,,,,,,,,,,,,,,,,,,,,,,,,,,,,,,,,,,,,,,,,,,,,,,,,,,,,,,,,,,,,,,,,,,,,,,,,,,,,,,,,,,,,,,,,,,,,,,,,,,,,,,,,,,,,,,,,,,,,,,,,,,,,,,,,,,,,,,,,,,,,,,,,,,,,,,,,,,,,,,,,,,,,,,,,,,,,,,,,,,,,,,,,,,,,,,,,,,,,,,,,,,,,,,,,,,,,,,,,,,,,,,,,,,,,,,,,,,,,,,,,,,,,,,,,,,,,,,,,,,,,,,,,,
FactoryPanicShock,Assets/GameObject/FactoryPanicShock.prefab,c88ab7b37c4f350242674d2efd621c19,c88ab7b37c4f350242674d2efd621c19,-1431003440,,,,,,,,,,,,,,,,,,,,,,,,,,,,,,,,,,,,,,,,,,,,,,,,,,,,,,,,,,,,,,,,,,,,,,,,,,,,,,,,,,,,,,,,,,,,,,,,,,,,,,,,,,,,,,,,,,,,,,,,,,,,,,,,,,,,,,,,,,,,,,,,,,,,,,,,,,,,,,,,,,,,,,,,,,,,,,,,,,,,,,,,,,,,,,,,,,,,,,,,,,,,,,,,,,,,,,,,,,,2,,,,,,,,,,,,,,,,,,,,,,,,,,{fileID: 0},0,,0,,,,,,,,,,,,,,,,,0,,,1,,,,,,,,{fileID: 1924954120124471},1924954120124471,,,,,"{x: 0, y: 0}","{x: 1, y: 1}",1,,,,,,,,,,,,,,,0,,,,,{fileID: 0},0,{fileID: 0},0,,,,,,,,,,,,,1,,,,,,,,,,,"{fileID: -1431003440, guid: c88ab7b37c4f350242674d2efd621c19, type: 3}",-1431003440,c88ab7b37c4f350242674d2efd621c19,,,,,,,,,,,,,,,,,,,,,,,,,,,,,,1,,1,,,,0,,,,,,,,,,,,,,,,,,,,,,,,,,,,,,,,,,,,,,1,,,,3,,,,,,,,,,,,,,,,,,,,,,,,,,,,,,,,,,,,,,,,,,,,,,,,,,,,,,,,,,,,,,,,,,,,,,,,,,,,,,,,,,,,,,,,,,,,,,,,,,,,,,,,,,,,,,,,,,,,,,,,,,,,,,,,,,,,,,,,,,,,,,,,,,,,,,,,,,,,,,,,,,,,,,,,,,,,,,,,,,,,,,,,,,,,,,,,,,,,,,,,,,,,,,,,,,,,,,,,,,,,,,,,,,,,,,,,,,,,,,,,,,,,,,,,,,,,,,,,,,,,,,,,,,,,,,,,,,,,,,,,,,,,,,,,,,,,,,,
FactoryPanicShock,Assets/GameObject/FactoryPanicShock.prefab,c88ab7b37c4f350242674d2efd621c19,c88ab7b37c4f350242674d2efd621c19,-1431003440,,,,,,,,,,,,,,,,,,,,,,,,,,,,,,,,,,,,,,,,,,,,,,,,,,,,,,,,,,,,,,,,,,,,,,,,,,,,,,,,,,,,,,,,,,,,,,,,,,,,,,,,,,,,,,,,,,,,,,,,,,,,,,,,,,,,,,,,,,,,,,,,,,,,,,,,,,,,,,,,,,,,,,,,,,,,,,,,,,,,,,,,,,,,,,,,,,,,,,,,,,,,,,,,,,,,,,,,,,,2,,,,,,,,,,,,,,,,,,,,,,,,,,{fileID: 0},0,,0,,,,,,,,,,,,,,,,,0,,,1,,,,,,,,{fileID: 1367907223769629},1367907223769629,,,,,"{x: 0, y: 0}","{x: 1, y: 1}",1,,,,,,,,,,,,,,,0,,,,,{fileID: 0},0,{fileID: 0},0,,,,,,,,,,,,,1,,,,,,,,,,,"{fileID: -1431003440, guid: c88ab7b37c4f350242674d2efd621c19, type: 3}",-1431003440,c88ab7b37c4f350242674d2efd621c19,,,,,,,,,,,,,,,,,,,,,,,,,,,,,,1,,1,,,,0,,,,,,,,,,,,,,,,,,,,,,,,,,,,,,,,,,,,,,1,,,,3,,,,,,,,,,,,,,,,,,,,,,,,,,,,,,,,,,,,,,,,,,,,,,,,,,,,,,,,,,,,,,,,,,,,,,,,,,,,,,,,,,,,,,,,,,,,,,,,,,,,,,,,,,,,,,,,,,,,,,,,,,,,,,,,,,,,,,,,,,,,,,,,,,,,,,,,,,,,,,,,,,,,,,,,,,,,,,,,,,,,,,,,,,,,,,,,,,,,,,,,,,,,,,,,,,,,,,,,,,,,,,,,,,,,,,,,,,,,,,,,,,,,,,,,,,,,,,,,,,,,,,,,,,,,,,,,,,,,,,,,,,,,,,,,,,,,,,,
Building_Merchant_Weapon,Assets/GameObject/Building_Merchant_Weapon.prefab,c88ab7b37c4f350242674d2efd621c19,c88ab7b37c4f350242674d2efd621c19,-1431003440,,,,,,,,,,,,,,,,,,,,,,,,,,,,,,,,,,,,,,,,,,,,,,,,,,,,,,,,,,,,,,,,,,,,,,,,,,,,,,,,,,,,,,,,,,,,,,,,,,,,,,,,,,,,,,,,,,,,,,,,,,,,,,,,,,,,,,,,,,,,,,,,,,,,,,,,,,,,,,,,,,,,,,,,,,,,,,,,,,,,,,,,,,,,,,,,,,,,,,,,,,,,,,,,,,,,,,,,,,,1,,,,,,,,,,,,,,,,,,,,,,,,,,{fileID: 0},0,,0,,,,,,,,,,,,,,,,,0,,,1,,,,,,,,{fileID: 1911910445289688},1911910445289688,,,,,"{x: 0, y: 0}","{x: 1, y: 1}",1,,,,,,,,,,,,,,,0,,,,,{fileID: 0},0,{fileID: 0},0,,,,,,,,,,,,,1,,,,,,,,,,,"{fileID: -1431003440, guid: c88ab7b37c4f350242674d2efd621c19, type: 3}",-1431003440,c88ab7b37c4f350242674d2efd621c19,,,,,,,,,,,,,,,,,,,,,,,,,,,,,,1,,1,,,,0,,,,,,,,,,,,,,,,,,,,,,,,,,,,,,,,,,,,,,1,,,,3,,,,,,,,,,,,,,,,,,,,,,,,,,,,,,,,,,,,,,,,,,,,,,,,,,,,,,,,,,,,,,,,,,,,,,,,,,,,,,,,,,,,,,,,,,,,,,,,,,,,,,,,,,,,,,,,,,,,,,,,,,,,,,,,,,,,,,,,,,,,,,,,,,,,,,,,,,,,,,,,,,,,,,,,,,,,,,,,,,,,,,,,,,,,,,,,,,,,,,,,,,,,,,,,,,,,,,,,,,,,,,,,,,,,,,,,,,,,,,,,,,,,,,,,,,,,,,,,,,,,,,,,,,,,,,,,,,,,,,,,,,,,,,,,,,,,,,,
Building_Merchant_Weapon,Assets/GameObject/Building_Merchant_Weapon.prefab,c88ab7b37c4f350242674d2efd621c19,c88ab7b37c4f350242674d2efd621c19,-1431003440,,,,,,,,,,,,,,,,,,,,,,,,,,,,,,,,,,,,,,,,,,,,,,,,,,,,,,,,,,,,,,,,,,,,,,,,,,,,,,,,,,,,,,,,,,,,,,,,,,,,,,,,,,,,,,,,,,,,,,,,,,,,,,,,,,,,,,,,,,,,,,,,,,,,,,,,,,,,,,,,,,,,,,,,,,,,,,,,,,,,,,,,,,,,,,,,,,,,,,,,,,,,,,,,,,,,,,,,,,,1,,,,,,,,,,,,,,,,,,,,,,,,,,{fileID: 0},0,,0,,,,,,,,,,,,,,,,,0,,,1,,,,,,,,{fileID: 1993866419380053},1993866419380053,,,,,"{x: 0, y: 0}","{x: 1, y: 1}",1,,,,,,,,,,,,,,,0,,,,,{fileID: 0},0,{fileID: 0},0,,,,,,,,,,,,,1,,,,,,,,,,,"{fileID: -1431003440, guid: c88ab7b37c4f350242674d2efd621c19, type: 3}",-1431003440,c88ab7b37c4f350242674d2efd621c19,,,,,,,,,,,,,,,,,,,,,,,,,,,,,,1,,1,,,,0,,,,,,,,,,,,,,,,,,,,,,,,,,,,,,,,,,,,,,1,,,,3,,,,,,,,,,,,,,,,,,,,,,,,,,,,,,,,,,,,,,,,,,,,,,,,,,,,,,,,,,,,,,,,,,,,,,,,,,,,,,,,,,,,,,,,,,,,,,,,,,,,,,,,,,,,,,,,,,,,,,,,,,,,,,,,,,,,,,,,,,,,,,,,,,,,,,,,,,,,,,,,,,,,,,,,,,,,,,,,,,,,,,,,,,,,,,,,,,,,,,,,,,,,,,,,,,,,,,,,,,,,,,,,,,,,,,,,,,,,,,,,,,,,,,,,,,,,,,,,,,,,,,,,,,,,,,,,,,,,,,,,,,,,,,,,,,,,,,,
MuzzleFlash_Bow,Assets/GameObject/MuzzleFlash_Bow.prefab,c88ab7b37c4f350242674d2efd621c19,c88ab7b37c4f350242674d2efd621c19,-1431003440,,,,,,,,,,,,,,,,,,,,,,,,,,,,,,,,,,,,,,,,,,,,,,,,,,,,,,,,,,,,,,,,,,,,,,,,,,,,,,,,,,,,,,,,,,,,,,,,,,,,,,,,,,,,,,,,,,,,,,,,,,,,,,,,,,,,,,,,,,,,,,,,,,,,,,,,,,,,,,,,,,,,,,,,,,,,,,,,,,,,,,,,,,,,,,,,,,,,,,,,,,,,,,,,,,,,,,,,,,,2,,,,,,,,,,,,,,,,,,,,,,,,,,{fileID: 0},0,,0,,,,,,,,,,,,,,,,,0,,,1,,,,,,,,{fileID: 1973053868824158},1973053868824158,,,,,"{x: 0, y: 0}","{x: 1, y: 1}",1,,,,,,,,,,,,,,,0,,,,,{fileID: 0},0,{fileID: 0},0,,,,,,,,,,,,,1,,,,,,,,,,,"{fileID: -1431003440, guid: c88ab7b37c4f350242674d2efd621c19, type: 3}",-1431003440,c88ab7b37c4f350242674d2efd621c19,,,,,,,,,,,,,,,,,,,,,,,,,,,,,,1,,1,,,,0,,,,,,,,,,,,,,,,,,,,,,,,,,,,,,,,,,,,,,1,,,,3,,,,,,,,,,,,,,,,,,,,,,,,,,,,,,,,,,,,,,,,,,,,,,,,,,,,,,,,,,,,,,,,,,,,,,,,,,,,,,,,,,,,,,,,,,,,,,,,,,,,,,,,,,,,,,,,,,,,,,,,,,,,,,,,,,,,,,,,,,,,,,,,,,,,,,,,,,,,,,,,,,,,,,,,,,,,,,,,,,,,,,,,,,,,,,,,,,,,,,,,,,,,,,,,,,,,,,,,,,,,,,,,,,,,,,,,,,,,,,,,,,,,,,,,,,,,,,,,,,,,,,,,,,,,,,,,,,,,,,,,,,,,,,,,,,,,,,,
0_CharacterModel_Spider_Dark,Assets/GameObject/0_CharacterModel_Spider_Dark.prefab,c88ab7b37c4f350242674d2efd621c19,c88ab7b37c4f350242674d2efd621c19,-1431003440,,,,,,,,,,,,,,,,,,,,,,,,,,,,,,,,,,,,,,,,,,,,,,,,,,,,,,,,,,,,,,,,,,,,,,,,,,,,,,,,,,,,,,,,,,,,,,,,,,,,,,,,,,,,,,,,,,,,,,,,,,,,,,,,,,,,,,,,,,,,,,,,,,,,,,,,,,,,,,,,,,,,,,,,,,,,,,,,,,,,,,,,,,,,,,,,,,,,,,,,,,,,,,,,,,,,,,,,,,,2,,,,,,,,,,,,,,,,,,,,,,,,,,{fileID: 0},0,,0,,,,,,,,,,,,,,,,,0,,,1,,,,,,,,{fileID: 1690344113704605},1690344113704605,,,,,"{x: 0, y: 0}","{x: 1, y: 1}",1,,,,,,,,,,,,,,,0,,,,,{fileID: 0},0,{fileID: 0},0,,,,,,,,,,,,,1,,,,,,,,,,,"{fileID: -1431003440, guid: c88ab7b37c4f350242674d2efd621c19, type: 3}",-1431003440,c88ab7b37c4f350242674d2efd621c19,,,,,,,,,,,,,,,,,,,,,,,,,,,,,,1,,1,,,,0,,,,,,,,,,,,,,,,,,,,,,,,,,,,,,,,,,,,,,1,,,,3,,,,,,,,,,,,,,,,,,,,,,,,,,,,,,,,,,,,,,,,,,,,,,,,,,,,,,,,,,,,,,,,,,,,,,,,,,,,,,,,,,,,,,,,,,,,,,,,,,,,,,,,,,,,,,,,,,,,,,,,,,,,,,,,,,,,,,,,,,,,,,,,,,,,,,,,,,,,,,,,,,,,,,,,,,,,,,,,,,,,,,,,,,,,,,,,,,,,,,,,,,,,,,,,,,,,,,,,,,,,,,,,,,,,,,,,,,,,,,,,,,,,,,,,,,,,,,,,,,,,,,,,,,,,,,,,,,,,,,,,,,,,,,,,,,,,,,,
Mouth_6,Assets/GameObject/Mouth_6.prefab,c88ab7b37c4f350242674d2efd621c19,c88ab7b37c4f350242674d2efd621c19,1667301410,,,,,,,,,,,,,,,,,,,,,,,,,,,,,,,,,,,,,,,,,,,,,,,,,,,,,,,,,,,,,,,,,,,,,,,,,,,,,,,,,,,,,,,,,,,,,,,,,,,,,,,,,,,,,,,,,,,,,,,,,,,,,,,,,,,,,,,,,,,,,,,,,,,,,,,,,,,,,,,,,,,,,,,,,,,,,,,,,,,,,,,,,,,,,,,,,,,,,,,,,,,,,,,,,,,,,,,,,,,,,,,,,,,,,,,,,,,,,,,,,,,,,{fileID: 0},0,,,,,,,,1,,,,,,,,,,1000,0,,,1,180,,1,0.9,,,,{fileID: 1849859033155074},1849859033155074,,,,,,,,,,,,,,"{fileID: 2100000, guid: 179a99f7d1bd90d45afa070af58bca34, type: 2}",2100000,179a99f7d1bd90d45afa070af58bca34,Assets/Material/MouthsDecal.mat,,,,,0,"{x: 0, y: 0, z: 0.5}",,,,{fileID: 0},0,{fileID: 0},0,,,,,,,,,,,,,,,,,,,,,1,,,"{fileID: 1667301410, guid: c88ab7b37c4f350242674d2efd621c19, type: 3}",1667301410,c88ab7b37c4f350242674d2efd621c19,,,,,,,,,,,,,,,,,,,,,,,,,,,,,,,,,,,"{x: 1, y: 1, z: 1}",,,180,,,,,,,,,,,,,,,,,,,,,,,,,,,,,,"{x: 0.66666, y: 0}","{x: 0.3333, y: 0.3333}",,,,,,,,,,,,,,,,,,,,,,,,,,,,,,,,,,,,,,,,,,,,,,,,,,,,,,,,,,,,,,,,,,,,,,,,,,,,,,,,,,,,,,,,,,,,,,,,,,,,,,,,,,,,,,,,,,,,,,,,,,,,,,,,,,,,,,,,,,,,,,,,,,,,,,,,,,,,,,,,,,,,,,,,,,,,,,,,,,,,,,,,,,,,,,,,,,,,,,,,,,,,,,,,,,,,,,,,,,,,,,,,,,,,,,,,,,,,,,,,,,,,,,,,,,,,,,,,,,,,,,,,,,,,,,,,,,,,,,,,,,,,,,,,,,,,,,,,,,,,,,,,
Mouth_4,Assets/GameObject/Mouth_4.prefab,c88ab7b37c4f350242674d2efd621c19,c88ab7b37c4f350242674d2efd621c19,1667301410,,,,,,,,,,,,,,,,,,,,,,,,,,,,,,,,,,,,,,,,,,,,,,,,,,,,,,,,,,,,,,,,,,,,,,,,,,,,,,,,,,,,,,,,,,,,,,,,,,,,,,,,,,,,,,,,,,,,,,,,,,,,,,,,,,,,,,,,,,,,,,,,,,,,,,,,,,,,,,,,,,,,,,,,,,,,,,,,,,,,,,,,,,,,,,,,,,,,,,,,,,,,,,,,,,,,,,,,,,,,,,,,,,,,,,,,,,,,,,,,,,,,,{fileID: 0},0,,,,,,,,1,,,,,,,,,,1000,0,,,1,180,,1,0.9,,,,{fileID: 1555588096812427},1555588096812427,,,,,,,,,,,,,,"{fileID: 2100000, guid: 179a99f7d1bd90d45afa070af58bca34, type: 2}",2100000,179a99f7d1bd90d45afa070af58bca34,Assets/Material/MouthsDecal.mat,,,,,0,"{x: 0, y: 0, z: 0.5}",,,,{fileID: 0},0,{fileID: 0},0,,,,,,,,,,,,,,,,,,,,,1,,,"{fileID: 1667301410, guid: c88ab7b37c4f350242674d2efd621c19, type: 3}",1667301410,c88ab7b37c4f350242674d2efd621c19,,,,,,,,,,,,,,,,,,,,,,,,,,,,,,,,,,,"{x: 1, y: 1, z: 1}",,,180,,,,,,,,,,,,,,,,,,,,,,,,,,,,,,"{x: 0, y: 0}","{x: 0.3333, y: 0.3333}",,,,,,,,,,,,,,,,,,,,,,,,,,,,,,,,,,,,,,,,,,,,,,,,,,,,,,,,,,,,,,,,,,,,,,,,,,,,,,,,,,,,,,,,,,,,,,,,,,,,,,,,,,,,,,,,,,,,,,,,,,,,,,,,,,,,,,,,,,,,,,,,,,,,,,,,,,,,,,,,,,,,,,,,,,,,,,,,,,,,,,,,,,,,,,,,,,,,,,,,,,,,,,,,,,,,,,,,,,,,,,,,,,,,,,,,,,,,,,,,,,,,,,,,,,,,,,,,,,,,,,,,,,,,,,,,,,,,,,,,,,,,,,,,,,,,,,,,,,,,,,,,
0_CharacterModel_Spider_Strong,Assets/GameObject/0_CharacterModel_Spider_Strong.prefab,c88ab7b37c4f350242674d2efd621c19,c88ab7b37c4f350242674d2efd621c19,-1431003440,,,,,,,,,,,,,,,,,,,,,,,,,,,,,,,,,,,,,,,,,,,,,,,,,,,,,,,,,,,,,,,,,,,,,,,,,,,,,,,,,,,,,,,,,,,,,,,,,,,,,,,,,,,,,,,,,,,,,,,,,,,,,,,,,,,,,,,,,,,,,,,,,,,,,,,,,,,,,,,,,,,,,,,,,,,,,,,,,,,,,,,,,,,,,,,,,,,,,,,,,,,,,,,,,,,,,,,,,,,2,,,,,,,,,,,,,,,,,,,,,,,,,,{fileID: 0},0,,0,,,,,,,,,,,,,,,,,0,,,1,,,,,,,,{fileID: 1685929628947268},1685929628947268,,,,,"{x: 0, y: 0}","{x: 1, y: 1}",1,,,,,,,,,,,,,,,0,,,,,{fileID: 0},0,{fileID: 0},0,,,,,,,,,,,,,1,,,,,,,,,,,"{fileID: -1431003440, guid: c88ab7b37c4f350242674d2efd621c19, type: 3}",-1431003440,c88ab7b37c4f350242674d2efd621c19,,,,,,,,,,,,,,,,,,,,,,,,,,,,,,1,,1,,,,0,,,,,,,,,,,,,,,,,,,,,,,,,,,,,,,,,,,,,,1,,,,3,,,,,,,,,,,,,,,,,,,,,,,,,,,,,,,,,,,,,,,,,,,,,,,,,,,,,,,,,,,,,,,,,,,,,,,,,,,,,,,,,,,,,,,,,,,,,,,,,,,,,,,,,,,,,,,,,,,,,,,,,,,,,,,,,,,,,,,,,,,,,,,,,,,,,,,,,,,,,,,,,,,,,,,,,,,,,,,,,,,,,,,,,,,,,,,,,,,,,,,,,,,,,,,,,,,,,,,,,,,,,,,,,,,,,,,,,,,,,,,,,,,,,,,,,,,,,,,,,,,,,,,,,,,,,,,,,,,,,,,,,,,,,,,,,,,,,,,
Agent_Pickup_Crown,Assets/GameObject/Agent_Pickup_Crown.prefab,c88ab7b37c4f350242674d2efd621c19,c88ab7b37c4f350242674d2efd621c19,-1431003440,,,,,,,,,,,,,,,,,,,,,,,,,,,,,,,,,,,,,,,,,,,,,,,,,,,,,,,,,,,,,,,,,,,,,,,,,,,,,,,,,,,,,,,,,,,,,,,,,,,,,,,,,,,,,,,,,,,,,,,,,,,,,,,,,,,,,,,,,,,,,,,,,,,,,,,,,,,,,,,,,,,,,,,,,,,,,,,,,,,,,,,,,,,,,,,,,,,,,,,,,,,,,,,,,,,,,,,,,,,2,,,,,,,,,,,,,,,,,,,,,,,,,,{fileID: 0},0,,0,,,,,,,,,,,,,,,,,0,,,1,,,,,,,,{fileID: 1894230808100451},1894230808100451,,,,,"{x: 0, y: 0}","{x: 1, y: 1}",1,,,,,,,,,,,,,,,0,,,,,{fileID: 0},0,{fileID: 0},0,,,,,,,,,,,,,1,,,,,,,,,,,"{fileID: -1431003440, guid: c88ab7b37c4f350242674d2efd621c19, type: 3}",-1431003440,c88ab7b37c4f350242674d2efd621c19,,,,,,,,,,,,,,,,,,,,,,,,,,,,,,1,,1,,,,0,,,,,,,,,,,,,,,,,,,,,,,,,,,,,,,,,,,,,,1,,,,3,,,,,,,,,,,,,,,,,,,,,,,,,,,,,,,,,,,,,,,,,,,,,,,,,,,,,,,,,,,,,,,,,,,,,,,,,,,,,,,,,,,,,,,,,,,,,,,,,,,,,,,,,,,,,,,,,,,,,,,,,,,,,,,,,,,,,,,,,,,,,,,,,,,,,,,,,,,,,,,,,,,,,,,,,,,,,,,,,,,,,,,,,,,,,,,,,,,,,,,,,,,,,,,,,,,,,,,,,,,,,,,,,,,,,,,,,,,,,,,,,,,,,,,,,,,,,,,,,,,,,,,,,,,,,,,,,,,,,,,,,,,,,,,,,,,,,,,
Building_WorkbenchAdvance,Assets/GameObject/Building_WorkbenchAdvance.prefab,c88ab7b37c4f350242674d2efd621c19,c88ab7b37c4f350242674d2efd621c19,-1431003440,,,,,,,,,,,,,,,,,,,,,,,,,,,,,,,,,,,,,,,,,,,,,,,,,,,,,,,,,,,,,,,,,,,,,,,,,,,,,,,,,,,,,,,,,,,,,,,,,,,,,,,,,,,,,,,,,,,,,,,,,,,,,,,,,,,,,,,,,,,,,,,,,,,,,,,,,,,,,,,,,,,,,,,,,,,,,,,,,,,,,,,,,,,,,,,,,,,,,,,,,,,,,,,,,,,,,,,,,,,0,,,,,,,,,,,,,,,,,,,,,,,,,,{fileID: 0},0,,0,,,,,,,,,,,,,,,,,0,,,1,,,,,,,,{fileID: 1478056287143131},1478056287143131,,,,,"{x: 0, y: 0}","{x: 1, y: 1}",1,,,,,,,,,,,,,,,0,,,,,{fileID: 0},0,{fileID: 0},0,,,,,,,,,,,,,1,,,,,,,,,,,"{fileID: -1431003440, guid: c88ab7b37c4f350242674d2efd621c19, type: 3}",-1431003440,c88ab7b37c4f350242674d2efd621c19,,,,,,,,,,,,,,,,,,,,,,,,,,,,,,1,,1,,,,0,,,,,,,,,,,,,,,,,,,,,,,,,,,,,,,,,,,,,,1,,,,3,,,,,,,,,,,,,,,,,,,,,,,,,,,,,,,,,,,,,,,,,,,,,,,,,,,,,,,,,,,,,,,,,,,,,,,,,,,,,,,,,,,,,,,,,,,,,,,,,,,,,,,,,,,,,,,,,,,,,,,,,,,,,,,,,,,,,,,,,,,,,,,,,,,,,,,,,,,,,,,,,,,,,,,,,,,,,,,,,,,,,,,,,,,,,,,,,,,,,,,,,,,,,,,,,,,,,,,,,,,,,,,,,,,,,,,,,,,,,,,,,,,,,,,,,,,,,,,,,,,,,,,,,,,,,,,,,,,,,,,,,,,,,,,,,,,,,,,
Mouth_12,Assets/GameObject/Mouth_12.prefab,c88ab7b37c4f350242674d2efd621c19,c88ab7b37c4f350242674d2efd621c19,1667301410,,,,,,,,,,,,,,,,,,,,,,,,,,,,,,,,,,,,,,,,,,,,,,,,,,,,,,,,,,,,,,,,,,,,,,,,,,,,,,,,,,,,,,,,,,,,,,,,,,,,,,,,,,,,,,,,,,,,,,,,,,,,,,,,,,,,,,,,,,,,,,,,,,,,,,,,,,,,,,,,,,,,,,,,,,,,,,,,,,,,,,,,,,,,,,,,,,,,,,,,,,,,,,,,,,,,,,,,,,,,,,,,,,,,,,,,,,,,,,,,,,,,,{fileID: 0},0,,,,,,,,1,,,,,,,,,,1000,0,,,1,180,,1,0.9,,,,{fileID: 1786423587575073},1786423587575073,,,,,,,,,,,,,,"{fileID: 2100000, guid: 179a99f7d1bd90d45afa070af58bca34, type: 2}",2100000,179a99f7d1bd90d45afa070af58bca34,Assets/Material/MouthsDecal.mat,,,,,0,"{x: 0, y: 0, z: 0.5}",,,,{fileID: 0},0,{fileID: 0},0,,,,,,,,,,,,,,,,,,,,,1,,,"{fileID: 1667301410, guid: c88ab7b37c4f350242674d2efd621c19, type: 3}",1667301410,c88ab7b37c4f350242674d2efd621c19,,,,,,,,,,,,,,,,,,,,,,,,,,,,,,,,,,,"{x: 1, y: 1, z: 1}",,,180,,,,,,,,,,,,,,,,,,,,,,,,,,,,,,"{x: 0.66666, y: 0.666666}","{x: 0.3333, y: 0.3333}",,,,,,,,,,,,,,,,,,,,,,,,,,,,,,,,,,,,,,,,,,,,,,,,,,,,,,,,,,,,,,,,,,,,,,,,,,,,,,,,,,,,,,,,,,,,,,,,,,,,,,,,,,,,,,,,,,,,,,,,,,,,,,,,,,,,,,,,,,,,,,,,,,,,,,,,,,,,,,,,,,,,,,,,,,,,,,,,,,,,,,,,,,,,,,,,,,,,,,,,,,,,,,,,,,,,,,,,,,,,,,,,,,,,,,,,,,,,,,,,,,,,,,,,,,,,,,,,,,,,,,,,,,,,,,,,,,,,,,,,,,,,,,,,,,,,,,,,,,,,,,,,
DeadFX_Exp,Assets/GameObject/DeadFX_Exp.prefab,c88ab7b37c4f350242674d2efd621c19,c88ab7b37c4f350242674d2efd621c19,-1431003440,,,,,,,,,,,,,,,,,,,,,,,,,,,,,,,,,,,,,,,,,,,,,,,,,,,,,,,,,,,,,,,,,,,,,,,,,,,,,,,,,,,,,,,,,,,,,,,,,,,,,,,,,,,,,,,,,,,,,,,,,,,,,,,,,,,,,,,,,,,,,,,,,,,,,,,,,,,,,,,,,,,,,,,,,,,,,,,,,,,,,,,,,,,,,,,,,,,,,,,,,,,,,,,,,,,,,,,,,,,2,,,,,,,,,,,,,,,,,,,,,,,,,,{fileID: 0},0,,0,,,,,,,,,,,,,,,,,0,,,1,,,,,,,,{fileID: 1469588176506892},1469588176506892,,,,,"{x: 0, y: 0}","{x: 1, y: 1}",1,,,,,,,,,,,,,,,0,,,,,{fileID: 0},0,{fileID: 0},0,,,,,,,,,,,,,1,,,,,,,,,,,"{fileID: -1431003440, guid: c88ab7b37c4f350242674d2efd621c19, type: 3}",-1431003440,c88ab7b37c4f350242674d2efd621c19,,,,,,,,,,,,,,,,,,,,,,,,,,,,,,1,,1,,,,0,,,,,,,,,,,,,,,,,,,,,,,,,,,,,,,,,,,,,,1,,,,3,,,,,,,,,,,,,,,,,,,,,,,,,,,,,,,,,,,,,,,,,,,,,,,,,,,,,,,,,,,,,,,,,,,,,,,,,,,,,,,,,,,,,,,,,,,,,,,,,,,,,,,,,,,,,,,,,,,,,,,,,,,,,,,,,,,,,,,,,,,,,,,,,,,,,,,,,,,,,,,,,,,,,,,,,,,,,,,,,,,,,,,,,,,,,,,,,,,,,,,,,,,,,,,,,,,,,,,,,,,,,,,,,,,,,,,,,,,,,,,,,,,,,,,,,,,,,,,,,,,,,,,,,,,,,,,,,,,,,,,,,,,,,,,,,,,,,,,
Mouth_7,Assets/GameObject/Mouth_7.prefab,c88ab7b37c4f350242674d2efd621c19,c88ab7b37c4f350242674d2efd621c19,1667301410,,,,,,,,,,,,,,,,,,,,,,,,,,,,,,,,,,,,,,,,,,,,,,,,,,,,,,,,,,,,,,,,,,,,,,,,,,,,,,,,,,,,,,,,,,,,,,,,,,,,,,,,,,,,,,,,,,,,,,,,,,,,,,,,,,,,,,,,,,,,,,,,,,,,,,,,,,,,,,,,,,,,,,,,,,,,,,,,,,,,,,,,,,,,,,,,,,,,,,,,,,,,,,,,,,,,,,,,,,,,,,,,,,,,,,,,,,,,,,,,,,,,,{fileID: 0},0,,,,,,,,1,,,,,,,,,,1000,0,,,1,180,,1,0.9,,,,{fileID: 1054846783758040},1054846783758040,,,,,,,,,,,,,,"{fileID: 2100000, guid: 179a99f7d1bd90d45afa070af58bca34, type: 2}",2100000,179a99f7d1bd90d45afa070af58bca34,Assets/Material/MouthsDecal.mat,,,,,0,"{x: 0, y: 0, z: 0.5}",,,,{fileID: 0},0,{fileID: 0},0,,,,,,,,,,,,,,,,,,,,,1,,,"{fileID: 1667301410, guid: c88ab7b37c4f350242674d2efd621c19, type: 3}",1667301410,c88ab7b37c4f350242674d2efd621c19,,,,,,,,,,,,,,,,,,,,,,,,,,,,,,,,,,,"{x: 1, y: 1, z: 1}",,,180,,,,,,,,,,,,,,,,,,,,,,,,,,,,,,"{x: 0, y: 0.33333}","{x: 0.3333, y: 0.3333}",,,,,,,,,,,,,,,,,,,,,,,,,,,,,,,,,,,,,,,,,,,,,,,,,,,,,,,,,,,,,,,,,,,,,,,,,,,,,,,,,,,,,,,,,,,,,,,,,,,,,,,,,,,,,,,,,,,,,,,,,,,,,,,,,,,,,,,,,,,,,,,,,,,,,,,,,,,,,,,,,,,,,,,,,,,,,,,,,,,,,,,,,,,,,,,,,,,,,,,,,,,,,,,,,,,,,,,,,,,,,,,,,,,,,,,,,,,,,,,,,,,,,,,,,,,,,,,,,,,,,,,,,,,,,,,,,,,,,,,,,,,,,,,,,,,,,,,,,,,,,,,,
GoldMiner,Assets/GameObject/GoldMiner.prefab,c88ab7b37c4f350242674d2efd621c19,c88ab7b37c4f350242674d2efd621c19,938447500,,,,,,,,,,,,,,,,,,,,,,,,,,,,,,,,,,,,,,,,,,,,,,,,,,,,,,,,,,,,,,,,,,,,,,,,,,,,,,,,,,,,,,,,,,,,,,,,,,,,,,,,,,,,,,,,,,,,,,,,,,,,,,,,,,,,,,,,,,,,,,,,,,,,,,,,,,,,,,,,,,,,,,,,,,,,,,,,,,,,,,,,,,,,,,,,,,,,,,,,,,,,,,,,,,,,,,,,,,,,,,,,1,1,0,2,,,0,[],,,,,1,,,,,,,,,{fileID: 0},0,,,,,,,,,,,,,,,,,0,,0,,,1,,,,,,,,{fileID: 1887496764250000},1887496764250000,,,,,,,,,,,,,,,,,,,,,,0,,,,,{fileID: 0},0,{fileID: 0},0,,,,,0,,1,,,,4,,,,,,0,0,2,2,,"{x: 0, y: 0, z: 0, w: 0}","{x: 0, y: 0, z: 0, w: 0}","{fileID: 938447500, guid: c88ab7b37c4f350242674d2efd621c19, type: 3}",938447500,c88ab7b37c4f350242674d2efd621c19,,,,,,,,,,,,,,,,,,,,,,,,,,,,,,,,,,,,,,,0,,,,,,,,,,,,,0,0.1,1,0,3,0.9,,,,,,,,,,,,,,,,,,,0,,2,,2,1073741824,2,{fileID: 0},0,,,,,,,,,,,,,,,,,,,,,,,,,,,,,,,,,,,,,,,,,,,,,,,,,,,,,,,,,,,,,,,,,,,,,,,,,,,,,,,,,,,,,,,,,,,,,,,,,,,,,,,,,,,,,,,,,,,,,,,,,,,,,,,,,,,,,,,,,,,,,,,,,,,,,,,,,,,,,,,,,,,,,,,,,,,,,,,,,,,,,,,,,,,,,,,,,,,,,,,,,,,,,,,,,,,,,,,,,,,,,,,,,,,,,,,,,,,,,,,,,,,,,,,,,,,,,,,,,,,,,,,,,,,,,,,,,,,,,,,,,,,,,,,,,
GoldMiner,Assets/GameObject/GoldMiner.prefab,c88ab7b37c4f350242674d2efd621c19,c88ab7b37c4f350242674d2efd621c19,2042377659,,,,,,,,,,,,,,,,,,,,,,,,,,,,,,,,,,,,,,,,,,,,,,,,,,,,,,,,,,,,,,,,,,,,,,,,,,,,,,,,,,,,,,,,,,,,,,,,,,,,,,,,,,,,,,,,,,,,,,,,,,,,,,,,,,,,,,,,,,,,,,,,,,,,,,,,,,,,,,,,,,,,,,,,,,,,,,,,,,,,,,,,,,,,,,,,,,,,,,,,,,,,,,,,,,,,,,,,,,,,,,,,,,,,,1,,,,,,,,,,,,,,,,{fileID: 0},0,0,,,,,,,,,,,,,,,,,,0,,,1,,,,,0,,,{fileID: 1887496764250000},1887496764250000,0,,,,,,,,,,,,,,,,,,,,,0,,,,,{fileID: 0},0,{fileID: 0},0,320,180,,,,,,,,,,,,,,,,,,,,,,"{fileID: 2042377659, guid: c88ab7b37c4f350242674d2efd621c19, type: 3}",2042377659,c88ab7b37c4f350242674d2efd621c19,,,,,,,,,,,,,,,,,,,,,,,,,,,,,,,,,,,,,,,,,,,,,,,,,,,,,,,,,,,,,,,,,,,,,,,,,,,,,,,,,,,,,,,,,,,,,,,,,,,,,,,,,,,,,,,,,,,,,,,,,,,,,,,,,,,,,,,,,,,,,,,,,,,,,,,,,,,,,,,,,,,,,,,,,,,,,,,,,,,,,,,,,,,,,,,,,,,,,,,,,,,,,,,,,,,,,,,,,,,,,,,,,,,,,,,,,,,,,,,,,,,,,,,,,,,,,,,,,,,,,,,,,,,,,,,,,,,,,,,,,,,,,,,,,,,,,,,,,,,,,,,,,,,,,,,,,,,,,,,,,,,,,,,,,,,,,,,,,,,,,,,,,,,,,,,,,,,,,,,,,,,,,,,,,,,,,
GoldMiner,Assets/GameObject/GoldMiner.prefab,c88ab7b37c4f350242674d2efd621c19,c88ab7b37c4f350242674d2efd621c19,938447500,,,,,,,,,,,,,,,,,,,,,,,,,,,,,,,,,,,,,,,,,,,,,,,,,,,,,,,,,,,,,,,,,,,,,,,,,,,,,,,,,,,,,,,,,,,,,,,,,,,,,,,,,,,,,,,,,,,,,,,,,,,,,,,,,,,,,,,,,,,,,,,,,,,,,,,,,,,,,,,,,,,,,,,,,,,,,,,,,,,,,,,,,,,,,,,,,,,,,,,,,,,,,,,,,,,,,,,,,,,,,,,,1,1,0,2,,,0,[],,,,,1,,,,,,,,,{fileID: 0},0,,,,,,,,,,,,,,,,,1,,0,,,1,,,,,,,,{fileID: 1407433172779937},1407433172779937,,,,,,,,,,,,,,,,,,,,,,0,,,,,{fileID: 0},0,{fileID: 0},0,,,,,0,,1,,,,4,,,,,,0,0,2,2,,"{x: 0, y: 0, z: 0, w: 0}","{x: 0, y: 0, z: 0, w: 0}","{fileID: 938447500, guid: c88ab7b37c4f350242674d2efd621c19, type: 3}",938447500,c88ab7b37c4f350242674d2efd621c19,,,,,,,,,,,,,,,,,,,,,,,,,,,,,,,,,,,,,,,0,,,,,,,,,,,,,0,0.1,1,0,3,0.9,,,,,,,,,,,,,,,,,,,0,,2,,2,1073741825,2,{fileID: 0},0,,,,,,,,,,,,,,,,,,,,,,,,,,,,,,,,,,,,,,,,,,,,,,,,,,,,,,,,,,,,,,,,,,,,,,,,,,,,,,,,,,,,,,,,,,,,,,,,,,,,,,,,,,,,,,,,,,,,,,,,,,,,,,,,,,,,,,,,,,,,,,,,,,,,,,,,,,,,,,,,,,,,,,,,,,,,,,,,,,,,,,,,,,,,,,,,,,,,,,,,,,,,,,,,,,,,,,,,,,,,,,,,,,,,,,,,,,,,,,,,,,,,,,,,,,,,,,,,,,,,,,,,,,,,,,,,,,,,,,,,,,,,,,,,,
Building_PetHouse,Assets/GameObject/Building_PetHouse.prefab,c88ab7b37c4f350242674d2efd621c19,c88ab7b37c4f350242674d2efd621c19,1667301410,,,,,,,,,,,,,,,,,,,,,,,,,,,,,,,,,,,,,,,,,,,,,,,,,,,,,,,,,,,,,,,,,,,,,,,,,,,,,,,,,,,,,,,,,,,,,,,,,,,,,,,,,,,,,,,,,,,,,,,,,,,,,,,,,,,,,,,,,,,,,,,,,,,,,,,,,,,,,,,,,,,,,,,,,,,,,,,,,,,,,,,,,,,,,,,,,,,,,,,,,,,,,,,,,,,,,,,,,,,,,,,,,,,,,,,,,,,,,,,,,,,,,{fileID: 0},0,,,,,,,,1,,,,,,,,,,1000,0,,,1,180,,0.997,0.9,,,,{fileID: 1450420660301581},1450420660301581,,,,,,,,,,,,,,"{fileID: 2100000, guid: cab0442886ae495469c5aefb614fdc4c, type: 2}",2100000,cab0442886ae495469c5aefb614fdc4c,Assets/Material/Decal_ Water.mat,,,,,0,"{x: 0.008604263, y: 0.013669732, z: 0.4998741}",,,,{fileID: 0},0,{fileID: 0},0,,,,,,,,,,,,,,,,,,,,,1,,,"{fileID: 1667301410, guid: c88ab7b37c4f350242674d2efd621c19, type: 3}",1667301410,c88ab7b37c4f350242674d2efd621c19,,,,,,,,,,,,,,,,,,,,,,,,,,,,,,,,,,,"{x: 0.45255455, y: 0.4243563, z: 1}",,,180,,,,,,,,,,,,,,,,,,,,,,,,,,,,,,"{x: 0.05662036, y: 0.53445816}","{x: 0.45255455, y: 0.4243563}",,,,,,,,,,,,,,,,,,,,,,,,,,,,,,,,,,,,,,,,,,,,,,,,,,,,,,,,,,,,,,,,,,,,,,,,,,,,,,,,,,,,,,,,,,,,,,,,,,,,,,,,,,,,,,,,,,,,,,,,,,,,,,,,,,,,,,,,,,,,,,,,,,,,,,,,,,,,,,,,,,,,,,,,,,,,,,,,,,,,,,,,,,,,,,,,,,,,,,,,,,,,,,,,,,,,,,,,,,,,,,,,,,,,,,,,,,,,,,,,,,,,,,,,,,,,,,,,,,,,,,,,,,,,,,,,,,,,,,,,,,,,,,,,,,,,,,,,,,,,,,,,
Building_PetHouse,Assets/GameObject/Building_PetHouse.prefab,c88ab7b37c4f350242674d2efd621c19,c88ab7b37c4f350242674d2efd621c19,1667301410,,,,,,,,,,,,,,,,,,,,,,,,,,,,,,,,,,,,,,,,,,,,,,,,,,,,,,,,,,,,,,,,,,,,,,,,,,,,,,,,,,,,,,,,,,,,,,,,,,,,,,,,,,,,,,,,,,,,,,,,,,,,,,,,,,,,,,,,,,,,,,,,,,,,,,,,,,,,,,,,,,,,,,,,,,,,,,,,,,,,,,,,,,,,,,,,,,,,,,,,,,,,,,,,,,,,,,,,,,,,,,,,,,,,,,,,,,,,,,,,,,,,,{fileID: 0},0,,,,,,,,1,,,,,,,,,,1000,0,,,1,180,,0.997,0.9,,,,{fileID: 1147446648462482},1147446648462482,,,,,,,,,,,,,,"{fileID: 2100000, guid: cab0442886ae495469c5aefb614fdc4c, type: 2}",2100000,cab0442886ae495469c5aefb614fdc4c,Assets/Material/Decal_ Water.mat,,,,,0,"{x: 0.008604263, y: 0.013669732, z: 0.4998741}",,,,{fileID: 0},0,{fileID: 0},0,,,,,,,,,,,,,,,,,,,,,1,,,"{fileID: 1667301410, guid: c88ab7b37c4f350242674d2efd621c19, type: 3}",1667301410,c88ab7b37c4f350242674d2efd621c19,,,,,,,,,,,,,,,,,,,,,,,,,,,,,,,,,,,"{x: 0.45255455, y: 0.4243563, z: 1}",,,180,,,,,,,,,,,,,,,,,,,,,,,,,,,,,,"{x: 0.05662036, y: 0.53445816}","{x: 0.45255455, y: 0.4243563}",,,,,,,,,,,,,,,,,,,,,,,,,,,,,,,,,,,,,,,,,,,,,,,,,,,,,,,,,,,,,,,,,,,,,,,,,,,,,,,,,,,,,,,,,,,,,,,,,,,,,,,,,,,,,,,,,,,,,,,,,,,,,,,,,,,,,,,,,,,,,,,,,,,,,,,,,,,,,,,,,,,,,,,,,,,,,,,,,,,,,,,,,,,,,,,,,,,,,,,,,,,,,,,,,,,,,,,,,,,,,,,,,,,,,,,,,,,,,,,,,,,,,,,,,,,,,,,,,,,,,,,,,,,,,,,,,,,,,,,,,,,,,,,,,,,,,,,,,,,,,,,,
ExplosionFx_Shit,Assets/GameObject/ExplosionFx_Shit.prefab,c88ab7b37c4f350242674d2efd621c19,c88ab7b37c4f350242674d2efd621c19,-1431003440,,,,,,,,,,,,,,,,,,,,,,,,,,,,,,,,,,,,,,,,,,,,,,,,,,,,,,,,,,,,,,,,,,,,,,,,,,,,,,,,,,,,,,,,,,,,,,,,,,,,,,,,,,,,,,,,,,,,,,,,,,,,,,,,,,,,,,,,,,,,,,,,,,,,,,,,,,,,,,,,,,,,,,,,,,,,,,,,,,,,,,,,,,,,,,,,,,,,,,,,,,,,,,,,,,,,,,,,,,,2,,,,,,,,,,,,,,,,,,,,,,,,,,{fileID: 0},0,,0,,,,,,,,,,,,,,,,,0,,,1,,,,,,,,{fileID: 1448017676727710},1448017676727710,,,,,"{x: 0, y: 0}","{x: 1, y: 1}",1,,,,,,,,,,,,,,,0,,,,,{fileID: 0},0,{fileID: 0},0,,,,,,,,,,,,,1,,,,,,,,,,,"{fileID: -1431003440, guid: c88ab7b37c4f350242674d2efd621c19, type: 3}",-1431003440,c88ab7b37c4f350242674d2efd621c19,,,,,,,,,,,,,,,,,,,,,,,,,,,,,,1,,1,,,,0,,,,,,,,,,,,,,,,,,,,,,,,,,,,,,,,,,,,,,1,,,,3,,,,,,,,,,,,,,,,,,,,,,,,,,,,,,,,,,,,,,,,,,,,,,,,,,,,,,,,,,,,,,,,,,,,,,,,,,,,,,,,,,,,,,,,,,,,,,,,,,,,,,,,,,,,,,,,,,,,,,,,,,,,,,,,,,,,,,,,,,,,,,,,,,,,,,,,,,,,,,,,,,,,,,,,,,,,,,,,,,,,,,,,,,,,,,,,,,,,,,,,,,,,,,,,,,,,,,,,,,,,,,,,,,,,,,,,,,,,,,,,,,,,,,,,,,,,,,,,,,,,,,,,,,,,,,,,,,,,,,,,,,,,,,,,,,,,,,,
MuzzleFlash_Storm,Assets/GameObject/MuzzleFlash_Storm.prefab,c88ab7b37c4f350242674d2efd621c19,c88ab7b37c4f350242674d2efd621c19,-1431003440,,,,,,,,,,,,,,,,,,,,,,,,,,,,,,,,,,,,,,,,,,,,,,,,,,,,,,,,,,,,,,,,,,,,,,,,,,,,,,,,,,,,,,,,,,,,,,,,,,,,,,,,,,,,,,,,,,,,,,,,,,,,,,,,,,,,,,,,,,,,,,,,,,,,,,,,,,,,,,,,,,,,,,,,,,,,,,,,,,,,,,,,,,,,,,,,,,,,,,,,,,,,,,,,,,,,,,,,,,,2,,,,,,,,,,,,,,,,,,,,,,,,,,{fileID: 0},0,,0,,,,,,,,,,,,,,,,,0,,,1,,,,,,,,{fileID: 1998930979539766},1998930979539766,,,,,"{x: 0, y: 0}","{x: 1, y: 1}",1,,,,,,,,,,,,,,,0,,,,,{fileID: 0},0,{fileID: 0},0,,,,,,,,,,,,,1,,,,,,,,,,,"{fileID: -1431003440, guid: c88ab7b37c4f350242674d2efd621c19, type: 3}",-1431003440,c88ab7b37c4f350242674d2efd621c19,,,,,,,,,,,,,,,,,,,,,,,,,,,,,,1,,1,,,,0,,,,,,,,,,,,,,,,,,,,,,,,,,,,,,,,,,,,,,1,,,,3,,,,,,,,,,,,,,,,,,,,,,,,,,,,,,,,,,,,,,,,,,,,,,,,,,,,,,,,,,,,,,,,,,,,,,,,,,,,,,,,,,,,,,,,,,,,,,,,,,,,,,,,,,,,,,,,,,,,,,,,,,,,,,,,,,,,,,,,,,,,,,,,,,,,,,,,,,,,,,,,,,,,,,,,,,,,,,,,,,,,,,,,,,,,,,,,,,,,,,,,,,,,,,,,,,,,,,,,,,,,,,,,,,,,,,,,,,,,,,,,,,,,,,,,,,,,,,,,,,,,,,,,,,,,,,,,,,,,,,,,,,,,,,,,,,,,,,,
ExplosionFx,Assets/GameObject/ExplosionFx.prefab,c88ab7b37c4f350242674d2efd621c19,c88ab7b37c4f350242674d2efd621c19,-1431003440,,,,,,,,,,,,,,,,,,,,,,,,,,,,,,,,,,,,,,,,,,,,,,,,,,,,,,,,,,,,,,,,,,,,,,,,,,,,,,,,,,,,,,,,,,,,,,,,,,,,,,,,,,,,,,,,,,,,,,,,,,,,,,,,,,,,,,,,,,,,,,,,,,,,,,,,,,,,,,,,,,,,,,,,,,,,,,,,,,,,,,,,,,,,,,,,,,,,,,,,,,,,,,,,,,,,,,,,,,,2,,,,,,,,,,,,,,,,,,,,,,,,,,{fileID: 0},0,,0,,,,,,,,,,,,,,,,,0,,,1,,,,,,,,{fileID: 1553396737233371},1553396737233371,,,,,"{x: 0, y: 0}","{x: 1, y: 1}",1,,,,,,,,,,,,,,,0,,,,,{fileID: 0},0,{fileID: 0},0,,,,,,,,,,,,,1,,,,,,,,,,,"{fileID: -1431003440, guid: c88ab7b37c4f350242674d2efd621c19, type: 3}",-1431003440,c88ab7b37c4f350242674d2efd621c19,,,,,,,,,,,,,,,,,,,,,,,,,,,,,,1,,1,,,,0,,,,,,,,,,,,,,,,,,,,,,,,,,,,,,,,,,,,,,1,,,,3,,,,,,,,,,,,,,,,,,,,,,,,,,,,,,,,,,,,,,,,,,,,,,,,,,,,,,,,,,,,,,,,,,,,,,,,,,,,,,,,,,,,,,,,,,,,,,,,,,,,,,,,,,,,,,,,,,,,,,,,,,,,,,,,,,,,,,,,,,,,,,,,,,,,,,,,,,,,,,,,,,,,,,,,,,,,,,,,,,,,,,,,,,,,,,,,,,,,,,,,,,,,,,,,,,,,,,,,,,,,,,,,,,,,,,,,,,,,,,,,,,,,,,,,,,,,,,,,,,,,,,,,,,,,,,,,,,,,,,,,,,,,,,,,,,,,,,,
MinWeapon 1,Assets/GameObject/MinWeapon 1.prefab,c88ab7b37c4f350242674d2efd621c19,c88ab7b37c4f350242674d2efd621c19,-1431003440,,,,,,,,,,,,,,,,,,,,,,,,,,,,,,,,,,,,,,,,,,,,,,,,,,,,,,,,,,,,,,,,,,,,,,,,,,,,,,,,,,,,,,,,,,,,,,,,,,,,,,,,,,,,,,,,,,,,,,,,,,,,,,,,,,,,,,,,,,,,,,,,,,,,,,,,,,,,,,,,,,,,,,,,,,,,,,,,,,,,,,,,,,,,,,,,,,,,,,,,,,,,,,,,,,,,,,,,,,,1,,,,,,,,,,,,,,,,,,,,,,,,,,{fileID: 0},0,,0,,,,,,,,,,,,,,,,,0,,,1,,,,,,,,{fileID: 1565832376230854},1565832376230854,,,,,"{x: 0, y: 0}","{x: 1, y: 1}",1,,,,,,,,,,,,,,,0,,,,,{fileID: 0},0,{fileID: 0},0,,,,,,,,,,,,,1,,,,,,,,,,,"{fileID: -1431003440, guid: c88ab7b37c4f350242674d2efd621c19, type: 3}",-1431003440,c88ab7b37c4f350242674d2efd621c19,,,,,,,,,,,,,,,,,,,,,,,,,,,,,,1,,1,,,,0,,,,,,,,,,,,,,,,,,,,,,,,,,,,,,,,,,,,,,1,,,,3,,,,,,,,,,,,,,,,,,,,,,,,,,,,,,,,,,,,,,,,,,,,,,,,,,,,,,,,,,,,,,,,,,,,,,,,,,,,,,,,,,,,,,,,,,,,,,,,,,,,,,,,,,,,,,,,,,,,,,,,,,,,,,,,,,,,,,,,,,,,,,,,,,,,,,,,,,,,,,,,,,,,,,,,,,,,,,,,,,,,,,,,,,,,,,,,,,,,,,,,,,,,,,,,,,,,,,,,,,,,,,,,,,,,,,,,,,,,,,,,,,,,,,,,,,,,,,,,,,,,,,,,,,,,,,,,,,,,,,,,,,,,,,,,,,,,,,,
MinWeapon 1,Assets/GameObject/MinWeapon 1.prefab,c88ab7b37c4f350242674d2efd621c19,c88ab7b37c4f350242674d2efd621c19,-1431003440,,,,,,,,,,,,,,,,,,,,,,,,,,,,,,,,,,,,,,,,,,,,,,,,,,,,,,,,,,,,,,,,,,,,,,,,,,,,,,,,,,,,,,,,,,,,,,,,,,,,,,,,,,,,,,,,,,,,,,,,,,,,,,,,,,,,,,,,,,,,,,,,,,,,,,,,,,,,,,,,,,,,,,,,,,,,,,,,,,,,,,,,,,,,,,,,,,,,,,,,,,,,,,,,,,,,,,,,,,,1,,,,,,,,,,,,,,,,,,,,,,,,,,{fileID: 0},0,,0,,,,,,,,,,,,,,,,,0,,,1,,,,,,,,{fileID: 1222597058866138},1222597058866138,,,,,"{x: 0, y: 0}","{x: 1, y: 1}",1,,,,,,,,,,,,,,,0,,,,,{fileID: 0},0,{fileID: 0},0,,,,,,,,,,,,,1,,,,,,,,,,,"{fileID: -1431003440, guid: c88ab7b37c4f350242674d2efd621c19, type: 3}",-1431003440,c88ab7b37c4f350242674d2efd621c19,,,,,,,,,,,,,,,,,,,,,,,,,,,,,,1,,1,,,,0,,,,,,,,,,,,,,,,,,,,,,,,,,,,,,,,,,,,,,1,,,,3,,,,,,,,,,,,,,,,,,,,,,,,,,,,,,,,,,,,,,,,,,,,,,,,,,,,,,,,,,,,,,,,,,,,,,,,,,,,,,,,,,,,,,,,,,,,,,,,,,,,,,,,,,,,,,,,,,,,,,,,,,,,,,,,,,,,,,,,,,,,,,,,,,,,,,,,,,,,,,,,,,,,,,,,,,,,,,,,,,,,,,,,,,,,,,,,,,,,,,,,,,,,,,,,,,,,,,,,,,,,,,,,,,,,,,,,,,,,,,,,,,,,,,,,,,,,,,,,,,,,,,,,,,,,,,,,,,,,,,,,,,,,,,,,,,,,,,,
Accessory_FlashLight,Assets/GameObject/Accessory_FlashLight.prefab,c88ab7b37c4f350242674d2efd621c19,c88ab7b37c4f350242674d2efd621c19,-1431003440,,,,,,,,,,,,,,,,,,,,,,,,,,,,,,,,,,,,,,,,,,,,,,,,,,,,,,,,,,,,,,,,,,,,,,,,,,,,,,,,,,,,,,,,,,,,,,,,,,,,,,,,,,,,,,,,,,,,,,,,,,,,,,,,,,,,,,,,,,,,,,,,,,,,,,,,,,,,,,,,,,,,,,,,,,,,,,,,,,,,,,,,,,,,,,,,,,,,,,,,,,,,,,,,,,,,,,,,,,,0,,,,,,,,,,,,,,,,,,,,,,,,,,{fileID: 0},0,,0,,,,,,,,,,,,,,,,,0,,,1,,,,,,,,{fileID: 1126973686399874},1126973686399874,,,,,"{x: 0, y: 0}","{x: 1, y: 1}",1,,,,,,,,,,,,,,,0,,,,,{fileID: 0},0,{fileID: 0},0,,,,,,,,,,,,,1,,,,,,,,,,,"{fileID: -1431003440, guid: c88ab7b37c4f350242674d2efd621c19, type: 3}",-1431003440,c88ab7b37c4f350242674d2efd621c19,,,,,,,,,,,,,,,,,,,,,,,,,,,,,,1,,1,,,,0,,,,,,,,,,,,,,,,,,,,,,,,,,,,,,,,,,,,,,1,,,,3,,,,,,,,,,,,,,,,,,,,,,,,,,,,,,,,,,,,,,,,,,,,,,,,,,,,,,,,,,,,,,,,,,,,,,,,,,,,,,,,,,,,,,,,,,,,,,,,,,,,,,,,,,,,,,,,,,,,,,,,,,,,,,,,,,,,,,,,,,,,,,,,,,,,,,,,,,,,,,,,,,,,,,,,,,,,,,,,,,,,,,,,,,,,,,,,,,,,,,,,,,,,,,,,,,,,,,,,,,,,,,,,,,,,,,,,,,,,,,,,,,,,,,,,,,,,,,,,,,,,,,,,,,,,,,,,,,,,,,,,,,,,,,,,,,,,,,,
Mouth_8,Assets/GameObject/Mouth_8.prefab,c88ab7b37c4f350242674d2efd621c19,c88ab7b37c4f350242674d2efd621c19,1667301410,,,,,,,,,,,,,,,,,,,,,,,,,,,,,,,,,,,,,,,,,,,,,,,,,,,,,,,,,,,,,,,,,,,,,,,,,,,,,,,,,,,,,,,,,,,,,,,,,,,,,,,,,,,,,,,,,,,,,,,,,,,,,,,,,,,,,,,,,,,,,,,,,,,,,,,,,,,,,,,,,,,,,,,,,,,,,,,,,,,,,,,,,,,,,,,,,,,,,,,,,,,,,,,,,,,,,,,,,,,,,,,,,,,,,,,,,,,,,,,,,,,,,{fileID: 0},0,,,,,,,,1,,,,,,,,,,1000,0,,,1,180,,1,0.9,,,,{fileID: 1181856037710464},1181856037710464,,,,,,,,,,,,,,"{fileID: 2100000, guid: 179a99f7d1bd90d45afa070af58bca34, type: 2}",2100000,179a99f7d1bd90d45afa070af58bca34,Assets/Material/MouthsDecal.mat,,,,,0,"{x: 0, y: 0, z: 0.5}",,,,{fileID: 0},0,{fileID: 0},0,,,,,,,,,,,,,,,,,,,,,1,,,"{fileID: 1667301410, guid: c88ab7b37c4f350242674d2efd621c19, type: 3}",1667301410,c88ab7b37c4f350242674d2efd621c19,,,,,,,,,,,,,,,,,,,,,,,,,,,,,,,,,,,"{x: 1, y: 1, z: 1}",,,180,,,,,,,,,,,,,,,,,,,,,,,,,,,,,,"{x: 0.3333, y: 0.333333}","{x: 0.3333, y: 0.3333}",,,,,,,,,,,,,,,,,,,,,,,,,,,,,,,,,,,,,,,,,,,,,,,,,,,,,,,,,,,,,,,,,,,,,,,,,,,,,,,,,,,,,,,,,,,,,,,,,,,,,,,,,,,,,,,,,,,,,,,,,,,,,,,,,,,,,,,,,,,,,,,,,,,,,,,,,,,,,,,,,,,,,,,,,,,,,,,,,,,,,,,,,,,,,,,,,,,,,,,,,,,,,,,,,,,,,,,,,,,,,,,,,,,,,,,,,,,,,,,,,,,,,,,,,,,,,,,,,,,,,,,,,,,,,,,,,,,,,,,,,,,,,,,,,,,,,,,,,,,,,,,,
Mouth_9,Assets/GameObject/Mouth_9.prefab,c88ab7b37c4f350242674d2efd621c19,c88ab7b37c4f350242674d2efd621c19,1667301410,,,,,,,,,,,,,,,,,,,,,,,,,,,,,,,,,,,,,,,,,,,,,,,,,,,,,,,,,,,,,,,,,,,,,,,,,,,,,,,,,,,,,,,,,,,,,,,,,,,,,,,,,,,,,,,,,,,,,,,,,,,,,,,,,,,,,,,,,,,,,,,,,,,,,,,,,,,,,,,,,,,,,,,,,,,,,,,,,,,,,,,,,,,,,,,,,,,,,,,,,,,,,,,,,,,,,,,,,,,,,,,,,,,,,,,,,,,,,,,,,,,,,{fileID: 0},0,,,,,,,,1,,,,,,,,,,1000,0,,,1,180,,1,0.9,,,,{fileID: 1658643732766368},1658643732766368,,,,,,,,,,,,,,"{fileID: 2100000, guid: 179a99f7d1bd90d45afa070af58bca34, type: 2}",2100000,179a99f7d1bd90d45afa070af58bca34,Assets/Material/MouthsDecal.mat,,,,,0,"{x: 0, y: 0, z: 0.5}",,,,{fileID: 0},0,{fileID: 0},0,,,,,,,,,,,,,,,,,,,,,1,,,"{fileID: 1667301410, guid: c88ab7b37c4f350242674d2efd621c19, type: 3}",1667301410,c88ab7b37c4f350242674d2efd621c19,,,,,,,,,,,,,,,,,,,,,,,,,,,,,,,,,,,"{x: 1, y: 1, z: 1}",,,180,,,,,,,,,,,,,,,,,,,,,,,,,,,,,,"{x: 0.66666, y: 0.333333}","{x: 0.3333, y: 0.3333}",,,,,,,,,,,,,,,,,,,,,,,,,,,,,,,,,,,,,,,,,,,,,,,,,,,,,,,,,,,,,,,,,,,,,,,,,,,,,,,,,,,,,,,,,,,,,,,,,,,,,,,,,,,,,,,,,,,,,,,,,,,,,,,,,,,,,,,,,,,,,,,,,,,,,,,,,,,,,,,,,,,,,,,,,,,,,,,,,,,,,,,,,,,,,,,,,,,,,,,,,,,,,,,,,,,,,,,,,,,,,,,,,,,,,,,,,,,,,,,,,,,,,,,,,,,,,,,,,,,,,,,,,,,,,,,,,,,,,,,,,,,,,,,,,,,,,,,,,,,,,,,,
HeadLantern_0,Assets/GameObject/HeadLantern_0.prefab,c88ab7b37c4f350242674d2efd621c19,c88ab7b37c4f350242674d2efd621c19,-1431003440,,,,,,,,,,,,,,,,,,,,,,,,,,,,,,,,,,,,,,,,,,,,,,,,,,,,,,,,,,,,,,,,,,,,,,,,,,,,,,,,,,,,,,,,,,,,,,,,,,,,,,,,,,,,,,,,,,,,,,,,,,,,,,,,,,,,,,,,,,,,,,,,,,,,,,,,,,,,,,,,,,,,,,,,,,,,,,,,,,,,,,,,,,,,,,,,,,,,,,,,,,,,,,,,,,,,,,,,,,,2,,,,,,,,,,,,,,,,,,,,,,,,,,{fileID: 0},0,,0,,,,,,,,,,,,,,,,,0,,,1,,,,,,,,{fileID: 1527868484172656},1527868484172656,,,,,"{x: 0, y: 0}","{x: 1, y: 1}",1,,,,,,,,,,,,,,,0,,,,,{fileID: 0},0,{fileID: 0},0,,,,,,,,,,,,,1,,,,,,,,,,,"{fileID: -1431003440, guid: c88ab7b37c4f350242674d2efd621c19, type: 3}",-1431003440,c88ab7b37c4f350242674d2efd621c19,,,,,,,,,,,,,,,,,,,,,,,,,,,,,,1,,1,,,,0,,,,,,,,,,,,,,,,,,,,,,,,,,,,,,,,,,,,,,1,,,,3,,,,,,,,,,,,,,,,,,,,,,,,,,,,,,,,,,,,,,,,,,,,,,,,,,,,,,,,,,,,,,,,,,,,,,,,,,,,,,,,,,,,,,,,,,,,,,,,,,,,,,,,,,,,,,,,,,,,,,,,,,,,,,,,,,,,,,,,,,,,,,,,,,,,,,,,,,,,,,,,,,,,,,,,,,,,,,,,,,,,,,,,,,,,,,,,,,,,,,,,,,,,,,,,,,,,,,,,,,,,,,,,,,,,,,,,,,,,,,,,,,,,,,,,,,,,,,,,,,,,,,,,,,,,,,,,,,,,,,,,,,,,,,,,,,,,,,,
HeadLantern_0,Assets/GameObject/HeadLantern_0.prefab,c88ab7b37c4f350242674d2efd621c19,c88ab7b37c4f350242674d2efd621c19,-1431003440,,,,,,,,,,,,,,,,,,,,,,,,,,,,,,,,,,,,,,,,,,,,,,,,,,,,,,,,,,,,,,,,,,,,,,,,,,,,,,,,,,,,,,,,,,,,,,,,,,,,,,,,,,,,,,,,,,,,,,,,,,,,,,,,,,,,,,,,,,,,,,,,,,,,,,,,,,,,,,,,,,,,,,,,,,,,,,,,,,,,,,,,,,,,,,,,,,,,,,,,,,,,,,,,,,,,,,,,,,,0,,,,,,,,,,,,,,,,,,,,,,,,,,{fileID: 0},0,,0,,,,,,,,,,,,,,,,,0,,,1,,,,,,,,{fileID: 1026658386868649},1026658386868649,,,,,"{x: 0, y: 0}","{x: 1, y: 1}",1,,,,,,,,,,,,,,,0,,,,,{fileID: 0},0,{fileID: 0},0,,,,,,,,,,,,,1,,,,,,,,,,,"{fileID: -1431003440, guid: c88ab7b37c4f350242674d2efd621c19, type: 3}",-1431003440,c88ab7b37c4f350242674d2efd621c19,,,,,,,,,,,,,,,,,,,,,,,,,,,,,,1,,1,,,,0,,,,,,,,,,,,,,,,,,,,,,,,,,,,,,,,,,,,,,1,,,,3,,,,,,,,,,,,,,,,,,,,,,,,,,,,,,,,,,,,,,,,,,,,,,,,,,,,,,,,,,,,,,,,,,,,,,,,,,,,,,,,,,,,,,,,,,,,,,,,,,,,,,,,,,,,,,,,,,,,,,,,,,,,,,,,,,,,,,,,,,,,,,,,,,,,,,,,,,,,,,,,,,,,,,,,,,,,,,,,,,,,,,,,,,,,,,,,,,,,,,,,,,,,,,,,,,,,,,,,,,,,,,,,,,,,,,,,,,,,,,,,,,,,,,,,,,,,,,,,,,,,,,,,,,,,,,,,,,,,,,,,,,,,,,,,,,,,,,,
DeadFX_ExpStormBoss,Assets/GameObject/DeadFX_ExpStormBoss.prefab,c88ab7b37c4f350242674d2efd621c19,c88ab7b37c4f350242674d2efd621c19,-1431003440,,,,,,,,,,,,,,,,,,,,,,,,,,,,,,,,,,,,,,,,,,,,,,,,,,,,,,,,,,,,,,,,,,,,,,,,,,,,,,,,,,,,,,,,,,,,,,,,,,,,,,,,,,,,,,,,,,,,,,,,,,,,,,,,,,,,,,,,,,,,,,,,,,,,,,,,,,,,,,,,,,,,,,,,,,,,,,,,,,,,,,,,,,,,,,,,,,,,,,,,,,,,,,,,,,,,,,,,,,,2,,,,,,,,,,,,,,,,,,,,,,,,,,{fileID: 0},0,,0,,,,,,,,,,,,,,,,,0,,,1,,,,,,,,{fileID: 1476247474303857},1476247474303857,,,,,"{x: 0, y: 0}","{x: 1, y: 1}",1,,,,,,,,,,,,,,,0,,,,,{fileID: 0},0,{fileID: 0},0,,,,,,,,,,,,,1,,,,,,,,,,,"{fileID: -1431003440, guid: c88ab7b37c4f350242674d2efd621c19, type: 3}",-1431003440,c88ab7b37c4f350242674d2efd621c19,,,,,,,,,,,,,,,,,,,,,,,,,,,,,,1,,1,,,,0,,,,,,,,,,,,,,,,,,,,,,,,,,,,,,,,,,,,,,1,,,,3,,,,,,,,,,,,,,,,,,,,,,,,,,,,,,,,,,,,,,,,,,,,,,,,,,,,,,,,,,,,,,,,,,,,,,,,,,,,,,,,,,,,,,,,,,,,,,,,,,,,,,,,,,,,,,,,,,,,,,,,,,,,,,,,,,,,,,,,,,,,,,,,,,,,,,,,,,,,,,,,,,,,,,,,,,,,,,,,,,,,,,,,,,,,,,,,,,,,,,,,,,,,,,,,,,,,,,,,,,,,,,,,,,,,,,,,,,,,,,,,,,,,,,,,,,,,,,,,,,,,,,,,,,,,,,,,,,,,,,,,,,,,,,,,,,,,,,,
DeadFX_ExpStormBoss,Assets/GameObject/DeadFX_ExpStormBoss.prefab,c88ab7b37c4f350242674d2efd621c19,c88ab7b37c4f350242674d2efd621c19,-1431003440,,,,,,,,,,,,,,,,,,,,,,,,,,,,,,,,,,,,,,,,,,,,,,,,,,,,,,,,,,,,,,,,,,,,,,,,,,,,,,,,,,,,,,,,,,,,,,,,,,,,,,,,,,,,,,,,,,,,,,,,,,,,,,,,,,,,,,,,,,,,,,,,,,,,,,,,,,,,,,,,,,,,,,,,,,,,,,,,,,,,,,,,,,,,,,,,,,,,,,,,,,,,,,,,,,,,,,,,,,,2,,,,,,,,,,,,,,,,,,,,,,,,,,{fileID: 0},0,,0,,,,,,,,,,,,,,,,,0,,,1,,,,,,,,{fileID: 1539318346990774},1539318346990774,,,,,"{x: 0, y: 0}","{x: 1, y: 1}",1,,,,,,,,,,,,,,,0,,,,,{fileID: 0},0,{fileID: 0},0,,,,,,,,,,,,,1,,,,,,,,,,,"{fileID: -1431003440, guid: c88ab7b37c4f350242674d2efd621c19, type: 3}",-1431003440,c88ab7b37c4f350242674d2efd621c19,,,,,,,,,,,,,,,,,,,,,,,,,,,,,,1,,1,,,,0,,,,,,,,,,,,,,,,,,,,,,,,,,,,,,,,,,,,,,1,,,,3,,,,,,,,,,,,,,,,,,,,,,,,,,,,,,,,,,,,,,,,,,,,,,,,,,,,,,,,,,,,,,,,,,,,,,,,,,,,,,,,,,,,,,,,,,,,,,,,,,,,,,,,,,,,,,,,,,,,,,,,,,,,,,,,,,,,,,,,,,,,,,,,,,,,,,,,,,,,,,,,,,,,,,,,,,,,,,,,,,,,,,,,,,,,,,,,,,,,,,,,,,,,,,,,,,,,,,,,,,,,,,,,,,,,,,,,,,,,,,,,,,,,,,,,,,,,,,,,,,,,,,,,,,,,,,,,,,,,,,,,,,,,,,,,,,,,,,,
Building_MedicStation,Assets/GameObject/Building_MedicStation.prefab,c88ab7b37c4f350242674d2efd621c19,c88ab7b37c4f350242674d2efd621c19,-1431003440,,,,,,,,,,,,,,,,,,,,,,,,,,,,,,,,,,,,,,,,,,,,,,,,,,,,,,,,,,,,,,,,,,,,,,,,,,,,,,,,,,,,,,,,,,,,,,,,,,,,,,,,,,,,,,,,,,,,,,,,,,,,,,,,,,,,,,,,,,,,,,,,,,,,,,,,,,,,,,,,,,,,,,,,,,,,,,,,,,,,,,,,,,,,,,,,,,,,,,,,,,,,,,,,,,,,,,,,,,,0,,,,,,,,,,,,,,,,,,,,,,,,,,{fileID: 0},0,,0,,,,,,,,,,,,,,,,,0,,,1,,,,,,,,{fileID: 1064584022652712},1064584022652712,,,,,"{x: 0, y: 0}","{x: 1, y: 1}",1,,,,,,,,,,,,,,,0,,,,,{fileID: 0},0,{fileID: 0},0,,,,,,,,,,,,,1,,,,,,,,,,,"{fileID: -1431003440, guid: c88ab7b37c4f350242674d2efd621c19, type: 3}",-1431003440,c88ab7b37c4f350242674d2efd621c19,,,,,,,,,,,,,,,,,,,,,,,,,,,,,,1,,1,,,,0,,,,,,,,,,,,,,,,,,,,,,,,,,,,,,,,,,,,,,1,,,,3,,,,,,,,,,,,,,,,,,,,,,,,,,,,,,,,,,,,,,,,,,,,,,,,,,,,,,,,,,,,,,,,,,,,,,,,,,,,,,,,,,,,,,,,,,,,,,,,,,,,,,,,,,,,,,,,,,,,,,,,,,,,,,,,,,,,,,,,,,,,,,,,,,,,,,,,,,,,,,,,,,,,,,,,,,,,,,,,,,,,,,,,,,,,,,,,,,,,,,,,,,,,,,,,,,,,,,,,,,,,,,,,,,,,,,,,,,,,,,,,,,,,,,,,,,,,,,,,,,,,,,,,,,,,,,,,,,,,,,,,,,,,,,,,,,,,,,,
Building_MedicStation,Assets/GameObject/Building_MedicStation.prefab,c88ab7b37c4f350242674d2efd621c19,c88ab7b37c4f350242674d2efd621c19,-1431003440,,,,,,,,,,,,,,,,,,,,,,,,,,,,,,,,,,,,,,,,,,,,,,,,,,,,,,,,,,,,,,,,,,,,,,,,,,,,,,,,,,,,,,,,,,,,,,,,,,,,,,,,,,,,,,,,,,,,,,,,,,,,,,,,,,,,,,,,,,,,,,,,,,,,,,,,,,,,,,,,,,,,,,,,,,,,,,,,,,,,,,,,,,,,,,,,,,,,,,,,,,,,,,,,,,,,,,,,,,,0,,,,,,,,,,,,,,,,,,,,,,,,,,{fileID: 0},0,,0,,,,,,,,,,,,,,,,,0,,,1,,,,,,,,{fileID: 1381331968633847},1381331968633847,,,,,"{x: 0, y: 0}","{x: 1, y: 1}",1,,,,,,,,,,,,,,,0,,,,,{fileID: 0},0,{fileID: 0},0,,,,,,,,,,,,,1,,,,,,,,,,,"{fileID: -1431003440, guid: c88ab7b37c4f350242674d2efd621c19, type: 3}",-1431003440,c88ab7b37c4f350242674d2efd621c19,,,,,,,,,,,,,,,,,,,,,,,,,,,,,,1,,1,,,,0,,,,,,,,,,,,,,,,,,,,,,,,,,,,,,,,,,,,,,1,,,,3,,,,,,,,,,,,,,,,,,,,,,,,,,,,,,,,,,,,,,,,,,,,,,,,,,,,,,,,,,,,,,,,,,,,,,,,,,,,,,,,,,,,,,,,,,,,,,,,,,,,,,,,,,,,,,,,,,,,,,,,,,,,,,,,,,,,,,,,,,,,,,,,,,,,,,,,,,,,,,,,,,,,,,,,,,,,,,,,,,,,,,,,,,,,,,,,,,,,,,,,,,,,,,,,,,,,,,,,,,,,,,,,,,,,,,,,,,,,,,,,,,,,,,,,,,,,,,,,,,,,,,,,,,,,,,,,,,,,,,,,,,,,,,,,,,,,,,,
Building_FoodTable,Assets/GameObject/Building_FoodTable.prefab,c88ab7b37c4f350242674d2efd621c19,c88ab7b37c4f350242674d2efd621c19,-1431003440,,,,,,,,,,,,,,,,,,,,,,,,,,,,,,,,,,,,,,,,,,,,,,,,,,,,,,,,,,,,,,,,,,,,,,,,,,,,,,,,,,,,,,,,,,,,,,,,,,,,,,,,,,,,,,,,,,,,,,,,,,,,,,,,,,,,,,,,,,,,,,,,,,,,,,,,,,,,,,,,,,,,,,,,,,,,,,,,,,,,,,,,,,,,,,,,,,,,,,,,,,,,,,,,,,,,,,,,,,,1,,,,,,,,,,,,,,,,,,,,,,,,,,{fileID: 0},0,,0,,,,,,,,,,,,,,,,,0,,,1,,,,,,,,{fileID: 1941364935794815},1941364935794815,,,,,"{x: 0, y: 0}","{x: 1, y: 1}",1,,,,,,,,,,,,,,,0,,,,,{fileID: 0},0,{fileID: 0},0,,,,,,,,,,,,,1,,,,,,,,,,,"{fileID: -1431003440, guid: c88ab7b37c4f350242674d2efd621c19, type: 3}",-1431003440,c88ab7b37c4f350242674d2efd621c19,,,,,,,,,,,,,,,,,,,,,,,,,,,,,,1,,1,,,,0,,,,,,,,,,,,,,,,,,,,,,,,,,,,,,,,,,,,,,1,,,,3,,,,,,,,,,,,,,,,,,,,,,,,,,,,,,,,,,,,,,,,,,,,,,,,,,,,,,,,,,,,,,,,,,,,,,,,,,,,,,,,,,,,,,,,,,,,,,,,,,,,,,,,,,,,,,,,,,,,,,,,,,,,,,,,,,,,,,,,,,,,,,,,,,,,,,,,,,,,,,,,,,,,,,,,,,,,,,,,,,,,,,,,,,,,,,,,,,,,,,,,,,,,,,,,,,,,,,,,,,,,,,,,,,,,,,,,,,,,,,,,,,,,,,,,,,,,,,,,,,,,,,,,,,,,,,,,,,,,,,,,,,,,,,,,,,,,,,,
ExplosionFx_Tox,Assets/GameObject/ExplosionFx_Tox.prefab,c88ab7b37c4f350242674d2efd621c19,c88ab7b37c4f350242674d2efd621c19,-1431003440,,,,,,,,,,,,,,,,,,,,,,,,,,,,,,,,,,,,,,,,,,,,,,,,,,,,,,,,,,,,,,,,,,,,,,,,,,,,,,,,,,,,,,,,,,,,,,,,,,,,,,,,,,,,,,,,,,,,,,,,,,,,,,,,,,,,,,,,,,,,,,,,,,,,,,,,,,,,,,,,,,,,,,,,,,,,,,,,,,,,,,,,,,,,,,,,,,,,,,,,,,,,,,,,,,,,,,,,,,,2,,,,,,,,,,,,,,,,,,,,,,,,,,{fileID: 0},0,,0,,,,,,,,,,,,,,,,,0,,,1,,,,,,,,{fileID: 1325166687709138},1325166687709138,,,,,"{x: 0, y: 0}","{x: 1, y: 1}",1,,,,,,,,,,,,,,,0,,,,,{fileID: 0},0,{fileID: 0},0,,,,,,,,,,,,,1,,,,,,,,,,,"{fileID: -1431003440, guid: c88ab7b37c4f350242674d2efd621c19, type: 3}",-1431003440,c88ab7b37c4f350242674d2efd621c19,,,,,,,,,,,,,,,,,,,,,,,,,,,,,,1,,1,,,,0,,,,,,,,,,,,,,,,,,,,,,,,,,,,,,,,,,,,,,1,,,,3,,,,,,,,,,,,,,,,,,,,,,,,,,,,,,,,,,,,,,,,,,,,,,,,,,,,,,,,,,,,,,,,,,,,,,,,,,,,,,,,,,,,,,,,,,,,,,,,,,,,,,,,,,,,,,,,,,,,,,,,,,,,,,,,,,,,,,,,,,,,,,,,,,,,,,,,,,,,,,,,,,,,,,,,,,,,,,,,,,,,,,,,,,,,,,,,,,,,,,,,,,,,,,,,,,,,,,,,,,,,,,,,,,,,,,,,,,,,,,,,,,,,,,,,,,,,,,,,,,,,,,,,,,,,,,,,,,,,,,,,,,,,,,,,,,,,,,,
LevelManager,Assets/GameObject/LevelManager.prefab,c88ab7b37c4f350242674d2efd621c19,c88ab7b37c4f350242674d2efd621c19,938447500,,,,,,,,,,,,,,,,,,,,,,,,,,,,,,,,,,,,,,,,,,,,,,,,,,,,,,,,,,,,,,,,,,,,,,,,,,,,,,,,,,,,,,,,,,,,,,,,,,,,,,,,,,,,,,,,,,,,,,,,,,,,,,,,,,,,,,,,,,,,,,,,,,,,,,,,,,,,,,,,,,,,,,,,,,,,,,,,,,,,,,,,,,,,,,,,,,,,,,,,,,,,,,,,,,,,,,,,,,,,,,,,1,1,3,2,,,0,[],,,,,1,,,,,,,,,{fileID: 0},0,,,,,,,,,,,,,,,,,1,,0,,,1,,,,,,,,{fileID: 1109058003446766},1109058003446766,,,,,,,,,,,,,,,,,,,,,,0,,,,,{fileID: 0},0,{fileID: 0},0,,,,,1,,1,,,,-1,,,,,,0,0,1,2,,"{x: 0, y: 0, z: 0, w: 0}","{x: 0, y: 0, z: 0, w: 0}","{fileID: 938447500, guid: c88ab7b37c4f350242674d2efd621c19, type: 3}",938447500,c88ab7b37c4f350242674d2efd621c19,,,,,,,,,,,,,,,,,,,,,,,,,,,,,,,,,,,,,,,1,,,,,,,,,,,,,0.2,0.1,1,0,4,0.9,,,,,,,,,,,,,,,,,,,0,,2,,2,3,2,{fileID: 4393188700959986},4393188700959986,,,,,,,,,,,,,,,,,,,,,,,,,,,,,,,,,,,,,,,,,,,,,,,,,,,,,,,,,,,,,,,,,,,,,,,,,,,,,,,,,,,,,,,,,,,,,,,,,,,,,,,,,,,,,,,,,,,,,,,,,,,,,,,,,,,,,,,,,,,,,,,,,,,,,,,,,,,,,,,,,,,,,,,,,,,,,,,,,,,,,,,,,,,,,,,,,,,,,,,,,,,,,,,,,,,,,,,,,,,,,,,,,,,,,,,,,,,,,,,,,,,,,,,,,,,,,,,,,,,,,,,,,,,,,,,,,,,,,,,,,,,,,,,,,
Mouth_11,Assets/GameObject/Mouth_11.prefab,c88ab7b37c4f350242674d2efd621c19,c88ab7b37c4f350242674d2efd621c19,1667301410,,,,,,,,,,,,,,,,,,,,,,,,,,,,,,,,,,,,,,,,,,,,,,,,,,,,,,,,,,,,,,,,,,,,,,,,,,,,,,,,,,,,,,,,,,,,,,,,,,,,,,,,,,,,,,,,,,,,,,,,,,,,,,,,,,,,,,,,,,,,,,,,,,,,,,,,,,,,,,,,,,,,,,,,,,,,,,,,,,,,,,,,,,,,,,,,,,,,,,,,,,,,,,,,,,,,,,,,,,,,,,,,,,,,,,,,,,,,,,,,,,,,,{fileID: 0},0,,,,,,,,1,,,,,,,,,,1000,0,,,1,180,,1,0.9,,,,{fileID: 1238824004394598},1238824004394598,,,,,,,,,,,,,,"{fileID: 2100000, guid: 179a99f7d1bd90d45afa070af58bca34, type: 2}",2100000,179a99f7d1bd90d45afa070af58bca34,Assets/Material/MouthsDecal.mat,,,,,0,"{x: 0, y: 0, z: 0.5}",,,,{fileID: 0},0,{fileID: 0},0,,,,,,,,,,,,,,,,,,,,,1,,,"{fileID: 1667301410, guid: c88ab7b37c4f350242674d2efd621c19, type: 3}",1667301410,c88ab7b37c4f350242674d2efd621c19,,,,,,,,,,,,,,,,,,,,,,,,,,,,,,,,,,,"{x: 1, y: 1, z: 1}",,,180,,,,,,,,,,,,,,,,,,,,,,,,,,,,,,"{x: 0.33333, y: 0.666666}","{x: 0.3333, y: 0.3333}",,,,,,,,,,,,,,,,,,,,,,,,,,,,,,,,,,,,,,,,,,,,,,,,,,,,,,,,,,,,,,,,,,,,,,,,,,,,,,,,,,,,,,,,,,,,,,,,,,,,,,,,,,,,,,,,,,,,,,,,,,,,,,,,,,,,,,,,,,,,,,,,,,,,,,,,,,,,,,,,,,,,,,,,,,,,,,,,,,,,,,,,,,,,,,,,,,,,,,,,,,,,,,,,,,,,,,,,,,,,,,,,,,,,,,,,,,,,,,,,,,,,,,,,,,,,,,,,,,,,,,,,,,,,,,,,,,,,,,,,,,,,,,,,,,,,,,,,,,,,,,,,
SimpleTeleport,Assets/GameObject/SimpleTeleport.prefab,c88ab7b37c4f350242674d2efd621c19,c88ab7b37c4f350242674d2efd621c19,-1431003440,,,,,,,,,,,,,,,,,,,,,,,,,,,,,,,,,,,,,,,,,,,,,,,,,,,,,,,,,,,,,,,,,,,,,,,,,,,,,,,,,,,,,,,,,,,,,,,,,,,,,,,,,,,,,,,,,,,,,,,,,,,,,,,,,,,,,,,,,,,,,,,,,,,,,,,,,,,,,,,,,,,,,,,,,,,,,,,,,,,,,,,,,,,,,,,,,,,,,,,,,,,,,,,,,,,,,,,,,,,2,,,,,,,,,,,,,,,,,,,,,,,,,,{fileID: 0},0,,0,,,,,,,,,,,,,,,,,0,,,1,,,,,,,,{fileID: 1931867100735507},1931867100735507,,,,,"{x: 0, y: 0}","{x: 1, y: 1}",1,,,,,,,,,,,,,,,0,,,,,{fileID: 0},0,{fileID: 0},0,,,,,,,,,,,,,1,,,,,,,,,,,"{fileID: -1431003440, guid: c88ab7b37c4f350242674d2efd621c19, type: 3}",-1431003440,c88ab7b37c4f350242674d2efd621c19,,,,,,,,,,,,,,,,,,,,,,,,,,,,,,1,,1,,,,0,,,,,,,,,,,,,,,,,,,,,,,,,,,,,,,,,,,,,,1,,,,3,,,,,,,,,,,,,,,,,,,,,,,,,,,,,,,,,,,,,,,,,,,,,,,,,,,,,,,,,,,,,,,,,,,,,,,,,,,,,,,,,,,,,,,,,,,,,,,,,,,,,,,,,,,,,,,,,,,,,,,,,,,,,,,,,,,,,,,,,,,,,,,,,,,,,,,,,,,,,,,,,,,,,,,,,,,,,,,,,,,,,,,,,,,,,,,,,,,,,,,,,,,,,,,,,,,,,,,,,,,,,,,,,,,,,,,,,,,,,,,,,,,,,,,,,,,,,,,,,,,,,,,,,,,,,,,,,,,,,,,,,,,,,,,,,,,,,,,
Building_Merchant_Normal,Assets/GameObject/Building_Merchant_Normal.prefab,c88ab7b37c4f350242674d2efd621c19,c88ab7b37c4f350242674d2efd621c19,-1431003440,,,,,,,,,,,,,,,,,,,,,,,,,,,,,,,,,,,,,,,,,,,,,,,,,,,,,,,,,,,,,,,,,,,,,,,,,,,,,,,,,,,,,,,,,,,,,,,,,,,,,,,,,,,,,,,,,,,,,,,,,,,,,,,,,,,,,,,,,,,,,,,,,,,,,,,,,,,,,,,,,,,,,,,,,,,,,,,,,,,,,,,,,,,,,,,,,,,,,,,,,,,,,,,,,,,,,,,,,,,1,,,,,,,,,,,,,,,,,,,,,,,,,,{fileID: 0},0,,0,,,,,,,,,,,,,,,,,0,,,1,,,,,,,,{fileID: 1878409494868780},1878409494868780,,,,,"{x: 0, y: 0}","{x: 1, y: 1}",1,,,,,,,,,,,,,,,0,,,,,{fileID: 0},0,{fileID: 0},0,,,,,,,,,,,,,1,,,,,,,,,,,"{fileID: -1431003440, guid: c88ab7b37c4f350242674d2efd621c19, type: 3}",-1431003440,c88ab7b37c4f350242674d2efd621c19,,,,,,,,,,,,,,,,,,,,,,,,,,,,,,1,,1,,,,0,,,,,,,,,,,,,,,,,,,,,,,,,,,,,,,,,,,,,,1,,,,3,,,,,,,,,,,,,,,,,,,,,,,,,,,,,,,,,,,,,,,,,,,,,,,,,,,,,,,,,,,,,,,,,,,,,,,,,,,,,,,,,,,,,,,,,,,,,,,,,,,,,,,,,,,,,,,,,,,,,,,,,,,,,,,,,,,,,,,,,,,,,,,,,,,,,,,,,,,,,,,,,,,,,,,,,,,,,,,,,,,,,,,,,,,,,,,,,,,,,,,,,,,,,,,,,,,,,,,,,,,,,,,,,,,,,,,,,,,,,,,,,,,,,,,,,,,,,,,,,,,,,,,,,,,,,,,,,,,,,,,,,,,,,,,,,,,,,,,
Building_Bathroom,Assets/GameObject/Building_Bathroom.prefab,c88ab7b37c4f350242674d2efd621c19,c88ab7b37c4f350242674d2efd621c19,-1431003440,,,,,,,,,,,,,,,,,,,,,,,,,,,,,,,,,,,,,,,,,,,,,,,,,,,,,,,,,,,,,,,,,,,,,,,,,,,,,,,,,,,,,,,,,,,,,,,,,,,,,,,,,,,,,,,,,,,,,,,,,,,,,,,,,,,,,,,,,,,,,,,,,,,,,,,,,,,,,,,,,,,,,,,,,,,,,,,,,,,,,,,,,,,,,,,,,,,,,,,,,,,,,,,,,,,,,,,,,,,0,,,,,,,,,,,,,,,,,,,,,,,,,,{fileID: 0},0,,0,,,,,,,,,,,,,,,,,0,,,1,,,,,,,,{fileID: 1506869721212115},1506869721212115,,,,,"{x: 0, y: 0}","{x: 1, y: 1}",1,,,,,,,,,,,,,,,0,,,,,{fileID: 0},0,{fileID: 0},0,,,,,,,,,,,,,1,,,,,,,,,,,"{fileID: -1431003440, guid: c88ab7b37c4f350242674d2efd621c19, type: 3}",-1431003440,c88ab7b37c4f350242674d2efd621c19,,,,,,,,,,,,,,,,,,,,,,,,,,,,,,1,,1,,,,0,,,,,,,,,,,,,,,,,,,,,,,,,,,,,,,,,,,,,,1,,,,3,,,,,,,,,,,,,,,,,,,,,,,,,,,,,,,,,,,,,,,,,,,,,,,,,,,,,,,,,,,,,,,,,,,,,,,,,,,,,,,,,,,,,,,,,,,,,,,,,,,,,,,,,,,,,,,,,,,,,,,,,,,,,,,,,,,,,,,,,,,,,,,,,,,,,,,,,,,,,,,,,,,,,,,,,,,,,,,,,,,,,,,,,,,,,,,,,,,,,,,,,,,,,,,,,,,,,,,,,,,,,,,,,,,,,,,,,,,,,,,,,,,,,,,,,,,,,,,,,,,,,,,,,,,,,,,,,,,,,,,,,,,,,,,,,,,,,,,
Snake,Assets/GameObject/Snake.prefab,c88ab7b37c4f350242674d2efd621c19,c88ab7b37c4f350242674d2efd621c19,938447500,,,,,,,,,,,,,,,,,,,,,,,,,,,,,,,,,,,,,,,,,,,,,,,,,,,,,,,,,,,,,,,,,,,,,,,,,,,,,,,,,,,,,,,,,,,,,,,,,,,,,,,,,,,,,,,,,,,,,,,,,,,,,,,,,,,,,,,,,,,,,,,,,,,,,,,,,,,,,,,,,,,,,,,,,,,,,,,,,,,,,,,,,,,,,,,,,,,,,,,,,,,,,,,,,,,,,,,,,,,,,,,,1,1,0,2,,,0,[],,,,,1,,,,,,,,,{fileID: 0},0,,,,,,,,,,,,,,,,,0,,0,,,1,,,,,,,,{fileID: 1791470728754951},1791470728754951,,,,,,,,,,,,,,,,,,,,,,0,,,,,{fileID: 0},0,{fileID: 0},0,,,,,0,,0,,,,4,,,,,,0,0,2,2,,"{x: 0, y: 0, z: 0, w: 0}","{x: 0, y: 0, z: 0, w: 0}","{fileID: 938447500, guid: c88ab7b37c4f350242674d2efd621c19, type: 3}",938447500,c88ab7b37c4f350242674d2efd621c19,,,,,,,,,,,,,,,,,,,,,,,,,,,,,,,,,,,,,,,0,,,,,,,,,,,,,0,0.1,1,0,3,0.9,,,,,,,,,,,,,,,,,,,0,,2,,2,1073741824,2,{fileID: 0},0,,,,,,,,,,,,,,,,,,,,,,,,,,,,,,,,,,,,,,,,,,,,,,,,,,,,,,,,,,,,,,,,,,,,,,,,,,,,,,,,,,,,,,,,,,,,,,,,,,,,,,,,,,,,,,,,,,,,,,,,,,,,,,,,,,,,,,,,,,,,,,,,,,,,,,,,,,,,,,,,,,,,,,,,,,,,,,,,,,,,,,,,,,,,,,,,,,,,,,,,,,,,,,,,,,,,,,,,,,,,,,,,,,,,,,,,,,,,,,,,,,,,,,,,,,,,,,,,,,,,,,,,,,,,,,,,,,,,,,,,,,,,,,,,,
Snake,Assets/GameObject/Snake.prefab,c88ab7b37c4f350242674d2efd621c19,c88ab7b37c4f350242674d2efd621c19,938447500,,,,,,,,,,,,,,,,,,,,,,,,,,,,,,,,,,,,,,,,,,,,,,,,,,,,,,,,,,,,,,,,,,,,,,,,,,,,,,,,,,,,,,,,,,,,,,,,,,,,,,,,,,,,,,,,,,,,,,,,,,,,,,,,,,,,,,,,,,,,,,,,,,,,,,,,,,,,,,,,,,,,,,,,,,,,,,,,,,,,,,,,,,,,,,,,,,,,,,,,,,,,,,,,,,,,,,,,,,,,,,,,1,1,0,2,,,0,[],,,,,1,,,,,,,,,{fileID: 0},0,,,,,,,,,,,,,,,,,0,,0,,,1,,,,,,,,{fileID: 1018052634467284},1018052634467284,,,,,,,,,,,,,,,,,,,,,,0,,,,,{fileID: 0},0,{fileID: 0},0,,,,,0,,0,,,,4,,,,,,0,0,2,2,,"{x: 0, y: 0, z: 0, w: 0}","{x: 0, y: 0, z: 0, w: 0}","{fileID: 938447500, guid: c88ab7b37c4f350242674d2efd621c19, type: 3}",938447500,c88ab7b37c4f350242674d2efd621c19,,,,,,,,,,,,,,,,,,,,,,,,,,,,,,,,,,,,,,,0,,,,,,,,,,,,,0,0.1,1,0,3,0.9,,,,,,,,,,,,,,,,,,,0,,2,,2,1073741825,2,{fileID: 0},0,,,,,,,,,,,,,,,,,,,,,,,,,,,,,,,,,,,,,,,,,,,,,,,,,,,,,,,,,,,,,,,,,,,,,,,,,,,,,,,,,,,,,,,,,,,,,,,,,,,,,,,,,,,,,,,,,,,,,,,,,,,,,,,,,,,,,,,,,,,,,,,,,,,,,,,,,,,,,,,,,,,,,,,,,,,,,,,,,,,,,,,,,,,,,,,,,,,,,,,,,,,,,,,,,,,,,,,,,,,,,,,,,,,,,,,,,,,,,,,,,,,,,,,,,,,,,,,,,,,,,,,,,,,,,,,,,,,,,,,,,,,,,,,,,
Agent_SBossSpace,Assets/GameObject/Agent_SBossSpace.prefab,c88ab7b37c4f350242674d2efd621c19,c88ab7b37c4f350242674d2efd621c19,-1431003440,,,,,,,,,,,,,,,,,,,,,,,,,,,,,,,,,,,,,,,,,,,,,,,,,,,,,,,,,,,,,,,,,,,,,,,,,,,,,,,,,,,,,,,,,,,,,,,,,,,,,,,,,,,,,,,,,,,,,,,,,,,,,,,,,,,,,,,,,,,,,,,,,,,,,,,,,,,,,,,,,,,,,,,,,,,,,,,,,,,,,,,,,,,,,,,,,,,,,,,,,,,,,,,,,,,,,,,,,,,2,,,,,,,,,,,,,,,,,,,,,,,,,,{fileID: 0},0,,0,,,,,,,,,,,,,,,,,0,,,1,,,,,,,,{fileID: 1852532958907725},1852532958907725,,,,,"{x: 0, y: 0}","{x: 1, y: 1}",1,,,,,,,,,,,,,,,0,,,,,{fileID: 0},0,{fileID: 0},0,,,,,,,,,,,,,1,,,,,,,,,,,"{fileID: -1431003440, guid: c88ab7b37c4f350242674d2efd621c19, type: 3}",-1431003440,c88ab7b37c4f350242674d2efd621c19,,,,,,,,,,,,,,,,,,,,,,,,,,,,,,1,,1,,,,0,,,,,,,,,,,,,,,,,,,,,,,,,,,,,,,,,,,,,,1,,,,3,,,,,,,,,,,,,,,,,,,,,,,,,,,,,,,,,,,,,,,,,,,,,,,,,,,,,,,,,,,,,,,,,,,,,,,,,,,,,,,,,,,,,,,,,,,,,,,,,,,,,,,,,,,,,,,,,,,,,,,,,,,,,,,,,,,,,,,,,,,,,,,,,,,,,,,,,,,,,,,,,,,,,,,,,,,,,,,,,,,,,,,,,,,,,,,,,,,,,,,,,,,,,,,,,,,,,,,,,,,,,,,,,,,,,,,,,,,,,,,,,,,,,,,,,,,,,,,,,,,,,,,,,,,,,,,,,,,,,,,,,,,,,,,,,,,,,,,
ExplosionFx_Space,Assets/GameObject/ExplosionFx_Space.prefab,c88ab7b37c4f350242674d2efd621c19,c88ab7b37c4f350242674d2efd621c19,-1431003440,,,,,,,,,,,,,,,,,,,,,,,,,,,,,,,,,,,,,,,,,,,,,,,,,,,,,,,,,,,,,,,,,,,,,,,,,,,,,,,,,,,,,,,,,,,,,,,,,,,,,,,,,,,,,,,,,,,,,,,,,,,,,,,,,,,,,,,,,,,,,,,,,,,,,,,,,,,,,,,,,,,,,,,,,,,,,,,,,,,,,,,,,,,,,,,,,,,,,,,,,,,,,,,,,,,,,,,,,,,2,,,,,,,,,,,,,,,,,,,,,,,,,,{fileID: 0},0,,0,,,,,,,,,,,,,,,,,0,,,1,,,,,,,,{fileID: 1539437630518873},1539437630518873,,,,,"{x: 0, y: 0}","{x: 1, y: 1}",1,,,,,,,,,,,,,,,0,,,,,{fileID: 0},0,{fileID: 0},0,,,,,,,,,,,,,1,,,,,,,,,,,"{fileID: -1431003440, guid: c88ab7b37c4f350242674d2efd621c19, type: 3}",-1431003440,c88ab7b37c4f350242674d2efd621c19,,,,,,,,,,,,,,,,,,,,,,,,,,,,,,1,,1,,,,0,,,,,,,,,,,,,,,,,,,,,,,,,,,,,,,,,,,,,,1,,,,3,,,,,,,,,,,,,,,,,,,,,,,,,,,,,,,,,,,,,,,,,,,,,,,,,,,,,,,,,,,,,,,,,,,,,,,,,,,,,,,,,,,,,,,,,,,,,,,,,,,,,,,,,,,,,,,,,,,,,,,,,,,,,,,,,,,,,,,,,,,,,,,,,,,,,,,,,,,,,,,,,,,,,,,,,,,,,,,,,,,,,,,,,,,,,,,,,,,,,,,,,,,,,,,,,,,,,,,,,,,,,,,,,,,,,,,,,,,,,,,,,,,,,,,,,,,,,,,,,,,,,,,,,,,,,,,,,,,,,,,,,,,,,,,,,,,,,,,
Building_TeleportMachine,Assets/GameObject/Building_TeleportMachine.prefab,c88ab7b37c4f350242674d2efd621c19,c88ab7b37c4f350242674d2efd621c19,-1431003440,,,,,,,,,,,,,,,,,,,,,,,,,,,,,,,,,,,,,,,,,,,,,,,,,,,,,,,,,,,,,,,,,,,,,,,,,,,,,,,,,,,,,,,,,,,,,,,,,,,,,,,,,,,,,,,,,,,,,,,,,,,,,,,,,,,,,,,,,,,,,,,,,,,,,,,,,,,,,,,,,,,,,,,,,,,,,,,,,,,,,,,,,,,,,,,,,,,,,,,,,,,,,,,,,,,,,,,,,,,2,,,,,,,,,,,,,,,,,,,,,,,,,,{fileID: 0},0,,0,,,,,,,,,,,,,,,,,0,,,1,,,,,,,,{fileID: 1426164330309807},1426164330309807,,,,,"{x: 0, y: 0}","{x: 1, y: 1}",1,,,,,,,,,,,,,,,0,,,,,{fileID: 0},0,{fileID: 0},0,,,,,,,,,,,,,1,,,,,,,,,,,"{fileID: -1431003440, guid: c88ab7b37c4f350242674d2efd621c19, type: 3}",-1431003440,c88ab7b37c4f350242674d2efd621c19,,,,,,,,,,,,,,,,,,,,,,,,,,,,,,1,,1,,,,0,,,,,,,,,,,,,,,,,,,,,,,,,,,,,,,,,,,,,,1,,,,3,,,,,,,,,,,,,,,,,,,,,,,,,,,,,,,,,,,,,,,,,,,,,,,,,,,,,,,,,,,,,,,,,,,,,,,,,,,,,,,,,,,,,,,,,,,,,,,,,,,,,,,,,,,,,,,,,,,,,,,,,,,,,,,,,,,,,,,,,,,,,,,,,,,,,,,,,,,,,,,,,,,,,,,,,,,,,,,,,,,,,,,,,,,,,,,,,,,,,,,,,,,,,,,,,,,,,,,,,,,,,,,,,,,,,,,,,,,,,,,,,,,,,,,,,,,,,,,,,,,,,,,,,,,,,,,,,,,,,,,,,,,,,,,,,,,,,,,
Building_TeleportMachine,Assets/GameObject/Building_TeleportMachine.prefab,c88ab7b37c4f350242674d2efd621c19,c88ab7b37c4f350242674d2efd621c19,-1431003440,,,,,,,,,,,,,,,,,,,,,,,,,,,,,,,,,,,,,,,,,,,,,,,,,,,,,,,,,,,,,,,,,,,,,,,,,,,,,,,,,,,,,,,,,,,,,,,,,,,,,,,,,,,,,,,,,,,,,,,,,,,,,,,,,,,,,,,,,,,,,,,,,,,,,,,,,,,,,,,,,,,,,,,,,,,,,,,,,,,,,,,,,,,,,,,,,,,,,,,,,,,,,,,,,,,,,,,,,,,0,,,,,,,,,,,,,,,,,,,,,,,,,,{fileID: 0},0,,0,,,,,,,,,,,,,,,,,0,,,1,,,,,,,,{fileID: 1386398609531361},1386398609531361,,,,,"{x: 0, y: 0}","{x: 1, y: 1}",1,,,,,,,,,,,,,,,0,,,,,{fileID: 0},0,{fileID: 0},0,,,,,,,,,,,,,1,,,,,,,,,,,"{fileID: -1431003440, guid: c88ab7b37c4f350242674d2efd621c19, type: 3}",-1431003440,c88ab7b37c4f350242674d2efd621c19,,,,,,,,,,,,,,,,,,,,,,,,,,,,,,1,,1,,,,0,,,,,,,,,,,,,,,,,,,,,,,,,,,,,,,,,,,,,,1,,,,3,,,,,,,,,,,,,,,,,,,,,,,,,,,,,,,,,,,,,,,,,,,,,,,,,,,,,,,,,,,,,,,,,,,,,,,,,,,,,,,,,,,,,,,,,,,,,,,,,,,,,,,,,,,,,,,,,,,,,,,,,,,,,,,,,,,,,,,,,,,,,,,,,,,,,,,,,,,,,,,,,,,,,,,,,,,,,,,,,,,,,,,,,,,,,,,,,,,,,,,,,,,,,,,,,,,,,,,,,,,,,,,,,,,,,,,,,,,,,,,,,,,,,,,,,,,,,,,,,,,,,,,,,,,,,,,,,,,,,,,,,,,,,,,,,,,,,,,
Building_TeleportMachine,Assets/GameObject/Building_TeleportMachine.prefab,c88ab7b37c4f350242674d2efd621c19,c88ab7b37c4f350242674d2efd621c19,-1431003440,,,,,,,,,,,,,,,,,,,,,,,,,,,,,,,,,,,,,,,,,,,,,,,,,,,,,,,,,,,,,,,,,,,,,,,,,,,,,,,,,,,,,,,,,,,,,,,,,,,,,,,,,,,,,,,,,,,,,,,,,,,,,,,,,,,,,,,,,,,,,,,,,,,,,,,,,,,,,,,,,,,,,,,,,,,,,,,,,,,,,,,,,,,,,,,,,,,,,,,,,,,,,,,,,,,,,,,,,,,2,,,,,,,,,,,,,,,,,,,,,,,,,,{fileID: 0},0,,0,,,,,,,,,,,,,,,,,0,,,1,,,,,,,,{fileID: 1500377827345206},1500377827345206,,,,,"{x: 0, y: 0}","{x: 1, y: 1}",1,,,,,,,,,,,,,,,0,,,,,{fileID: 0},0,{fileID: 0},0,,,,,,,,,,,,,1,,,,,,,,,,,"{fileID: -1431003440, guid: c88ab7b37c4f350242674d2efd621c19, type: 3}",-1431003440,c88ab7b37c4f350242674d2efd621c19,,,,,,,,,,,,,,,,,,,,,,,,,,,,,,1,,1,,,,0,,,,,,,,,,,,,,,,,,,,,,,,,,,,,,,,,,,,,,1,,,,3,,,,,,,,,,,,,,,,,,,,,,,,,,,,,,,,,,,,,,,,,,,,,,,,,,,,,,,,,,,,,,,,,,,,,,,,,,,,,,,,,,,,,,,,,,,,,,,,,,,,,,,,,,,,,,,,,,,,,,,,,,,,,,,,,,,,,,,,,,,,,,,,,,,,,,,,,,,,,,,,,,,,,,,,,,,,,,,,,,,,,,,,,,,,,,,,,,,,,,,,,,,,,,,,,,,,,,,,,,,,,,,,,,,,,,,,,,,,,,,,,,,,,,,,,,,,,,,,,,,,,,,,,,,,,,,,,,,,,,,,,,,,,,,,,,,,,,,
Building_Formula,Assets/GameObject/Building_Formula.prefab,c88ab7b37c4f350242674d2efd621c19,c88ab7b37c4f350242674d2efd621c19,-1431003440,,,,,,,,,,,,,,,,,,,,,,,,,,,,,,,,,,,,,,,,,,,,,,,,,,,,,,,,,,,,,,,,,,,,,,,,,,,,,,,,,,,,,,,,,,,,,,,,,,,,,,,,,,,,,,,,,,,,,,,,,,,,,,,,,,,,,,,,,,,,,,,,,,,,,,,,,,,,,,,,,,,,,,,,,,,,,,,,,,,,,,,,,,,,,,,,,,,,,,,,,,,,,,,,,,,,,,,,,,,0,,,,,,,,,,,,,,,,,,,,,,,,,,{fileID: 0},0,,0,,,,,,,,,,,,,,,,,0,,,1,,,,,,,,{fileID: 1390513984597223},1390513984597223,,,,,"{x: 0, y: 0}","{x: 1, y: 1}",1,,,,,,,,,,,,,,,0,,,,,{fileID: 0},0,{fileID: 0},0,,,,,,,,,,,,,1,,,,,,,,,,,"{fileID: -1431003440, guid: c88ab7b37c4f350242674d2efd621c19, type: 3}",-1431003440,c88ab7b37c4f350242674d2efd621c19,,,,,,,,,,,,,,,,,,,,,,,,,,,,,,1,,1,,,,0,,,,,,,,,,,,,,,,,,,,,,,,,,,,,,,,,,,,,,1,,,,3,,,,,,,,,,,,,,,,,,,,,,,,,,,,,,,,,,,,,,,,,,,,,,,,,,,,,,,,,,,,,,,,,,,,,,,,,,,,,,,,,,,,,,,,,,,,,,,,,,,,,,,,,,,,,,,,,,,,,,,,,,,,,,,,,,,,,,,,,,,,,,,,,,,,,,,,,,,,,,,,,,,,,,,,,,,,,,,,,,,,,,,,,,,,,,,,,,,,,,,,,,,,,,,,,,,,,,,,,,,,,,,,,,,,,,,,,,,,,,,,,,,,,,,,,,,,,,,,,,,,,,,,,,,,,,,,,,,,,,,,,,,,,,,,,,,,,,,
Agent_Handheld_FlashLight,Assets/GameObject/Agent_Handheld_FlashLight.prefab,c88ab7b37c4f350242674d2efd621c19,c88ab7b37c4f350242674d2efd621c19,-1431003440,,,,,,,,,,,,,,,,,,,,,,,,,,,,,,,,,,,,,,,,,,,,,,,,,,,,,,,,,,,,,,,,,,,,,,,,,,,,,,,,,,,,,,,,,,,,,,,,,,,,,,,,,,,,,,,,,,,,,,,,,,,,,,,,,,,,,,,,,,,,,,,,,,,,,,,,,,,,,,,,,,,,,,,,,,,,,,,,,,,,,,,,,,,,,,,,,,,,,,,,,,,,,,,,,,,,,,,,,,,0,,,,,,,,,,,,,,,,,,,,,,,,,,{fileID: 0},0,,0,,,,,,,,,,,,,,,,,0,,,1,,,,,,,,{fileID: 1407401219696202},1407401219696202,,,,,"{x: 0, y: 0}","{x: 1, y: 1}",1,,,,,,,,,,,,,,,0,,,,,{fileID: 0},0,{fileID: 0},0,,,,,,,,,,,,,1,,,,,,,,,,,"{fileID: -1431003440, guid: c88ab7b37c4f350242674d2efd621c19, type: 3}",-1431003440,c88ab7b37c4f350242674d2efd621c19,,,,,,,,,,,,,,,,,,,,,,,,,,,,,,1,,1,,,,0,,,,,,,,,,,,,,,,,,,,,,,,,,,,,,,,,,,,,,1,,,,3,,,,,,,,,,,,,,,,,,,,,,,,,,,,,,,,,,,,,,,,,,,,,,,,,,,,,,,,,,,,,,,,,,,,,,,,,,,,,,,,,,,,,,,,,,,,,,,,,,,,,,,,,,,,,,,,,,,,,,,,,,,,,,,,,,,,,,,,,,,,,,,,,,,,,,,,,,,,,,,,,,,,,,,,,,,,,,,,,,,,,,,,,,,,,,,,,,,,,,,,,,,,,,,,,,,,,,,,,,,,,,,,,,,,,,,,,,,,,,,,,,,,,,,,,,,,,,,,,,,,,,,,,,,,,,,,,,,,,,,,,,,,,,,,,,,,,,,
Building_MiningMachine,Assets/GameObject/Building_MiningMachine.prefab,c88ab7b37c4f350242674d2efd621c19,c88ab7b37c4f350242674d2efd621c19,-1431003440,,,,,,,,,,,,,,,,,,,,,,,,,,,,,,,,,,,,,,,,,,,,,,,,,,,,,,,,,,,,,,,,,,,,,,,,,,,,,,,,,,,,,,,,,,,,,,,,,,,,,,,,,,,,,,,,,,,,,,,,,,,,,,,,,,,,,,,,,,,,,,,,,,,,,,,,,,,,,,,,,,,,,,,,,,,,,,,,,,,,,,,,,,,,,,,,,,,,,,,,,,,,,,,,,,,,,,,,,,,2,,,,,,,,,,,,,,,,,,,,,,,,,,{fileID: 0},0,,0,,,,,,,,,,,,,,,,,0,,,1,,,,,,,,{fileID: 1246451326749251},1246451326749251,,,,,"{x: 0, y: 0}","{x: 1, y: 1}",1,,,,,,,,,,,,,,,0,,,,,{fileID: 0},0,{fileID: 0},0,,,,,,,,,,,,,1,,,,,,,,,,,"{fileID: -1431003440, guid: c88ab7b37c4f350242674d2efd621c19, type: 3}",-1431003440,c88ab7b37c4f350242674d2efd621c19,,,,,,,,,,,,,,,,,,,,,,,,,,,,,,1,,1,,,,0,,,,,,,,,,,,,,,,,,,,,,,,,,,,,,,,,,,,,,1,,,,3,,,,,,,,,,,,,,,,,,,,,,,,,,,,,,,,,,,,,,,,,,,,,,,,,,,,,,,,,,,,,,,,,,,,,,,,,,,,,,,,,,,,,,,,,,,,,,,,,,,,,,,,,,,,,,,,,,,,,,,,,,,,,,,,,,,,,,,,,,,,,,,,,,,,,,,,,,,,,,,,,,,,,,,,,,,,,,,,,,,,,,,,,,,,,,,,,,,,,,,,,,,,,,,,,,,,,,,,,,,,,,,,,,,,,,,,,,,,,,,,,,,,,,,,,,,,,,,,,,,,,,,,,,,,,,,,,,,,,,,,,,,,,,,,,,,,,,,
Building_MiningMachine,Assets/GameObject/Building_MiningMachine.prefab,c88ab7b37c4f350242674d2efd621c19,c88ab7b37c4f350242674d2efd621c19,-1431003440,,,,,,,,,,,,,,,,,,,,,,,,,,,,,,,,,,,,,,,,,,,,,,,,,,,,,,,,,,,,,,,,,,,,,,,,,,,,,,,,,,,,,,,,,,,,,,,,,,,,,,,,,,,,,,,,,,,,,,,,,,,,,,,,,,,,,,,,,,,,,,,,,,,,,,,,,,,,,,,,,,,,,,,,,,,,,,,,,,,,,,,,,,,,,,,,,,,,,,,,,,,,,,,,,,,,,,,,,,,2,,,,,,,,,,,,,,,,,,,,,,,,,,{fileID: 0},0,,0,,,,,,,,,,,,,,,,,0,,,1,,,,,,,,{fileID: 1363061243831236},1363061243831236,,,,,"{x: 0, y: 0}","{x: 1, y: 1}",1,,,,,,,,,,,,,,,0,,,,,{fileID: 0},0,{fileID: 0},0,,,,,,,,,,,,,1,,,,,,,,,,,"{fileID: -1431003440, guid: c88ab7b37c4f350242674d2efd621c19, type: 3}",-1431003440,c88ab7b37c4f350242674d2efd621c19,,,,,,,,,,,,,,,,,,,,,,,,,,,,,,1,,1,,,,0,,,,,,,,,,,,,,,,,,,,,,,,,,,,,,,,,,,,,,1,,,,3,,,,,,,,,,,,,,,,,,,,,,,,,,,,,,,,,,,,,,,,,,,,,,,,,,,,,,,,,,,,,,,,,,,,,,,,,,,,,,,,,,,,,,,,,,,,,,,,,,,,,,,,,,,,,,,,,,,,,,,,,,,,,,,,,,,,,,,,,,,,,,,,,,,,,,,,,,,,,,,,,,,,,,,,,,,,,,,,,,,,,,,,,,,,,,,,,,,,,,,,,,,,,,,,,,,,,,,,,,,,,,,,,,,,,,,,,,,,,,,,,,,,,,,,,,,,,,,,,,,,,,,,,,,,,,,,,,,,,,,,,,,,,,,,,,,,,,,
Building_MiningMachine,Assets/GameObject/Building_MiningMachine.prefab,c88ab7b37c4f350242674d2efd621c19,c88ab7b37c4f350242674d2efd621c19,-1431003440,,,,,,,,,,,,,,,,,,,,,,,,,,,,,,,,,,,,,,,,,,,,,,,,,,,,,,,,,,,,,,,,,,,,,,,,,,,,,,,,,,,,,,,,,,,,,,,,,,,,,,,,,,,,,,,,,,,,,,,,,,,,,,,,,,,,,,,,,,,,,,,,,,,,,,,,,,,,,,,,,,,,,,,,,,,,,,,,,,,,,,,,,,,,,,,,,,,,,,,,,,,,,,,,,,,,,,,,,,,2,,,,,,,,,,,,,,,,,,,,,,,,,,{fileID: 0},0,,0,,,,,,,,,,,,,,,,,0,,,1,,,,,,,,{fileID: 1676813153700465},1676813153700465,,,,,"{x: 0, y: 0}","{x: 1, y: 1}",1,,,,,,,,,,,,,,,0,,,,,{fileID: 0},0,{fileID: 0},0,,,,,,,,,,,,,1,,,,,,,,,,,"{fileID: -1431003440, guid: c88ab7b37c4f350242674d2efd621c19, type: 3}",-1431003440,c88ab7b37c4f350242674d2efd621c19,,,,,,,,,,,,,,,,,,,,,,,,,,,,,,1,,1,,,,0,,,,,,,,,,,,,,,,,,,,,,,,,,,,,,,,,,,,,,1,,,,3,,,,,,,,,,,,,,,,,,,,,,,,,,,,,,,,,,,,,,,,,,,,,,,,,,,,,,,,,,,,,,,,,,,,,,,,,,,,,,,,,,,,,,,,,,,,,,,,,,,,,,,,,,,,,,,,,,,,,,,,,,,,,,,,,,,,,,,,,,,,,,,,,,,,,,,,,,,,,,,,,,,,,,,,,,,,,,,,,,,,,,,,,,,,,,,,,,,,,,,,,,,,,,,,,,,,,,,,,,,,,,,,,,,,,,,,,,,,,,,,,,,,,,,,,,,,,,,,,,,,,,,,,,,,,,,,,,,,,,,,,,,,,,,,,,,,,,,
Building_MiningMachine,Assets/GameObject/Building_MiningMachine.prefab,c88ab7b37c4f350242674d2efd621c19,c88ab7b37c4f350242674d2efd621c19,-1431003440,,,,,,,,,,,,,,,,,,,,,,,,,,,,,,,,,,,,,,,,,,,,,,,,,,,,,,,,,,,,,,,,,,,,,,,,,,,,,,,,,,,,,,,,,,,,,,,,,,,,,,,,,,,,,,,,,,,,,,,,,,,,,,,,,,,,,,,,,,,,,,,,,,,,,,,,,,,,,,,,,,,,,,,,,,,,,,,,,,,,,,,,,,,,,,,,,,,,,,,,,,,,,,,,,,,,,,,,,,,2,,,,,,,,,,,,,,,,,,,,,,,,,,{fileID: 0},0,,0,,,,,,,,,,,,,,,,,0,,,1,,,,,,,,{fileID: 1496243175628191},1496243175628191,,,,,"{x: 0, y: 0}","{x: 1, y: 1}",1,,,,,,,,,,,,,,,0,,,,,{fileID: 0},0,{fileID: 0},0,,,,,,,,,,,,,1,,,,,,,,,,,"{fileID: -1431003440, guid: c88ab7b37c4f350242674d2efd621c19, type: 3}",-1431003440,c88ab7b37c4f350242674d2efd621c19,,,,,,,,,,,,,,,,,,,,,,,,,,,,,,1,,1,,,,0,,,,,,,,,,,,,,,,,,,,,,,,,,,,,,,,,,,,,,1,,,,3,,,,,,,,,,,,,,,,,,,,,,,,,,,,,,,,,,,,,,,,,,,,,,,,,,,,,,,,,,,,,,,,,,,,,,,,,,,,,,,,,,,,,,,,,,,,,,,,,,,,,,,,,,,,,,,,,,,,,,,,,,,,,,,,,,,,,,,,,,,,,,,,,,,,,,,,,,,,,,,,,,,,,,,,,,,,,,,,,,,,,,,,,,,,,,,,,,,,,,,,,,,,,,,,,,,,,,,,,,,,,,,,,,,,,,,,,,,,,,,,,,,,,,,,,,,,,,,,,,,,,,,,,,,,,,,,,,,,,,,,,,,,,,,,,,,,,,,
Building_MiningMachine,Assets/GameObject/Building_MiningMachine.prefab,c88ab7b37c4f350242674d2efd621c19,c88ab7b37c4f350242674d2efd621c19,-1431003440,,,,,,,,,,,,,,,,,,,,,,,,,,,,,,,,,,,,,,,,,,,,,,,,,,,,,,,,,,,,,,,,,,,,,,,,,,,,,,,,,,,,,,,,,,,,,,,,,,,,,,,,,,,,,,,,,,,,,,,,,,,,,,,,,,,,,,,,,,,,,,,,,,,,,,,,,,,,,,,,,,,,,,,,,,,,,,,,,,,,,,,,,,,,,,,,,,,,,,,,,,,,,,,,,,,,,,,,,,,2,,,,,,,,,,,,,,,,,,,,,,,,,,{fileID: 0},0,,0,,,,,,,,,,,,,,,,,0,,,1,,,,,,,,{fileID: 1316581182401925},1316581182401925,,,,,"{x: 0, y: 0}","{x: 1, y: 1}",1,,,,,,,,,,,,,,,0,,,,,{fileID: 0},0,{fileID: 0},0,,,,,,,,,,,,,1,,,,,,,,,,,"{fileID: -1431003440, guid: c88ab7b37c4f350242674d2efd621c19, type: 3}",-1431003440,c88ab7b37c4f350242674d2efd621c19,,,,,,,,,,,,,,,,,,,,,,,,,,,,,,1,,1,,,,0,,,,,,,,,,,,,,,,,,,,,,,,,,,,,,,,,,,,,,1,,,,3,,,,,,,,,,,,,,,,,,,,,,,,,,,,,,,,,,,,,,,,,,,,,,,,,,,,,,,,,,,,,,,,,,,,,,,,,,,,,,,,,,,,,,,,,,,,,,,,,,,,,,,,,,,,,,,,,,,,,,,,,,,,,,,,,,,,,,,,,,,,,,,,,,,,,,,,,,,,,,,,,,,,,,,,,,,,,,,,,,,,,,,,,,,,,,,,,,,,,,,,,,,,,,,,,,,,,,,,,,,,,,,,,,,,,,,,,,,,,,,,,,,,,,,,,,,,,,,,,,,,,,,,,,,,,,,,,,,,,,,,,,,,,,,,,,,,,,,
Building_MiningMachine,Assets/GameObject/Building_MiningMachine.prefab,c88ab7b37c4f350242674d2efd621c19,c88ab7b37c4f350242674d2efd621c19,-1431003440,,,,,,,,,,,,,,,,,,,,,,,,,,,,,,,,,,,,,,,,,,,,,,,,,,,,,,,,,,,,,,,,,,,,,,,,,,,,,,,,,,,,,,,,,,,,,,,,,,,,,,,,,,,,,,,,,,,,,,,,,,,,,,,,,,,,,,,,,,,,,,,,,,,,,,,,,,,,,,,,,,,,,,,,,,,,,,,,,,,,,,,,,,,,,,,,,,,,,,,,,,,,,,,,,,,,,,,,,,,2,,,,,,,,,,,,,,,,,,,,,,,,,,{fileID: 0},0,,0,,,,,,,,,,,,,,,,,0,,,1,,,,,,,,{fileID: 1707073160573887},1707073160573887,,,,,"{x: 0, y: 0}","{x: 1, y: 1}",1,,,,,,,,,,,,,,,0,,,,,{fileID: 0},0,{fileID: 0},0,,,,,,,,,,,,,1,,,,,,,,,,,"{fileID: -1431003440, guid: c88ab7b37c4f350242674d2efd621c19, type: 3}",-1431003440,c88ab7b37c4f350242674d2efd621c19,,,,,,,,,,,,,,,,,,,,,,,,,,,,,,1,,1,,,,0,,,,,,,,,,,,,,,,,,,,,,,,,,,,,,,,,,,,,,1,,,,3,,,,,,,,,,,,,,,,,,,,,,,,,,,,,,,,,,,,,,,,,,,,,,,,,,,,,,,,,,,,,,,,,,,,,,,,,,,,,,,,,,,,,,,,,,,,,,,,,,,,,,,,,,,,,,,,,,,,,,,,,,,,,,,,,,,,,,,,,,,,,,,,,,,,,,,,,,,,,,,,,,,,,,,,,,,,,,,,,,,,,,,,,,,,,,,,,,,,,,,,,,,,,,,,,,,,,,,,,,,,,,,,,,,,,,,,,,,,,,,,,,,,,,,,,,,,,,,,,,,,,,,,,,,,,,,,,,,,,,,,,,,,,,,,,,,,,,,
Building_MiningMachine,Assets/GameObject/Building_MiningMachine.prefab,c88ab7b37c4f350242674d2efd621c19,c88ab7b37c4f350242674d2efd621c19,-1431003440,,,,,,,,,,,,,,,,,,,,,,,,,,,,,,,,,,,,,,,,,,,,,,,,,,,,,,,,,,,,,,,,,,,,,,,,,,,,,,,,,,,,,,,,,,,,,,,,,,,,,,,,,,,,,,,,,,,,,,,,,,,,,,,,,,,,,,,,,,,,,,,,,,,,,,,,,,,,,,,,,,,,,,,,,,,,,,,,,,,,,,,,,,,,,,,,,,,,,,,,,,,,,,,,,,,,,,,,,,,2,,,,,,,,,,,,,,,,,,,,,,,,,,{fileID: 0},0,,0,,,,,,,,,,,,,,,,,0,,,1,,,,,,,,{fileID: 1442976046428622},1442976046428622,,,,,"{x: 0, y: 0}","{x: 1, y: 1}",1,,,,,,,,,,,,,,,0,,,,,{fileID: 0},0,{fileID: 0},0,,,,,,,,,,,,,1,,,,,,,,,,,"{fileID: -1431003440, guid: c88ab7b37c4f350242674d2efd621c19, type: 3}",-1431003440,c88ab7b37c4f350242674d2efd621c19,,,,,,,,,,,,,,,,,,,,,,,,,,,,,,1,,1,,,,0,,,,,,,,,,,,,,,,,,,,,,,,,,,,,,,,,,,,,,1,,,,3,,,,,,,,,,,,,,,,,,,,,,,,,,,,,,,,,,,,,,,,,,,,,,,,,,,,,,,,,,,,,,,,,,,,,,,,,,,,,,,,,,,,,,,,,,,,,,,,,,,,,,,,,,,,,,,,,,,,,,,,,,,,,,,,,,,,,,,,,,,,,,,,,,,,,,,,,,,,,,,,,,,,,,,,,,,,,,,,,,,,,,,,,,,,,,,,,,,,,,,,,,,,,,,,,,,,,,,,,,,,,,,,,,,,,,,,,,,,,,,,,,,,,,,,,,,,,,,,,,,,,,,,,,,,,,,,,,,,,,,,,,,,,,,,,,,,,,,
Building_MiningMachine,Assets/GameObject/Building_MiningMachine.prefab,c88ab7b37c4f350242674d2efd621c19,c88ab7b37c4f350242674d2efd621c19,-1431003440,,,,,,,,,,,,,,,,,,,,,,,,,,,,,,,,,,,,,,,,,,,,,,,,,,,,,,,,,,,,,,,,,,,,,,,,,,,,,,,,,,,,,,,,,,,,,,,,,,,,,,,,,,,,,,,,,,,,,,,,,,,,,,,,,,,,,,,,,,,,,,,,,,,,,,,,,,,,,,,,,,,,,,,,,,,,,,,,,,,,,,,,,,,,,,,,,,,,,,,,,,,,,,,,,,,,,,,,,,,2,,,,,,,,,,,,,,,,,,,,,,,,,,{fileID: 0},0,,0,,,,,,,,,,,,,,,,,0,,,1,,,,,,,,{fileID: 1701611216110837},1701611216110837,,,,,"{x: 0, y: 0}","{x: 1, y: 1}",1,,,,,,,,,,,,,,,0,,,,,{fileID: 0},0,{fileID: 0},0,,,,,,,,,,,,,1,,,,,,,,,,,"{fileID: -1431003440, guid: c88ab7b37c4f350242674d2efd621c19, type: 3}",-1431003440,c88ab7b37c4f350242674d2efd621c19,,,,,,,,,,,,,,,,,,,,,,,,,,,,,,1,,1,,,,0,,,,,,,,,,,,,,,,,,,,,,,,,,,,,,,,,,,,,,1,,,,3,,,,,,,,,,,,,,,,,,,,,,,,,,,,,,,,,,,,,,,,,,,,,,,,,,,,,,,,,,,,,,,,,,,,,,,,,,,,,,,,,,,,,,,,,,,,,,,,,,,,,,,,,,,,,,,,,,,,,,,,,,,,,,,,,,,,,,,,,,,,,,,,,,,,,,,,,,,,,,,,,,,,,,,,,,,,,,,,,,,,,,,,,,,,,,,,,,,,,,,,,,,,,,,,,,,,,,,,,,,,,,,,,,,,,,,,,,,,,,,,,,,,,,,,,,,,,,,,,,,,,,,,,,,,,,,,,,,,,,,,,,,,,,,,,,,,,,,
Building_MiningMachine,Assets/GameObject/Building_MiningMachine.prefab,c88ab7b37c4f350242674d2efd621c19,c88ab7b37c4f350242674d2efd621c19,-1431003440,,,,,,,,,,,,,,,,,,,,,,,,,,,,,,,,,,,,,,,,,,,,,,,,,,,,,,,,,,,,,,,,,,,,,,,,,,,,,,,,,,,,,,,,,,,,,,,,,,,,,,,,,,,,,,,,,,,,,,,,,,,,,,,,,,,,,,,,,,,,,,,,,,,,,,,,,,,,,,,,,,,,,,,,,,,,,,,,,,,,,,,,,,,,,,,,,,,,,,,,,,,,,,,,,,,,,,,,,,,2,,,,,,,,,,,,,,,,,,,,,,,,,,{fileID: 0},0,,0,,,,,,,,,,,,,,,,,0,,,1,,,,,,,,{fileID: 1507487513836396},1507487513836396,,,,,"{x: 0, y: 0}","{x: 1, y: 1}",1,,,,,,,,,,,,,,,0,,,,,{fileID: 0},0,{fileID: 0},0,,,,,,,,,,,,,1,,,,,,,,,,,"{fileID: -1431003440, guid: c88ab7b37c4f350242674d2efd621c19, type: 3}",-1431003440,c88ab7b37c4f350242674d2efd621c19,,,,,,,,,,,,,,,,,,,,,,,,,,,,,,1,,1,,,,0,,,,,,,,,,,,,,,,,,,,,,,,,,,,,,,,,,,,,,1,,,,3,,,,,,,,,,,,,,,,,,,,,,,,,,,,,,,,,,,,,,,,,,,,,,,,,,,,,,,,,,,,,,,,,,,,,,,,,,,,,,,,,,,,,,,,,,,,,,,,,,,,,,,,,,,,,,,,,,,,,,,,,,,,,,,,,,,,,,,,,,,,,,,,,,,,,,,,,,,,,,,,,,,,,,,,,,,,,,,,,,,,,,,,,,,,,,,,,,,,,,,,,,,,,,,,,,,,,,,,,,,,,,,,,,,,,,,,,,,,,,,,,,,,,,,,,,,,,,,,,,,,,,,,,,,,,,,,,,,,,,,,,,,,,,,,,,,,,,,
Building_MiningMachine,Assets/GameObject/Building_MiningMachine.prefab,c88ab7b37c4f350242674d2efd621c19,c88ab7b37c4f350242674d2efd621c19,-1431003440,,,,,,,,,,,,,,,,,,,,,,,,,,,,,,,,,,,,,,,,,,,,,,,,,,,,,,,,,,,,,,,,,,,,,,,,,,,,,,,,,,,,,,,,,,,,,,,,,,,,,,,,,,,,,,,,,,,,,,,,,,,,,,,,,,,,,,,,,,,,,,,,,,,,,,,,,,,,,,,,,,,,,,,,,,,,,,,,,,,,,,,,,,,,,,,,,,,,,,,,,,,,,,,,,,,,,,,,,,,2,,,,,,,,,,,,,,,,,,,,,,,,,,{fileID: 0},0,,0,,,,,,,,,,,,,,,,,0,,,1,,,,,,,,{fileID: 1517278236674350},1517278236674350,,,,,"{x: 0, y: 0}","{x: 1, y: 1}",1,,,,,,,,,,,,,,,0,,,,,{fileID: 0},0,{fileID: 0},0,,,,,,,,,,,,,1,,,,,,,,,,,"{fileID: -1431003440, guid: c88ab7b37c4f350242674d2efd621c19, type: 3}",-1431003440,c88ab7b37c4f350242674d2efd621c19,,,,,,,,,,,,,,,,,,,,,,,,,,,,,,1,,1,,,,0,,,,,,,,,,,,,,,,,,,,,,,,,,,,,,,,,,,,,,1,,,,3,,,,,,,,,,,,,,,,,,,,,,,,,,,,,,,,,,,,,,,,,,,,,,,,,,,,,,,,,,,,,,,,,,,,,,,,,,,,,,,,,,,,,,,,,,,,,,,,,,,,,,,,,,,,,,,,,,,,,,,,,,,,,,,,,,,,,,,,,,,,,,,,,,,,,,,,,,,,,,,,,,,,,,,,,,,,,,,,,,,,,,,,,,,,,,,,,,,,,,,,,,,,,,,,,,,,,,,,,,,,,,,,,,,,,,,,,,,,,,,,,,,,,,,,,,,,,,,,,,,,,,,,,,,,,,,,,,,,,,,,,,,,,,,,,,,,,,,
Building_MiningMachine,Assets/GameObject/Building_MiningMachine.prefab,c88ab7b37c4f350242674d2efd621c19,c88ab7b37c4f350242674d2efd621c19,-1431003440,,,,,,,,,,,,,,,,,,,,,,,,,,,,,,,,,,,,,,,,,,,,,,,,,,,,,,,,,,,,,,,,,,,,,,,,,,,,,,,,,,,,,,,,,,,,,,,,,,,,,,,,,,,,,,,,,,,,,,,,,,,,,,,,,,,,,,,,,,,,,,,,,,,,,,,,,,,,,,,,,,,,,,,,,,,,,,,,,,,,,,,,,,,,,,,,,,,,,,,,,,,,,,,,,,,,,,,,,,,2,,,,,,,,,,,,,,,,,,,,,,,,,,{fileID: 0},0,,0,,,,,,,,,,,,,,,,,0,,,1,,,,,,,,{fileID: 1217624849783999},1217624849783999,,,,,"{x: 0, y: 0}","{x: 1, y: 1}",1,,,,,,,,,,,,,,,0,,,,,{fileID: 0},0,{fileID: 0},0,,,,,,,,,,,,,1,,,,,,,,,,,"{fileID: -1431003440, guid: c88ab7b37c4f350242674d2efd621c19, type: 3}",-1431003440,c88ab7b37c4f350242674d2efd621c19,,,,,,,,,,,,,,,,,,,,,,,,,,,,,,1,,1,,,,0,,,,,,,,,,,,,,,,,,,,,,,,,,,,,,,,,,,,,,1,,,,3,,,,,,,,,,,,,,,,,,,,,,,,,,,,,,,,,,,,,,,,,,,,,,,,,,,,,,,,,,,,,,,,,,,,,,,,,,,,,,,,,,,,,,,,,,,,,,,,,,,,,,,,,,,,,,,,,,,,,,,,,,,,,,,,,,,,,,,,,,,,,,,,,,,,,,,,,,,,,,,,,,,,,,,,,,,,,,,,,,,,,,,,,,,,,,,,,,,,,,,,,,,,,,,,,,,,,,,,,,,,,,,,,,,,,,,,,,,,,,,,,,,,,,,,,,,,,,,,,,,,,,,,,,,,,,,,,,,,,,,,,,,,,,,,,,,,,,,
Building_MiningMachine,Assets/GameObject/Building_MiningMachine.prefab,c88ab7b37c4f350242674d2efd621c19,c88ab7b37c4f350242674d2efd621c19,-1431003440,,,,,,,,,,,,,,,,,,,,,,,,,,,,,,,,,,,,,,,,,,,,,,,,,,,,,,,,,,,,,,,,,,,,,,,,,,,,,,,,,,,,,,,,,,,,,,,,,,,,,,,,,,,,,,,,,,,,,,,,,,,,,,,,,,,,,,,,,,,,,,,,,,,,,,,,,,,,,,,,,,,,,,,,,,,,,,,,,,,,,,,,,,,,,,,,,,,,,,,,,,,,,,,,,,,,,,,,,,,2,,,,,,,,,,,,,,,,,,,,,,,,,,{fileID: 0},0,,0,,,,,,,,,,,,,,,,,0,,,1,,,,,,,,{fileID: 1904345471060694},1904345471060694,,,,,"{x: 0, y: 0}","{x: 1, y: 1}",1,,,,,,,,,,,,,,,0,,,,,{fileID: 0},0,{fileID: 0},0,,,,,,,,,,,,,1,,,,,,,,,,,"{fileID: -1431003440, guid: c88ab7b37c4f350242674d2efd621c19, type: 3}",-1431003440,c88ab7b37c4f350242674d2efd621c19,,,,,,,,,,,,,,,,,,,,,,,,,,,,,,1,,1,,,,0,,,,,,,,,,,,,,,,,,,,,,,,,,,,,,,,,,,,,,1,,,,3,,,,,,,,,,,,,,,,,,,,,,,,,,,,,,,,,,,,,,,,,,,,,,,,,,,,,,,,,,,,,,,,,,,,,,,,,,,,,,,,,,,,,,,,,,,,,,,,,,,,,,,,,,,,,,,,,,,,,,,,,,,,,,,,,,,,,,,,,,,,,,,,,,,,,,,,,,,,,,,,,,,,,,,,,,,,,,,,,,,,,,,,,,,,,,,,,,,,,,,,,,,,,,,,,,,,,,,,,,,,,,,,,,,,,,,,,,,,,,,,,,,,,,,,,,,,,,,,,,,,,,,,,,,,,,,,,,,,,,,,,,,,,,,,,,,,,,,
Building_MiningMachine,Assets/GameObject/Building_MiningMachine.prefab,c88ab7b37c4f350242674d2efd621c19,c88ab7b37c4f350242674d2efd621c19,-1431003440,,,,,,,,,,,,,,,,,,,,,,,,,,,,,,,,,,,,,,,,,,,,,,,,,,,,,,,,,,,,,,,,,,,,,,,,,,,,,,,,,,,,,,,,,,,,,,,,,,,,,,,,,,,,,,,,,,,,,,,,,,,,,,,,,,,,,,,,,,,,,,,,,,,,,,,,,,,,,,,,,,,,,,,,,,,,,,,,,,,,,,,,,,,,,,,,,,,,,,,,,,,,,,,,,,,,,,,,,,,2,,,,,,,,,,,,,,,,,,,,,,,,,,{fileID: 0},0,,0,,,,,,,,,,,,,,,,,0,,,1,,,,,,,,{fileID: 1532853564010940},1532853564010940,,,,,"{x: 0, y: 0}","{x: 1, y: 1}",1,,,,,,,,,,,,,,,0,,,,,{fileID: 0},0,{fileID: 0},0,,,,,,,,,,,,,1,,,,,,,,,,,"{fileID: -1431003440, guid: c88ab7b37c4f350242674d2efd621c19, type: 3}",-1431003440,c88ab7b37c4f350242674d2efd621c19,,,,,,,,,,,,,,,,,,,,,,,,,,,,,,1,,1,,,,0,,,,,,,,,,,,,,,,,,,,,,,,,,,,,,,,,,,,,,1,,,,3,,,,,,,,,,,,,,,,,,,,,,,,,,,,,,,,,,,,,,,,,,,,,,,,,,,,,,,,,,,,,,,,,,,,,,,,,,,,,,,,,,,,,,,,,,,,,,,,,,,,,,,,,,,,,,,,,,,,,,,,,,,,,,,,,,,,,,,,,,,,,,,,,,,,,,,,,,,,,,,,,,,,,,,,,,,,,,,,,,,,,,,,,,,,,,,,,,,,,,,,,,,,,,,,,,,,,,,,,,,,,,,,,,,,,,,,,,,,,,,,,,,,,,,,,,,,,,,,,,,,,,,,,,,,,,,,,,,,,,,,,,,,,,,,,,,,,,,
Building_MiningMachine,Assets/GameObject/Building_MiningMachine.prefab,c88ab7b37c4f350242674d2efd621c19,c88ab7b37c4f350242674d2efd621c19,-1431003440,,,,,,,,,,,,,,,,,,,,,,,,,,,,,,,,,,,,,,,,,,,,,,,,,,,,,,,,,,,,,,,,,,,,,,,,,,,,,,,,,,,,,,,,,,,,,,,,,,,,,,,,,,,,,,,,,,,,,,,,,,,,,,,,,,,,,,,,,,,,,,,,,,,,,,,,,,,,,,,,,,,,,,,,,,,,,,,,,,,,,,,,,,,,,,,,,,,,,,,,,,,,,,,,,,,,,,,,,,,2,,,,,,,,,,,,,,,,,,,,,,,,,,{fileID: 0},0,,0,,,,,,,,,,,,,,,,,0,,,1,,,,,,,,{fileID: 1533444422131295},1533444422131295,,,,,"{x: 0, y: 0}","{x: 1, y: 1}",1,,,,,,,,,,,,,,,0,,,,,{fileID: 0},0,{fileID: 0},0,,,,,,,,,,,,,1,,,,,,,,,,,"{fileID: -1431003440, guid: c88ab7b37c4f350242674d2efd621c19, type: 3}",-1431003440,c88ab7b37c4f350242674d2efd621c19,,,,,,,,,,,,,,,,,,,,,,,,,,,,,,1,,1,,,,0,,,,,,,,,,,,,,,,,,,,,,,,,,,,,,,,,,,,,,1,,,,3,,,,,,,,,,,,,,,,,,,,,,,,,,,,,,,,,,,,,,,,,,,,,,,,,,,,,,,,,,,,,,,,,,,,,,,,,,,,,,,,,,,,,,,,,,,,,,,,,,,,,,,,,,,,,,,,,,,,,,,,,,,,,,,,,,,,,,,,,,,,,,,,,,,,,,,,,,,,,,,,,,,,,,,,,,,,,,,,,,,,,,,,,,,,,,,,,,,,,,,,,,,,,,,,,,,,,,,,,,,,,,,,,,,,,,,,,,,,,,,,,,,,,,,,,,,,,,,,,,,,,,,,,,,,,,,,,,,,,,,,,,,,,,,,,,,,,,,
Building_MiningMachine,Assets/GameObject/Building_MiningMachine.prefab,c88ab7b37c4f350242674d2efd621c19,c88ab7b37c4f350242674d2efd621c19,-1431003440,,,,,,,,,,,,,,,,,,,,,,,,,,,,,,,,,,,,,,,,,,,,,,,,,,,,,,,,,,,,,,,,,,,,,,,,,,,,,,,,,,,,,,,,,,,,,,,,,,,,,,,,,,,,,,,,,,,,,,,,,,,,,,,,,,,,,,,,,,,,,,,,,,,,,,,,,,,,,,,,,,,,,,,,,,,,,,,,,,,,,,,,,,,,,,,,,,,,,,,,,,,,,,,,,,,,,,,,,,,2,,,,,,,,,,,,,,,,,,,,,,,,,,{fileID: 0},0,,0,,,,,,,,,,,,,,,,,0,,,1,,,,,,,,{fileID: 1287123222671872},1287123222671872,,,,,"{x: 0, y: 0}","{x: 1, y: 1}",1,,,,,,,,,,,,,,,0,,,,,{fileID: 0},0,{fileID: 0},0,,,,,,,,,,,,,1,,,,,,,,,,,"{fileID: -1431003440, guid: c88ab7b37c4f350242674d2efd621c19, type: 3}",-1431003440,c88ab7b37c4f350242674d2efd621c19,,,,,,,,,,,,,,,,,,,,,,,,,,,,,,1,,1,,,,0,,,,,,,,,,,,,,,,,,,,,,,,,,,,,,,,,,,,,,1,,,,3,,,,,,,,,,,,,,,,,,,,,,,,,,,,,,,,,,,,,,,,,,,,,,,,,,,,,,,,,,,,,,,,,,,,,,,,,,,,,,,,,,,,,,,,,,,,,,,,,,,,,,,,,,,,,,,,,,,,,,,,,,,,,,,,,,,,,,,,,,,,,,,,,,,,,,,,,,,,,,,,,,,,,,,,,,,,,,,,,,,,,,,,,,,,,,,,,,,,,,,,,,,,,,,,,,,,,,,,,,,,,,,,,,,,,,,,,,,,,,,,,,,,,,,,,,,,,,,,,,,,,,,,,,,,,,,,,,,,,,,,,,,,,,,,,,,,,,,
Building_MiningMachine,Assets/GameObject/Building_MiningMachine.prefab,c88ab7b37c4f350242674d2efd621c19,c88ab7b37c4f350242674d2efd621c19,-1431003440,,,,,,,,,,,,,,,,,,,,,,,,,,,,,,,,,,,,,,,,,,,,,,,,,,,,,,,,,,,,,,,,,,,,,,,,,,,,,,,,,,,,,,,,,,,,,,,,,,,,,,,,,,,,,,,,,,,,,,,,,,,,,,,,,,,,,,,,,,,,,,,,,,,,,,,,,,,,,,,,,,,,,,,,,,,,,,,,,,,,,,,,,,,,,,,,,,,,,,,,,,,,,,,,,,,,,,,,,,,2,,,,,,,,,,,,,,,,,,,,,,,,,,{fileID: 0},0,,0,,,,,,,,,,,,,,,,,0,,,1,,,,,,,,{fileID: 1586049935144670},1586049935144670,,,,,"{x: 0, y: 0}","{x: 1, y: 1}",1,,,,,,,,,,,,,,,0,,,,,{fileID: 0},0,{fileID: 0},0,,,,,,,,,,,,,1,,,,,,,,,,,"{fileID: -1431003440, guid: c88ab7b37c4f350242674d2efd621c19, type: 3}",-1431003440,c88ab7b37c4f350242674d2efd621c19,,,,,,,,,,,,,,,,,,,,,,,,,,,,,,1,,1,,,,0,,,,,,,,,,,,,,,,,,,,,,,,,,,,,,,,,,,,,,1,,,,3,,,,,,,,,,,,,,,,,,,,,,,,,,,,,,,,,,,,,,,,,,,,,,,,,,,,,,,,,,,,,,,,,,,,,,,,,,,,,,,,,,,,,,,,,,,,,,,,,,,,,,,,,,,,,,,,,,,,,,,,,,,,,,,,,,,,,,,,,,,,,,,,,,,,,,,,,,,,,,,,,,,,,,,,,,,,,,,,,,,,,,,,,,,,,,,,,,,,,,,,,,,,,,,,,,,,,,,,,,,,,,,,,,,,,,,,,,,,,,,,,,,,,,,,,,,,,,,,,,,,,,,,,,,,,,,,,,,,,,,,,,,,,,,,,,,,,,,
Building_MiningMachine,Assets/GameObject/Building_MiningMachine.prefab,c88ab7b37c4f350242674d2efd621c19,c88ab7b37c4f350242674d2efd621c19,-1431003440,,,,,,,,,,,,,,,,,,,,,,,,,,,,,,,,,,,,,,,,,,,,,,,,,,,,,,,,,,,,,,,,,,,,,,,,,,,,,,,,,,,,,,,,,,,,,,,,,,,,,,,,,,,,,,,,,,,,,,,,,,,,,,,,,,,,,,,,,,,,,,,,,,,,,,,,,,,,,,,,,,,,,,,,,,,,,,,,,,,,,,,,,,,,,,,,,,,,,,,,,,,,,,,,,,,,,,,,,,,2,,,,,,,,,,,,,,,,,,,,,,,,,,{fileID: 0},0,,0,,,,,,,,,,,,,,,,,0,,,1,,,,,,,,{fileID: 1473028147438782},1473028147438782,,,,,"{x: 0, y: 0}","{x: 1, y: 1}",1,,,,,,,,,,,,,,,0,,,,,{fileID: 0},0,{fileID: 0},0,,,,,,,,,,,,,1,,,,,,,,,,,"{fileID: -1431003440, guid: c88ab7b37c4f350242674d2efd621c19, type: 3}",-1431003440,c88ab7b37c4f350242674d2efd621c19,,,,,,,,,,,,,,,,,,,,,,,,,,,,,,1,,1,,,,0,,,,,,,,,,,,,,,,,,,,,,,,,,,,,,,,,,,,,,1,,,,3,,,,,,,,,,,,,,,,,,,,,,,,,,,,,,,,,,,,,,,,,,,,,,,,,,,,,,,,,,,,,,,,,,,,,,,,,,,,,,,,,,,,,,,,,,,,,,,,,,,,,,,,,,,,,,,,,,,,,,,,,,,,,,,,,,,,,,,,,,,,,,,,,,,,,,,,,,,,,,,,,,,,,,,,,,,,,,,,,,,,,,,,,,,,,,,,,,,,,,,,,,,,,,,,,,,,,,,,,,,,,,,,,,,,,,,,,,,,,,,,,,,,,,,,,,,,,,,,,,,,,,,,,,,,,,,,,,,,,,,,,,,,,,,,,,,,,,,
Building_MiningMachine,Assets/GameObject/Building_MiningMachine.prefab,c88ab7b37c4f350242674d2efd621c19,c88ab7b37c4f350242674d2efd621c19,-1431003440,,,,,,,,,,,,,,,,,,,,,,,,,,,,,,,,,,,,,,,,,,,,,,,,,,,,,,,,,,,,,,,,,,,,,,,,,,,,,,,,,,,,,,,,,,,,,,,,,,,,,,,,,,,,,,,,,,,,,,,,,,,,,,,,,,,,,,,,,,,,,,,,,,,,,,,,,,,,,,,,,,,,,,,,,,,,,,,,,,,,,,,,,,,,,,,,,,,,,,,,,,,,,,,,,,,,,,,,,,,2,,,,,,,,,,,,,,,,,,,,,,,,,,{fileID: 0},0,,0,,,,,,,,,,,,,,,,,0,,,1,,,,,,,,{fileID: 1614946367691915},1614946367691915,,,,,"{x: 0, y: 0}","{x: 1, y: 1}",1,,,,,,,,,,,,,,,0,,,,,{fileID: 0},0,{fileID: 0},0,,,,,,,,,,,,,1,,,,,,,,,,,"{fileID: -1431003440, guid: c88ab7b37c4f350242674d2efd621c19, type: 3}",-1431003440,c88ab7b37c4f350242674d2efd621c19,,,,,,,,,,,,,,,,,,,,,,,,,,,,,,1,,1,,,,0,,,,,,,,,,,,,,,,,,,,,,,,,,,,,,,,,,,,,,1,,,,3,,,,,,,,,,,,,,,,,,,,,,,,,,,,,,,,,,,,,,,,,,,,,,,,,,,,,,,,,,,,,,,,,,,,,,,,,,,,,,,,,,,,,,,,,,,,,,,,,,,,,,,,,,,,,,,,,,,,,,,,,,,,,,,,,,,,,,,,,,,,,,,,,,,,,,,,,,,,,,,,,,,,,,,,,,,,,,,,,,,,,,,,,,,,,,,,,,,,,,,,,,,,,,,,,,,,,,,,,,,,,,,,,,,,,,,,,,,,,,,,,,,,,,,,,,,,,,,,,,,,,,,,,,,,,,,,,,,,,,,,,,,,,,,,,,,,,,,
Building_MiningMachine,Assets/GameObject/Building_MiningMachine.prefab,c88ab7b37c4f350242674d2efd621c19,c88ab7b37c4f350242674d2efd621c19,-1431003440,,,,,,,,,,,,,,,,,,,,,,,,,,,,,,,,,,,,,,,,,,,,,,,,,,,,,,,,,,,,,,,,,,,,,,,,,,,,,,,,,,,,,,,,,,,,,,,,,,,,,,,,,,,,,,,,,,,,,,,,,,,,,,,,,,,,,,,,,,,,,,,,,,,,,,,,,,,,,,,,,,,,,,,,,,,,,,,,,,,,,,,,,,,,,,,,,,,,,,,,,,,,,,,,,,,,,,,,,,,2,,,,,,,,,,,,,,,,,,,,,,,,,,{fileID: 0},0,,0,,,,,,,,,,,,,,,,,0,,,1,,,,,,,,{fileID: 1417588772147359},1417588772147359,,,,,"{x: 0, y: 0}","{x: 1, y: 1}",1,,,,,,,,,,,,,,,0,,,,,{fileID: 0},0,{fileID: 0},0,,,,,,,,,,,,,1,,,,,,,,,,,"{fileID: -1431003440, guid: c88ab7b37c4f350242674d2efd621c19, type: 3}",-1431003440,c88ab7b37c4f350242674d2efd621c19,,,,,,,,,,,,,,,,,,,,,,,,,,,,,,1,,1,,,,0,,,,,,,,,,,,,,,,,,,,,,,,,,,,,,,,,,,,,,1,,,,3,,,,,,,,,,,,,,,,,,,,,,,,,,,,,,,,,,,,,,,,,,,,,,,,,,,,,,,,,,,,,,,,,,,,,,,,,,,,,,,,,,,,,,,,,,,,,,,,,,,,,,,,,,,,,,,,,,,,,,,,,,,,,,,,,,,,,,,,,,,,,,,,,,,,,,,,,,,,,,,,,,,,,,,,,,,,,,,,,,,,,,,,,,,,,,,,,,,,,,,,,,,,,,,,,,,,,,,,,,,,,,,,,,,,,,,,,,,,,,,,,,,,,,,,,,,,,,,,,,,,,,,,,,,,,,,,,,,,,,,,,,,,,,,,,,,,,,,
Building_MiningMachine,Assets/GameObject/Building_MiningMachine.prefab,c88ab7b37c4f350242674d2efd621c19,c88ab7b37c4f350242674d2efd621c19,-1431003440,,,,,,,,,,,,,,,,,,,,,,,,,,,,,,,,,,,,,,,,,,,,,,,,,,,,,,,,,,,,,,,,,,,,,,,,,,,,,,,,,,,,,,,,,,,,,,,,,,,,,,,,,,,,,,,,,,,,,,,,,,,,,,,,,,,,,,,,,,,,,,,,,,,,,,,,,,,,,,,,,,,,,,,,,,,,,,,,,,,,,,,,,,,,,,,,,,,,,,,,,,,,,,,,,,,,,,,,,,,2,,,,,,,,,,,,,,,,,,,,,,,,,,{fileID: 0},0,,0,,,,,,,,,,,,,,,,,0,,,1,,,,,,,,{fileID: 1602464892973732},1602464892973732,,,,,"{x: 0, y: 0}","{x: 1, y: 1}",1,,,,,,,,,,,,,,,0,,,,,{fileID: 0},0,{fileID: 0},0,,,,,,,,,,,,,1,,,,,,,,,,,"{fileID: -1431003440, guid: c88ab7b37c4f350242674d2efd621c19, type: 3}",-1431003440,c88ab7b37c4f350242674d2efd621c19,,,,,,,,,,,,,,,,,,,,,,,,,,,,,,1,,1,,,,0,,,,,,,,,,,,,,,,,,,,,,,,,,,,,,,,,,,,,,1,,,,3,,,,,,,,,,,,,,,,,,,,,,,,,,,,,,,,,,,,,,,,,,,,,,,,,,,,,,,,,,,,,,,,,,,,,,,,,,,,,,,,,,,,,,,,,,,,,,,,,,,,,,,,,,,,,,,,,,,,,,,,,,,,,,,,,,,,,,,,,,,,,,,,,,,,,,,,,,,,,,,,,,,,,,,,,,,,,,,,,,,,,,,,,,,,,,,,,,,,,,,,,,,,,,,,,,,,,,,,,,,,,,,,,,,,,,,,,,,,,,,,,,,,,,,,,,,,,,,,,,,,,,,,,,,,,,,,,,,,,,,,,,,,,,,,,,,,,,,
Building_MiningMachine,Assets/GameObject/Building_MiningMachine.prefab,c88ab7b37c4f350242674d2efd621c19,c88ab7b37c4f350242674d2efd621c19,-1431003440,,,,,,,,,,,,,,,,,,,,,,,,,,,,,,,,,,,,,,,,,,,,,,,,,,,,,,,,,,,,,,,,,,,,,,,,,,,,,,,,,,,,,,,,,,,,,,,,,,,,,,,,,,,,,,,,,,,,,,,,,,,,,,,,,,,,,,,,,,,,,,,,,,,,,,,,,,,,,,,,,,,,,,,,,,,,,,,,,,,,,,,,,,,,,,,,,,,,,,,,,,,,,,,,,,,,,,,,,,,2,,,,,,,,,,,,,,,,,,,,,,,,,,{fileID: 0},0,,0,,,,,,,,,,,,,,,,,0,,,1,,,,,,,,{fileID: 1431742482452331},1431742482452331,,,,,"{x: 0, y: 0}","{x: 1, y: 1}",1,,,,,,,,,,,,,,,0,,,,,{fileID: 0},0,{fileID: 0},0,,,,,,,,,,,,,1,,,,,,,,,,,"{fileID: -1431003440, guid: c88ab7b37c4f350242674d2efd621c19, type: 3}",-1431003440,c88ab7b37c4f350242674d2efd621c19,,,,,,,,,,,,,,,,,,,,,,,,,,,,,,1,,1,,,,0,,,,,,,,,,,,,,,,,,,,,,,,,,,,,,,,,,,,,,1,,,,3,,,,,,,,,,,,,,,,,,,,,,,,,,,,,,,,,,,,,,,,,,,,,,,,,,,,,,,,,,,,,,,,,,,,,,,,,,,,,,,,,,,,,,,,,,,,,,,,,,,,,,,,,,,,,,,,,,,,,,,,,,,,,,,,,,,,,,,,,,,,,,,,,,,,,,,,,,,,,,,,,,,,,,,,,,,,,,,,,,,,,,,,,,,,,,,,,,,,,,,,,,,,,,,,,,,,,,,,,,,,,,,,,,,,,,,,,,,,,,,,,,,,,,,,,,,,,,,,,,,,,,,,,,,,,,,,,,,,,,,,,,,,,,,,,,,,,,,
Building_MiningMachine,Assets/GameObject/Building_MiningMachine.prefab,c88ab7b37c4f350242674d2efd621c19,c88ab7b37c4f350242674d2efd621c19,-1431003440,,,,,,,,,,,,,,,,,,,,,,,,,,,,,,,,,,,,,,,,,,,,,,,,,,,,,,,,,,,,,,,,,,,,,,,,,,,,,,,,,,,,,,,,,,,,,,,,,,,,,,,,,,,,,,,,,,,,,,,,,,,,,,,,,,,,,,,,,,,,,,,,,,,,,,,,,,,,,,,,,,,,,,,,,,,,,,,,,,,,,,,,,,,,,,,,,,,,,,,,,,,,,,,,,,,,,,,,,,,2,,,,,,,,,,,,,,,,,,,,,,,,,,{fileID: 0},0,,0,,,,,,,,,,,,,,,,,0,,,1,,,,,,,,{fileID: 1146311264741135},1146311264741135,,,,,"{x: 0, y: 0}","{x: 1, y: 1}",1,,,,,,,,,,,,,,,0,,,,,{fileID: 0},0,{fileID: 0},0,,,,,,,,,,,,,1,,,,,,,,,,,"{fileID: -1431003440, guid: c88ab7b37c4f350242674d2efd621c19, type: 3}",-1431003440,c88ab7b37c4f350242674d2efd621c19,,,,,,,,,,,,,,,,,,,,,,,,,,,,,,1,,1,,,,0,,,,,,,,,,,,,,,,,,,,,,,,,,,,,,,,,,,,,,1,,,,3,,,,,,,,,,,,,,,,,,,,,,,,,,,,,,,,,,,,,,,,,,,,,,,,,,,,,,,,,,,,,,,,,,,,,,,,,,,,,,,,,,,,,,,,,,,,,,,,,,,,,,,,,,,,,,,,,,,,,,,,,,,,,,,,,,,,,,,,,,,,,,,,,,,,,,,,,,,,,,,,,,,,,,,,,,,,,,,,,,,,,,,,,,,,,,,,,,,,,,,,,,,,,,,,,,,,,,,,,,,,,,,,,,,,,,,,,,,,,,,,,,,,,,,,,,,,,,,,,,,,,,,,,,,,,,,,,,,,,,,,,,,,,,,,,,,,,,,
Building_MiningMachine,Assets/GameObject/Building_MiningMachine.prefab,c88ab7b37c4f350242674d2efd621c19,c88ab7b37c4f350242674d2efd621c19,-1431003440,,,,,,,,,,,,,,,,,,,,,,,,,,,,,,,,,,,,,,,,,,,,,,,,,,,,,,,,,,,,,,,,,,,,,,,,,,,,,,,,,,,,,,,,,,,,,,,,,,,,,,,,,,,,,,,,,,,,,,,,,,,,,,,,,,,,,,,,,,,,,,,,,,,,,,,,,,,,,,,,,,,,,,,,,,,,,,,,,,,,,,,,,,,,,,,,,,,,,,,,,,,,,,,,,,,,,,,,,,,2,,,,,,,,,,,,,,,,,,,,,,,,,,{fileID: 0},0,,0,,,,,,,,,,,,,,,,,0,,,1,,,,,,,,{fileID: 1782395751434143},1782395751434143,,,,,"{x: 0, y: 0}","{x: 1, y: 1}",1,,,,,,,,,,,,,,,0,,,,,{fileID: 0},0,{fileID: 0},0,,,,,,,,,,,,,1,,,,,,,,,,,"{fileID: -1431003440, guid: c88ab7b37c4f350242674d2efd621c19, type: 3}",-1431003440,c88ab7b37c4f350242674d2efd621c19,,,,,,,,,,,,,,,,,,,,,,,,,,,,,,1,,1,,,,0,,,,,,,,,,,,,,,,,,,,,,,,,,,,,,,,,,,,,,1,,,,3,,,,,,,,,,,,,,,,,,,,,,,,,,,,,,,,,,,,,,,,,,,,,,,,,,,,,,,,,,,,,,,,,,,,,,,,,,,,,,,,,,,,,,,,,,,,,,,,,,,,,,,,,,,,,,,,,,,,,,,,,,,,,,,,,,,,,,,,,,,,,,,,,,,,,,,,,,,,,,,,,,,,,,,,,,,,,,,,,,,,,,,,,,,,,,,,,,,,,,,,,,,,,,,,,,,,,,,,,,,,,,,,,,,,,,,,,,,,,,,,,,,,,,,,,,,,,,,,,,,,,,,,,,,,,,,,,,,,,,,,,,,,,,,,,,,,,,,
Building_MiningMachine,Assets/GameObject/Building_MiningMachine.prefab,c88ab7b37c4f350242674d2efd621c19,c88ab7b37c4f350242674d2efd621c19,-1431003440,,,,,,,,,,,,,,,,,,,,,,,,,,,,,,,,,,,,,,,,,,,,,,,,,,,,,,,,,,,,,,,,,,,,,,,,,,,,,,,,,,,,,,,,,,,,,,,,,,,,,,,,,,,,,,,,,,,,,,,,,,,,,,,,,,,,,,,,,,,,,,,,,,,,,,,,,,,,,,,,,,,,,,,,,,,,,,,,,,,,,,,,,,,,,,,,,,,,,,,,,,,,,,,,,,,,,,,,,,,2,,,,,,,,,,,,,,,,,,,,,,,,,,{fileID: 0},0,,0,,,,,,,,,,,,,,,,,0,,,1,,,,,,,,{fileID: 1375924605831968},1375924605831968,,,,,"{x: 0, y: 0}","{x: 1, y: 1}",1,,,,,,,,,,,,,,,0,,,,,{fileID: 0},0,{fileID: 0},0,,,,,,,,,,,,,1,,,,,,,,,,,"{fileID: -1431003440, guid: c88ab7b37c4f350242674d2efd621c19, type: 3}",-1431003440,c88ab7b37c4f350242674d2efd621c19,,,,,,,,,,,,,,,,,,,,,,,,,,,,,,1,,1,,,,0,,,,,,,,,,,,,,,,,,,,,,,,,,,,,,,,,,,,,,1,,,,3,,,,,,,,,,,,,,,,,,,,,,,,,,,,,,,,,,,,,,,,,,,,,,,,,,,,,,,,,,,,,,,,,,,,,,,,,,,,,,,,,,,,,,,,,,,,,,,,,,,,,,,,,,,,,,,,,,,,,,,,,,,,,,,,,,,,,,,,,,,,,,,,,,,,,,,,,,,,,,,,,,,,,,,,,,,,,,,,,,,,,,,,,,,,,,,,,,,,,,,,,,,,,,,,,,,,,,,,,,,,,,,,,,,,,,,,,,,,,,,,,,,,,,,,,,,,,,,,,,,,,,,,,,,,,,,,,,,,,,,,,,,,,,,,,,,,,,,
Building_MiningMachine,Assets/GameObject/Building_MiningMachine.prefab,c88ab7b37c4f350242674d2efd621c19,c88ab7b37c4f350242674d2efd621c19,-1431003440,,,,,,,,,,,,,,,,,,,,,,,,,,,,,,,,,,,,,,,,,,,,,,,,,,,,,,,,,,,,,,,,,,,,,,,,,,,,,,,,,,,,,,,,,,,,,,,,,,,,,,,,,,,,,,,,,,,,,,,,,,,,,,,,,,,,,,,,,,,,,,,,,,,,,,,,,,,,,,,,,,,,,,,,,,,,,,,,,,,,,,,,,,,,,,,,,,,,,,,,,,,,,,,,,,,,,,,,,,,2,,,,,,,,,,,,,,,,,,,,,,,,,,{fileID: 0},0,,0,,,,,,,,,,,,,,,,,0,,,1,,,,,,,,{fileID: 1031644328980235},1031644328980235,,,,,"{x: 0, y: 0}","{x: 1, y: 1}",1,,,,,,,,,,,,,,,0,,,,,{fileID: 0},0,{fileID: 0},0,,,,,,,,,,,,,1,,,,,,,,,,,"{fileID: -1431003440, guid: c88ab7b37c4f350242674d2efd621c19, type: 3}",-1431003440,c88ab7b37c4f350242674d2efd621c19,,,,,,,,,,,,,,,,,,,,,,,,,,,,,,1,,1,,,,0,,,,,,,,,,,,,,,,,,,,,,,,,,,,,,,,,,,,,,1,,,,3,,,,,,,,,,,,,,,,,,,,,,,,,,,,,,,,,,,,,,,,,,,,,,,,,,,,,,,,,,,,,,,,,,,,,,,,,,,,,,,,,,,,,,,,,,,,,,,,,,,,,,,,,,,,,,,,,,,,,,,,,,,,,,,,,,,,,,,,,,,,,,,,,,,,,,,,,,,,,,,,,,,,,,,,,,,,,,,,,,,,,,,,,,,,,,,,,,,,,,,,,,,,,,,,,,,,,,,,,,,,,,,,,,,,,,,,,,,,,,,,,,,,,,,,,,,,,,,,,,,,,,,,,,,,,,,,,,,,,,,,,,,,,,,,,,,,,,,
Building_MiningMachine,Assets/GameObject/Building_MiningMachine.prefab,c88ab7b37c4f350242674d2efd621c19,c88ab7b37c4f350242674d2efd621c19,-1431003440,,,,,,,,,,,,,,,,,,,,,,,,,,,,,,,,,,,,,,,,,,,,,,,,,,,,,,,,,,,,,,,,,,,,,,,,,,,,,,,,,,,,,,,,,,,,,,,,,,,,,,,,,,,,,,,,,,,,,,,,,,,,,,,,,,,,,,,,,,,,,,,,,,,,,,,,,,,,,,,,,,,,,,,,,,,,,,,,,,,,,,,,,,,,,,,,,,,,,,,,,,,,,,,,,,,,,,,,,,,2,,,,,,,,,,,,,,,,,,,,,,,,,,{fileID: 0},0,,0,,,,,,,,,,,,,,,,,0,,,1,,,,,,,,{fileID: 1267185972176263},1267185972176263,,,,,"{x: 0, y: 0}","{x: 1, y: 1}",1,,,,,,,,,,,,,,,0,,,,,{fileID: 0},0,{fileID: 0},0,,,,,,,,,,,,,1,,,,,,,,,,,"{fileID: -1431003440, guid: c88ab7b37c4f350242674d2efd621c19, type: 3}",-1431003440,c88ab7b37c4f350242674d2efd621c19,,,,,,,,,,,,,,,,,,,,,,,,,,,,,,1,,1,,,,0,,,,,,,,,,,,,,,,,,,,,,,,,,,,,,,,,,,,,,1,,,,3,,,,,,,,,,,,,,,,,,,,,,,,,,,,,,,,,,,,,,,,,,,,,,,,,,,,,,,,,,,,,,,,,,,,,,,,,,,,,,,,,,,,,,,,,,,,,,,,,,,,,,,,,,,,,,,,,,,,,,,,,,,,,,,,,,,,,,,,,,,,,,,,,,,,,,,,,,,,,,,,,,,,,,,,,,,,,,,,,,,,,,,,,,,,,,,,,,,,,,,,,,,,,,,,,,,,,,,,,,,,,,,,,,,,,,,,,,,,,,,,,,,,,,,,,,,,,,,,,,,,,,,,,,,,,,,,,,,,,,,,,,,,,,,,,,,,,,,
Building_MiningMachine,Assets/GameObject/Building_MiningMachine.prefab,c88ab7b37c4f350242674d2efd621c19,c88ab7b37c4f350242674d2efd621c19,-1431003440,,,,,,,,,,,,,,,,,,,,,,,,,,,,,,,,,,,,,,,,,,,,,,,,,,,,,,,,,,,,,,,,,,,,,,,,,,,,,,,,,,,,,,,,,,,,,,,,,,,,,,,,,,,,,,,,,,,,,,,,,,,,,,,,,,,,,,,,,,,,,,,,,,,,,,,,,,,,,,,,,,,,,,,,,,,,,,,,,,,,,,,,,,,,,,,,,,,,,,,,,,,,,,,,,,,,,,,,,,,2,,,,,,,,,,,,,,,,,,,,,,,,,,{fileID: 0},0,,0,,,,,,,,,,,,,,,,,0,,,1,,,,,,,,{fileID: 1811671831558870},1811671831558870,,,,,"{x: 0, y: 0}","{x: 1, y: 1}",1,,,,,,,,,,,,,,,0,,,,,{fileID: 0},0,{fileID: 0},0,,,,,,,,,,,,,1,,,,,,,,,,,"{fileID: -1431003440, guid: c88ab7b37c4f350242674d2efd621c19, type: 3}",-1431003440,c88ab7b37c4f350242674d2efd621c19,,,,,,,,,,,,,,,,,,,,,,,,,,,,,,1,,1,,,,0,,,,,,,,,,,,,,,,,,,,,,,,,,,,,,,,,,,,,,1,,,,3,,,,,,,,,,,,,,,,,,,,,,,,,,,,,,,,,,,,,,,,,,,,,,,,,,,,,,,,,,,,,,,,,,,,,,,,,,,,,,,,,,,,,,,,,,,,,,,,,,,,,,,,,,,,,,,,,,,,,,,,,,,,,,,,,,,,,,,,,,,,,,,,,,,,,,,,,,,,,,,,,,,,,,,,,,,,,,,,,,,,,,,,,,,,,,,,,,,,,,,,,,,,,,,,,,,,,,,,,,,,,,,,,,,,,,,,,,,,,,,,,,,,,,,,,,,,,,,,,,,,,,,,,,,,,,,,,,,,,,,,,,,,,,,,,,,,,,,
Building_MiningMachine,Assets/GameObject/Building_MiningMachine.prefab,c88ab7b37c4f350242674d2efd621c19,c88ab7b37c4f350242674d2efd621c19,-1431003440,,,,,,,,,,,,,,,,,,,,,,,,,,,,,,,,,,,,,,,,,,,,,,,,,,,,,,,,,,,,,,,,,,,,,,,,,,,,,,,,,,,,,,,,,,,,,,,,,,,,,,,,,,,,,,,,,,,,,,,,,,,,,,,,,,,,,,,,,,,,,,,,,,,,,,,,,,,,,,,,,,,,,,,,,,,,,,,,,,,,,,,,,,,,,,,,,,,,,,,,,,,,,,,,,,,,,,,,,,,2,,,,,,,,,,,,,,,,,,,,,,,,,,{fileID: 0},0,,0,,,,,,,,,,,,,,,,,0,,,1,,,,,,,,{fileID: 1565336289634067},1565336289634067,,,,,"{x: 0, y: 0}","{x: 1, y: 1}",1,,,,,,,,,,,,,,,0,,,,,{fileID: 0},0,{fileID: 0},0,,,,,,,,,,,,,1,,,,,,,,,,,"{fileID: -1431003440, guid: c88ab7b37c4f350242674d2efd621c19, type: 3}",-1431003440,c88ab7b37c4f350242674d2efd621c19,,,,,,,,,,,,,,,,,,,,,,,,,,,,,,1,,1,,,,0,,,,,,,,,,,,,,,,,,,,,,,,,,,,,,,,,,,,,,1,,,,3,,,,,,,,,,,,,,,,,,,,,,,,,,,,,,,,,,,,,,,,,,,,,,,,,,,,,,,,,,,,,,,,,,,,,,,,,,,,,,,,,,,,,,,,,,,,,,,,,,,,,,,,,,,,,,,,,,,,,,,,,,,,,,,,,,,,,,,,,,,,,,,,,,,,,,,,,,,,,,,,,,,,,,,,,,,,,,,,,,,,,,,,,,,,,,,,,,,,,,,,,,,,,,,,,,,,,,,,,,,,,,,,,,,,,,,,,,,,,,,,,,,,,,,,,,,,,,,,,,,,,,,,,,,,,,,,,,,,,,,,,,,,,,,,,,,,,,,
Building_MiningMachine,Assets/GameObject/Building_MiningMachine.prefab,c88ab7b37c4f350242674d2efd621c19,c88ab7b37c4f350242674d2efd621c19,-1431003440,,,,,,,,,,,,,,,,,,,,,,,,,,,,,,,,,,,,,,,,,,,,,,,,,,,,,,,,,,,,,,,,,,,,,,,,,,,,,,,,,,,,,,,,,,,,,,,,,,,,,,,,,,,,,,,,,,,,,,,,,,,,,,,,,,,,,,,,,,,,,,,,,,,,,,,,,,,,,,,,,,,,,,,,,,,,,,,,,,,,,,,,,,,,,,,,,,,,,,,,,,,,,,,,,,,,,,,,,,,2,,,,,,,,,,,,,,,,,,,,,,,,,,{fileID: 0},0,,0,,,,,,,,,,,,,,,,,0,,,1,,,,,,,,{fileID: 1282816314351953},1282816314351953,,,,,"{x: 0, y: 0}","{x: 1, y: 1}",1,,,,,,,,,,,,,,,0,,,,,{fileID: 0},0,{fileID: 0},0,,,,,,,,,,,,,1,,,,,,,,,,,"{fileID: -1431003440, guid: c88ab7b37c4f350242674d2efd621c19, type: 3}",-1431003440,c88ab7b37c4f350242674d2efd621c19,,,,,,,,,,,,,,,,,,,,,,,,,,,,,,1,,1,,,,0,,,,,,,,,,,,,,,,,,,,,,,,,,,,,,,,,,,,,,1,,,,3,,,,,,,,,,,,,,,,,,,,,,,,,,,,,,,,,,,,,,,,,,,,,,,,,,,,,,,,,,,,,,,,,,,,,,,,,,,,,,,,,,,,,,,,,,,,,,,,,,,,,,,,,,,,,,,,,,,,,,,,,,,,,,,,,,,,,,,,,,,,,,,,,,,,,,,,,,,,,,,,,,,,,,,,,,,,,,,,,,,,,,,,,,,,,,,,,,,,,,,,,,,,,,,,,,,,,,,,,,,,,,,,,,,,,,,,,,,,,,,,,,,,,,,,,,,,,,,,,,,,,,,,,,,,,,,,,,,,,,,,,,,,,,,,,,,,,,,
Building_MiningMachine,Assets/GameObject/Building_MiningMachine.prefab,c88ab7b37c4f350242674d2efd621c19,c88ab7b37c4f350242674d2efd621c19,-1431003440,,,,,,,,,,,,,,,,,,,,,,,,,,,,,,,,,,,,,,,,,,,,,,,,,,,,,,,,,,,,,,,,,,,,,,,,,,,,,,,,,,,,,,,,,,,,,,,,,,,,,,,,,,,,,,,,,,,,,,,,,,,,,,,,,,,,,,,,,,,,,,,,,,,,,,,,,,,,,,,,,,,,,,,,,,,,,,,,,,,,,,,,,,,,,,,,,,,,,,,,,,,,,,,,,,,,,,,,,,,2,,,,,,,,,,,,,,,,,,,,,,,,,,{fileID: 0},0,,0,,,,,,,,,,,,,,,,,0,,,1,,,,,,,,{fileID: 1850889322253059},1850889322253059,,,,,"{x: 0, y: 0}","{x: 1, y: 1}",1,,,,,,,,,,,,,,,0,,,,,{fileID: 0},0,{fileID: 0},0,,,,,,,,,,,,,1,,,,,,,,,,,"{fileID: -1431003440, guid: c88ab7b37c4f350242674d2efd621c19, type: 3}",-1431003440,c88ab7b37c4f350242674d2efd621c19,,,,,,,,,,,,,,,,,,,,,,,,,,,,,,1,,1,,,,0,,,,,,,,,,,,,,,,,,,,,,,,,,,,,,,,,,,,,,1,,,,3,,,,,,,,,,,,,,,,,,,,,,,,,,,,,,,,,,,,,,,,,,,,,,,,,,,,,,,,,,,,,,,,,,,,,,,,,,,,,,,,,,,,,,,,,,,,,,,,,,,,,,,,,,,,,,,,,,,,,,,,,,,,,,,,,,,,,,,,,,,,,,,,,,,,,,,,,,,,,,,,,,,,,,,,,,,,,,,,,,,,,,,,,,,,,,,,,,,,,,,,,,,,,,,,,,,,,,,,,,,,,,,,,,,,,,,,,,,,,,,,,,,,,,,,,,,,,,,,,,,,,,,,,,,,,,,,,,,,,,,,,,,,,,,,,,,,,,,
Building_MiningMachine,Assets/GameObject/Building_MiningMachine.prefab,c88ab7b37c4f350242674d2efd621c19,c88ab7b37c4f350242674d2efd621c19,-1431003440,,,,,,,,,,,,,,,,,,,,,,,,,,,,,,,,,,,,,,,,,,,,,,,,,,,,,,,,,,,,,,,,,,,,,,,,,,,,,,,,,,,,,,,,,,,,,,,,,,,,,,,,,,,,,,,,,,,,,,,,,,,,,,,,,,,,,,,,,,,,,,,,,,,,,,,,,,,,,,,,,,,,,,,,,,,,,,,,,,,,,,,,,,,,,,,,,,,,,,,,,,,,,,,,,,,,,,,,,,,2,,,,,,,,,,,,,,,,,,,,,,,,,,{fileID: 0},0,,0,,,,,,,,,,,,,,,,,0,,,1,,,,,,,,{fileID: 1831561890806226},1831561890806226,,,,,"{x: 0, y: 0}","{x: 1, y: 1}",1,,,,,,,,,,,,,,,0,,,,,{fileID: 0},0,{fileID: 0},0,,,,,,,,,,,,,1,,,,,,,,,,,"{fileID: -1431003440, guid: c88ab7b37c4f350242674d2efd621c19, type: 3}",-1431003440,c88ab7b37c4f350242674d2efd621c19,,,,,,,,,,,,,,,,,,,,,,,,,,,,,,1,,1,,,,0,,,,,,,,,,,,,,,,,,,,,,,,,,,,,,,,,,,,,,1,,,,3,,,,,,,,,,,,,,,,,,,,,,,,,,,,,,,,,,,,,,,,,,,,,,,,,,,,,,,,,,,,,,,,,,,,,,,,,,,,,,,,,,,,,,,,,,,,,,,,,,,,,,,,,,,,,,,,,,,,,,,,,,,,,,,,,,,,,,,,,,,,,,,,,,,,,,,,,,,,,,,,,,,,,,,,,,,,,,,,,,,,,,,,,,,,,,,,,,,,,,,,,,,,,,,,,,,,,,,,,,,,,,,,,,,,,,,,,,,,,,,,,,,,,,,,,,,,,,,,,,,,,,,,,,,,,,,,,,,,,,,,,,,,,,,,,,,,,,,
Building_MiningMachine,Assets/GameObject/Building_MiningMachine.prefab,c88ab7b37c4f350242674d2efd621c19,c88ab7b37c4f350242674d2efd621c19,-1431003440,,,,,,,,,,,,,,,,,,,,,,,,,,,,,,,,,,,,,,,,,,,,,,,,,,,,,,,,,,,,,,,,,,,,,,,,,,,,,,,,,,,,,,,,,,,,,,,,,,,,,,,,,,,,,,,,,,,,,,,,,,,,,,,,,,,,,,,,,,,,,,,,,,,,,,,,,,,,,,,,,,,,,,,,,,,,,,,,,,,,,,,,,,,,,,,,,,,,,,,,,,,,,,,,,,,,,,,,,,,2,,,,,,,,,,,,,,,,,,,,,,,,,,{fileID: 0},0,,0,,,,,,,,,,,,,,,,,0,,,1,,,,,,,,{fileID: 1053939948064018},1053939948064018,,,,,"{x: 0, y: 0}","{x: 1, y: 1}",1,,,,,,,,,,,,,,,0,,,,,{fileID: 0},0,{fileID: 0},0,,,,,,,,,,,,,1,,,,,,,,,,,"{fileID: -1431003440, guid: c88ab7b37c4f350242674d2efd621c19, type: 3}",-1431003440,c88ab7b37c4f350242674d2efd621c19,,,,,,,,,,,,,,,,,,,,,,,,,,,,,,1,,1,,,,0,,,,,,,,,,,,,,,,,,,,,,,,,,,,,,,,,,,,,,1,,,,3,,,,,,,,,,,,,,,,,,,,,,,,,,,,,,,,,,,,,,,,,,,,,,,,,,,,,,,,,,,,,,,,,,,,,,,,,,,,,,,,,,,,,,,,,,,,,,,,,,,,,,,,,,,,,,,,,,,,,,,,,,,,,,,,,,,,,,,,,,,,,,,,,,,,,,,,,,,,,,,,,,,,,,,,,,,,,,,,,,,,,,,,,,,,,,,,,,,,,,,,,,,,,,,,,,,,,,,,,,,,,,,,,,,,,,,,,,,,,,,,,,,,,,,,,,,,,,,,,,,,,,,,,,,,,,,,,,,,,,,,,,,,,,,,,,,,,,,
Building_MiningMachine,Assets/GameObject/Building_MiningMachine.prefab,c88ab7b37c4f350242674d2efd621c19,c88ab7b37c4f350242674d2efd621c19,-1431003440,,,,,,,,,,,,,,,,,,,,,,,,,,,,,,,,,,,,,,,,,,,,,,,,,,,,,,,,,,,,,,,,,,,,,,,,,,,,,,,,,,,,,,,,,,,,,,,,,,,,,,,,,,,,,,,,,,,,,,,,,,,,,,,,,,,,,,,,,,,,,,,,,,,,,,,,,,,,,,,,,,,,,,,,,,,,,,,,,,,,,,,,,,,,,,,,,,,,,,,,,,,,,,,,,,,,,,,,,,,2,,,,,,,,,,,,,,,,,,,,,,,,,,{fileID: 0},0,,0,,,,,,,,,,,,,,,,,0,,,1,,,,,,,,{fileID: 1326359142286260},1326359142286260,,,,,"{x: 0, y: 0}","{x: 1, y: 1}",1,,,,,,,,,,,,,,,0,,,,,{fileID: 0},0,{fileID: 0},0,,,,,,,,,,,,,1,,,,,,,,,,,"{fileID: -1431003440, guid: c88ab7b37c4f350242674d2efd621c19, type: 3}",-1431003440,c88ab7b37c4f350242674d2efd621c19,,,,,,,,,,,,,,,,,,,,,,,,,,,,,,1,,1,,,,0,,,,,,,,,,,,,,,,,,,,,,,,,,,,,,,,,,,,,,1,,,,3,,,,,,,,,,,,,,,,,,,,,,,,,,,,,,,,,,,,,,,,,,,,,,,,,,,,,,,,,,,,,,,,,,,,,,,,,,,,,,,,,,,,,,,,,,,,,,,,,,,,,,,,,,,,,,,,,,,,,,,,,,,,,,,,,,,,,,,,,,,,,,,,,,,,,,,,,,,,,,,,,,,,,,,,,,,,,,,,,,,,,,,,,,,,,,,,,,,,,,,,,,,,,,,,,,,,,,,,,,,,,,,,,,,,,,,,,,,,,,,,,,,,,,,,,,,,,,,,,,,,,,,,,,,,,,,,,,,,,,,,,,,,,,,,,,,,,,,
Building_MiningMachine,Assets/GameObject/Building_MiningMachine.prefab,c88ab7b37c4f350242674d2efd621c19,c88ab7b37c4f350242674d2efd621c19,-1431003440,,,,,,,,,,,,,,,,,,,,,,,,,,,,,,,,,,,,,,,,,,,,,,,,,,,,,,,,,,,,,,,,,,,,,,,,,,,,,,,,,,,,,,,,,,,,,,,,,,,,,,,,,,,,,,,,,,,,,,,,,,,,,,,,,,,,,,,,,,,,,,,,,,,,,,,,,,,,,,,,,,,,,,,,,,,,,,,,,,,,,,,,,,,,,,,,,,,,,,,,,,,,,,,,,,,,,,,,,,,2,,,,,,,,,,,,,,,,,,,,,,,,,,{fileID: 0},0,,0,,,,,,,,,,,,,,,,,0,,,1,,,,,,,,{fileID: 1178628699374077},1178628699374077,,,,,"{x: 0, y: 0}","{x: 1, y: 1}",1,,,,,,,,,,,,,,,0,,,,,{fileID: 0},0,{fileID: 0},0,,,,,,,,,,,,,1,,,,,,,,,,,"{fileID: -1431003440, guid: c88ab7b37c4f350242674d2efd621c19, type: 3}",-1431003440,c88ab7b37c4f350242674d2efd621c19,,,,,,,,,,,,,,,,,,,,,,,,,,,,,,1,,1,,,,0,,,,,,,,,,,,,,,,,,,,,,,,,,,,,,,,,,,,,,1,,,,3,,,,,,,,,,,,,,,,,,,,,,,,,,,,,,,,,,,,,,,,,,,,,,,,,,,,,,,,,,,,,,,,,,,,,,,,,,,,,,,,,,,,,,,,,,,,,,,,,,,,,,,,,,,,,,,,,,,,,,,,,,,,,,,,,,,,,,,,,,,,,,,,,,,,,,,,,,,,,,,,,,,,,,,,,,,,,,,,,,,,,,,,,,,,,,,,,,,,,,,,,,,,,,,,,,,,,,,,,,,,,,,,,,,,,,,,,,,,,,,,,,,,,,,,,,,,,,,,,,,,,,,,,,,,,,,,,,,,,,,,,,,,,,,,,,,,,,,
Building_MiningMachine,Assets/GameObject/Building_MiningMachine.prefab,c88ab7b37c4f350242674d2efd621c19,c88ab7b37c4f350242674d2efd621c19,-1431003440,,,,,,,,,,,,,,,,,,,,,,,,,,,,,,,,,,,,,,,,,,,,,,,,,,,,,,,,,,,,,,,,,,,,,,,,,,,,,,,,,,,,,,,,,,,,,,,,,,,,,,,,,,,,,,,,,,,,,,,,,,,,,,,,,,,,,,,,,,,,,,,,,,,,,,,,,,,,,,,,,,,,,,,,,,,,,,,,,,,,,,,,,,,,,,,,,,,,,,,,,,,,,,,,,,,,,,,,,,,2,,,,,,,,,,,,,,,,,,,,,,,,,,{fileID: 0},0,,0,,,,,,,,,,,,,,,,,0,,,1,,,,,,,,{fileID: 1929231836332038},1929231836332038,,,,,"{x: 0, y: 0}","{x: 1, y: 1}",1,,,,,,,,,,,,,,,0,,,,,{fileID: 0},0,{fileID: 0},0,,,,,,,,,,,,,1,,,,,,,,,,,"{fileID: -1431003440, guid: c88ab7b37c4f350242674d2efd621c19, type: 3}",-1431003440,c88ab7b37c4f350242674d2efd621c19,,,,,,,,,,,,,,,,,,,,,,,,,,,,,,1,,1,,,,0,,,,,,,,,,,,,,,,,,,,,,,,,,,,,,,,,,,,,,1,,,,3,,,,,,,,,,,,,,,,,,,,,,,,,,,,,,,,,,,,,,,,,,,,,,,,,,,,,,,,,,,,,,,,,,,,,,,,,,,,,,,,,,,,,,,,,,,,,,,,,,,,,,,,,,,,,,,,,,,,,,,,,,,,,,,,,,,,,,,,,,,,,,,,,,,,,,,,,,,,,,,,,,,,,,,,,,,,,,,,,,,,,,,,,,,,,,,,,,,,,,,,,,,,,,,,,,,,,,,,,,,,,,,,,,,,,,,,,,,,,,,,,,,,,,,,,,,,,,,,,,,,,,,,,,,,,,,,,,,,,,,,,,,,,,,,,,,,,,,
Building_MiningMachine,Assets/GameObject/Building_MiningMachine.prefab,c88ab7b37c4f350242674d2efd621c19,c88ab7b37c4f350242674d2efd621c19,-1431003440,,,,,,,,,,,,,,,,,,,,,,,,,,,,,,,,,,,,,,,,,,,,,,,,,,,,,,,,,,,,,,,,,,,,,,,,,,,,,,,,,,,,,,,,,,,,,,,,,,,,,,,,,,,,,,,,,,,,,,,,,,,,,,,,,,,,,,,,,,,,,,,,,,,,,,,,,,,,,,,,,,,,,,,,,,,,,,,,,,,,,,,,,,,,,,,,,,,,,,,,,,,,,,,,,,,,,,,,,,,2,,,,,,,,,,,,,,,,,,,,,,,,,,{fileID: 0},0,,0,,,,,,,,,,,,,,,,,0,,,1,,,,,,,,{fileID: 1061532089422560},1061532089422560,,,,,"{x: 0, y: 0}","{x: 1, y: 1}",1,,,,,,,,,,,,,,,0,,,,,{fileID: 0},0,{fileID: 0},0,,,,,,,,,,,,,1,,,,,,,,,,,"{fileID: -1431003440, guid: c88ab7b37c4f350242674d2efd621c19, type: 3}",-1431003440,c88ab7b37c4f350242674d2efd621c19,,,,,,,,,,,,,,,,,,,,,,,,,,,,,,1,,1,,,,0,,,,,,,,,,,,,,,,,,,,,,,,,,,,,,,,,,,,,,1,,,,3,,,,,,,,,,,,,,,,,,,,,,,,,,,,,,,,,,,,,,,,,,,,,,,,,,,,,,,,,,,,,,,,,,,,,,,,,,,,,,,,,,,,,,,,,,,,,,,,,,,,,,,,,,,,,,,,,,,,,,,,,,,,,,,,,,,,,,,,,,,,,,,,,,,,,,,,,,,,,,,,,,,,,,,,,,,,,,,,,,,,,,,,,,,,,,,,,,,,,,,,,,,,,,,,,,,,,,,,,,,,,,,,,,,,,,,,,,,,,,,,,,,,,,,,,,,,,,,,,,,,,,,,,,,,,,,,,,,,,,,,,,,,,,,,,,,,,,,
Building_MiningMachine,Assets/GameObject/Building_MiningMachine.prefab,c88ab7b37c4f350242674d2efd621c19,c88ab7b37c4f350242674d2efd621c19,-1431003440,,,,,,,,,,,,,,,,,,,,,,,,,,,,,,,,,,,,,,,,,,,,,,,,,,,,,,,,,,,,,,,,,,,,,,,,,,,,,,,,,,,,,,,,,,,,,,,,,,,,,,,,,,,,,,,,,,,,,,,,,,,,,,,,,,,,,,,,,,,,,,,,,,,,,,,,,,,,,,,,,,,,,,,,,,,,,,,,,,,,,,,,,,,,,,,,,,,,,,,,,,,,,,,,,,,,,,,,,,,2,,,,,,,,,,,,,,,,,,,,,,,,,,{fileID: 0},0,,0,,,,,,,,,,,,,,,,,0,,,1,,,,,,,,{fileID: 1059465841559547},1059465841559547,,,,,"{x: 0, y: 0}","{x: 1, y: 1}",1,,,,,,,,,,,,,,,0,,,,,{fileID: 0},0,{fileID: 0},0,,,,,,,,,,,,,1,,,,,,,,,,,"{fileID: -1431003440, guid: c88ab7b37c4f350242674d2efd621c19, type: 3}",-1431003440,c88ab7b37c4f350242674d2efd621c19,,,,,,,,,,,,,,,,,,,,,,,,,,,,,,1,,1,,,,0,,,,,,,,,,,,,,,,,,,,,,,,,,,,,,,,,,,,,,1,,,,3,,,,,,,,,,,,,,,,,,,,,,,,,,,,,,,,,,,,,,,,,,,,,,,,,,,,,,,,,,,,,,,,,,,,,,,,,,,,,,,,,,,,,,,,,,,,,,,,,,,,,,,,,,,,,,,,,,,,,,,,,,,,,,,,,,,,,,,,,,,,,,,,,,,,,,,,,,,,,,,,,,,,,,,,,,,,,,,,,,,,,,,,,,,,,,,,,,,,,,,,,,,,,,,,,,,,,,,,,,,,,,,,,,,,,,,,,,,,,,,,,,,,,,,,,,,,,,,,,,,,,,,,,,,,,,,,,,,,,,,,,,,,,,,,,,,,,,,
Building_MiningMachine,Assets/GameObject/Building_MiningMachine.prefab,c88ab7b37c4f350242674d2efd621c19,c88ab7b37c4f350242674d2efd621c19,-1431003440,,,,,,,,,,,,,,,,,,,,,,,,,,,,,,,,,,,,,,,,,,,,,,,,,,,,,,,,,,,,,,,,,,,,,,,,,,,,,,,,,,,,,,,,,,,,,,,,,,,,,,,,,,,,,,,,,,,,,,,,,,,,,,,,,,,,,,,,,,,,,,,,,,,,,,,,,,,,,,,,,,,,,,,,,,,,,,,,,,,,,,,,,,,,,,,,,,,,,,,,,,,,,,,,,,,,,,,,,,,2,,,,,,,,,,,,,,,,,,,,,,,,,,{fileID: 0},0,,0,,,,,,,,,,,,,,,,,0,,,1,,,,,,,,{fileID: 1630083131641596},1630083131641596,,,,,"{x: 0, y: 0}","{x: 1, y: 1}",1,,,,,,,,,,,,,,,0,,,,,{fileID: 0},0,{fileID: 0},0,,,,,,,,,,,,,1,,,,,,,,,,,"{fileID: -1431003440, guid: c88ab7b37c4f350242674d2efd621c19, type: 3}",-1431003440,c88ab7b37c4f350242674d2efd621c19,,,,,,,,,,,,,,,,,,,,,,,,,,,,,,1,,1,,,,0,,,,,,,,,,,,,,,,,,,,,,,,,,,,,,,,,,,,,,1,,,,3,,,,,,,,,,,,,,,,,,,,,,,,,,,,,,,,,,,,,,,,,,,,,,,,,,,,,,,,,,,,,,,,,,,,,,,,,,,,,,,,,,,,,,,,,,,,,,,,,,,,,,,,,,,,,,,,,,,,,,,,,,,,,,,,,,,,,,,,,,,,,,,,,,,,,,,,,,,,,,,,,,,,,,,,,,,,,,,,,,,,,,,,,,,,,,,,,,,,,,,,,,,,,,,,,,,,,,,,,,,,,,,,,,,,,,,,,,,,,,,,,,,,,,,,,,,,,,,,,,,,,,,,,,,,,,,,,,,,,,,,,,,,,,,,,,,,,,,
Mouth_10,Assets/GameObject/Mouth_10.prefab,c88ab7b37c4f350242674d2efd621c19,c88ab7b37c4f350242674d2efd621c19,1667301410,,,,,,,,,,,,,,,,,,,,,,,,,,,,,,,,,,,,,,,,,,,,,,,,,,,,,,,,,,,,,,,,,,,,,,,,,,,,,,,,,,,,,,,,,,,,,,,,,,,,,,,,,,,,,,,,,,,,,,,,,,,,,,,,,,,,,,,,,,,,,,,,,,,,,,,,,,,,,,,,,,,,,,,,,,,,,,,,,,,,,,,,,,,,,,,,,,,,,,,,,,,,,,,,,,,,,,,,,,,,,,,,,,,,,,,,,,,,,,,,,,,,,{fileID: 0},0,,,,,,,,1,,,,,,,,,,1000,0,,,1,180,,1,0.9,,,,{fileID: 1600616022085953},1600616022085953,,,,,,,,,,,,,,"{fileID: 2100000, guid: 179a99f7d1bd90d45afa070af58bca34, type: 2}",2100000,179a99f7d1bd90d45afa070af58bca34,Assets/Material/MouthsDecal.mat,,,,,0,"{x: 0, y: 0, z: 0.5}",,,,{fileID: 0},0,{fileID: 0},0,,,,,,,,,,,,,,,,,,,,,1,,,"{fileID: 1667301410, guid: c88ab7b37c4f350242674d2efd621c19, type: 3}",1667301410,c88ab7b37c4f350242674d2efd621c19,,,,,,,,,,,,,,,,,,,,,,,,,,,,,,,,,,,"{x: 1, y: 1, z: 1}",,,180,,,,,,,,,,,,,,,,,,,,,,,,,,,,,,"{x: 0, y: 0.666666}","{x: 0.3333, y: 0.3333}",,,,,,,,,,,,,,,,,,,,,,,,,,,,,,,,,,,,,,,,,,,,,,,,,,,,,,,,,,,,,,,,,,,,,,,,,,,,,,,,,,,,,,,,,,,,,,,,,,,,,,,,,,,,,,,,,,,,,,,,,,,,,,,,,,,,,,,,,,,,,,,,,,,,,,,,,,,,,,,,,,,,,,,,,,,,,,,,,,,,,,,,,,,,,,,,,,,,,,,,,,,,,,,,,,,,,,,,,,,,,,,,,,,,,,,,,,,,,,,,,,,,,,,,,,,,,,,,,,,,,,,,,,,,,,,,,,,,,,,,,,,,,,,,,,,,,,,,,,,,,,,,
TestEyePart 4_a,Assets/GameObject/TestEyePart 4_a.prefab,c88ab7b37c4f350242674d2efd621c19,c88ab7b37c4f350242674d2efd621c19,1667301410,,,,,,,,,,,,,,,,,,,,,,,,,,,,,,,,,,,,,,,,,,,,,,,,,,,,,,,,,,,,,,,,,,,,,,,,,,,,,,,,,,,,,,,,,,,,,,,,,,,,,,,,,,,,,,,,,,,,,,,,,,,,,,,,,,,,,,,,,,,,,,,,,,,,,,,,,,,,,,,,,,,,,,,,,,,,,,,,,,,,,,,,,,,,,,,,,,,,,,,,,,,,,,,,,,,,,,,,,,,,,,,,,,,,,,,,,,,,,,,,,,,,,{fileID: 0},0,,,,,,,,1,,,,,,,,,,1000,0,,,1,180,,1,0.9,,,,{fileID: 1862509836775232},1862509836775232,,,,,,,,,,,,,,"{fileID: 2100000, guid: 4e0b9eefb2591d04e8cda3f7ca65961e, type: 2}",2100000,4e0b9eefb2591d04e8cda3f7ca65961e,Assets/Material/FaceDecals.mat,,,,,0,"{x: 0, y: 0, z: 0.5}",,,,{fileID: 0},0,{fileID: 0},0,,,,,,,,,,,,,,,,,,,,,1,,,"{fileID: 1667301410, guid: c88ab7b37c4f350242674d2efd621c19, type: 3}",1667301410,c88ab7b37c4f350242674d2efd621c19,,,,,,,,,,,,,,,,,,,,,,,,,,,,,,,,,,,"{x: 1, y: 1, z: 1}",,,180,,,,,,,,,,,,,,,,,,,,,,,,,,,,,,"{x: 0, y: 0}","{x: 0.333, y: 0.333}",,,,,,,,,,,,,,,,,,,,,,,,,,,,,,,,,,,,,,,,,,,,,,,,,,,,,,,,,,,,,,,,,,,,,,,,,,,,,,,,,,,,,,,,,,,,,,,,,,,,,,,,,,,,,,,,,,,,,,,,,,,,,,,,,,,,,,,,,,,,,,,,,,,,,,,,,,,,,,,,,,,,,,,,,,,,,,,,,,,,,,,,,,,,,,,,,,,,,,,,,,,,,,,,,,,,,,,,,,,,,,,,,,,,,,,,,,,,,,,,,,,,,,,,,,,,,,,,,,,,,,,,,,,,,,,,,,,,,,,,,,,,,,,,,,,,,,,,,,,,,,,,
TestEyePart 4_a,Assets/GameObject/TestEyePart 4_a.prefab,c88ab7b37c4f350242674d2efd621c19,c88ab7b37c4f350242674d2efd621c19,1667301410,,,,,,,,,,,,,,,,,,,,,,,,,,,,,,,,,,,,,,,,,,,,,,,,,,,,,,,,,,,,,,,,,,,,,,,,,,,,,,,,,,,,,,,,,,,,,,,,,,,,,,,,,,,,,,,,,,,,,,,,,,,,,,,,,,,,,,,,,,,,,,,,,,,,,,,,,,,,,,,,,,,,,,,,,,,,,,,,,,,,,,,,,,,,,,,,,,,,,,,,,,,,,,,,,,,,,,,,,,,,,,,,,,,,,,,,,,,,,,,,,,,,,{fileID: 0},0,,,,,,,,1,,,,,,,,,,1000,0,,,1,180,,1,0.9,,,,{fileID: 1201538652911311},1201538652911311,,,,,,,,,,,,,,"{fileID: 2100000, guid: 4e0b9eefb2591d04e8cda3f7ca65961e, type: 2}",2100000,4e0b9eefb2591d04e8cda3f7ca65961e,Assets/Material/FaceDecals.mat,,,,,0,"{x: 0, y: 0, z: 0.5}",,,,{fileID: 0},0,{fileID: 0},0,,,,,,,,,,,,,,,,,,,,,1,,,"{fileID: 1667301410, guid: c88ab7b37c4f350242674d2efd621c19, type: 3}",1667301410,c88ab7b37c4f350242674d2efd621c19,,,,,,,,,,,,,,,,,,,,,,,,,,,,,,,,,,,"{x: 1, y: 1, z: 1}",,,180,,,,,,,,,,,,,,,,,,,,,,,,,,,,,,"{x: 0, y: 0}","{x: 0.333, y: 0.333}",,,,,,,,,,,,,,,,,,,,,,,,,,,,,,,,,,,,,,,,,,,,,,,,,,,,,,,,,,,,,,,,,,,,,,,,,,,,,,,,,,,,,,,,,,,,,,,,,,,,,,,,,,,,,,,,,,,,,,,,,,,,,,,,,,,,,,,,,,,,,,,,,,,,,,,,,,,,,,,,,,,,,,,,,,,,,,,,,,,,,,,,,,,,,,,,,,,,,,,,,,,,,,,,,,,,,,,,,,,,,,,,,,,,,,,,,,,,,,,,,,,,,,,,,,,,,,,,,,,,,,,,,,,,,,,,,,,,,,,,,,,,,,,,,,,,,,,,,,,,,,,,
0_CharacterModel_Spider,Assets/GameObject/0_CharacterModel_Spider.prefab,c88ab7b37c4f350242674d2efd621c19,c88ab7b37c4f350242674d2efd621c19,-1431003440,,,,,,,,,,,,,,,,,,,,,,,,,,,,,,,,,,,,,,,,,,,,,,,,,,,,,,,,,,,,,,,,,,,,,,,,,,,,,,,,,,,,,,,,,,,,,,,,,,,,,,,,,,,,,,,,,,,,,,,,,,,,,,,,,,,,,,,,,,,,,,,,,,,,,,,,,,,,,,,,,,,,,,,,,,,,,,,,,,,,,,,,,,,,,,,,,,,,,,,,,,,,,,,,,,,,,,,,,,,2,,,,,,,,,,,,,,,,,,,,,,,,,,{fileID: 0},0,,0,,,,,,,,,,,,,,,,,0,,,1,,,,,,,,{fileID: 1616378307097875},1616378307097875,,,,,"{x: 0, y: 0}","{x: 1, y: 1}",1,,,,,,,,,,,,,,,0,,,,,{fileID: 0},0,{fileID: 0},0,,,,,,,,,,,,,1,,,,,,,,,,,"{fileID: -1431003440, guid: c88ab7b37c4f350242674d2efd621c19, type: 3}",-1431003440,c88ab7b37c4f350242674d2efd621c19,,,,,,,,,,,,,,,,,,,,,,,,,,,,,,1,,1,,,,0,,,,,,,,,,,,,,,,,,,,,,,,,,,,,,,,,,,,,,1,,,,3,,,,,,,,,,,,,,,,,,,,,,,,,,,,,,,,,,,,,,,,,,,,,,,,,,,,,,,,,,,,,,,,,,,,,,,,,,,,,,,,,,,,,,,,,,,,,,,,,,,,,,,,,,,,,,,,,,,,,,,,,,,,,,,,,,,,,,,,,,,,,,,,,,,,,,,,,,,,,,,,,,,,,,,,,,,,,,,,,,,,,,,,,,,,,,,,,,,,,,,,,,,,,,,,,,,,,,,,,,,,,,,,,,,,,,,,,,,,,,,,,,,,,,,,,,,,,,,,,,,,,,,,,,,,,,,,,,,,,,,,,,,,,,,,,,,,,,,
Building_Gem,Assets/GameObject/Building_Gem.prefab,c88ab7b37c4f350242674d2efd621c19,c88ab7b37c4f350242674d2efd621c19,-1431003440,,,,,,,,,,,,,,,,,,,,,,,,,,,,,,,,,,,,,,,,,,,,,,,,,,,,,,,,,,,,,,,,,,,,,,,,,,,,,,,,,,,,,,,,,,,,,,,,,,,,,,,,,,,,,,,,,,,,,,,,,,,,,,,,,,,,,,,,,,,,,,,,,,,,,,,,,,,,,,,,,,,,,,,,,,,,,,,,,,,,,,,,,,,,,,,,,,,,,,,,,,,,,,,,,,,,,,,,,,,1,,,,,,,,,,,,,,,,,,,,,,,,,,{fileID: 0},0,,0,,,,,,,,,,,,,,,,,0,,,1,,,,,,,,{fileID: 1859464812244032},1859464812244032,,,,,"{x: 0, y: 0}","{x: 1, y: 1}",1,,,,,,,,,,,,,,,0,,,,,{fileID: 0},0,{fileID: 0},0,,,,,,,,,,,,,1,,,,,,,,,,,"{fileID: -1431003440, guid: c88ab7b37c4f350242674d2efd621c19, type: 3}",-1431003440,c88ab7b37c4f350242674d2efd621c19,,,,,,,,,,,,,,,,,,,,,,,,,,,,,,1,,1,,,,0,,,,,,,,,,,,,,,,,,,,,,,,,,,,,,,,,,,,,,1,,,,3,,,,,,,,,,,,,,,,,,,,,,,,,,,,,,,,,,,,,,,,,,,,,,,,,,,,,,,,,,,,,,,,,,,,,,,,,,,,,,,,,,,,,,,,,,,,,,,,,,,,,,,,,,,,,,,,,,,,,,,,,,,,,,,,,,,,,,,,,,,,,,,,,,,,,,,,,,,,,,,,,,,,,,,,,,,,,,,,,,,,,,,,,,,,,,,,,,,,,,,,,,,,,,,,,,,,,,,,,,,,,,,,,,,,,,,,,,,,,,,,,,,,,,,,,,,,,,,,,,,,,,,,,,,,,,,,,,,,,,,,,,,,,,,,,,,,,,,
0_CharacterModel_Spider_Scare,Assets/GameObject/0_CharacterModel_Spider_Scare.prefab,c88ab7b37c4f350242674d2efd621c19,c88ab7b37c4f350242674d2efd621c19,-1431003440,,,,,,,,,,,,,,,,,,,,,,,,,,,,,,,,,,,,,,,,,,,,,,,,,,,,,,,,,,,,,,,,,,,,,,,,,,,,,,,,,,,,,,,,,,,,,,,,,,,,,,,,,,,,,,,,,,,,,,,,,,,,,,,,,,,,,,,,,,,,,,,,,,,,,,,,,,,,,,,,,,,,,,,,,,,,,,,,,,,,,,,,,,,,,,,,,,,,,,,,,,,,,,,,,,,,,,,,,,,2,,,,,,,,,,,,,,,,,,,,,,,,,,{fileID: 0},0,,0,,,,,,,,,,,,,,,,,0,,,1,,,,,,,,{fileID: 1168605486735493},1168605486735493,,,,,"{x: 0, y: 0}","{x: 1, y: 1}",1,,,,,,,,,,,,,,,0,,,,,{fileID: 0},0,{fileID: 0},0,,,,,,,,,,,,,1,,,,,,,,,,,"{fileID: -1431003440, guid: c88ab7b37c4f350242674d2efd621c19, type: 3}",-1431003440,c88ab7b37c4f350242674d2efd621c19,,,,,,,,,,,,,,,,,,,,,,,,,,,,,,1,,1,,,,0,,,,,,,,,,,,,,,,,,,,,,,,,,,,,,,,,,,,,,1,,,,3,,,,,,,,,,,,,,,,,,,,,,,,,,,,,,,,,,,,,,,,,,,,,,,,,,,,,,,,,,,,,,,,,,,,,,,,,,,,,,,,,,,,,,,,,,,,,,,,,,,,,,,,,,,,,,,,,,,,,,,,,,,,,,,,,,,,,,,,,,,,,,,,,,,,,,,,,,,,,,,,,,,,,,,,,,,,,,,,,,,,,,,,,,,,,,,,,,,,,,,,,,,,,,,,,,,,,,,,,,,,,,,,,,,,,,,,,,,,,,,,,,,,,,,,,,,,,,,,,,,,,,,,,,,,,,,,,,,,,,,,,,,,,,,,,,,,,,,
MuzzleFlash_Fire,Assets/GameObject/MuzzleFlash_Fire.prefab,c88ab7b37c4f350242674d2efd621c19,c88ab7b37c4f350242674d2efd621c19,-1431003440,,,,,,,,,,,,,,,,,,,,,,,,,,,,,,,,,,,,,,,,,,,,,,,,,,,,,,,,,,,,,,,,,,,,,,,,,,,,,,,,,,,,,,,,,,,,,,,,,,,,,,,,,,,,,,,,,,,,,,,,,,,,,,,,,,,,,,,,,,,,,,,,,,,,,,,,,,,,,,,,,,,,,,,,,,,,,,,,,,,,,,,,,,,,,,,,,,,,,,,,,,,,,,,,,,,,,,,,,,,2,,,,,,,,,,,,,,,,,,,,,,,,,,{fileID: 0},0,,0,,,,,,,,,,,,,,,,,0,,,1,,,,,,,,{fileID: 1721997468950332},1721997468950332,,,,,"{x: 0, y: 0}","{x: 1, y: 1}",1,,,,,,,,,,,,,,,0,,,,,{fileID: 0},0,{fileID: 0},0,,,,,,,,,,,,,1,,,,,,,,,,,"{fileID: -1431003440, guid: c88ab7b37c4f350242674d2efd621c19, type: 3}",-1431003440,c88ab7b37c4f350242674d2efd621c19,,,,,,,,,,,,,,,,,,,,,,,,,,,,,,1,,1,,,,0,,,,,,,,,,,,,,,,,,,,,,,,,,,,,,,,,,,,,,1,,,,3,,,,,,,,,,,,,,,,,,,,,,,,,,,,,,,,,,,,,,,,,,,,,,,,,,,,,,,,,,,,,,,,,,,,,,,,,,,,,,,,,,,,,,,,,,,,,,,,,,,,,,,,,,,,,,,,,,,,,,,,,,,,,,,,,,,,,,,,,,,,,,,,,,,,,,,,,,,,,,,,,,,,,,,,,,,,,,,,,,,,,,,,,,,,,,,,,,,,,,,,,,,,,,,,,,,,,,,,,,,,,,,,,,,,,,,,,,,,,,,,,,,,,,,,,,,,,,,,,,,,,,,,,,,,,,,,,,,,,,,,,,,,,,,,,,,,,,,
MuzzleFlash_Red,Assets/GameObject/MuzzleFlash_Red.prefab,c88ab7b37c4f350242674d2efd621c19,c88ab7b37c4f350242674d2efd621c19,-1431003440,,,,,,,,,,,,,,,,,,,,,,,,,,,,,,,,,,,,,,,,,,,,,,,,,,,,,,,,,,,,,,,,,,,,,,,,,,,,,,,,,,,,,,,,,,,,,,,,,,,,,,,,,,,,,,,,,,,,,,,,,,,,,,,,,,,,,,,,,,,,,,,,,,,,,,,,,,,,,,,,,,,,,,,,,,,,,,,,,,,,,,,,,,,,,,,,,,,,,,,,,,,,,,,,,,,,,,,,,,,2,,,,,,,,,,,,,,,,,,,,,,,,,,{fileID: 0},0,,0,,,,,,,,,,,,,,,,,0,,,1,,,,,,,,{fileID: 1807022229700242},1807022229700242,,,,,"{x: 0, y: 0}","{x: 1, y: 1}",1,,,,,,,,,,,,,,,0,,,,,{fileID: 0},0,{fileID: 0},0,,,,,,,,,,,,,1,,,,,,,,,,,"{fileID: -1431003440, guid: c88ab7b37c4f350242674d2efd621c19, type: 3}",-1431003440,c88ab7b37c4f350242674d2efd621c19,,,,,,,,,,,,,,,,,,,,,,,,,,,,,,1,,1,,,,0,,,,,,,,,,,,,,,,,,,,,,,,,,,,,,,,,,,,,,1,,,,3,,,,,,,,,,,,,,,,,,,,,,,,,,,,,,,,,,,,,,,,,,,,,,,,,,,,,,,,,,,,,,,,,,,,,,,,,,,,,,,,,,,,,,,,,,,,,,,,,,,,,,,,,,,,,,,,,,,,,,,,,,,,,,,,,,,,,,,,,,,,,,,,,,,,,,,,,,,,,,,,,,,,,,,,,,,,,,,,,,,,,,,,,,,,,,,,,,,,,,,,,,,,,,,,,,,,,,,,,,,,,,,,,,,,,,,,,,,,,,,,,,,,,,,,,,,,,,,,,,,,,,,,,,,,,,,,,,,,,,,,,,,,,,,,,,,,,,,
Building_ATM,Assets/GameObject/Building_ATM.prefab,c88ab7b37c4f350242674d2efd621c19,c88ab7b37c4f350242674d2efd621c19,-1431003440,,,,,,,,,,,,,,,,,,,,,,,,,,,,,,,,,,,,,,,,,,,,,,,,,,,,,,,,,,,,,,,,,,,,,,,,,,,,,,,,,,,,,,,,,,,,,,,,,,,,,,,,,,,,,,,,,,,,,,,,,,,,,,,,,,,,,,,,,,,,,,,,,,,,,,,,,,,,,,,,,,,,,,,,,,,,,,,,,,,,,,,,,,,,,,,,,,,,,,,,,,,,,,,,,,,,,,,,,,,2,,,,,,,,,,,,,,,,,,,,,,,,,,{fileID: 0},0,,0,,,,,,,,,,,,,,,,,0,,,1,,,,,,,,{fileID: 1124607445925103},1124607445925103,,,,,"{x: 0, y: 0}","{x: 1, y: 1}",1,,,,,,,,,,,,,,,0,,,,,{fileID: 0},0,{fileID: 0},0,,,,,,,,,,,,,1,,,,,,,,,,,"{fileID: -1431003440, guid: c88ab7b37c4f350242674d2efd621c19, type: 3}",-1431003440,c88ab7b37c4f350242674d2efd621c19,,,,,,,,,,,,,,,,,,,,,,,,,,,,,,1,,1,,,,0,,,,,,,,,,,,,,,,,,,,,,,,,,,,,,,,,,,,,,1,,,,3,,,,,,,,,,,,,,,,,,,,,,,,,,,,,,,,,,,,,,,,,,,,,,,,,,,,,,,,,,,,,,,,,,,,,,,,,,,,,,,,,,,,,,,,,,,,,,,,,,,,,,,,,,,,,,,,,,,,,,,,,,,,,,,,,,,,,,,,,,,,,,,,,,,,,,,,,,,,,,,,,,,,,,,,,,,,,,,,,,,,,,,,,,,,,,,,,,,,,,,,,,,,,,,,,,,,,,,,,,,,,,,,,,,,,,,,,,,,,,,,,,,,,,,,,,,,,,,,,,,,,,,,,,,,,,,,,,,,,,,,,,,,,,,,,,,,,,,
Building_ATM,Assets/GameObject/Building_ATM.prefab,c88ab7b37c4f350242674d2efd621c19,c88ab7b37c4f350242674d2efd621c19,1667301410,,,,,,,,,,,,,,,,,,,,,,,,,,,,,,,,,,,,,,,,,,,,,,,,,,,,,,,,,,,,,,,,,,,,,,,,,,,,,,,,,,,,,,,,,,,,,,,,,,,,,,,,,,,,,,,,,,,,,,,,,,,,,,,,,,,,,,,,,,,,,,,,,,,,,,,,,,,,,,,,,,,,,,,,,,,,,,,,,,,,,,,,,,,,,,,,,,,,,,,,,,,,,,,,,,,,,,,,,,,,,,,,,,,,,,,,,,,,,,,,,,,,,{fileID: 0},0,,,,,,,,1,,,,,,,,,,1000,0,,,1,180,,1,0.9,,,,{fileID: 1918135730988486},1918135730988486,,,,,,,,,,,,,,"{fileID: 2100000, guid: 3acbc0d6a2bbe38489c9bf8bb73d0a15, type: 2}",2100000,3acbc0d6a2bbe38489c9bf8bb73d0a15,Assets/Material/MAT_Decal_Roadmark_03 1.mat,,,,,0,"{x: -0.012069115, y: -0.007019937, z: 0.49824902}",,,,{fileID: 0},0,{fileID: 0},0,,,,,,,,,,,,,,,,,,,,,1,,,"{fileID: 1667301410, guid: c88ab7b37c4f350242674d2efd621c19, type: 3}",1667301410,c88ab7b37c4f350242674d2efd621c19,,,,,,,,,,,,,,,,,,,,,,,,,,,,,,,,,,,"{x: 0.32504526, y: 0.31016815, z: 1}",,,180,,,,,,,,,,,,,,,,,,,,,,,,,,,,,,"{x: 5.9604645E-08, y: 0.6717236}","{x: 0.32504526, y: 0.31016815}",,,,,,,,,,,,,,,,,,,,,,,,,,,,,,,,,,,,,,,,,,,,,,,,,,,,,,,,,,,,,,,,,,,,,,,,,,,,,,,,,,,,,,,,,,,,,,,,,,,,,,,,,,,,,,,,,,,,,,,,,,,,,,,,,,,,,,,,,,,,,,,,,,,,,,,,,,,,,,,,,,,,,,,,,,,,,,,,,,,,,,,,,,,,,,,,,,,,,,,,,,,,,,,,,,,,,,,,,,,,,,,,,,,,,,,,,,,,,,,,,,,,,,,,,,,,,,,,,,,,,,,,,,,,,,,,,,,,,,,,,,,,,,,,,,,,,,,,,,,,,,,,
MuzzleFlash,Assets/GameObject/MuzzleFlash.prefab,c88ab7b37c4f350242674d2efd621c19,c88ab7b37c4f350242674d2efd621c19,-1431003440,,,,,,,,,,,,,,,,,,,,,,,,,,,,,,,,,,,,,,,,,,,,,,,,,,,,,,,,,,,,,,,,,,,,,,,,,,,,,,,,,,,,,,,,,,,,,,,,,,,,,,,,,,,,,,,,,,,,,,,,,,,,,,,,,,,,,,,,,,,,,,,,,,,,,,,,,,,,,,,,,,,,,,,,,,,,,,,,,,,,,,,,,,,,,,,,,,,,,,,,,,,,,,,,,,,,,,,,,,,2,,,,,,,,,,,,,,,,,,,,,,,,,,{fileID: 0},0,,0,,,,,,,,,,,,,,,,,0,,,1,,,,,,,,{fileID: 1096403745503784},1096403745503784,,,,,"{x: 0, y: 0}","{x: 1, y: 1}",1,,,,,,,,,,,,,,,0,,,,,{fileID: 0},0,{fileID: 0},0,,,,,,,,,,,,,1,,,,,,,,,,,"{fileID: -1431003440, guid: c88ab7b37c4f350242674d2efd621c19, type: 3}",-1431003440,c88ab7b37c4f350242674d2efd621c19,,,,,,,,,,,,,,,,,,,,,,,,,,,,,,1,,1,,,,0,,,,,,,,,,,,,,,,,,,,,,,,,,,,,,,,,,,,,,1,,,,3,,,,,,,,,,,,,,,,,,,,,,,,,,,,,,,,,,,,,,,,,,,,,,,,,,,,,,,,,,,,,,,,,,,,,,,,,,,,,,,,,,,,,,,,,,,,,,,,,,,,,,,,,,,,,,,,,,,,,,,,,,,,,,,,,,,,,,,,,,,,,,,,,,,,,,,,,,,,,,,,,,,,,,,,,,,,,,,,,,,,,,,,,,,,,,,,,,,,,,,,,,,,,,,,,,,,,,,,,,,,,,,,,,,,,,,,,,,,,,,,,,,,,,,,,,,,,,,,,,,,,,,,,,,,,,,,,,,,,,,,,,,,,,,,,,,,,,,
Building_BlackMarket,Assets/GameObject/Building_BlackMarket.prefab,c88ab7b37c4f350242674d2efd621c19,c88ab7b37c4f350242674d2efd621c19,-1431003440,,,,,,,,,,,,,,,,,,,,,,,,,,,,,,,,,,,,,,,,,,,,,,,,,,,,,,,,,,,,,,,,,,,,,,,,,,,,,,,,,,,,,,,,,,,,,,,,,,,,,,,,,,,,,,,,,,,,,,,,,,,,,,,,,,,,,,,,,,,,,,,,,,,,,,,,,,,,,,,,,,,,,,,,,,,,,,,,,,,,,,,,,,,,,,,,,,,,,,,,,,,,,,,,,,,,,,,,,,,2,,,,,,,,,,,,,,,,,,,,,,,,,,{fileID: 0},0,,0,,,,,,,,,,,,,,,,,0,,,1,,,,,,,,{fileID: 1512317225936352},1512317225936352,,,,,"{x: 0, y: 0}","{x: 1, y: 1}",1,,,,,,,,,,,,,,,0,,,,,{fileID: 0},0,{fileID: 0},0,,,,,,,,,,,,,1,,,,,,,,,,,"{fileID: -1431003440, guid: c88ab7b37c4f350242674d2efd621c19, type: 3}",-1431003440,c88ab7b37c4f350242674d2efd621c19,,,,,,,,,,,,,,,,,,,,,,,,,,,,,,1,,1,,,,0,,,,,,,,,,,,,,,,,,,,,,,,,,,,,,,,,,,,,,1,,,,3,,,,,,,,,,,,,,,,,,,,,,,,,,,,,,,,,,,,,,,,,,,,,,,,,,,,,,,,,,,,,,,,,,,,,,,,,,,,,,,,,,,,,,,,,,,,,,,,,,,,,,,,,,,,,,,,,,,,,,,,,,,,,,,,,,,,,,,,,,,,,,,,,,,,,,,,,,,,,,,,,,,,,,,,,,,,,,,,,,,,,,,,,,,,,,,,,,,,,,,,,,,,,,,,,,,,,,,,,,,,,,,,,,,,,,,,,,,,,,,,,,,,,,,,,,,,,,,,,,,,,,,,,,,,,,,,,,,,,,,,,,,,,,,,,,,,,,,
Building_BlackMarket,Assets/GameObject/Building_BlackMarket.prefab,c88ab7b37c4f350242674d2efd621c19,c88ab7b37c4f350242674d2efd621c19,-1431003440,,,,,,,,,,,,,,,,,,,,,,,,,,,,,,,,,,,,,,,,,,,,,,,,,,,,,,,,,,,,,,,,,,,,,,,,,,,,,,,,,,,,,,,,,,,,,,,,,,,,,,,,,,,,,,,,,,,,,,,,,,,,,,,,,,,,,,,,,,,,,,,,,,,,,,,,,,,,,,,,,,,,,,,,,,,,,,,,,,,,,,,,,,,,,,,,,,,,,,,,,,,,,,,,,,,,,,,,,,,1,,,,,,,,,,,,,,,,,,,,,,,,,,{fileID: 0},0,,0,,,,,,,,,,,,,,,,,0,,,1,,,,,,,,{fileID: 1389225582706125},1389225582706125,,,,,"{x: 0, y: 0}","{x: 1, y: 1}",1,,,,,,,,,,,,,,,0,,,,,{fileID: 0},0,{fileID: 0},0,,,,,,,,,,,,,1,,,,,,,,,,,"{fileID: -1431003440, guid: c88ab7b37c4f350242674d2efd621c19, type: 3}",-1431003440,c88ab7b37c4f350242674d2efd621c19,,,,,,,,,,,,,,,,,,,,,,,,,,,,,,1,,1,,,,0,,,,,,,,,,,,,,,,,,,,,,,,,,,,,,,,,,,,,,1,,,,3,,,,,,,,,,,,,,,,,,,,,,,,,,,,,,,,,,,,,,,,,,,,,,,,,,,,,,,,,,,,,,,,,,,,,,,,,,,,,,,,,,,,,,,,,,,,,,,,,,,,,,,,,,,,,,,,,,,,,,,,,,,,,,,,,,,,,,,,,,,,,,,,,,,,,,,,,,,,,,,,,,,,,,,,,,,,,,,,,,,,,,,,,,,,,,,,,,,,,,,,,,,,,,,,,,,,,,,,,,,,,,,,,,,,,,,,,,,,,,,,,,,,,,,,,,,,,,,,,,,,,,,,,,,,,,,,,,,,,,,,,,,,,,,,,,,,,,,
Helmat_Roadblock_0,Assets/GameObject/Helmat_Roadblock_0.prefab,c88ab7b37c4f350242674d2efd621c19,c88ab7b37c4f350242674d2efd621c19,-1431003440,,,,,,,,,,,,,,,,,,,,,,,,,,,,,,,,,,,,,,,,,,,,,,,,,,,,,,,,,,,,,,,,,,,,,,,,,,,,,,,,,,,,,,,,,,,,,,,,,,,,,,,,,,,,,,,,,,,,,,,,,,,,,,,,,,,,,,,,,,,,,,,,,,,,,,,,,,,,,,,,,,,,,,,,,,,,,,,,,,,,,,,,,,,,,,,,,,,,,,,,,,,,,,,,,,,,,,,,,,,2,,,,,,,,,,,,,,,,,,,,,,,,,,{fileID: 0},0,,0,,,,,,,,,,,,,,,,,0,,,1,,,,,,,,{fileID: 1085008616892004},1085008616892004,,,,,"{x: 0, y: 0}","{x: 1, y: 1}",1,,,,,,,,,,,,,,,0,,,,,{fileID: 0},0,{fileID: 0},0,,,,,,,,,,,,,1,,,,,,,,,,,"{fileID: -1431003440, guid: c88ab7b37c4f350242674d2efd621c19, type: 3}",-1431003440,c88ab7b37c4f350242674d2efd621c19,,,,,,,,,,,,,,,,,,,,,,,,,,,,,,1,,1,,,,0,,,,,,,,,,,,,,,,,,,,,,,,,,,,,,,,,,,,,,1,,,,3,,,,,,,,,,,,,,,,,,,,,,,,,,,,,,,,,,,,,,,,,,,,,,,,,,,,,,,,,,,,,,,,,,,,,,,,,,,,,,,,,,,,,,,,,,,,,,,,,,,,,,,,,,,,,,,,,,,,,,,,,,,,,,,,,,,,,,,,,,,,,,,,,,,,,,,,,,,,,,,,,,,,,,,,,,,,,,,,,,,,,,,,,,,,,,,,,,,,,,,,,,,,,,,,,,,,,,,,,,,,,,,,,,,,,,,,,,,,,,,,,,,,,,,,,,,,,,,,,,,,,,,,,,,,,,,,,,,,,,,,,,,,,,,,,,,,,,,
Agent_StormHelmat,Assets/GameObject/Agent_StormHelmat.prefab,c88ab7b37c4f350242674d2efd621c19,c88ab7b37c4f350242674d2efd621c19,-1431003440,,,,,,,,,,,,,,,,,,,,,,,,,,,,,,,,,,,,,,,,,,,,,,,,,,,,,,,,,,,,,,,,,,,,,,,,,,,,,,,,,,,,,,,,,,,,,,,,,,,,,,,,,,,,,,,,,,,,,,,,,,,,,,,,,,,,,,,,,,,,,,,,,,,,,,,,,,,,,,,,,,,,,,,,,,,,,,,,,,,,,,,,,,,,,,,,,,,,,,,,,,,,,,,,,,,,,,,,,,,2,,,,,,,,,,,,,,,,,,,,,,,,,,{fileID: 0},0,,0,,,,,,,,,,,,,,,,,0,,,1,,,,,,,,{fileID: 1246642823085156},1246642823085156,,,,,"{x: 0, y: 0}","{x: 1, y: 1}",1,,,,,,,,,,,,,,,0,,,,,{fileID: 0},0,{fileID: 0},0,,,,,,,,,,,,,1,,,,,,,,,,,"{fileID: -1431003440, guid: c88ab7b37c4f350242674d2efd621c19, type: 3}",-1431003440,c88ab7b37c4f350242674d2efd621c19,,,,,,,,,,,,,,,,,,,,,,,,,,,,,,1,,1,,,,0,,,,,,,,,,,,,,,,,,,,,,,,,,,,,,,,,,,,,,1,,,,3,,,,,,,,,,,,,,,,,,,,,,,,,,,,,,,,,,,,,,,,,,,,,,,,,,,,,,,,,,,,,,,,,,,,,,,,,,,,,,,,,,,,,,,,,,,,,,,,,,,,,,,,,,,,,,,,,,,,,,,,,,,,,,,,,,,,,,,,,,,,,,,,,,,,,,,,,,,,,,,,,,,,,,,,,,,,,,,,,,,,,,,,,,,,,,,,,,,,,,,,,,,,,,,,,,,,,,,,,,,,,,,,,,,,,,,,,,,,,,,,,,,,,,,,,,,,,,,,,,,,,,,,,,,,,,,,,,,,,,,,,,,,,,,,,,,,,,,
Building_Merchant_Ming,Assets/GameObject/Building_Merchant_Ming.prefab,c88ab7b37c4f350242674d2efd621c19,c88ab7b37c4f350242674d2efd621c19,-1431003440,,,,,,,,,,,,,,,,,,,,,,,,,,,,,,,,,,,,,,,,,,,,,,,,,,,,,,,,,,,,,,,,,,,,,,,,,,,,,,,,,,,,,,,,,,,,,,,,,,,,,,,,,,,,,,,,,,,,,,,,,,,,,,,,,,,,,,,,,,,,,,,,,,,,,,,,,,,,,,,,,,,,,,,,,,,,,,,,,,,,,,,,,,,,,,,,,,,,,,,,,,,,,,,,,,,,,,,,,,,2,,,,,,,,,,,,,,,,,,,,,,,,,,{fileID: 0},0,,0,,,,,,,,,,,,,,,,,0,,,1,,,,,,,,{fileID: 1358712558334004},1358712558334004,,,,,"{x: 0, y: 0}","{x: 1, y: 1}",1,,,,,,,,,,,,,,,0,,,,,{fileID: 0},0,{fileID: 0},0,,,,,,,,,,,,,1,,,,,,,,,,,"{fileID: -1431003440, guid: c88ab7b37c4f350242674d2efd621c19, type: 3}",-1431003440,c88ab7b37c4f350242674d2efd621c19,,,,,,,,,,,,,,,,,,,,,,,,,,,,,,1,,1,,,,0,,,,,,,,,,,,,,,,,,,,,,,,,,,,,,,,,,,,,,1,,,,3,,,,,,,,,,,,,,,,,,,,,,,,,,,,,,,,,,,,,,,,,,,,,,,,,,,,,,,,,,,,,,,,,,,,,,,,,,,,,,,,,,,,,,,,,,,,,,,,,,,,,,,,,,,,,,,,,,,,,,,,,,,,,,,,,,,,,,,,,,,,,,,,,,,,,,,,,,,,,,,,,,,,,,,,,,,,,,,,,,,,,,,,,,,,,,,,,,,,,,,,,,,,,,,,,,,,,,,,,,,,,,,,,,,,,,,,,,,,,,,,,,,,,,,,,,,,,,,,,,,,,,,,,,,,,,,,,,,,,,,,,,,,,,,,,,,,,,,
Building_Merchant_Ming,Assets/GameObject/Building_Merchant_Ming.prefab,c88ab7b37c4f350242674d2efd621c19,c88ab7b37c4f350242674d2efd621c19,-1431003440,,,,,,,,,,,,,,,,,,,,,,,,,,,,,,,,,,,,,,,,,,,,,,,,,,,,,,,,,,,,,,,,,,,,,,,,,,,,,,,,,,,,,,,,,,,,,,,,,,,,,,,,,,,,,,,,,,,,,,,,,,,,,,,,,,,,,,,,,,,,,,,,,,,,,,,,,,,,,,,,,,,,,,,,,,,,,,,,,,,,,,,,,,,,,,,,,,,,,,,,,,,,,,,,,,,,,,,,,,,2,,,,,,,,,,,,,,,,,,,,,,,,,,{fileID: 0},0,,0,,,,,,,,,,,,,,,,,0,,,1,,,,,,,,{fileID: 1648995589959383},1648995589959383,,,,,"{x: 0, y: 0}","{x: 1, y: 1}",1,,,,,,,,,,,,,,,0,,,,,{fileID: 0},0,{fileID: 0},0,,,,,,,,,,,,,1,,,,,,,,,,,"{fileID: -1431003440, guid: c88ab7b37c4f350242674d2efd621c19, type: 3}",-1431003440,c88ab7b37c4f350242674d2efd621c19,,,,,,,,,,,,,,,,,,,,,,,,,,,,,,1,,1,,,,0,,,,,,,,,,,,,,,,,,,,,,,,,,,,,,,,,,,,,,1,,,,3,,,,,,,,,,,,,,,,,,,,,,,,,,,,,,,,,,,,,,,,,,,,,,,,,,,,,,,,,,,,,,,,,,,,,,,,,,,,,,,,,,,,,,,,,,,,,,,,,,,,,,,,,,,,,,,,,,,,,,,,,,,,,,,,,,,,,,,,,,,,,,,,,,,,,,,,,,,,,,,,,,,,,,,,,,,,,,,,,,,,,,,,,,,,,,,,,,,,,,,,,,,,,,,,,,,,,,,,,,,,,,,,,,,,,,,,,,,,,,,,,,,,,,,,,,,,,,,,,,,,,,,,,,,,,,,,,,,,,,,,,,,,,,,,,,,,,,,
Building_Merchant_Ming,Assets/GameObject/Building_Merchant_Ming.prefab,c88ab7b37c4f350242674d2efd621c19,c88ab7b37c4f350242674d2efd621c19,-1431003440,,,,,,,,,,,,,,,,,,,,,,,,,,,,,,,,,,,,,,,,,,,,,,,,,,,,,,,,,,,,,,,,,,,,,,,,,,,,,,,,,,,,,,,,,,,,,,,,,,,,,,,,,,,,,,,,,,,,,,,,,,,,,,,,,,,,,,,,,,,,,,,,,,,,,,,,,,,,,,,,,,,,,,,,,,,,,,,,,,,,,,,,,,,,,,,,,,,,,,,,,,,,,,,,,,,,,,,,,,,1,,,,,,,,,,,,,,,,,,,,,,,,,,{fileID: 0},0,,0,,,,,,,,,,,,,,,,,0,,,1,,,,,,,,{fileID: 1509495251501217},1509495251501217,,,,,"{x: 0, y: 0}","{x: 1, y: 1}",1,,,,,,,,,,,,,,,0,,,,,{fileID: 0},0,{fileID: 0},0,,,,,,,,,,,,,1,,,,,,,,,,,"{fileID: -1431003440, guid: c88ab7b37c4f350242674d2efd621c19, type: 3}",-1431003440,c88ab7b37c4f350242674d2efd621c19,,,,,,,,,,,,,,,,,,,,,,,,,,,,,,1,,1,,,,0,,,,,,,,,,,,,,,,,,,,,,,,,,,,,,,,,,,,,,1,,,,3,,,,,,,,,,,,,,,,,,,,,,,,,,,,,,,,,,,,,,,,,,,,,,,,,,,,,,,,,,,,,,,,,,,,,,,,,,,,,,,,,,,,,,,,,,,,,,,,,,,,,,,,,,,,,,,,,,,,,,,,,,,,,,,,,,,,,,,,,,,,,,,,,,,,,,,,,,,,,,,,,,,,,,,,,,,,,,,,,,,,,,,,,,,,,,,,,,,,,,,,,,,,,,,,,,,,,,,,,,,,,,,,,,,,,,,,,,,,,,,,,,,,,,,,,,,,,,,,,,,,,,,,,,,,,,,,,,,,,,,,,,,,,,,,,,,,,,,
Building_Merchant_Ming,Assets/GameObject/Building_Merchant_Ming.prefab,c88ab7b37c4f350242674d2efd621c19,c88ab7b37c4f350242674d2efd621c19,-1431003440,,,,,,,,,,,,,,,,,,,,,,,,,,,,,,,,,,,,,,,,,,,,,,,,,,,,,,,,,,,,,,,,,,,,,,,,,,,,,,,,,,,,,,,,,,,,,,,,,,,,,,,,,,,,,,,,,,,,,,,,,,,,,,,,,,,,,,,,,,,,,,,,,,,,,,,,,,,,,,,,,,,,,,,,,,,,,,,,,,,,,,,,,,,,,,,,,,,,,,,,,,,,,,,,,,,,,,,,,,,0,,,,,,,,,,,,,,,,,,,,,,,,,,{fileID: 0},0,,0,,,,,,,,,,,,,,,,,0,,,1,,,,,,,,{fileID: 1694154857269720},1694154857269720,,,,,"{x: 0, y: 0}","{x: 1, y: 1}",1,,,,,,,,,,,,,,,0,,,,,{fileID: 0},0,{fileID: 0},0,,,,,,,,,,,,,1,,,,,,,,,,,"{fileID: -1431003440, guid: c88ab7b37c4f350242674d2efd621c19, type: 3}",-1431003440,c88ab7b37c4f350242674d2efd621c19,,,,,,,,,,,,,,,,,,,,,,,,,,,,,,1,,1,,,,0,,,,,,,,,,,,,,,,,,,,,,,,,,,,,,,,,,,,,,1,,,,3,,,,,,,,,,,,,,,,,,,,,,,,,,,,,,,,,,,,,,,,,,,,,,,,,,,,,,,,,,,,,,,,,,,,,,,,,,,,,,,,,,,,,,,,,,,,,,,,,,,,,,,,,,,,,,,,,,,,,,,,,,,,,,,,,,,,,,,,,,,,,,,,,,,,,,,,,,,,,,,,,,,,,,,,,,,,,,,,,,,,,,,,,,,,,,,,,,,,,,,,,,,,,,,,,,,,,,,,,,,,,,,,,,,,,,,,,,,,,,,,,,,,,,,,,,,,,,,,,,,,,,,,,,,,,,,,,,,,,,,,,,,,,,,,,,,,,,,
BubblePopper,Assets/GameObject/BubblePopper.prefab,c88ab7b37c4f350242674d2efd621c19,c88ab7b37c4f350242674d2efd621c19,938447500,,,,,,,,,,,,,,,,,,,,,,,,,,,,,,,,,,,,,,,,,,,,,,,,,,,,,,,,,,,,,,,,,,,,,,,,,,,,,,,,,,,,,,,,,,,,,,,,,,,,,,,,,,,,,,,,,,,,,,,,,,,,,,,,,,,,,,,,,,,,,,,,,,,,,,,,,,,,,,,,,,,,,,,,,,,,,,,,,,,,,,,,,,,,,,,,,,,,,,,,,,,,,,,,,,,,,,,,,,,,,,,,1,1,0,2,,,0,[],,,,,1,,,,,,,,,{fileID: 0},0,,,,,,,,,,,,,,,,,0,,0,,,1,,,,,,,,{fileID: 1991816294494798},1991816294494798,,,,,,,,,,,,,,,,,,,,,,0,,,,,{fileID: 0},0,{fileID: 0},0,,,,,0,,1,,,,4,,,,,,0,0,2,2,,"{x: 0, y: 0, z: 0, w: 0}","{x: 0, y: 0, z: 0, w: 0}","{fileID: 938447500, guid: c88ab7b37c4f350242674d2efd621c19, type: 3}",938447500,c88ab7b37c4f350242674d2efd621c19,,,,,,,,,,,,,,,,,,,,,,,,,,,,,,,,,,,,,,,0,,,,,,,,,,,,,0,0.1,1,0,3,0.9,,,,,,,,,,,,,,,,,,,0,,2,,2,1073741824,2,{fileID: 0},0,,,,,,,,,,,,,,,,,,,,,,,,,,,,,,,,,,,,,,,,,,,,,,,,,,,,,,,,,,,,,,,,,,,,,,,,,,,,,,,,,,,,,,,,,,,,,,,,,,,,,,,,,,,,,,,,,,,,,,,,,,,,,,,,,,,,,,,,,,,,,,,,,,,,,,,,,,,,,,,,,,,,,,,,,,,,,,,,,,,,,,,,,,,,,,,,,,,,,,,,,,,,,,,,,,,,,,,,,,,,,,,,,,,,,,,,,,,,,,,,,,,,,,,,,,,,,,,,,,,,,,,,,,,,,,,,,,,,,,,,,,,,,,,,,
BubblePopper,Assets/GameObject/BubblePopper.prefab,c88ab7b37c4f350242674d2efd621c19,c88ab7b37c4f350242674d2efd621c19,938447500,,,,,,,,,,,,,,,,,,,,,,,,,,,,,,,,,,,,,,,,,,,,,,,,,,,,,,,,,,,,,,,,,,,,,,,,,,,,,,,,,,,,,,,,,,,,,,,,,,,,,,,,,,,,,,,,,,,,,,,,,,,,,,,,,,,,,,,,,,,,,,,,,,,,,,,,,,,,,,,,,,,,,,,,,,,,,,,,,,,,,,,,,,,,,,,,,,,,,,,,,,,,,,,,,,,,,,,,,,,,,,,,1,1,0,2,,,0,[],,,,,1,,,,,,,,,{fileID: 0},0,,,,,,,,,,,,,,,,,1,,0,,,1,,,,,,,,{fileID: 1322649699450248},1322649699450248,,,,,,,,,,,,,,,,,,,,,,0,,,,,{fileID: 0},0,{fileID: 0},0,,,,,1,,1,,,,4,,,,,,0,0,2,2,,"{x: 0, y: 0, z: 0, w: 0}","{x: 0, y: 0, z: 0, w: 0}","{fileID: 938447500, guid: c88ab7b37c4f350242674d2efd621c19, type: 3}",938447500,c88ab7b37c4f350242674d2efd621c19,,,,,,,,,,,,,,,,,,,,,,,,,,,,,,,,,,,,,,,0,,,,,,,,,,,,,0,0.1,1,0,3,0.9,,,,,,,,,,,,,,,,,,,0,,2,,2,1073741825,2,{fileID: 0},0,,,,,,,,,,,,,,,,,,,,,,,,,,,,,,,,,,,,,,,,,,,,,,,,,,,,,,,,,,,,,,,,,,,,,,,,,,,,,,,,,,,,,,,,,,,,,,,,,,,,,,,,,,,,,,,,,,,,,,,,,,,,,,,,,,,,,,,,,,,,,,,,,,,,,,,,,,,,,,,,,,,,,,,,,,,,,,,,,,,,,,,,,,,,,,,,,,,,,,,,,,,,,,,,,,,,,,,,,,,,,,,,,,,,,,,,,,,,,,,,,,,,,,,,,,,,,,,,,,,,,,,,,,,,,,,,,,,,,,,,,,,,,,,,,
0_CharacterModel_SpiderVirus,Assets/GameObject/0_CharacterModel_SpiderVirus.prefab,c88ab7b37c4f350242674d2efd621c19,c88ab7b37c4f350242674d2efd621c19,-1431003440,,,,,,,,,,,,,,,,,,,,,,,,,,,,,,,,,,,,,,,,,,,,,,,,,,,,,,,,,,,,,,,,,,,,,,,,,,,,,,,,,,,,,,,,,,,,,,,,,,,,,,,,,,,,,,,,,,,,,,,,,,,,,,,,,,,,,,,,,,,,,,,,,,,,,,,,,,,,,,,,,,,,,,,,,,,,,,,,,,,,,,,,,,,,,,,,,,,,,,,,,,,,,,,,,,,,,,,,,,,2,,,,,,,,,,,,,,,,,,,,,,,,,,{fileID: 0},0,,0,,,,,,,,,,,,,,,,,0,,,1,,,,,,,,{fileID: 1128736523494899},1128736523494899,,,,,"{x: 0, y: 0}","{x: 1, y: 1}",1,,,,,,,,,,,,,,,0,,,,,{fileID: 0},0,{fileID: 0},0,,,,,,,,,,,,,1,,,,,,,,,,,"{fileID: -1431003440, guid: c88ab7b37c4f350242674d2efd621c19, type: 3}",-1431003440,c88ab7b37c4f350242674d2efd621c19,,,,,,,,,,,,,,,,,,,,,,,,,,,,,,1,,1,,,,0,,,,,,,,,,,,,,,,,,,,,,,,,,,,,,,,,,,,,,1,,,,3,,,,,,,,,,,,,,,,,,,,,,,,,,,,,,,,,,,,,,,,,,,,,,,,,,,,,,,,,,,,,,,,,,,,,,,,,,,,,,,,,,,,,,,,,,,,,,,,,,,,,,,,,,,,,,,,,,,,,,,,,,,,,,,,,,,,,,,,,,,,,,,,,,,,,,,,,,,,,,,,,,,,,,,,,,,,,,,,,,,,,,,,,,,,,,,,,,,,,,,,,,,,,,,,,,,,,,,,,,,,,,,,,,,,,,,,,,,,,,,,,,,,,,,,,,,,,,,,,,,,,,,,,,,,,,,,,,,,,,,,,,,,,,,,,,,,,,,
CharacterModel_Custom_MerchantMyst,Assets/GameObject/CharacterModel_Custom_MerchantMyst.prefab,c88ab7b37c4f350242674d2efd621c19,c88ab7b37c4f350242674d2efd621c19,-1431003440,,,,,,,,,,,,,,,,,,,,,,,,,,,,,,,,,,,,,,,,,,,,,,,,,,,,,,,,,,,,,,,,,,,,,,,,,,,,,,,,,,,,,,,,,,,,,,,,,,,,,,,,,,,,,,,,,,,,,,,,,,,,,,,,,,,,,,,,,,,,,,,,,,,,,,,,,,,,,,,,,,,,,,,,,,,,,,,,,,,,,,,,,,,,,,,,,,,,,,,,,,,,,,,,,,,,,,,,,,,2,,,,,,,,,,,,,,,,,,,,,,,,,,{fileID: 0},0,,0,,,,,,,,,,,,,,,,,0,,,1,,,,,,,,{fileID: 1061153248773737},1061153248773737,,,,,"{x: 0, y: 0}","{x: 1, y: 1}",1,,,,,,,,,,,,,,,0,,,,,{fileID: 0},0,{fileID: 0},0,,,,,,,,,,,,,1,,,,,,,,,,,"{fileID: -1431003440, guid: c88ab7b37c4f350242674d2efd621c19, type: 3}",-1431003440,c88ab7b37c4f350242674d2efd621c19,,,,,,,,,,,,,,,,,,,,,,,,,,,,,,1,,1,,,,0,,,,,,,,,,,,,,,,,,,,,,,,,,,,,,,,,,,,,,1,,,,3,,,,,,,,,,,,,,,,,,,,,,,,,,,,,,,,,,,,,,,,,,,,,,,,,,,,,,,,,,,,,,,,,,,,,,,,,,,,,,,,,,,,,,,,,,,,,,,,,,,,,,,,,,,,,,,,,,,,,,,,,,,,,,,,,,,,,,,,,,,,,,,,,,,,,,,,,,,,,,,,,,,,,,,,,,,,,,,,,,,,,,,,,,,,,,,,,,,,,,,,,,,,,,,,,,,,,,,,,,,,,,,,,,,,,,,,,,,,,,,,,,,,,,,,,,,,,,,,,,,,,,,,,,,,,,,,,,,,,,,,,,,,,,,,,,,,,,,
Building_PrototypeMachine,Assets/GameObject/Building_PrototypeMachine.prefab,c88ab7b37c4f350242674d2efd621c19,c88ab7b37c4f350242674d2efd621c19,-1431003440,,,,,,,,,,,,,,,,,,,,,,,,,,,,,,,,,,,,,,,,,,,,,,,,,,,,,,,,,,,,,,,,,,,,,,,,,,,,,,,,,,,,,,,,,,,,,,,,,,,,,,,,,,,,,,,,,,,,,,,,,,,,,,,,,,,,,,,,,,,,,,,,,,,,,,,,,,,,,,,,,,,,,,,,,,,,,,,,,,,,,,,,,,,,,,,,,,,,,,,,,,,,,,,,,,,,,,,,,,,2,,,,,,,,,,,,,,,,,,,,,,,,,,{fileID: 0},0,,0,,,,,,,,,,,,,,,,,0,,,1,,,,,,,,{fileID: 1534448240640237},1534448240640237,,,,,"{x: 0, y: 0}","{x: 1, y: 1}",1,,,,,,,,,,,,,,,0,,,,,{fileID: 0},0,{fileID: 0},0,,,,,,,,,,,,,1,,,,,,,,,,,"{fileID: -1431003440, guid: c88ab7b37c4f350242674d2efd621c19, type: 3}",-1431003440,c88ab7b37c4f350242674d2efd621c19,,,,,,,,,,,,,,,,,,,,,,,,,,,,,,1,,1,,,,0,,,,,,,,,,,,,,,,,,,,,,,,,,,,,,,,,,,,,,1,,,,3,,,,,,,,,,,,,,,,,,,,,,,,,,,,,,,,,,,,,,,,,,,,,,,,,,,,,,,,,,,,,,,,,,,,,,,,,,,,,,,,,,,,,,,,,,,,,,,,,,,,,,,,,,,,,,,,,,,,,,,,,,,,,,,,,,,,,,,,,,,,,,,,,,,,,,,,,,,,,,,,,,,,,,,,,,,,,,,,,,,,,,,,,,,,,,,,,,,,,,,,,,,,,,,,,,,,,,,,,,,,,,,,,,,,,,,,,,,,,,,,,,,,,,,,,,,,,,,,,,,,,,,,,,,,,,,,,,,,,,,,,,,,,,,,,,,,,,,
Building_PrototypeMachine,Assets/GameObject/Building_PrototypeMachine.prefab,c88ab7b37c4f350242674d2efd621c19,c88ab7b37c4f350242674d2efd621c19,-1431003440,,,,,,,,,,,,,,,,,,,,,,,,,,,,,,,,,,,,,,,,,,,,,,,,,,,,,,,,,,,,,,,,,,,,,,,,,,,,,,,,,,,,,,,,,,,,,,,,,,,,,,,,,,,,,,,,,,,,,,,,,,,,,,,,,,,,,,,,,,,,,,,,,,,,,,,,,,,,,,,,,,,,,,,,,,,,,,,,,,,,,,,,,,,,,,,,,,,,,,,,,,,,,,,,,,,,,,,,,,,1,,,,,,,,,,,,,,,,,,,,,,,,,,{fileID: 0},0,,0,,,,,,,,,,,,,,,,,0,,,1,,,,,,,,{fileID: 1804323428427096},1804323428427096,,,,,"{x: 0, y: 0}","{x: 1, y: 1}",1,,,,,,,,,,,,,,,0,,,,,{fileID: 0},0,{fileID: 0},0,,,,,,,,,,,,,1,,,,,,,,,,,"{fileID: -1431003440, guid: c88ab7b37c4f350242674d2efd621c19, type: 3}",-1431003440,c88ab7b37c4f350242674d2efd621c19,,,,,,,,,,,,,,,,,,,,,,,,,,,,,,1,,1,,,,0,,,,,,,,,,,,,,,,,,,,,,,,,,,,,,,,,,,,,,1,,,,3,,,,,,,,,,,,,,,,,,,,,,,,,,,,,,,,,,,,,,,,,,,,,,,,,,,,,,,,,,,,,,,,,,,,,,,,,,,,,,,,,,,,,,,,,,,,,,,,,,,,,,,,,,,,,,,,,,,,,,,,,,,,,,,,,,,,,,,,,,,,,,,,,,,,,,,,,,,,,,,,,,,,,,,,,,,,,,,,,,,,,,,,,,,,,,,,,,,,,,,,,,,,,,,,,,,,,,,,,,,,,,,,,,,,,,,,,,,,,,,,,,,,,,,,,,,,,,,,,,,,,,,,,,,,,,,,,,,,,,,,,,,,,,,,,,,,,,,
Mouth_5,Assets/GameObject/Mouth_5.prefab,c88ab7b37c4f350242674d2efd621c19,c88ab7b37c4f350242674d2efd621c19,1667301410,,,,,,,,,,,,,,,,,,,,,,,,,,,,,,,,,,,,,,,,,,,,,,,,,,,,,,,,,,,,,,,,,,,,,,,,,,,,,,,,,,,,,,,,,,,,,,,,,,,,,,,,,,,,,,,,,,,,,,,,,,,,,,,,,,,,,,,,,,,,,,,,,,,,,,,,,,,,,,,,,,,,,,,,,,,,,,,,,,,,,,,,,,,,,,,,,,,,,,,,,,,,,,,,,,,,,,,,,,,,,,,,,,,,,,,,,,,,,,,,,,,,,{fileID: 0},0,,,,,,,,1,,,,,,,,,,1000,0,,,1,180,,1,0.9,,,,{fileID: 1459464310810522},1459464310810522,,,,,,,,,,,,,,"{fileID: 2100000, guid: 179a99f7d1bd90d45afa070af58bca34, type: 2}",2100000,179a99f7d1bd90d45afa070af58bca34,Assets/Material/MouthsDecal.mat,,,,,0,"{x: 0, y: 0, z: 0.5}",,,,{fileID: 0},0,{fileID: 0},0,,,,,,,,,,,,,,,,,,,,,1,,,"{fileID: 1667301410, guid: c88ab7b37c4f350242674d2efd621c19, type: 3}",1667301410,c88ab7b37c4f350242674d2efd621c19,,,,,,,,,,,,,,,,,,,,,,,,,,,,,,,,,,,"{x: 1, y: 1, z: 1}",,,180,,,,,,,,,,,,,,,,,,,,,,,,,,,,,,"{x: 0.3333, y: 0}","{x: 0.3333, y: 0.3333}",,,,,,,,,,,,,,,,,,,,,,,,,,,,,,,,,,,,,,,,,,,,,,,,,,,,,,,,,,,,,,,,,,,,,,,,,,,,,,,,,,,,,,,,,,,,,,,,,,,,,,,,,,,,,,,,,,,,,,,,,,,,,,,,,,,,,,,,,,,,,,,,,,,,,,,,,,,,,,,,,,,,,,,,,,,,,,,,,,,,,,,,,,,,,,,,,,,,,,,,,,,,,,,,,,,,,,,,,,,,,,,,,,,,,,,,,,,,,,,,,,,,,,,,,,,,,,,,,,,,,,,,,,,,,,,,,,,,,,,,,,,,,,,,,,,,,,,,,,,,,,,,
Building_DemoTrophy,Assets/GameObject/Building_DemoTrophy.prefab,c88ab7b37c4f350242674d2efd621c19,c88ab7b37c4f350242674d2efd621c19,-1431003440,,,,,,,,,,,,,,,,,,,,,,,,,,,,,,,,,,,,,,,,,,,,,,,,,,,,,,,,,,,,,,,,,,,,,,,,,,,,,,,,,,,,,,,,,,,,,,,,,,,,,,,,,,,,,,,,,,,,,,,,,,,,,,,,,,,,,,,,,,,,,,,,,,,,,,,,,,,,,,,,,,,,,,,,,,,,,,,,,,,,,,,,,,,,,,,,,,,,,,,,,,,,,,,,,,,,,,,,,,,2,,,,,,,,,,,,,,,,,,,,,,,,,,{fileID: 0},0,,0,,,,,,,,,,,,,,,,,0,,,1,,,,,,,,{fileID: 1161890843682280},1161890843682280,,,,,"{x: 0, y: 0}","{x: 1, y: 1}",1,,,,,,,,,,,,,,,0,,,,,{fileID: 0},0,{fileID: 0},0,,,,,,,,,,,,,1,,,,,,,,,,,"{fileID: -1431003440, guid: c88ab7b37c4f350242674d2efd621c19, type: 3}",-1431003440,c88ab7b37c4f350242674d2efd621c19,,,,,,,,,,,,,,,,,,,,,,,,,,,,,,1,,1,,,,0,,,,,,,,,,,,,,,,,,,,,,,,,,,,,,,,,,,,,,1,,,,3,,,,,,,,,,,,,,,,,,,,,,,,,,,,,,,,,,,,,,,,,,,,,,,,,,,,,,,,,,,,,,,,,,,,,,,,,,,,,,,,,,,,,,,,,,,,,,,,,,,,,,,,,,,,,,,,,,,,,,,,,,,,,,,,,,,,,,,,,,,,,,,,,,,,,,,,,,,,,,,,,,,,,,,,,,,,,,,,,,,,,,,,,,,,,,,,,,,,,,,,,,,,,,,,,,,,,,,,,,,,,,,,,,,,,,,,,,,,,,,,,,,,,,,,,,,,,,,,,,,,,,,,,,,,,,,,,,,,,,,,,,,,,,,,,,,,,,,
