_ObjectName,_SourceFile,_Script,_ScriptGUID,_ScriptFileID,MonoBehaviour.baked,MonoBehaviour.bakedShadows,MonoBehaviour.blendMode,MonoBehaviour.color,MonoBehaviour.colorBleedMode,MonoBehaviour.cutout,MonoBehaviour.disableFitCompensation,MonoBehaviour.ignoreCasterColor,MonoBehaviour.ignoreExternalActive,MonoBehaviour.inset,MonoBehaviour.m_CorrespondingSourceObject,MonoBehaviour.m_CorrespondingSourceObject_fileID,MonoBehaviour.m_EditorHideFlags,MonoBehaviour.m_Enabled,MonoBehaviour.m_GameObject,MonoBehaviour.m_GameObject_fileID,MonoBehaviour.m_ObjectHideFlags,MonoBehaviour.m_PrefabAsset,MonoBehaviour.m_PrefabAsset_fileID,MonoBehaviour.m_PrefabInstance,MonoBehaviour.m_PrefabInstance_fileID,MonoBehaviour.m_Script,MonoBehaviour.m_Script_fileID,MonoBehaviour.m_Script_guid,MonoBehaviour.m_Script_path,MonoBehaviour.modifiedFromInspector,MonoBehaviour.offset,MonoBehaviour.offsetAngle,MonoBehaviour.offsetDistance,MonoBehaviour.shadowAsSibling,MonoBehaviour.size,MonoBehaviour.spread,MonoBehaviour.useCasterAlpha,MonoBehaviour.useGlobalAngle
TaskEntry,Assets/GameObject/TaskEntry.prefab,LeTai.TrueShadow,1fa22c2b5ebef5f8f09692d9ba1e5baa,-248771874,0,[],0,"{r: 1, g: 1, b: 1, a: 0.28235295}",2,0,0,1,1,0,{fileID: 0},0,0,1,{fileID: 1504113034790232},1504113034790232,0,{fileID: 0},0,{fileID: 0},0,"{fileID: -248771874, guid: 1fa22c2b5ebef5f8f09692d9ba1e5baa, type: 3}",-248771874,1fa22c2b5ebef5f8f09692d9ba1e5baa,Assets/Plugins/LeTai.TrueShadow.dll,0,"{x: 0, y: -0}",90,0,0,11.39,0,1,0
QuestEntry,Assets/GameObject/QuestEntry.prefab,LeTai.TrueShadow,1fa22c2b5ebef5f8f09692d9ba1e5baa,-248771874,0,[],2,"{r: 1, g: 0.61960787, b: 0.227451, a: 1}",2,0,0,0,0,0,{fileID: 0},0,0,1,{fileID: 1917891261745925},1917891261745925,0,{fileID: 0},0,{fileID: 0},0,"{fileID: -248771874, guid: 1fa22c2b5ebef5f8f09692d9ba1e5baa, type: 3}",-248771874,1fa22c2b5ebef5f8f09692d9ba1e5baa,Assets/Plugins/LeTai.TrueShadow.dll,0,"{x: 0, y: -0}",90,0,0,8,0,1,0
QuestEntry,Assets/GameObject/QuestEntry.prefab,LeTai.TrueShadow,1fa22c2b5ebef5f8f09692d9ba1e5baa,-248771874,0,[],0,"{r: 0, g: 0, b: 0, a: 0.6}",2,0,0,0,0,0,{fileID: 0},0,0,1,{fileID: 1956797643265820},1956797643265820,0,{fileID: 0},0,{fileID: 0},0,"{fileID: -248771874, guid: 1fa22c2b5ebef5f8f09692d9ba1e5baa, type: 3}",-248771874,1fa22c2b5ebef5f8f09692d9ba1e5baa,Assets/Plugins/LeTai.TrueShadow.dll,0,"{x: 2.8284268, y: -2.8284273}",45,4,0,4.8,0,1,0
QuestEntry,Assets/GameObject/QuestEntry.prefab,LeTai.TrueShadow,1fa22c2b5ebef5f8f09692d9ba1e5baa,-248771874,0,[],0,"{r: 1, g: 0.10849059, b: 0.10849059, a: 1}",2,0,0,0,0,0,{fileID: 0},0,0,1,{fileID: 1650161965530682},1650161965530682,0,{fileID: 0},0,{fileID: 0},0,"{fileID: -248771874, guid: 1fa22c2b5ebef5f8f09692d9ba1e5baa, type: 3}",-248771874,1fa22c2b5ebef5f8f09692d9ba1e5baa,Assets/Plugins/LeTai.TrueShadow.dll,0,"{x: 0, y: -0}",90,0,0,3.5,0,1,0
InventoryEntry Trading Selling,Assets/GameObject/InventoryEntry Trading Selling.prefab,LeTai.TrueShadow,1fa22c2b5ebef5f8f09692d9ba1e5baa,-248771874,0,[],1,"{r: 0.47770557, g: 0.8962264, b: 0.56048983, a: 1}",2,0,0,0,1,1,{fileID: 0},0,0,1,{fileID: 1777081461532174},1777081461532174,0,{fileID: 0},0,{fileID: 0},0,"{fileID: -248771874, guid: 1fa22c2b5ebef5f8f09692d9ba1e5baa, type: 3}",-248771874,1fa22c2b5ebef5f8f09692d9ba1e5baa,Assets/Plugins/LeTai.TrueShadow.dll,0,"{x: 0, y: -0}",90,0,0,15,0,0,0
InventoryEntry Trading Selling,Assets/GameObject/InventoryEntry Trading Selling.prefab,LeTai.TrueShadow,1fa22c2b5ebef5f8f09692d9ba1e5baa,-248771874,0,[],0,"{r: 0, g: 0, b: 0, a: 0.6}",2,0,0,0,0,0,{fileID: 0},0,0,1,{fileID: 1592363302087709},1592363302087709,0,{fileID: 0},0,{fileID: 0},0,"{fileID: -248771874, guid: 1fa22c2b5ebef5f8f09692d9ba1e5baa, type: 3}",-248771874,1fa22c2b5ebef5f8f09692d9ba1e5baa,Assets/Plugins/LeTai.TrueShadow.dll,0,"{x: 1.4142134, y: -1.4142137}",45,2,0,8,0,1,0
InventoryEntry Trading Selling,Assets/GameObject/InventoryEntry Trading Selling.prefab,LeTai.TrueShadow,1fa22c2b5ebef5f8f09692d9ba1e5baa,-248771874,0,[],0,"{r: 0, g: 0, b: 0, a: 0.72156864}",2,0,0,1,1,0,{fileID: 0},0,0,1,{fileID: 1369753440980122},1369753440980122,0,{fileID: 0},0,{fileID: 0},0,"{fileID: -248771874, guid: 1fa22c2b5ebef5f8f09692d9ba1e5baa, type: 3}",-248771874,1fa22c2b5ebef5f8f09692d9ba1e5baa,Assets/Plugins/LeTai.TrueShadow.dll,0,"{x: 5.9195232, y: -5.38138}",42.273666,8,0,3,0.5,1,0
InventoryEntry Trading Selling,Assets/GameObject/InventoryEntry Trading Selling.prefab,LeTai.TrueShadow,1fa22c2b5ebef5f8f09692d9ba1e5baa,-248771874,0,[],0,"{r: 1, g: 1, b: 1, a: 1}",2,0,0,1,0,0,{fileID: 0},0,0,1,{fileID: 1944042420839744},1944042420839744,0,{fileID: 0},0,{fileID: 0},0,"{fileID: -248771874, guid: 1fa22c2b5ebef5f8f09692d9ba1e5baa, type: 3}",-248771874,1fa22c2b5ebef5f8f09692d9ba1e5baa,Assets/Plugins/LeTai.TrueShadow.dll,0,"{x: 0, y: -0}",90,0,0,1,0,1,0
InventoryEntry Trading Selling,Assets/GameObject/InventoryEntry Trading Selling.prefab,LeTai.TrueShadow,1fa22c2b5ebef5f8f09692d9ba1e5baa,-248771874,0,[],0,"{r: 1, g: 1, b: 1, a: 0.6}",2,0,0,0,0,0,{fileID: 0},0,0,1,{fileID: 1044282205924946},1044282205924946,0,{fileID: 0},0,{fileID: 0},0,"{fileID: -248771874, guid: 1fa22c2b5ebef5f8f09692d9ba1e5baa, type: 3}",-248771874,1fa22c2b5ebef5f8f09692d9ba1e5baa,Assets/Plugins/LeTai.TrueShadow.dll,0,"{x: 0, y: -0}",90,0,0,2,0,1,0
InventoryEntry Trading Selling,Assets/GameObject/InventoryEntry Trading Selling.prefab,LeTai.TrueShadow,1fa22c2b5ebef5f8f09692d9ba1e5baa,-248771874,0,[],0,"{r: 1, g: 1, b: 1, a: 0.6}",2,0,0,0,0,0,{fileID: 0},0,0,1,{fileID: 1884910782157504},1884910782157504,0,{fileID: 0},0,{fileID: 0},0,"{fileID: -248771874, guid: 1fa22c2b5ebef5f8f09692d9ba1e5baa, type: 3}",-248771874,1fa22c2b5ebef5f8f09692d9ba1e5baa,Assets/Plugins/LeTai.TrueShadow.dll,0,"{x: 0, y: -0}",90,0,0,2,0,1,0
InventoryEntry Trading Selling,Assets/GameObject/InventoryEntry Trading Selling.prefab,LeTai.TrueShadow,1fa22c2b5ebef5f8f09692d9ba1e5baa,-248771874,0,[],0,"{r: 1, g: 1, b: 1, a: 0.6}",2,0,0,0,0,0,{fileID: 0},0,0,1,{fileID: 1368064696457001},1368064696457001,0,{fileID: 0},0,{fileID: 0},0,"{fileID: -248771874, guid: 1fa22c2b5ebef5f8f09692d9ba1e5baa, type: 3}",-248771874,1fa22c2b5ebef5f8f09692d9ba1e5baa,Assets/Plugins/LeTai.TrueShadow.dll,0,"{x: 0, y: -0}",90,0,0,2,0,1,0
InventoryEntry Trading Selling,Assets/GameObject/InventoryEntry Trading Selling.prefab,LeTai.TrueShadow,1fa22c2b5ebef5f8f09692d9ba1e5baa,-248771874,0,[],0,"{r: 0, g: 0, b: 0, a: 0.6}",2,0,0,0,0,0,{fileID: 0},0,0,1,{fileID: 1849716402381521},1849716402381521,0,{fileID: 0},0,{fileID: 0},0,"{fileID: -248771874, guid: 1fa22c2b5ebef5f8f09692d9ba1e5baa, type: 3}",-248771874,1fa22c2b5ebef5f8f09692d9ba1e5baa,Assets/Plugins/LeTai.TrueShadow.dll,0,"{x: 1.7881396E-07, y: -3}",90,3,0,6,0,1,0
InventoryEntry Trading Selling,Assets/GameObject/InventoryEntry Trading Selling.prefab,LeTai.TrueShadow,1fa22c2b5ebef5f8f09692d9ba1e5baa,-248771874,0,[],0,"{r: 1, g: 1, b: 1, a: 0.6}",2,0,0,0,0,0,{fileID: 0},0,0,1,{fileID: 1830072514021810},1830072514021810,0,{fileID: 0},0,{fileID: 0},0,"{fileID: -248771874, guid: 1fa22c2b5ebef5f8f09692d9ba1e5baa, type: 3}",-248771874,1fa22c2b5ebef5f8f09692d9ba1e5baa,Assets/Plugins/LeTai.TrueShadow.dll,0,"{x: 0, y: -0}",90,0,0,2,0,1,0
SlotIndicator,Assets/GameObject/SlotIndicator.prefab,LeTai.TrueShadow,1fa22c2b5ebef5f8f09692d9ba1e5baa,-248771874,0,[],0,"{r: 1, g: 1, b: 1, a: 1}",2,0,0,1,0,0,{fileID: 0},0,0,1,{fileID: 1849877197261496},1849877197261496,0,{fileID: 0},0,{fileID: 0},0,"{fileID: -248771874, guid: 1fa22c2b5ebef5f8f09692d9ba1e5baa, type: 3}",-248771874,1fa22c2b5ebef5f8f09692d9ba1e5baa,Assets/Plugins/LeTai.TrueShadow.dll,0,"{x: 0, y: -0}",90,0,0,1,0,1,0
ADSAimMarker_Bow,Assets/GameObject/ADSAimMarker_Bow.prefab,LeTai.TrueShadow,1fa22c2b5ebef5f8f09692d9ba1e5baa,-248771874,0,[],0,"{r: 0, g: 0, b: 0, a: 1}",2,0,0,0,1,0,{fileID: 0},0,0,1,{fileID: 1783390395781035},1783390395781035,0,{fileID: 0},0,{fileID: 0},0,"{fileID: -248771874, guid: 1fa22c2b5ebef5f8f09692d9ba1e5baa, type: 3}",-248771874,1fa22c2b5ebef5f8f09692d9ba1e5baa,Assets/Plugins/LeTai.TrueShadow.dll,0,"{x: 0, y: -0}",90,0,0,5,0,1,0
ADSAimMarker_Bow,Assets/GameObject/ADSAimMarker_Bow.prefab,LeTai.TrueShadow,1fa22c2b5ebef5f8f09692d9ba1e5baa,-248771874,0,[],0,"{r: 0, g: 0, b: 0, a: 0.6}",2,0,0,0,1,0,{fileID: 0},0,0,1,{fileID: 1451105237082198},1451105237082198,0,{fileID: 0},0,{fileID: 0},0,"{fileID: -248771874, guid: 1fa22c2b5ebef5f8f09692d9ba1e5baa, type: 3}",-248771874,1fa22c2b5ebef5f8f09692d9ba1e5baa,Assets/Plugins/LeTai.TrueShadow.dll,1,"{x: 0, y: -0}",90,0,0,9,0,1,0
ADSAimMarker_Bow,Assets/GameObject/ADSAimMarker_Bow.prefab,LeTai.TrueShadow,1fa22c2b5ebef5f8f09692d9ba1e5baa,-248771874,0,[],0,"{r: 0, g: 0, b: 0, a: 0.6}",2,0,0,0,1,0,{fileID: 0},0,0,1,{fileID: 1954346288995038},1954346288995038,0,{fileID: 0},0,{fileID: 0},0,"{fileID: -248771874, guid: 1fa22c2b5ebef5f8f09692d9ba1e5baa, type: 3}",-248771874,1fa22c2b5ebef5f8f09692d9ba1e5baa,Assets/Plugins/LeTai.TrueShadow.dll,0,"{x: 0, y: -0}",90,0,0,9,0,1,0
ADSAimMarker_Bow,Assets/GameObject/ADSAimMarker_Bow.prefab,LeTai.TrueShadow,1fa22c2b5ebef5f8f09692d9ba1e5baa,-248771874,0,[],0,"{r: 0, g: 0, b: 0, a: 1}",2,0,0,0,1,0,{fileID: 0},0,0,1,{fileID: 1897570457496931},1897570457496931,0,{fileID: 0},0,{fileID: 0},0,"{fileID: -248771874, guid: 1fa22c2b5ebef5f8f09692d9ba1e5baa, type: 3}",-248771874,1fa22c2b5ebef5f8f09692d9ba1e5baa,Assets/Plugins/LeTai.TrueShadow.dll,0,"{x: 0, y: -0}",90,0,0,9.3,0.45,1,0
ADSAimMarker_Bow,Assets/GameObject/ADSAimMarker_Bow.prefab,LeTai.TrueShadow,1fa22c2b5ebef5f8f09692d9ba1e5baa,-248771874,0,[],0,"{r: 0, g: 0, b: 0, a: 1}",2,0,0,0,1,0,{fileID: 0},0,0,1,{fileID: 1043951138270772},1043951138270772,0,{fileID: 0},0,{fileID: 0},0,"{fileID: -248771874, guid: 1fa22c2b5ebef5f8f09692d9ba1e5baa, type: 3}",-248771874,1fa22c2b5ebef5f8f09692d9ba1e5baa,Assets/Plugins/LeTai.TrueShadow.dll,0,"{x: 0, y: -0}",90,0,0,9.3,0.45,1,0
ADSAimMarker_Holo,Assets/GameObject/ADSAimMarker_Holo.prefab,LeTai.TrueShadow,1fa22c2b5ebef5f8f09692d9ba1e5baa,-248771874,0,[],0,"{r: 1, g: 0.24010515, b: 0.18431371, a: 1}",2,0,0,0,1,0,{fileID: 0},0,0,1,{fileID: 1893059169386622},1893059169386622,0,{fileID: 0},0,{fileID: 0},0,"{fileID: -248771874, guid: 1fa22c2b5ebef5f8f09692d9ba1e5baa, type: 3}",-248771874,1fa22c2b5ebef5f8f09692d9ba1e5baa,Assets/Plugins/LeTai.TrueShadow.dll,0,"{x: 0, y: -0}",90,0,0,5,0,1,0
ADSAimMarker_Holo,Assets/GameObject/ADSAimMarker_Holo.prefab,LeTai.TrueShadow,1fa22c2b5ebef5f8f09692d9ba1e5baa,-248771874,0,[],0,"{r: 1, g: 0.24010515, b: 0.18431371, a: 1}",2,0,0,0,1,0,{fileID: 0},0,0,1,{fileID: 1136599289839582},1136599289839582,0,{fileID: 0},0,{fileID: 0},0,"{fileID: -248771874, guid: 1fa22c2b5ebef5f8f09692d9ba1e5baa, type: 3}",-248771874,1fa22c2b5ebef5f8f09692d9ba1e5baa,Assets/Plugins/LeTai.TrueShadow.dll,0,"{x: 0, y: -0}",90,0,0,5,0,1,0
ADSAimMarker_Holo,Assets/GameObject/ADSAimMarker_Holo.prefab,LeTai.TrueShadow,1fa22c2b5ebef5f8f09692d9ba1e5baa,-248771874,0,[],0,"{r: 0, g: 0, b: 0, a: 0.6}",2,0,0,0,1,0,{fileID: 0},0,0,1,{fileID: 1268918270795356},1268918270795356,0,{fileID: 0},0,{fileID: 0},0,"{fileID: -248771874, guid: 1fa22c2b5ebef5f8f09692d9ba1e5baa, type: 3}",-248771874,1fa22c2b5ebef5f8f09692d9ba1e5baa,Assets/Plugins/LeTai.TrueShadow.dll,0,"{x: 0, y: -0}",90,0,0,9,0,1,0
ADSAimMarker_Holo,Assets/GameObject/ADSAimMarker_Holo.prefab,LeTai.TrueShadow,1fa22c2b5ebef5f8f09692d9ba1e5baa,-248771874,0,[],0,"{r: 0, g: 0, b: 0, a: 0.6}",2,0,0,0,1,0,{fileID: 0},0,0,1,{fileID: 1430780069217391},1430780069217391,0,{fileID: 0},0,{fileID: 0},0,"{fileID: -248771874, guid: 1fa22c2b5ebef5f8f09692d9ba1e5baa, type: 3}",-248771874,1fa22c2b5ebef5f8f09692d9ba1e5baa,Assets/Plugins/LeTai.TrueShadow.dll,0,"{x: 0, y: -0}",90,0,0,9,0,1,0
ADSAimMarker_Holo,Assets/GameObject/ADSAimMarker_Holo.prefab,LeTai.TrueShadow,1fa22c2b5ebef5f8f09692d9ba1e5baa,-248771874,0,[],0,"{r: 0, g: 0, b: 0, a: 0.6}",2,0,0,0,1,0,{fileID: 0},0,0,1,{fileID: 1993877037021524},1993877037021524,0,{fileID: 0},0,{fileID: 0},0,"{fileID: -248771874, guid: 1fa22c2b5ebef5f8f09692d9ba1e5baa, type: 3}",-248771874,1fa22c2b5ebef5f8f09692d9ba1e5baa,Assets/Plugins/LeTai.TrueShadow.dll,0,"{x: 0, y: -0}",90,0,0,9,0,1,0
ADSAimMarker_Holo,Assets/GameObject/ADSAimMarker_Holo.prefab,LeTai.TrueShadow,1fa22c2b5ebef5f8f09692d9ba1e5baa,-248771874,0,[],0,"{r: 0, g: 0, b: 0, a: 0.6}",2,0,0,0,1,0,{fileID: 0},0,0,1,{fileID: 1410256246291785},1410256246291785,0,{fileID: 0},0,{fileID: 0},0,"{fileID: -248771874, guid: 1fa22c2b5ebef5f8f09692d9ba1e5baa, type: 3}",-248771874,1fa22c2b5ebef5f8f09692d9ba1e5baa,Assets/Plugins/LeTai.TrueShadow.dll,0,"{x: 0, y: -0}",90,0,0,9,0,1,0
ADSAimMarker_Star,Assets/GameObject/ADSAimMarker_Star.prefab,LeTai.TrueShadow,1fa22c2b5ebef5f8f09692d9ba1e5baa,-248771874,0,[],0,"{r: 0, g: 0, b: 0, a: 1}",2,0,0,0,1,0,{fileID: 0},0,0,1,{fileID: 1938643433338134},1938643433338134,0,{fileID: 0},0,{fileID: 0},0,"{fileID: -248771874, guid: 1fa22c2b5ebef5f8f09692d9ba1e5baa, type: 3}",-248771874,1fa22c2b5ebef5f8f09692d9ba1e5baa,Assets/Plugins/LeTai.TrueShadow.dll,0,"{x: 0, y: -0}",90,0,0,9,0,1,0
ADSAimMarker_Star,Assets/GameObject/ADSAimMarker_Star.prefab,LeTai.TrueShadow,1fa22c2b5ebef5f8f09692d9ba1e5baa,-248771874,0,[],0,"{r: 0, g: 0, b: 0, a: 1}",2,0,0,0,1,0,{fileID: 0},0,0,1,{fileID: 1471461239610021},1471461239610021,0,{fileID: 0},0,{fileID: 0},0,"{fileID: -248771874, guid: 1fa22c2b5ebef5f8f09692d9ba1e5baa, type: 3}",-248771874,1fa22c2b5ebef5f8f09692d9ba1e5baa,Assets/Plugins/LeTai.TrueShadow.dll,0,"{x: 0, y: -0}",90,0,0,9.3,0.45,1,0
ADSAimMarker_Star,Assets/GameObject/ADSAimMarker_Star.prefab,LeTai.TrueShadow,1fa22c2b5ebef5f8f09692d9ba1e5baa,-248771874,0,[],0,"{r: 0, g: 0, b: 0, a: 1}",2,0,0,0,1,0,{fileID: 0},0,0,1,{fileID: 1491627397937044},1491627397937044,0,{fileID: 0},0,{fileID: 0},0,"{fileID: -248771874, guid: 1fa22c2b5ebef5f8f09692d9ba1e5baa, type: 3}",-248771874,1fa22c2b5ebef5f8f09692d9ba1e5baa,Assets/Plugins/LeTai.TrueShadow.dll,0,"{x: 0, y: -0}",90,0,0,9.3,0.45,1,0
ADSAimMarker_Star,Assets/GameObject/ADSAimMarker_Star.prefab,LeTai.TrueShadow,1fa22c2b5ebef5f8f09692d9ba1e5baa,-248771874,0,[],0,"{r: 0, g: 0, b: 0, a: 1}",2,0,0,0,1,0,{fileID: 0},0,0,1,{fileID: 1873473105415899},1873473105415899,0,{fileID: 0},0,{fileID: 0},0,"{fileID: -248771874, guid: 1fa22c2b5ebef5f8f09692d9ba1e5baa, type: 3}",-248771874,1fa22c2b5ebef5f8f09692d9ba1e5baa,Assets/Plugins/LeTai.TrueShadow.dll,0,"{x: 0, y: -0}",90,0,0,9.3,0.45,1,0
ADSAimMarker_Star,Assets/GameObject/ADSAimMarker_Star.prefab,LeTai.TrueShadow,1fa22c2b5ebef5f8f09692d9ba1e5baa,-248771874,0,[],0,"{r: 0, g: 0, b: 0, a: 1}",2,0,0,0,1,0,{fileID: 0},0,0,1,{fileID: 1863488914574825},1863488914574825,0,{fileID: 0},0,{fileID: 0},0,"{fileID: -248771874, guid: 1fa22c2b5ebef5f8f09692d9ba1e5baa, type: 3}",-248771874,1fa22c2b5ebef5f8f09692d9ba1e5baa,Assets/Plugins/LeTai.TrueShadow.dll,0,"{x: 0, y: -0}",90,0,0,9.3,0.45,1,0
ADSAimMarker_ShotGun,Assets/GameObject/ADSAimMarker_ShotGun.prefab,LeTai.TrueShadow,1fa22c2b5ebef5f8f09692d9ba1e5baa,-248771874,0,[],0,"{r: 0, g: 0, b: 0, a: 1}",2,0,0,0,1,0,{fileID: 0},0,0,1,{fileID: 1446620308318869},1446620308318869,0,{fileID: 0},0,{fileID: 0},0,"{fileID: -248771874, guid: 1fa22c2b5ebef5f8f09692d9ba1e5baa, type: 3}",-248771874,1fa22c2b5ebef5f8f09692d9ba1e5baa,Assets/Plugins/LeTai.TrueShadow.dll,0,"{x: 0, y: -0}",90,0,0,5,0,1,0
ADSAimMarker_ShotGun,Assets/GameObject/ADSAimMarker_ShotGun.prefab,LeTai.TrueShadow,1fa22c2b5ebef5f8f09692d9ba1e5baa,-248771874,0,[],0,"{r: 0, g: 0, b: 0, a: 0.6}",2,0,0,0,1,0,{fileID: 0},0,0,1,{fileID: 1469365647212730},1469365647212730,0,{fileID: 0},0,{fileID: 0},0,"{fileID: -248771874, guid: 1fa22c2b5ebef5f8f09692d9ba1e5baa, type: 3}",-248771874,1fa22c2b5ebef5f8f09692d9ba1e5baa,Assets/Plugins/LeTai.TrueShadow.dll,0,"{x: 0, y: -0}",90,0,0,9,0,1,0
ADSAimMarker_ShotGun,Assets/GameObject/ADSAimMarker_ShotGun.prefab,LeTai.TrueShadow,1fa22c2b5ebef5f8f09692d9ba1e5baa,-248771874,0,[],0,"{r: 0, g: 0, b: 0, a: 0.6}",2,0,0,0,1,0,{fileID: 0},0,0,1,{fileID: 1044538911674688},1044538911674688,0,{fileID: 0},0,{fileID: 0},0,"{fileID: -248771874, guid: 1fa22c2b5ebef5f8f09692d9ba1e5baa, type: 3}",-248771874,1fa22c2b5ebef5f8f09692d9ba1e5baa,Assets/Plugins/LeTai.TrueShadow.dll,0,"{x: 0, y: -0}",90,0,0,9,0,1,0
ADSAimMarker_ShotGun,Assets/GameObject/ADSAimMarker_ShotGun.prefab,LeTai.TrueShadow,1fa22c2b5ebef5f8f09692d9ba1e5baa,-248771874,0,[],0,"{r: 0, g: 0, b: 0, a: 0.6}",2,0,0,0,1,0,{fileID: 0},0,0,1,{fileID: 1082480699494742},1082480699494742,0,{fileID: 0},0,{fileID: 0},0,"{fileID: -248771874, guid: 1fa22c2b5ebef5f8f09692d9ba1e5baa, type: 3}",-248771874,1fa22c2b5ebef5f8f09692d9ba1e5baa,Assets/Plugins/LeTai.TrueShadow.dll,0,"{x: 0, y: -0}",90,0,0,9,0,1,0
ADSAimMarker_ShotGun,Assets/GameObject/ADSAimMarker_ShotGun.prefab,LeTai.TrueShadow,1fa22c2b5ebef5f8f09692d9ba1e5baa,-248771874,0,[],0,"{r: 0, g: 0, b: 0, a: 0.6}",2,0,0,0,1,0,{fileID: 0},0,0,1,{fileID: 1210448189306727},1210448189306727,0,{fileID: 0},0,{fileID: 0},0,"{fileID: -248771874, guid: 1fa22c2b5ebef5f8f09692d9ba1e5baa, type: 3}",-248771874,1fa22c2b5ebef5f8f09692d9ba1e5baa,Assets/Plugins/LeTai.TrueShadow.dll,0,"{x: 0, y: -0}",90,0,0,9,0,1,0
ItemDisplay,Assets/GameObject/ItemDisplay.prefab,LeTai.TrueShadow,1fa22c2b5ebef5f8f09692d9ba1e5baa,-248771874,0,[],0,"{r: 0, g: 0, b: 0, a: 0.6}",2,0,0,0,0,0,{fileID: 0},0,0,0,{fileID: 1533795247126750},1533795247126750,0,{fileID: 0},0,{fileID: 0},0,"{fileID: -248771874, guid: 1fa22c2b5ebef5f8f09692d9ba1e5baa, type: 3}",-248771874,1fa22c2b5ebef5f8f09692d9ba1e5baa,Assets/Plugins/LeTai.TrueShadow.dll,0,"{x: 1.4142134, y: -1.4142137}",45,2,0,8,0,1,0
ItemDisplay,Assets/GameObject/ItemDisplay.prefab,LeTai.TrueShadow,1fa22c2b5ebef5f8f09692d9ba1e5baa,-248771874,0,[],0,"{r: 0, g: 0, b: 0, a: 0.72156864}",2,0,0,1,1,0,{fileID: 0},0,0,1,{fileID: 1610630344683357},1610630344683357,0,{fileID: 0},0,{fileID: 0},0,"{fileID: -248771874, guid: 1fa22c2b5ebef5f8f09692d9ba1e5baa, type: 3}",-248771874,1fa22c2b5ebef5f8f09692d9ba1e5baa,Assets/Plugins/LeTai.TrueShadow.dll,0,"{x: 5.9195232, y: -5.38138}",42.273666,8,0,3,0.5,1,0
ItemDisplay,Assets/GameObject/ItemDisplay.prefab,LeTai.TrueShadow,1fa22c2b5ebef5f8f09692d9ba1e5baa,-248771874,0,[],0,"{r: 1, g: 1, b: 1, a: 1}",2,0,0,1,0,0,{fileID: 0},0,0,0,{fileID: 1100121589366828},1100121589366828,0,{fileID: 0},0,{fileID: 0},0,"{fileID: -248771874, guid: 1fa22c2b5ebef5f8f09692d9ba1e5baa, type: 3}",-248771874,1fa22c2b5ebef5f8f09692d9ba1e5baa,Assets/Plugins/LeTai.TrueShadow.dll,0,"{x: 0, y: -0}",90,0,0,1,0,1,0
ItemDisplay,Assets/GameObject/ItemDisplay.prefab,LeTai.TrueShadow,1fa22c2b5ebef5f8f09692d9ba1e5baa,-248771874,0,[],0,"{r: 1, g: 1, b: 1, a: 0.6}",2,0,0,0,0,0,{fileID: 0},0,0,1,{fileID: 1039222149593049},1039222149593049,0,{fileID: 0},0,{fileID: 0},0,"{fileID: -248771874, guid: 1fa22c2b5ebef5f8f09692d9ba1e5baa, type: 3}",-248771874,1fa22c2b5ebef5f8f09692d9ba1e5baa,Assets/Plugins/LeTai.TrueShadow.dll,0,"{x: 0, y: -0}",90,0,0,2,0,1,0
ItemDisplay,Assets/GameObject/ItemDisplay.prefab,LeTai.TrueShadow,1fa22c2b5ebef5f8f09692d9ba1e5baa,-248771874,0,[],0,"{r: 1, g: 1, b: 1, a: 0.6}",2,0,0,0,0,0,{fileID: 0},0,0,1,{fileID: 1130140973802651},1130140973802651,0,{fileID: 0},0,{fileID: 0},0,"{fileID: -248771874, guid: 1fa22c2b5ebef5f8f09692d9ba1e5baa, type: 3}",-248771874,1fa22c2b5ebef5f8f09692d9ba1e5baa,Assets/Plugins/LeTai.TrueShadow.dll,0,"{x: 0, y: -0}",90,0,0,2,0,1,0
ItemDisplay,Assets/GameObject/ItemDisplay.prefab,LeTai.TrueShadow,1fa22c2b5ebef5f8f09692d9ba1e5baa,-248771874,0,[],0,"{r: 1, g: 1, b: 1, a: 0.6}",2,0,0,0,0,0,{fileID: 0},0,0,1,{fileID: 1263492709289102},1263492709289102,0,{fileID: 0},0,{fileID: 0},0,"{fileID: -248771874, guid: 1fa22c2b5ebef5f8f09692d9ba1e5baa, type: 3}",-248771874,1fa22c2b5ebef5f8f09692d9ba1e5baa,Assets/Plugins/LeTai.TrueShadow.dll,0,"{x: 0, y: -0}",90,0,0,2,0,1,0
ItemDisplay,Assets/GameObject/ItemDisplay.prefab,LeTai.TrueShadow,1fa22c2b5ebef5f8f09692d9ba1e5baa,-248771874,0,[],0,"{r: 0, g: 0, b: 0, a: 0.6}",2,0,0,0,0,0,{fileID: 0},0,0,0,{fileID: 1666704852489419},1666704852489419,0,{fileID: 0},0,{fileID: 0},0,"{fileID: -248771874, guid: 1fa22c2b5ebef5f8f09692d9ba1e5baa, type: 3}",-248771874,1fa22c2b5ebef5f8f09692d9ba1e5baa,Assets/Plugins/LeTai.TrueShadow.dll,0,"{x: 1.7881396E-07, y: -3}",90,3,0,6,0,1,0
RewardEntry,Assets/GameObject/RewardEntry.prefab,LeTai.TrueShadow,1fa22c2b5ebef5f8f09692d9ba1e5baa,-248771874,0,[],0,"{r: 1, g: 1, b: 1, a: 1}",2,0,0,0,0,0,{fileID: 0},0,0,1,{fileID: 1501346393528812},1501346393528812,0,{fileID: 0},0,{fileID: 0},0,"{fileID: -248771874, guid: 1fa22c2b5ebef5f8f09692d9ba1e5baa, type: 3}",-248771874,1fa22c2b5ebef5f8f09692d9ba1e5baa,Assets/Plugins/LeTai.TrueShadow.dll,0,"{x: 0, y: -0}",90,0,0,10,0,1,0
LevelManager,Assets/GameObject/LevelManager.prefab,LeTai.TrueShadow,1fa22c2b5ebef5f8f09692d9ba1e5baa,-248771874,0,[],0,"{r: 0, g: 0, b: 0, a: 1}",2,0,0,0,0,0,{fileID: 0},0,0,1,{fileID: 1846106215850235},1846106215850235,0,{fileID: 0},0,{fileID: 0},0,"{fileID: -248771874, guid: 1fa22c2b5ebef5f8f09692d9ba1e5baa, type: 3}",-248771874,1fa22c2b5ebef5f8f09692d9ba1e5baa,Assets/Plugins/LeTai.TrueShadow.dll,0,"{x: 0, y: 0}",0,0,0,50,0.683,1,0
LevelManager,Assets/GameObject/LevelManager.prefab,LeTai.TrueShadow,1fa22c2b5ebef5f8f09692d9ba1e5baa,-248771874,0,[],0,"{r: 1, g: 1, b: 1, a: 1}",2,0,0,1,1,0,{fileID: 0},0,0,1,{fileID: 1846106215850235},1846106215850235,0,{fileID: 0},0,{fileID: 0},0,"{fileID: -248771874, guid: 1fa22c2b5ebef5f8f09692d9ba1e5baa, type: 3}",-248771874,1fa22c2b5ebef5f8f09692d9ba1e5baa,Assets/Plugins/LeTai.TrueShadow.dll,0,"{x: 0, y: -0}",45,0,0,20,0.2,1,0
LevelManager,Assets/GameObject/LevelManager.prefab,LeTai.TrueShadow,1fa22c2b5ebef5f8f09692d9ba1e5baa,-248771874,0,[],0,"{r: 1, g: 1, b: 1, a: 1}",2,0,0,0,0,0,{fileID: 0},0,0,1,{fileID: 1873369259659254},1873369259659254,0,{fileID: 0},0,{fileID: 0},0,"{fileID: -248771874, guid: 1fa22c2b5ebef5f8f09692d9ba1e5baa, type: 3}",-248771874,1fa22c2b5ebef5f8f09692d9ba1e5baa,Assets/Plugins/LeTai.TrueShadow.dll,0,"{x: 1.192093E-07, y: -2}",90,2,0,3.4,0.197,1,0
LevelManager,Assets/GameObject/LevelManager.prefab,LeTai.TrueShadow,1fa22c2b5ebef5f8f09692d9ba1e5baa,-248771874,0,[],0,"{r: 1, g: 1, b: 1, a: 1}",2,0,0,0,0,0,{fileID: 0},0,0,1,{fileID: 1292332412951492},1292332412951492,0,{fileID: 0},0,{fileID: 0},0,"{fileID: -248771874, guid: 1fa22c2b5ebef5f8f09692d9ba1e5baa, type: 3}",-248771874,1fa22c2b5ebef5f8f09692d9ba1e5baa,Assets/Plugins/LeTai.TrueShadow.dll,0,"{x: 1.192093E-07, y: 2}",270,2,0,3.4,0.197,1,0
LevelManager,Assets/GameObject/LevelManager.prefab,LeTai.TrueShadow,1fa22c2b5ebef5f8f09692d9ba1e5baa,-248771874,0,[],0,"{r: 0, g: 0, b: 0, a: 0.5686275}",2,0,0,0,0,1,{fileID: 0},0,0,1,{fileID: 1527484122034575},1527484122034575,0,{fileID: 0},0,{fileID: 0},0,"{fileID: -248771874, guid: 1fa22c2b5ebef5f8f09692d9ba1e5baa, type: 3}",-248771874,1fa22c2b5ebef5f8f09692d9ba1e5baa,Assets/Plugins/LeTai.TrueShadow.dll,0,"{x: 0.27349573, y: -1.4951923}",79.63423,1.52,0,2,0,0,0
LevelManager,Assets/GameObject/LevelManager.prefab,LeTai.TrueShadow,1fa22c2b5ebef5f8f09692d9ba1e5baa,-248771874,0,[],0,"{r: 0, g: 0, b: 0, a: 1}",2,0,0,0,0,0,{fileID: 0},0,0,1,{fileID: 1259958436426184},1259958436426184,0,{fileID: 0},0,{fileID: 0},0,"{fileID: -248771874, guid: 1fa22c2b5ebef5f8f09692d9ba1e5baa, type: 3}",-248771874,1fa22c2b5ebef5f8f09692d9ba1e5baa,Assets/Plugins/LeTai.TrueShadow.dll,0,"{x: 0, y: -0}",90,0,0,5,0,1,0
LevelManager,Assets/GameObject/LevelManager.prefab,LeTai.TrueShadow,1fa22c2b5ebef5f8f09692d9ba1e5baa,-248771874,0,[],0,"{r: 0, g: 0, b: 0, a: 0.6}",2,0,0,0,0,0,{fileID: 0},0,0,1,{fileID: 1635731956472775},1635731956472775,0,{fileID: 0},0,{fileID: 0},0,"{fileID: -248771874, guid: 1fa22c2b5ebef5f8f09692d9ba1e5baa, type: 3}",-248771874,1fa22c2b5ebef5f8f09692d9ba1e5baa,Assets/Plugins/LeTai.TrueShadow.dll,0,"{x: 5.6568537, y: -5.6568546}",45,8,0,16,0,1,0
LevelManager,Assets/GameObject/LevelManager.prefab,LeTai.TrueShadow,1fa22c2b5ebef5f8f09692d9ba1e5baa,-248771874,0,[],0,"{r: 0, g: 0, b: 0, a: 0.9843137}",2,0,0,0,0,0,{fileID: 0},0,0,1,{fileID: 1613393059247345},1613393059247345,0,{fileID: 0},0,{fileID: 0},0,"{fileID: -248771874, guid: 1fa22c2b5ebef5f8f09692d9ba1e5baa, type: 3}",-248771874,1fa22c2b5ebef5f8f09692d9ba1e5baa,Assets/Plugins/LeTai.TrueShadow.dll,0,"{x: 0, y: -0}",90,0,0,29.79,0,1,0
LevelManager,Assets/GameObject/LevelManager.prefab,LeTai.TrueShadow,1fa22c2b5ebef5f8f09692d9ba1e5baa,-248771874,0,[],0,"{r: 0, g: 0, b: 0, a: 0.9843137}",2,0,0,0,0,0,{fileID: 0},0,0,1,{fileID: 1561926056229809},1561926056229809,0,{fileID: 0},0,{fileID: 0},0,"{fileID: -248771874, guid: 1fa22c2b5ebef5f8f09692d9ba1e5baa, type: 3}",-248771874,1fa22c2b5ebef5f8f09692d9ba1e5baa,Assets/Plugins/LeTai.TrueShadow.dll,0,"{x: 0, y: -0}",90,0,0,3,0,1,0
LevelManager,Assets/GameObject/LevelManager.prefab,LeTai.TrueShadow,1fa22c2b5ebef5f8f09692d9ba1e5baa,-248771874,0,[],0,"{r: 0, g: 0, b: 0, a: 0.9843137}",2,0,0,0,0,0,{fileID: 0},0,0,1,{fileID: 1031981945315968},1031981945315968,0,{fileID: 0},0,{fileID: 0},0,"{fileID: -248771874, guid: 1fa22c2b5ebef5f8f09692d9ba1e5baa, type: 3}",-248771874,1fa22c2b5ebef5f8f09692d9ba1e5baa,Assets/Plugins/LeTai.TrueShadow.dll,0,"{x: 0, y: -0}",90,0,0,3,0,1,0
LevelManager,Assets/GameObject/LevelManager.prefab,LeTai.TrueShadow,1fa22c2b5ebef5f8f09692d9ba1e5baa,-248771874,0,[],0,"{r: 1, g: 1, b: 1, a: 0.5019608}",2,0,0,0,0,0,{fileID: 0},0,0,1,{fileID: 1050519809422454},1050519809422454,0,{fileID: 0},0,{fileID: 0},0,"{fileID: -248771874, guid: 1fa22c2b5ebef5f8f09692d9ba1e5baa, type: 3}",-248771874,1fa22c2b5ebef5f8f09692d9ba1e5baa,Assets/Plugins/LeTai.TrueShadow.dll,0,"{x: 0, y: -0}",90,0,0,15.3,0,1,0
LevelManager,Assets/GameObject/LevelManager.prefab,LeTai.TrueShadow,1fa22c2b5ebef5f8f09692d9ba1e5baa,-248771874,0,[],0,"{r: 1, g: 0.4198113, b: 0.4198113, a: 0.49803922}",2,0,0,1,0,0,{fileID: 0},0,0,1,{fileID: 1974470605985278},1974470605985278,0,{fileID: 0},0,{fileID: 0},0,"{fileID: -248771874, guid: 1fa22c2b5ebef5f8f09692d9ba1e5baa, type: 3}",-248771874,1fa22c2b5ebef5f8f09692d9ba1e5baa,Assets/Plugins/LeTai.TrueShadow.dll,0,"{x: 0, y: -0}",45,0,0,10,0,1,0
LevelManager,Assets/GameObject/LevelManager.prefab,LeTai.TrueShadow,1fa22c2b5ebef5f8f09692d9ba1e5baa,-248771874,0,[],0,"{r: 1, g: 1, b: 1, a: 0.25490198}",2,0,0,0,0,0,{fileID: 0},0,0,1,{fileID: 1131930091161237},1131930091161237,0,{fileID: 0},0,{fileID: 0},0,"{fileID: -248771874, guid: 1fa22c2b5ebef5f8f09692d9ba1e5baa, type: 3}",-248771874,1fa22c2b5ebef5f8f09692d9ba1e5baa,Assets/Plugins/LeTai.TrueShadow.dll,0,"{x: 2.835498, y: -2.8354986}",45,4.01,0,3,0,1,0
LevelManager,Assets/GameObject/LevelManager.prefab,LeTai.TrueShadow,1fa22c2b5ebef5f8f09692d9ba1e5baa,-248771874,0,[],0,"{r: 0, g: 0, b: 0, a: 1}",2,0,0,0,0,0,{fileID: 0},0,0,1,{fileID: 1382197164888793},1382197164888793,0,{fileID: 0},0,{fileID: 0},0,"{fileID: -248771874, guid: 1fa22c2b5ebef5f8f09692d9ba1e5baa, type: 3}",-248771874,1fa22c2b5ebef5f8f09692d9ba1e5baa,Assets/Plugins/LeTai.TrueShadow.dll,0,"{x: 9.899494, y: -9.899496}",45,14,0,10,0,0,0
LevelManager,Assets/GameObject/LevelManager.prefab,LeTai.TrueShadow,1fa22c2b5ebef5f8f09692d9ba1e5baa,-248771874,0,[],0,"{r: 0, g: 0, b: 0, a: 1}",2,0,0,0,0,0,{fileID: 0},0,0,1,{fileID: 1211477322442452},1211477322442452,0,{fileID: 0},0,{fileID: 0},0,"{fileID: -248771874, guid: 1fa22c2b5ebef5f8f09692d9ba1e5baa, type: 3}",-248771874,1fa22c2b5ebef5f8f09692d9ba1e5baa,Assets/Plugins/LeTai.TrueShadow.dll,0,"{x: 5.3644186E-07, y: -9}",90,9,0,20,0,1,0
LevelManager,Assets/GameObject/LevelManager.prefab,LeTai.TrueShadow,1fa22c2b5ebef5f8f09692d9ba1e5baa,-248771874,0,[],0,"{r: 0, g: 0, b: 0, a: 0.8784314}",2,0,0,0,0,0,{fileID: 0},0,0,1,{fileID: 1858640609991444},1858640609991444,0,{fileID: 0},0,{fileID: 0},0,"{fileID: -248771874, guid: 1fa22c2b5ebef5f8f09692d9ba1e5baa, type: 3}",-248771874,1fa22c2b5ebef5f8f09692d9ba1e5baa,Assets/Plugins/LeTai.TrueShadow.dll,0,"{x: 7.1525585E-07, y: -12}",90,12,0,32,0,1,0
LevelManager,Assets/GameObject/LevelManager.prefab,LeTai.TrueShadow,1fa22c2b5ebef5f8f09692d9ba1e5baa,-248771874,0,[],0,"{r: 0, g: 0, b: 0, a: 1}",2,0,0,0,0,0,{fileID: 0},0,0,1,{fileID: 1709011028284028},1709011028284028,0,{fileID: 0},0,{fileID: 0},0,"{fileID: -248771874, guid: 1fa22c2b5ebef5f8f09692d9ba1e5baa, type: 3}",-248771874,1fa22c2b5ebef5f8f09692d9ba1e5baa,Assets/Plugins/LeTai.TrueShadow.dll,0,"{x: 0, y: -0}",90,0,0,9.86,0.61,1,0
LevelManager,Assets/GameObject/LevelManager.prefab,LeTai.TrueShadow,1fa22c2b5ebef5f8f09692d9ba1e5baa,-248771874,0,[],0,"{r: 0, g: 0, b: 0, a: 0.6}",2,0,0,0,0,0,{fileID: 0},0,0,1,{fileID: 1000013559884850},1000013559884850,0,{fileID: 0},0,{fileID: 0},0,"{fileID: -248771874, guid: 1fa22c2b5ebef5f8f09692d9ba1e5baa, type: 3}",-248771874,1fa22c2b5ebef5f8f09692d9ba1e5baa,Assets/Plugins/LeTai.TrueShadow.dll,0,"{x: 5.6568537, y: -5.6568546}",45,8,0,8,0,1,0
LevelManager,Assets/GameObject/LevelManager.prefab,LeTai.TrueShadow,1fa22c2b5ebef5f8f09692d9ba1e5baa,-248771874,0,[],0,"{r: 0, g: 0, b: 0, a: 0.6}",2,0,0,0,0,0,{fileID: 0},0,0,0,{fileID: 1560566529201994},1560566529201994,0,{fileID: 0},0,{fileID: 0},0,"{fileID: -248771874, guid: 1fa22c2b5ebef5f8f09692d9ba1e5baa, type: 3}",-248771874,1fa22c2b5ebef5f8f09692d9ba1e5baa,Assets/Plugins/LeTai.TrueShadow.dll,0,"{x: 1.4142134, y: -1.4142137}",45,2,0,8,0,1,0
LevelManager,Assets/GameObject/LevelManager.prefab,LeTai.TrueShadow,1fa22c2b5ebef5f8f09692d9ba1e5baa,-248771874,0,[],0,"{r: 0, g: 0, b: 0, a: 0.72156864}",2,0,0,1,1,0,{fileID: 0},0,0,1,{fileID: 1236301509963019},1236301509963019,0,{fileID: 0},0,{fileID: 0},0,"{fileID: -248771874, guid: 1fa22c2b5ebef5f8f09692d9ba1e5baa, type: 3}",-248771874,1fa22c2b5ebef5f8f09692d9ba1e5baa,Assets/Plugins/LeTai.TrueShadow.dll,0,"{x: 5.9195232, y: -5.38138}",42.273666,8,0,3,0.5,1,0
LevelManager,Assets/GameObject/LevelManager.prefab,LeTai.TrueShadow,1fa22c2b5ebef5f8f09692d9ba1e5baa,-248771874,0,[],0,"{r: 1, g: 1, b: 1, a: 1}",2,0,0,1,0,0,{fileID: 0},0,0,0,{fileID: 1968060333956305},1968060333956305,0,{fileID: 0},0,{fileID: 0},0,"{fileID: -248771874, guid: 1fa22c2b5ebef5f8f09692d9ba1e5baa, type: 3}",-248771874,1fa22c2b5ebef5f8f09692d9ba1e5baa,Assets/Plugins/LeTai.TrueShadow.dll,0,"{x: 0, y: -0}",90,0,0,1,0,1,0
LevelManager,Assets/GameObject/LevelManager.prefab,LeTai.TrueShadow,1fa22c2b5ebef5f8f09692d9ba1e5baa,-248771874,0,[],0,"{r: 1, g: 1, b: 1, a: 0.6}",2,0,0,0,0,0,{fileID: 0},0,0,1,{fileID: 1268247021608966},1268247021608966,0,{fileID: 0},0,{fileID: 0},0,"{fileID: -248771874, guid: 1fa22c2b5ebef5f8f09692d9ba1e5baa, type: 3}",-248771874,1fa22c2b5ebef5f8f09692d9ba1e5baa,Assets/Plugins/LeTai.TrueShadow.dll,0,"{x: 0, y: -0}",90,0,0,2,0,1,0
LevelManager,Assets/GameObject/LevelManager.prefab,LeTai.TrueShadow,1fa22c2b5ebef5f8f09692d9ba1e5baa,-248771874,0,[],0,"{r: 1, g: 1, b: 1, a: 0.6}",2,0,0,0,0,0,{fileID: 0},0,0,1,{fileID: 1420581763946056},1420581763946056,0,{fileID: 0},0,{fileID: 0},0,"{fileID: -248771874, guid: 1fa22c2b5ebef5f8f09692d9ba1e5baa, type: 3}",-248771874,1fa22c2b5ebef5f8f09692d9ba1e5baa,Assets/Plugins/LeTai.TrueShadow.dll,0,"{x: 0, y: -0}",90,0,0,2,0,1,0
LevelManager,Assets/GameObject/LevelManager.prefab,LeTai.TrueShadow,1fa22c2b5ebef5f8f09692d9ba1e5baa,-248771874,0,[],0,"{r: 1, g: 1, b: 1, a: 0.6}",2,0,0,0,0,0,{fileID: 0},0,0,1,{fileID: 1655209930659127},1655209930659127,0,{fileID: 0},0,{fileID: 0},0,"{fileID: -248771874, guid: 1fa22c2b5ebef5f8f09692d9ba1e5baa, type: 3}",-248771874,1fa22c2b5ebef5f8f09692d9ba1e5baa,Assets/Plugins/LeTai.TrueShadow.dll,0,"{x: 0, y: -0}",90,0,0,2,0,1,0
LevelManager,Assets/GameObject/LevelManager.prefab,LeTai.TrueShadow,1fa22c2b5ebef5f8f09692d9ba1e5baa,-248771874,0,[],0,"{r: 0, g: 0, b: 0, a: 0.6}",2,0,0,0,0,0,{fileID: 0},0,0,0,{fileID: 1051742156837768},1051742156837768,0,{fileID: 0},0,{fileID: 0},0,"{fileID: -248771874, guid: 1fa22c2b5ebef5f8f09692d9ba1e5baa, type: 3}",-248771874,1fa22c2b5ebef5f8f09692d9ba1e5baa,Assets/Plugins/LeTai.TrueShadow.dll,0,"{x: 1.7881396E-07, y: -3}",90,3,0,6,0,1,0
LevelManager,Assets/GameObject/LevelManager.prefab,LeTai.TrueShadow,1fa22c2b5ebef5f8f09692d9ba1e5baa,-248771874,0,[],0,"{r: 0, g: 0, b: 0, a: 0.8}",2,0,0,0,0,0,{fileID: 0},0,0,0,{fileID: 1371035734479863},1371035734479863,0,{fileID: 0},0,{fileID: 0},0,"{fileID: -248771874, guid: 1fa22c2b5ebef5f8f09692d9ba1e5baa, type: 3}",-248771874,1fa22c2b5ebef5f8f09692d9ba1e5baa,Assets/Plugins/LeTai.TrueShadow.dll,0,"{x: 1.192093E-07, y: -2}",90,2,0,3,0,1,0
LevelManager,Assets/GameObject/LevelManager.prefab,LeTai.TrueShadow,1fa22c2b5ebef5f8f09692d9ba1e5baa,-248771874,0,[],0,"{r: 1, g: 0.4198113, b: 0.4198113, a: 0.49803922}",2,0,0,1,0,0,{fileID: 0},0,0,1,{fileID: 1768884301402462},1768884301402462,0,{fileID: 0},0,{fileID: 0},0,"{fileID: -248771874, guid: 1fa22c2b5ebef5f8f09692d9ba1e5baa, type: 3}",-248771874,1fa22c2b5ebef5f8f09692d9ba1e5baa,Assets/Plugins/LeTai.TrueShadow.dll,0,"{x: 0, y: -0}",45,0,0,10,0,1,0
LevelManager,Assets/GameObject/LevelManager.prefab,LeTai.TrueShadow,1fa22c2b5ebef5f8f09692d9ba1e5baa,-248771874,0,[],0,"{r: 1, g: 1, b: 1, a: 0.25490198}",2,0,0,0,0,0,{fileID: 0},0,0,1,{fileID: 1621785970284882},1621785970284882,0,{fileID: 0},0,{fileID: 0},0,"{fileID: -248771874, guid: 1fa22c2b5ebef5f8f09692d9ba1e5baa, type: 3}",-248771874,1fa22c2b5ebef5f8f09692d9ba1e5baa,Assets/Plugins/LeTai.TrueShadow.dll,0,"{x: 2.835498, y: -2.8354986}",45,4.01,0,3,0,1,0
LevelManager,Assets/GameObject/LevelManager.prefab,LeTai.TrueShadow,1fa22c2b5ebef5f8f09692d9ba1e5baa,-248771874,0,[],0,"{r: 0, g: 0, b: 0, a: 0.8156863}",2,0,0,0,0,0,{fileID: 0},0,0,1,{fileID: 1450415942158093},1450415942158093,0,{fileID: 0},0,{fileID: 0},0,"{fileID: -248771874, guid: 1fa22c2b5ebef5f8f09692d9ba1e5baa, type: 3}",-248771874,1fa22c2b5ebef5f8f09692d9ba1e5baa,Assets/Plugins/LeTai.TrueShadow.dll,0,"{x: 2.1213202, y: -2.1213205}",45,3,0,5,0,1,0
LevelManager,Assets/GameObject/LevelManager.prefab,LeTai.TrueShadow,1fa22c2b5ebef5f8f09692d9ba1e5baa,-248771874,0,[],0,"{r: 0, g: 0, b: 0, a: 0.6}",2,0,0,0,0,0,{fileID: 0},0,0,1,{fileID: 1885225964303381},1885225964303381,0,{fileID: 0},0,{fileID: 0},0,"{fileID: -248771874, guid: 1fa22c2b5ebef5f8f09692d9ba1e5baa, type: 3}",-248771874,1fa22c2b5ebef5f8f09692d9ba1e5baa,Assets/Plugins/LeTai.TrueShadow.dll,0,"{x: 5.6568537, y: -5.6568546}",45,8,0,8,0,1,0
LevelManager,Assets/GameObject/LevelManager.prefab,LeTai.TrueShadow,1fa22c2b5ebef5f8f09692d9ba1e5baa,-248771874,0,[],1,"{r: 0.4764151, g: 1, b: 0.62022334, a: 1}",2,0,0,1,1,1,{fileID: 0},0,0,1,{fileID: 1704975837056438},1704975837056438,0,{fileID: 0},0,{fileID: 0},0,"{fileID: -248771874, guid: 1fa22c2b5ebef5f8f09692d9ba1e5baa, type: 3}",-248771874,1fa22c2b5ebef5f8f09692d9ba1e5baa,Assets/Plugins/LeTai.TrueShadow.dll,0,"{x: 0, y: -0}",90,0,0,17.85,0,0,0
LevelManager,Assets/GameObject/LevelManager.prefab,LeTai.TrueShadow,1fa22c2b5ebef5f8f09692d9ba1e5baa,-248771874,0,[],0,"{r: 0, g: 0, b: 0, a: 0.6}",2,0,0,0,0,0,{fileID: 0},0,0,0,{fileID: 1769494366311151},1769494366311151,0,{fileID: 0},0,{fileID: 0},0,"{fileID: -248771874, guid: 1fa22c2b5ebef5f8f09692d9ba1e5baa, type: 3}",-248771874,1fa22c2b5ebef5f8f09692d9ba1e5baa,Assets/Plugins/LeTai.TrueShadow.dll,0,"{x: 1.4142134, y: -1.4142137}",45,2,0,8,0,1,0
LevelManager,Assets/GameObject/LevelManager.prefab,LeTai.TrueShadow,1fa22c2b5ebef5f8f09692d9ba1e5baa,-248771874,0,[],0,"{r: 0, g: 0, b: 0, a: 0.72156864}",2,0,0,1,1,0,{fileID: 0},0,0,1,{fileID: 1106047962166498},1106047962166498,0,{fileID: 0},0,{fileID: 0},0,"{fileID: -248771874, guid: 1fa22c2b5ebef5f8f09692d9ba1e5baa, type: 3}",-248771874,1fa22c2b5ebef5f8f09692d9ba1e5baa,Assets/Plugins/LeTai.TrueShadow.dll,0,"{x: 5.9195232, y: -5.38138}",42.273666,8,0,3,0.5,1,0
LevelManager,Assets/GameObject/LevelManager.prefab,LeTai.TrueShadow,1fa22c2b5ebef5f8f09692d9ba1e5baa,-248771874,0,[],0,"{r: 1, g: 1, b: 1, a: 1}",2,0,0,1,0,0,{fileID: 0},0,0,0,{fileID: 1983660759591426},1983660759591426,0,{fileID: 0},0,{fileID: 0},0,"{fileID: -248771874, guid: 1fa22c2b5ebef5f8f09692d9ba1e5baa, type: 3}",-248771874,1fa22c2b5ebef5f8f09692d9ba1e5baa,Assets/Plugins/LeTai.TrueShadow.dll,0,"{x: 0, y: -0}",90,0,0,1,0,1,0
LevelManager,Assets/GameObject/LevelManager.prefab,LeTai.TrueShadow,1fa22c2b5ebef5f8f09692d9ba1e5baa,-248771874,0,[],0,"{r: 1, g: 1, b: 1, a: 0.6}",2,0,0,0,0,0,{fileID: 0},0,0,1,{fileID: 1455956210070982},1455956210070982,0,{fileID: 0},0,{fileID: 0},0,"{fileID: -248771874, guid: 1fa22c2b5ebef5f8f09692d9ba1e5baa, type: 3}",-248771874,1fa22c2b5ebef5f8f09692d9ba1e5baa,Assets/Plugins/LeTai.TrueShadow.dll,0,"{x: 0, y: -0}",90,0,0,2,0,1,0
LevelManager,Assets/GameObject/LevelManager.prefab,LeTai.TrueShadow,1fa22c2b5ebef5f8f09692d9ba1e5baa,-248771874,0,[],0,"{r: 1, g: 1, b: 1, a: 0.6}",2,0,0,0,0,0,{fileID: 0},0,0,1,{fileID: 1329388256530929},1329388256530929,0,{fileID: 0},0,{fileID: 0},0,"{fileID: -248771874, guid: 1fa22c2b5ebef5f8f09692d9ba1e5baa, type: 3}",-248771874,1fa22c2b5ebef5f8f09692d9ba1e5baa,Assets/Plugins/LeTai.TrueShadow.dll,0,"{x: 0, y: -0}",90,0,0,2,0,1,0
LevelManager,Assets/GameObject/LevelManager.prefab,LeTai.TrueShadow,1fa22c2b5ebef5f8f09692d9ba1e5baa,-248771874,0,[],0,"{r: 1, g: 1, b: 1, a: 0.6}",2,0,0,0,0,0,{fileID: 0},0,0,1,{fileID: 1001202927745834},1001202927745834,0,{fileID: 0},0,{fileID: 0},0,"{fileID: -248771874, guid: 1fa22c2b5ebef5f8f09692d9ba1e5baa, type: 3}",-248771874,1fa22c2b5ebef5f8f09692d9ba1e5baa,Assets/Plugins/LeTai.TrueShadow.dll,0,"{x: 0, y: -0}",90,0,0,2,0,1,0
LevelManager,Assets/GameObject/LevelManager.prefab,LeTai.TrueShadow,1fa22c2b5ebef5f8f09692d9ba1e5baa,-248771874,0,[],0,"{r: 0, g: 0, b: 0, a: 0.6}",2,0,0,0,0,0,{fileID: 0},0,0,0,{fileID: 1261129986091959},1261129986091959,0,{fileID: 0},0,{fileID: 0},0,"{fileID: -248771874, guid: 1fa22c2b5ebef5f8f09692d9ba1e5baa, type: 3}",-248771874,1fa22c2b5ebef5f8f09692d9ba1e5baa,Assets/Plugins/LeTai.TrueShadow.dll,0,"{x: 1.7881396E-07, y: -3}",90,3,0,6,0,1,0
LevelManager,Assets/GameObject/LevelManager.prefab,LeTai.TrueShadow,1fa22c2b5ebef5f8f09692d9ba1e5baa,-248771874,0,[],1,"{r: 0.4764151, g: 1, b: 0.62022334, a: 1}",2,0,0,1,1,1,{fileID: 0},0,0,1,{fileID: 1726713939339566},1726713939339566,0,{fileID: 0},0,{fileID: 0},0,"{fileID: -248771874, guid: 1fa22c2b5ebef5f8f09692d9ba1e5baa, type: 3}",-248771874,1fa22c2b5ebef5f8f09692d9ba1e5baa,Assets/Plugins/LeTai.TrueShadow.dll,0,"{x: 0, y: -0}",90,0,0,17.85,0,0,0
LevelManager,Assets/GameObject/LevelManager.prefab,LeTai.TrueShadow,1fa22c2b5ebef5f8f09692d9ba1e5baa,-248771874,0,[],0,"{r: 0, g: 0, b: 0, a: 0.6}",2,0,0,0,0,0,{fileID: 0},0,0,0,{fileID: 1629009187439726},1629009187439726,0,{fileID: 0},0,{fileID: 0},0,"{fileID: -248771874, guid: 1fa22c2b5ebef5f8f09692d9ba1e5baa, type: 3}",-248771874,1fa22c2b5ebef5f8f09692d9ba1e5baa,Assets/Plugins/LeTai.TrueShadow.dll,0,"{x: 1.4142134, y: -1.4142137}",45,2,0,8,0,1,0
LevelManager,Assets/GameObject/LevelManager.prefab,LeTai.TrueShadow,1fa22c2b5ebef5f8f09692d9ba1e5baa,-248771874,0,[],0,"{r: 0, g: 0, b: 0, a: 0.72156864}",2,0,0,1,1,0,{fileID: 0},0,0,1,{fileID: 1130098622471163},1130098622471163,0,{fileID: 0},0,{fileID: 0},0,"{fileID: -248771874, guid: 1fa22c2b5ebef5f8f09692d9ba1e5baa, type: 3}",-248771874,1fa22c2b5ebef5f8f09692d9ba1e5baa,Assets/Plugins/LeTai.TrueShadow.dll,0,"{x: 5.9195232, y: -5.38138}",42.273666,8,0,3,0.5,1,0
LevelManager,Assets/GameObject/LevelManager.prefab,LeTai.TrueShadow,1fa22c2b5ebef5f8f09692d9ba1e5baa,-248771874,0,[],0,"{r: 1, g: 1, b: 1, a: 1}",2,0,0,1,0,0,{fileID: 0},0,0,0,{fileID: 1292853802966590},1292853802966590,0,{fileID: 0},0,{fileID: 0},0,"{fileID: -248771874, guid: 1fa22c2b5ebef5f8f09692d9ba1e5baa, type: 3}",-248771874,1fa22c2b5ebef5f8f09692d9ba1e5baa,Assets/Plugins/LeTai.TrueShadow.dll,0,"{x: 0, y: -0}",90,0,0,1,0,1,0
LevelManager,Assets/GameObject/LevelManager.prefab,LeTai.TrueShadow,1fa22c2b5ebef5f8f09692d9ba1e5baa,-248771874,0,[],0,"{r: 1, g: 1, b: 1, a: 0.6}",2,0,0,0,0,0,{fileID: 0},0,0,1,{fileID: 1251368370676235},1251368370676235,0,{fileID: 0},0,{fileID: 0},0,"{fileID: -248771874, guid: 1fa22c2b5ebef5f8f09692d9ba1e5baa, type: 3}",-248771874,1fa22c2b5ebef5f8f09692d9ba1e5baa,Assets/Plugins/LeTai.TrueShadow.dll,0,"{x: 0, y: -0}",90,0,0,2,0,1,0
LevelManager,Assets/GameObject/LevelManager.prefab,LeTai.TrueShadow,1fa22c2b5ebef5f8f09692d9ba1e5baa,-248771874,0,[],0,"{r: 1, g: 1, b: 1, a: 0.6}",2,0,0,0,0,0,{fileID: 0},0,0,1,{fileID: 1860086062010692},1860086062010692,0,{fileID: 0},0,{fileID: 0},0,"{fileID: -248771874, guid: 1fa22c2b5ebef5f8f09692d9ba1e5baa, type: 3}",-248771874,1fa22c2b5ebef5f8f09692d9ba1e5baa,Assets/Plugins/LeTai.TrueShadow.dll,0,"{x: 0, y: -0}",90,0,0,2,0,1,0
LevelManager,Assets/GameObject/LevelManager.prefab,LeTai.TrueShadow,1fa22c2b5ebef5f8f09692d9ba1e5baa,-248771874,0,[],0,"{r: 1, g: 1, b: 1, a: 0.6}",2,0,0,0,0,0,{fileID: 0},0,0,1,{fileID: 1672884128782165},1672884128782165,0,{fileID: 0},0,{fileID: 0},0,"{fileID: -248771874, guid: 1fa22c2b5ebef5f8f09692d9ba1e5baa, type: 3}",-248771874,1fa22c2b5ebef5f8f09692d9ba1e5baa,Assets/Plugins/LeTai.TrueShadow.dll,0,"{x: 0, y: -0}",90,0,0,2,0,1,0
LevelManager,Assets/GameObject/LevelManager.prefab,LeTai.TrueShadow,1fa22c2b5ebef5f8f09692d9ba1e5baa,-248771874,0,[],0,"{r: 0, g: 0, b: 0, a: 0.6}",2,0,0,0,0,0,{fileID: 0},0,0,0,{fileID: 1250913622770296},1250913622770296,0,{fileID: 0},0,{fileID: 0},0,"{fileID: -248771874, guid: 1fa22c2b5ebef5f8f09692d9ba1e5baa, type: 3}",-248771874,1fa22c2b5ebef5f8f09692d9ba1e5baa,Assets/Plugins/LeTai.TrueShadow.dll,0,"{x: 1.7881396E-07, y: -3}",90,3,0,6,0,1,0
LevelManager,Assets/GameObject/LevelManager.prefab,LeTai.TrueShadow,1fa22c2b5ebef5f8f09692d9ba1e5baa,-248771874,0,[],1,"{r: 0.4764151, g: 1, b: 0.62022334, a: 1}",2,0,0,1,1,1,{fileID: 0},0,0,1,{fileID: 1991386232432013},1991386232432013,0,{fileID: 0},0,{fileID: 0},0,"{fileID: -248771874, guid: 1fa22c2b5ebef5f8f09692d9ba1e5baa, type: 3}",-248771874,1fa22c2b5ebef5f8f09692d9ba1e5baa,Assets/Plugins/LeTai.TrueShadow.dll,0,"{x: 0, y: -0}",90,0,0,17.85,0,0,0
LevelManager,Assets/GameObject/LevelManager.prefab,LeTai.TrueShadow,1fa22c2b5ebef5f8f09692d9ba1e5baa,-248771874,0,[],0,"{r: 0, g: 0, b: 0, a: 0.6}",2,0,0,0,0,0,{fileID: 0},0,0,0,{fileID: 1701027114368461},1701027114368461,0,{fileID: 0},0,{fileID: 0},0,"{fileID: -248771874, guid: 1fa22c2b5ebef5f8f09692d9ba1e5baa, type: 3}",-248771874,1fa22c2b5ebef5f8f09692d9ba1e5baa,Assets/Plugins/LeTai.TrueShadow.dll,0,"{x: 1.4142134, y: -1.4142137}",45,2,0,8,0,1,0
LevelManager,Assets/GameObject/LevelManager.prefab,LeTai.TrueShadow,1fa22c2b5ebef5f8f09692d9ba1e5baa,-248771874,0,[],0,"{r: 0, g: 0, b: 0, a: 0.72156864}",2,0,0,1,1,0,{fileID: 0},0,0,1,{fileID: 1191103033851932},1191103033851932,0,{fileID: 0},0,{fileID: 0},0,"{fileID: -248771874, guid: 1fa22c2b5ebef5f8f09692d9ba1e5baa, type: 3}",-248771874,1fa22c2b5ebef5f8f09692d9ba1e5baa,Assets/Plugins/LeTai.TrueShadow.dll,0,"{x: 5.9195232, y: -5.38138}",42.273666,8,0,3,0.5,1,0
LevelManager,Assets/GameObject/LevelManager.prefab,LeTai.TrueShadow,1fa22c2b5ebef5f8f09692d9ba1e5baa,-248771874,0,[],0,"{r: 1, g: 1, b: 1, a: 1}",2,0,0,1,0,0,{fileID: 0},0,0,0,{fileID: 1426431339927695},1426431339927695,0,{fileID: 0},0,{fileID: 0},0,"{fileID: -248771874, guid: 1fa22c2b5ebef5f8f09692d9ba1e5baa, type: 3}",-248771874,1fa22c2b5ebef5f8f09692d9ba1e5baa,Assets/Plugins/LeTai.TrueShadow.dll,0,"{x: 0, y: -0}",90,0,0,1,0,1,0
LevelManager,Assets/GameObject/LevelManager.prefab,LeTai.TrueShadow,1fa22c2b5ebef5f8f09692d9ba1e5baa,-248771874,0,[],0,"{r: 1, g: 1, b: 1, a: 0.6}",2,0,0,0,0,0,{fileID: 0},0,0,1,{fileID: 1784685619108352},1784685619108352,0,{fileID: 0},0,{fileID: 0},0,"{fileID: -248771874, guid: 1fa22c2b5ebef5f8f09692d9ba1e5baa, type: 3}",-248771874,1fa22c2b5ebef5f8f09692d9ba1e5baa,Assets/Plugins/LeTai.TrueShadow.dll,0,"{x: 0, y: -0}",90,0,0,2,0,1,0
LevelManager,Assets/GameObject/LevelManager.prefab,LeTai.TrueShadow,1fa22c2b5ebef5f8f09692d9ba1e5baa,-248771874,0,[],0,"{r: 1, g: 1, b: 1, a: 0.6}",2,0,0,0,0,0,{fileID: 0},0,0,1,{fileID: 1355051206864786},1355051206864786,0,{fileID: 0},0,{fileID: 0},0,"{fileID: -248771874, guid: 1fa22c2b5ebef5f8f09692d9ba1e5baa, type: 3}",-248771874,1fa22c2b5ebef5f8f09692d9ba1e5baa,Assets/Plugins/LeTai.TrueShadow.dll,0,"{x: 0, y: -0}",90,0,0,2,0,1,0
LevelManager,Assets/GameObject/LevelManager.prefab,LeTai.TrueShadow,1fa22c2b5ebef5f8f09692d9ba1e5baa,-248771874,0,[],0,"{r: 1, g: 1, b: 1, a: 0.6}",2,0,0,0,0,0,{fileID: 0},0,0,1,{fileID: 1170209142066755},1170209142066755,0,{fileID: 0},0,{fileID: 0},0,"{fileID: -248771874, guid: 1fa22c2b5ebef5f8f09692d9ba1e5baa, type: 3}",-248771874,1fa22c2b5ebef5f8f09692d9ba1e5baa,Assets/Plugins/LeTai.TrueShadow.dll,0,"{x: 0, y: -0}",90,0,0,2,0,1,0
LevelManager,Assets/GameObject/LevelManager.prefab,LeTai.TrueShadow,1fa22c2b5ebef5f8f09692d9ba1e5baa,-248771874,0,[],0,"{r: 0, g: 0, b: 0, a: 0.6}",2,0,0,0,0,0,{fileID: 0},0,0,0,{fileID: 1978233260229972},1978233260229972,0,{fileID: 0},0,{fileID: 0},0,"{fileID: -248771874, guid: 1fa22c2b5ebef5f8f09692d9ba1e5baa, type: 3}",-248771874,1fa22c2b5ebef5f8f09692d9ba1e5baa,Assets/Plugins/LeTai.TrueShadow.dll,0,"{x: 1.7881396E-07, y: -3}",90,3,0,6,0,1,0
LevelManager,Assets/GameObject/LevelManager.prefab,LeTai.TrueShadow,1fa22c2b5ebef5f8f09692d9ba1e5baa,-248771874,0,[],1,"{r: 0.4764151, g: 1, b: 0.62022334, a: 1}",2,0,0,1,1,1,{fileID: 0},0,0,1,{fileID: 1984024189574988},1984024189574988,0,{fileID: 0},0,{fileID: 0},0,"{fileID: -248771874, guid: 1fa22c2b5ebef5f8f09692d9ba1e5baa, type: 3}",-248771874,1fa22c2b5ebef5f8f09692d9ba1e5baa,Assets/Plugins/LeTai.TrueShadow.dll,0,"{x: 0, y: -0}",90,0,0,17.85,0,0,0
LevelManager,Assets/GameObject/LevelManager.prefab,LeTai.TrueShadow,1fa22c2b5ebef5f8f09692d9ba1e5baa,-248771874,0,[],0,"{r: 0, g: 0, b: 0, a: 0.6}",2,0,0,0,0,0,{fileID: 0},0,0,0,{fileID: 1607605414253624},1607605414253624,0,{fileID: 0},0,{fileID: 0},0,"{fileID: -248771874, guid: 1fa22c2b5ebef5f8f09692d9ba1e5baa, type: 3}",-248771874,1fa22c2b5ebef5f8f09692d9ba1e5baa,Assets/Plugins/LeTai.TrueShadow.dll,0,"{x: 1.4142134, y: -1.4142137}",45,2,0,8,0,1,0
LevelManager,Assets/GameObject/LevelManager.prefab,LeTai.TrueShadow,1fa22c2b5ebef5f8f09692d9ba1e5baa,-248771874,0,[],0,"{r: 0, g: 0, b: 0, a: 0.72156864}",2,0,0,1,1,0,{fileID: 0},0,0,1,{fileID: 1497681403926403},1497681403926403,0,{fileID: 0},0,{fileID: 0},0,"{fileID: -248771874, guid: 1fa22c2b5ebef5f8f09692d9ba1e5baa, type: 3}",-248771874,1fa22c2b5ebef5f8f09692d9ba1e5baa,Assets/Plugins/LeTai.TrueShadow.dll,0,"{x: 5.9195232, y: -5.38138}",42.273666,8,0,3,0.5,1,0
LevelManager,Assets/GameObject/LevelManager.prefab,LeTai.TrueShadow,1fa22c2b5ebef5f8f09692d9ba1e5baa,-248771874,0,[],0,"{r: 1, g: 1, b: 1, a: 1}",2,0,0,1,0,0,{fileID: 0},0,0,0,{fileID: 1055277607444481},1055277607444481,0,{fileID: 0},0,{fileID: 0},0,"{fileID: -248771874, guid: 1fa22c2b5ebef5f8f09692d9ba1e5baa, type: 3}",-248771874,1fa22c2b5ebef5f8f09692d9ba1e5baa,Assets/Plugins/LeTai.TrueShadow.dll,0,"{x: 0, y: -0}",90,0,0,1,0,1,0
LevelManager,Assets/GameObject/LevelManager.prefab,LeTai.TrueShadow,1fa22c2b5ebef5f8f09692d9ba1e5baa,-248771874,0,[],0,"{r: 1, g: 1, b: 1, a: 0.6}",2,0,0,0,0,0,{fileID: 0},0,0,1,{fileID: 1309637261970625},1309637261970625,0,{fileID: 0},0,{fileID: 0},0,"{fileID: -248771874, guid: 1fa22c2b5ebef5f8f09692d9ba1e5baa, type: 3}",-248771874,1fa22c2b5ebef5f8f09692d9ba1e5baa,Assets/Plugins/LeTai.TrueShadow.dll,0,"{x: 0, y: -0}",90,0,0,2,0,1,0
LevelManager,Assets/GameObject/LevelManager.prefab,LeTai.TrueShadow,1fa22c2b5ebef5f8f09692d9ba1e5baa,-248771874,0,[],0,"{r: 1, g: 1, b: 1, a: 0.6}",2,0,0,0,0,0,{fileID: 0},0,0,1,{fileID: 1068427021142753},1068427021142753,0,{fileID: 0},0,{fileID: 0},0,"{fileID: -248771874, guid: 1fa22c2b5ebef5f8f09692d9ba1e5baa, type: 3}",-248771874,1fa22c2b5ebef5f8f09692d9ba1e5baa,Assets/Plugins/LeTai.TrueShadow.dll,0,"{x: 0, y: -0}",90,0,0,2,0,1,0
LevelManager,Assets/GameObject/LevelManager.prefab,LeTai.TrueShadow,1fa22c2b5ebef5f8f09692d9ba1e5baa,-248771874,0,[],0,"{r: 1, g: 1, b: 1, a: 0.6}",2,0,0,0,0,0,{fileID: 0},0,0,1,{fileID: 1515274506092736},1515274506092736,0,{fileID: 0},0,{fileID: 0},0,"{fileID: -248771874, guid: 1fa22c2b5ebef5f8f09692d9ba1e5baa, type: 3}",-248771874,1fa22c2b5ebef5f8f09692d9ba1e5baa,Assets/Plugins/LeTai.TrueShadow.dll,0,"{x: 0, y: -0}",90,0,0,2,0,1,0
LevelManager,Assets/GameObject/LevelManager.prefab,LeTai.TrueShadow,1fa22c2b5ebef5f8f09692d9ba1e5baa,-248771874,0,[],0,"{r: 0, g: 0, b: 0, a: 0.6}",2,0,0,0,0,0,{fileID: 0},0,0,0,{fileID: 1161187694221709},1161187694221709,0,{fileID: 0},0,{fileID: 0},0,"{fileID: -248771874, guid: 1fa22c2b5ebef5f8f09692d9ba1e5baa, type: 3}",-248771874,1fa22c2b5ebef5f8f09692d9ba1e5baa,Assets/Plugins/LeTai.TrueShadow.dll,0,"{x: 1.7881396E-07, y: -3}",90,3,0,6,0,1,0
LevelManager,Assets/GameObject/LevelManager.prefab,LeTai.TrueShadow,1fa22c2b5ebef5f8f09692d9ba1e5baa,-248771874,0,[],1,"{r: 0.4764151, g: 1, b: 0.62022334, a: 1}",2,0,0,1,1,1,{fileID: 0},0,0,1,{fileID: 1750011187372691},1750011187372691,0,{fileID: 0},0,{fileID: 0},0,"{fileID: -248771874, guid: 1fa22c2b5ebef5f8f09692d9ba1e5baa, type: 3}",-248771874,1fa22c2b5ebef5f8f09692d9ba1e5baa,Assets/Plugins/LeTai.TrueShadow.dll,0,"{x: 0, y: -0}",90,0,0,17.85,0,0,0
LevelManager,Assets/GameObject/LevelManager.prefab,LeTai.TrueShadow,1fa22c2b5ebef5f8f09692d9ba1e5baa,-248771874,0,[],0,"{r: 0, g: 0, b: 0, a: 0.6}",2,0,0,0,0,0,{fileID: 0},0,0,0,{fileID: 1548687796821580},1548687796821580,0,{fileID: 0},0,{fileID: 0},0,"{fileID: -248771874, guid: 1fa22c2b5ebef5f8f09692d9ba1e5baa, type: 3}",-248771874,1fa22c2b5ebef5f8f09692d9ba1e5baa,Assets/Plugins/LeTai.TrueShadow.dll,0,"{x: 1.4142134, y: -1.4142137}",45,2,0,8,0,1,0
LevelManager,Assets/GameObject/LevelManager.prefab,LeTai.TrueShadow,1fa22c2b5ebef5f8f09692d9ba1e5baa,-248771874,0,[],0,"{r: 0, g: 0, b: 0, a: 0.72156864}",2,0,0,1,1,0,{fileID: 0},0,0,1,{fileID: 1405189811192646},1405189811192646,0,{fileID: 0},0,{fileID: 0},0,"{fileID: -248771874, guid: 1fa22c2b5ebef5f8f09692d9ba1e5baa, type: 3}",-248771874,1fa22c2b5ebef5f8f09692d9ba1e5baa,Assets/Plugins/LeTai.TrueShadow.dll,0,"{x: 5.9195232, y: -5.38138}",42.273666,8,0,3,0.5,1,0
LevelManager,Assets/GameObject/LevelManager.prefab,LeTai.TrueShadow,1fa22c2b5ebef5f8f09692d9ba1e5baa,-248771874,0,[],0,"{r: 1, g: 1, b: 1, a: 1}",2,0,0,1,0,0,{fileID: 0},0,0,0,{fileID: 1818234497442824},1818234497442824,0,{fileID: 0},0,{fileID: 0},0,"{fileID: -248771874, guid: 1fa22c2b5ebef5f8f09692d9ba1e5baa, type: 3}",-248771874,1fa22c2b5ebef5f8f09692d9ba1e5baa,Assets/Plugins/LeTai.TrueShadow.dll,0,"{x: 0, y: -0}",90,0,0,1,0,1,0
LevelManager,Assets/GameObject/LevelManager.prefab,LeTai.TrueShadow,1fa22c2b5ebef5f8f09692d9ba1e5baa,-248771874,0,[],0,"{r: 1, g: 1, b: 1, a: 0.6}",2,0,0,0,0,0,{fileID: 0},0,0,1,{fileID: 1381443696336602},1381443696336602,0,{fileID: 0},0,{fileID: 0},0,"{fileID: -248771874, guid: 1fa22c2b5ebef5f8f09692d9ba1e5baa, type: 3}",-248771874,1fa22c2b5ebef5f8f09692d9ba1e5baa,Assets/Plugins/LeTai.TrueShadow.dll,0,"{x: 0, y: -0}",90,0,0,2,0,1,0
LevelManager,Assets/GameObject/LevelManager.prefab,LeTai.TrueShadow,1fa22c2b5ebef5f8f09692d9ba1e5baa,-248771874,0,[],0,"{r: 1, g: 1, b: 1, a: 0.6}",2,0,0,0,0,0,{fileID: 0},0,0,1,{fileID: 1832644566776598},1832644566776598,0,{fileID: 0},0,{fileID: 0},0,"{fileID: -248771874, guid: 1fa22c2b5ebef5f8f09692d9ba1e5baa, type: 3}",-248771874,1fa22c2b5ebef5f8f09692d9ba1e5baa,Assets/Plugins/LeTai.TrueShadow.dll,0,"{x: 0, y: -0}",90,0,0,2,0,1,0
LevelManager,Assets/GameObject/LevelManager.prefab,LeTai.TrueShadow,1fa22c2b5ebef5f8f09692d9ba1e5baa,-248771874,0,[],0,"{r: 1, g: 1, b: 1, a: 0.6}",2,0,0,0,0,0,{fileID: 0},0,0,1,{fileID: 1397748983506534},1397748983506534,0,{fileID: 0},0,{fileID: 0},0,"{fileID: -248771874, guid: 1fa22c2b5ebef5f8f09692d9ba1e5baa, type: 3}",-248771874,1fa22c2b5ebef5f8f09692d9ba1e5baa,Assets/Plugins/LeTai.TrueShadow.dll,0,"{x: 0, y: -0}",90,0,0,2,0,1,0
LevelManager,Assets/GameObject/LevelManager.prefab,LeTai.TrueShadow,1fa22c2b5ebef5f8f09692d9ba1e5baa,-248771874,0,[],0,"{r: 0, g: 0, b: 0, a: 0.6}",2,0,0,0,0,0,{fileID: 0},0,0,0,{fileID: 1459706903106817},1459706903106817,0,{fileID: 0},0,{fileID: 0},0,"{fileID: -248771874, guid: 1fa22c2b5ebef5f8f09692d9ba1e5baa, type: 3}",-248771874,1fa22c2b5ebef5f8f09692d9ba1e5baa,Assets/Plugins/LeTai.TrueShadow.dll,0,"{x: 1.7881396E-07, y: -3}",90,3,0,6,0,1,0
LevelManager,Assets/GameObject/LevelManager.prefab,LeTai.TrueShadow,1fa22c2b5ebef5f8f09692d9ba1e5baa,-248771874,0,[],1,"{r: 0.22745097, g: 0.7221681, b: 1, a: 1}",2,0,0,0,0,0,{fileID: 0},0,0,1,{fileID: 1636928085967344},1636928085967344,0,{fileID: 0},0,{fileID: 0},0,"{fileID: -248771874, guid: 1fa22c2b5ebef5f8f09692d9ba1e5baa, type: 3}",-248771874,1fa22c2b5ebef5f8f09692d9ba1e5baa,Assets/Plugins/LeTai.TrueShadow.dll,0,"{x: 0, y: -0}",90,0,0,16,0,0,0
LevelManager,Assets/GameObject/LevelManager.prefab,LeTai.TrueShadow,1fa22c2b5ebef5f8f09692d9ba1e5baa,-248771874,0,[],1,"{r: 0.22745097, g: 0.7221681, b: 1, a: 1}",2,0,0,0,0,0,{fileID: 0},0,0,1,{fileID: 1230982826005879},1230982826005879,0,{fileID: 0},0,{fileID: 0},0,"{fileID: -248771874, guid: 1fa22c2b5ebef5f8f09692d9ba1e5baa, type: 3}",-248771874,1fa22c2b5ebef5f8f09692d9ba1e5baa,Assets/Plugins/LeTai.TrueShadow.dll,0,"{x: 0, y: -0}",90,0,0,16,0,0,0
LevelManager,Assets/GameObject/LevelManager.prefab,LeTai.TrueShadow,1fa22c2b5ebef5f8f09692d9ba1e5baa,-248771874,0,[],0,"{r: 1, g: 1, b: 1, a: 1}",2,0,0,0,0,0,{fileID: 0},0,0,0,{fileID: 1610276898575955},1610276898575955,0,{fileID: 0},0,{fileID: 0},0,"{fileID: -248771874, guid: 1fa22c2b5ebef5f8f09692d9ba1e5baa, type: 3}",-248771874,1fa22c2b5ebef5f8f09692d9ba1e5baa,Assets/Plugins/LeTai.TrueShadow.dll,0,"{x: 1.192093E-07, y: -2}",90,2,0,3.4,0.197,1,0
LevelManager,Assets/GameObject/LevelManager.prefab,LeTai.TrueShadow,1fa22c2b5ebef5f8f09692d9ba1e5baa,-248771874,0,[],0,"{r: 1, g: 1, b: 1, a: 1}",2,0,0,0,0,0,{fileID: 0},0,0,0,{fileID: 1642338123356498},1642338123356498,0,{fileID: 0},0,{fileID: 0},0,"{fileID: -248771874, guid: 1fa22c2b5ebef5f8f09692d9ba1e5baa, type: 3}",-248771874,1fa22c2b5ebef5f8f09692d9ba1e5baa,Assets/Plugins/LeTai.TrueShadow.dll,0,"{x: 1.192093E-07, y: 2}",270,2,0,3.4,0.197,1,0
LevelManager,Assets/GameObject/LevelManager.prefab,LeTai.TrueShadow,1fa22c2b5ebef5f8f09692d9ba1e5baa,-248771874,0,[],0,"{r: 0, g: 0, b: 0, a: 0.5686275}",2,0,0,0,0,1,{fileID: 0},0,0,1,{fileID: 1484233596886669},1484233596886669,0,{fileID: 0},0,{fileID: 0},0,"{fileID: -248771874, guid: 1fa22c2b5ebef5f8f09692d9ba1e5baa, type: 3}",-248771874,1fa22c2b5ebef5f8f09692d9ba1e5baa,Assets/Plugins/LeTai.TrueShadow.dll,0,"{x: 0.27349573, y: -1.4951923}",79.63423,1.52,0,2,0,0,0
LevelManager,Assets/GameObject/LevelManager.prefab,LeTai.TrueShadow,1fa22c2b5ebef5f8f09692d9ba1e5baa,-248771874,0,[],0,"{r: 0, g: 0, b: 0, a: 1}",2,0,0,0,0,0,{fileID: 0},0,0,1,{fileID: 1691170026800887},1691170026800887,0,{fileID: 0},0,{fileID: 0},0,"{fileID: -248771874, guid: 1fa22c2b5ebef5f8f09692d9ba1e5baa, type: 3}",-248771874,1fa22c2b5ebef5f8f09692d9ba1e5baa,Assets/Plugins/LeTai.TrueShadow.dll,0,"{x: 0, y: -0}",90,0,0,5,0,1,0
LevelManager,Assets/GameObject/LevelManager.prefab,LeTai.TrueShadow,1fa22c2b5ebef5f8f09692d9ba1e5baa,-248771874,0,[],0,"{r: 0, g: 0, b: 0, a: 0.6}",2,0,0,0,0,0,{fileID: 0},0,0,1,{fileID: 1978553247743601},1978553247743601,0,{fileID: 0},0,{fileID: 0},0,"{fileID: -248771874, guid: 1fa22c2b5ebef5f8f09692d9ba1e5baa, type: 3}",-248771874,1fa22c2b5ebef5f8f09692d9ba1e5baa,Assets/Plugins/LeTai.TrueShadow.dll,0,"{x: 8.485281, y: -8.485282}",45,12,0,32,0,1,0
LevelManager,Assets/GameObject/LevelManager.prefab,LeTai.TrueShadow,1fa22c2b5ebef5f8f09692d9ba1e5baa,-248771874,0,[],0,"{r: 0, g: 0, b: 0, a: 0.6}",2,0,0,0,0,0,{fileID: 0},0,0,0,{fileID: 1405655870816580},1405655870816580,0,{fileID: 0},0,{fileID: 0},0,"{fileID: -248771874, guid: 1fa22c2b5ebef5f8f09692d9ba1e5baa, type: 3}",-248771874,1fa22c2b5ebef5f8f09692d9ba1e5baa,Assets/Plugins/LeTai.TrueShadow.dll,0,"{x: 7.1525585E-07, y: -12}",90,12,0,32,0,1,0
LevelManager,Assets/GameObject/LevelManager.prefab,LeTai.TrueShadow,1fa22c2b5ebef5f8f09692d9ba1e5baa,-248771874,0,[],0,"{r: 0, g: 0, b: 0, a: 1}",2,0,0,0,0,0,{fileID: 0},0,0,1,{fileID: 1799118496223461},1799118496223461,0,{fileID: 0},0,{fileID: 0},0,"{fileID: -248771874, guid: 1fa22c2b5ebef5f8f09692d9ba1e5baa, type: 3}",-248771874,1fa22c2b5ebef5f8f09692d9ba1e5baa,Assets/Plugins/LeTai.TrueShadow.dll,0,"{x: 0, y: -0}",90,0,0,7.96,0,1,0
LevelManager,Assets/GameObject/LevelManager.prefab,LeTai.TrueShadow,1fa22c2b5ebef5f8f09692d9ba1e5baa,-248771874,0,[],0,"{r: 0, g: 0, b: 0, a: 1}",2,0,0,0,0,0,{fileID: 0},0,0,0,{fileID: 1527319590424952},1527319590424952,0,{fileID: 0},0,{fileID: 0},0,"{fileID: -248771874, guid: 1fa22c2b5ebef5f8f09692d9ba1e5baa, type: 3}",-248771874,1fa22c2b5ebef5f8f09692d9ba1e5baa,Assets/Plugins/LeTai.TrueShadow.dll,0,"{x: 4.101219, y: -4.1012197}",45,5.8,0,8.8,0.142,1,0
LevelManager,Assets/GameObject/LevelManager.prefab,LeTai.TrueShadow,1fa22c2b5ebef5f8f09692d9ba1e5baa,-248771874,0,[],0,"{r: 0, g: 0, b: 0, a: 0.6}",2,0,0,0,0,0,{fileID: 0},0,0,0,{fileID: 1605741071434153},1605741071434153,0,{fileID: 0},0,{fileID: 0},0,"{fileID: -248771874, guid: 1fa22c2b5ebef5f8f09692d9ba1e5baa, type: 3}",-248771874,1fa22c2b5ebef5f8f09692d9ba1e5baa,Assets/Plugins/LeTai.TrueShadow.dll,0,"{x: 7.1525585E-07, y: -12}",90,12,0,32,0,1,0
LevelManager,Assets/GameObject/LevelManager.prefab,LeTai.TrueShadow,1fa22c2b5ebef5f8f09692d9ba1e5baa,-248771874,0,[],0,"{r: 0, g: 0, b: 0, a: 0.6}",2,0,0,0,0,0,{fileID: 0},0,0,1,{fileID: 1356184516562751},1356184516562751,0,{fileID: 0},0,{fileID: 0},0,"{fileID: -248771874, guid: 1fa22c2b5ebef5f8f09692d9ba1e5baa, type: 3}",-248771874,1fa22c2b5ebef5f8f09692d9ba1e5baa,Assets/Plugins/LeTai.TrueShadow.dll,0,"{x: 8.485281, y: -8.485282}",45,12,0,32,0,1,0
LevelManager,Assets/GameObject/LevelManager.prefab,LeTai.TrueShadow,1fa22c2b5ebef5f8f09692d9ba1e5baa,-248771874,0,[],1,"{r: 0.22745097, g: 0.7221681, b: 1, a: 1}",2,0,0,0,0,0,{fileID: 0},0,0,1,{fileID: 1115315080390161},1115315080390161,0,{fileID: 0},0,{fileID: 0},0,"{fileID: -248771874, guid: 1fa22c2b5ebef5f8f09692d9ba1e5baa, type: 3}",-248771874,1fa22c2b5ebef5f8f09692d9ba1e5baa,Assets/Plugins/LeTai.TrueShadow.dll,0,"{x: 0, y: -0}",90,0,0,16,0,0,0
LevelManager,Assets/GameObject/LevelManager.prefab,LeTai.TrueShadow,1fa22c2b5ebef5f8f09692d9ba1e5baa,-248771874,0,[],0,"{r: 0, g: 0, b: 0, a: 0.6}",2,0,0,0,0,0,{fileID: 0},0,0,1,{fileID: 1391813028745233},1391813028745233,0,{fileID: 0},0,{fileID: 0},0,"{fileID: -248771874, guid: 1fa22c2b5ebef5f8f09692d9ba1e5baa, type: 3}",-248771874,1fa22c2b5ebef5f8f09692d9ba1e5baa,Assets/Plugins/LeTai.TrueShadow.dll,0,"{x: 1.7881396E-07, y: -3}",90,3,0,5,0,1,0
LevelManager,Assets/GameObject/LevelManager.prefab,LeTai.TrueShadow,1fa22c2b5ebef5f8f09692d9ba1e5baa,-248771874,0,[],0,"{r: 0, g: 0, b: 0, a: 0.6}",2,0,0,0,0,0,{fileID: 0},0,0,0,{fileID: 1082691334252202},1082691334252202,0,{fileID: 0},0,{fileID: 0},0,"{fileID: -248771874, guid: 1fa22c2b5ebef5f8f09692d9ba1e5baa, type: 3}",-248771874,1fa22c2b5ebef5f8f09692d9ba1e5baa,Assets/Plugins/LeTai.TrueShadow.dll,0,"{x: 5.6568537, y: -5.6568546}",45,8,0,8,0,1,0
LevelManager,Assets/GameObject/LevelManager.prefab,LeTai.TrueShadow,1fa22c2b5ebef5f8f09692d9ba1e5baa,-248771874,0,[],0,"{r: 0, g: 0, b: 0, a: 0.6}",2,0,0,0,0,0,{fileID: 0},0,0,1,{fileID: 1711363821374289},1711363821374289,0,{fileID: 0},0,{fileID: 0},0,"{fileID: -248771874, guid: 1fa22c2b5ebef5f8f09692d9ba1e5baa, type: 3}",-248771874,1fa22c2b5ebef5f8f09692d9ba1e5baa,Assets/Plugins/LeTai.TrueShadow.dll,0,"{x: 2.384186E-07, y: -4}",90,4,0,4,0,1,0
LevelManager,Assets/GameObject/LevelManager.prefab,LeTai.TrueShadow,1fa22c2b5ebef5f8f09692d9ba1e5baa,-248771874,0,[],1,"{r: 1, g: 0.61960787, b: 0.227451, a: 1}",2,0,0,0,0,1,{fileID: 0},0,0,1,{fileID: 1215008906651816},1215008906651816,0,{fileID: 0},0,{fileID: 0},0,"{fileID: -248771874, guid: 1fa22c2b5ebef5f8f09692d9ba1e5baa, type: 3}",-248771874,1fa22c2b5ebef5f8f09692d9ba1e5baa,Assets/Plugins/LeTai.TrueShadow.dll,0,"{x: 0, y: -0}",90,0,0,16,0,0,0
LevelManager,Assets/GameObject/LevelManager.prefab,LeTai.TrueShadow,1fa22c2b5ebef5f8f09692d9ba1e5baa,-248771874,0,[],1,"{r: 0.22745097, g: 0.7221681, b: 1, a: 1}",2,0,0,0,0,0,{fileID: 0},0,0,1,{fileID: 1486580381358389},1486580381358389,0,{fileID: 0},0,{fileID: 0},0,"{fileID: -248771874, guid: 1fa22c2b5ebef5f8f09692d9ba1e5baa, type: 3}",-248771874,1fa22c2b5ebef5f8f09692d9ba1e5baa,Assets/Plugins/LeTai.TrueShadow.dll,0,"{x: 0, y: -0}",90,0,0,16,0,0,0
LevelManager,Assets/GameObject/LevelManager.prefab,LeTai.TrueShadow,1fa22c2b5ebef5f8f09692d9ba1e5baa,-248771874,0,[],0,"{r: 1, g: 1, b: 1, a: 1}",2,0,0,0,0,0,{fileID: 0},0,0,0,{fileID: 1004177707231682},1004177707231682,0,{fileID: 0},0,{fileID: 0},0,"{fileID: -248771874, guid: 1fa22c2b5ebef5f8f09692d9ba1e5baa, type: 3}",-248771874,1fa22c2b5ebef5f8f09692d9ba1e5baa,Assets/Plugins/LeTai.TrueShadow.dll,0,"{x: 1.192093E-07, y: -2}",90,2,0,3.4,0.197,1,0
LevelManager,Assets/GameObject/LevelManager.prefab,LeTai.TrueShadow,1fa22c2b5ebef5f8f09692d9ba1e5baa,-248771874,0,[],0,"{r: 1, g: 1, b: 1, a: 1}",2,0,0,0,0,0,{fileID: 0},0,0,0,{fileID: 1918681846200825},1918681846200825,0,{fileID: 0},0,{fileID: 0},0,"{fileID: -248771874, guid: 1fa22c2b5ebef5f8f09692d9ba1e5baa, type: 3}",-248771874,1fa22c2b5ebef5f8f09692d9ba1e5baa,Assets/Plugins/LeTai.TrueShadow.dll,0,"{x: 1.192093E-07, y: 2}",270,2,0,3.4,0.197,1,0
LevelManager,Assets/GameObject/LevelManager.prefab,LeTai.TrueShadow,1fa22c2b5ebef5f8f09692d9ba1e5baa,-248771874,0,[],0,"{r: 0, g: 0, b: 0, a: 0.5686275}",2,0,0,0,0,1,{fileID: 0},0,0,1,{fileID: 1939485439320294},1939485439320294,0,{fileID: 0},0,{fileID: 0},0,"{fileID: -248771874, guid: 1fa22c2b5ebef5f8f09692d9ba1e5baa, type: 3}",-248771874,1fa22c2b5ebef5f8f09692d9ba1e5baa,Assets/Plugins/LeTai.TrueShadow.dll,0,"{x: 0.27349573, y: -1.4951923}",79.63423,1.52,0,2,0,0,0
LevelManager,Assets/GameObject/LevelManager.prefab,LeTai.TrueShadow,1fa22c2b5ebef5f8f09692d9ba1e5baa,-248771874,0,[],0,"{r: 0, g: 0, b: 0, a: 1}",2,0,0,0,0,0,{fileID: 0},0,0,1,{fileID: 1943187121252693},1943187121252693,0,{fileID: 0},0,{fileID: 0},0,"{fileID: -248771874, guid: 1fa22c2b5ebef5f8f09692d9ba1e5baa, type: 3}",-248771874,1fa22c2b5ebef5f8f09692d9ba1e5baa,Assets/Plugins/LeTai.TrueShadow.dll,0,"{x: 0, y: -0}",90,0,0,5,0,1,0
LevelManager,Assets/GameObject/LevelManager.prefab,LeTai.TrueShadow,1fa22c2b5ebef5f8f09692d9ba1e5baa,-248771874,0,[],0,"{r: 0, g: 0, b: 0, a: 0.6}",2,0,0,0,0,0,{fileID: 0},0,0,1,{fileID: 1632840611284808},1632840611284808,0,{fileID: 0},0,{fileID: 0},0,"{fileID: -248771874, guid: 1fa22c2b5ebef5f8f09692d9ba1e5baa, type: 3}",-248771874,1fa22c2b5ebef5f8f09692d9ba1e5baa,Assets/Plugins/LeTai.TrueShadow.dll,0,"{x: 7.1525585E-07, y: -12}",90,12,0,32,0,1,0
LevelManager,Assets/GameObject/LevelManager.prefab,LeTai.TrueShadow,1fa22c2b5ebef5f8f09692d9ba1e5baa,-248771874,0,[],1,"{r: 0, g: 0, b: 0, a: 1}",2,0,0,0,0,0,{fileID: 0},0,0,1,{fileID: 1123274322349627},1123274322349627,0,{fileID: 0},0,{fileID: 0},0,"{fileID: -248771874, guid: 1fa22c2b5ebef5f8f09692d9ba1e5baa, type: 3}",-248771874,1fa22c2b5ebef5f8f09692d9ba1e5baa,Assets/Plugins/LeTai.TrueShadow.dll,0,"{x: 0, y: -0}",90,0,0,16,0,0,0
LevelManager,Assets/GameObject/LevelManager.prefab,LeTai.TrueShadow,1fa22c2b5ebef5f8f09692d9ba1e5baa,-248771874,0,[],0,"{r: 1, g: 0.6781641, b: 0.36320752, a: 0.8666667}",2,0,0,0,0,0,{fileID: 0},0,0,1,{fileID: 1480143841345307},1480143841345307,0,{fileID: 0},0,{fileID: 0},0,"{fileID: -248771874, guid: 1fa22c2b5ebef5f8f09692d9ba1e5baa, type: 3}",-248771874,1fa22c2b5ebef5f8f09692d9ba1e5baa,Assets/Plugins/LeTai.TrueShadow.dll,0,"{x: 0, y: -0}",90,0,0,9.93,0,1,0
LevelManager,Assets/GameObject/LevelManager.prefab,LeTai.TrueShadow,1fa22c2b5ebef5f8f09692d9ba1e5baa,-248771874,0,[],0,"{r: 0, g: 0, b: 0, a: 0.8}",2,0,0,0,0,0,{fileID: 0},0,0,1,{fileID: 1943865153356479},1943865153356479,0,{fileID: 0},0,{fileID: 0},0,"{fileID: -248771874, guid: 1fa22c2b5ebef5f8f09692d9ba1e5baa, type: 3}",-248771874,1fa22c2b5ebef5f8f09692d9ba1e5baa,Assets/Plugins/LeTai.TrueShadow.dll,0,"{x: 1.192093E-07, y: -2}",90,2,0,3,0,1,0
LevelManager,Assets/GameObject/LevelManager.prefab,LeTai.TrueShadow,1fa22c2b5ebef5f8f09692d9ba1e5baa,-248771874,0,[],0,"{r: 0, g: 0, b: 0, a: 0.8}",2,0,0,0,0,0,{fileID: 0},0,0,1,{fileID: 1250903738194924},1250903738194924,0,{fileID: 0},0,{fileID: 0},0,"{fileID: -248771874, guid: 1fa22c2b5ebef5f8f09692d9ba1e5baa, type: 3}",-248771874,1fa22c2b5ebef5f8f09692d9ba1e5baa,Assets/Plugins/LeTai.TrueShadow.dll,0,"{x: 1.192093E-07, y: -2}",90,2,0,3,0,1,0
LevelManager,Assets/GameObject/LevelManager.prefab,LeTai.TrueShadow,1fa22c2b5ebef5f8f09692d9ba1e5baa,-248771874,0,[],0,"{r: 0, g: 0, b: 0, a: 0.6}",2,0,0,0,0,0,{fileID: 0},0,0,0,{fileID: 1687311994539848},1687311994539848,0,{fileID: 0},0,{fileID: 0},0,"{fileID: -248771874, guid: 1fa22c2b5ebef5f8f09692d9ba1e5baa, type: 3}",-248771874,1fa22c2b5ebef5f8f09692d9ba1e5baa,Assets/Plugins/LeTai.TrueShadow.dll,0,"{x: 5.6568537, y: -5.6568546}",45,8,0,8,0,1,0
LevelManager,Assets/GameObject/LevelManager.prefab,LeTai.TrueShadow,1fa22c2b5ebef5f8f09692d9ba1e5baa,-248771874,0,[],0,"{r: 0, g: 0, b: 0, a: 0.72156864}",2,0,0,0,0,0,{fileID: 0},0,0,0,{fileID: 1973441157702729},1973441157702729,0,{fileID: 0},0,{fileID: 0},0,"{fileID: -248771874, guid: 1fa22c2b5ebef5f8f09692d9ba1e5baa, type: 3}",-248771874,1fa22c2b5ebef5f8f09692d9ba1e5baa,Assets/Plugins/LeTai.TrueShadow.dll,0,"{x: 5.9195232, y: -5.38138}",42.273666,8,0,15,0,1,0
LevelManager,Assets/GameObject/LevelManager.prefab,LeTai.TrueShadow,1fa22c2b5ebef5f8f09692d9ba1e5baa,-248771874,0,[],0,"{r: 0, g: 0, b: 0, a: 0.6}",2,0,0,0,0,0,{fileID: 0},0,0,1,{fileID: 1513428537350094},1513428537350094,0,{fileID: 0},0,{fileID: 0},0,"{fileID: -248771874, guid: 1fa22c2b5ebef5f8f09692d9ba1e5baa, type: 3}",-248771874,1fa22c2b5ebef5f8f09692d9ba1e5baa,Assets/Plugins/LeTai.TrueShadow.dll,0,"{x: 3.5355334, y: -3.5355341}",45,5,0,5,0,1,0
LevelManager,Assets/GameObject/LevelManager.prefab,LeTai.TrueShadow,1fa22c2b5ebef5f8f09692d9ba1e5baa,-248771874,0,[],0,"{r: 1, g: 1, b: 1, a: 1}",2,0,0,0,0,0,{fileID: 0},0,0,0,{fileID: 1212164929567115},1212164929567115,0,{fileID: 0},0,{fileID: 0},0,"{fileID: -248771874, guid: 1fa22c2b5ebef5f8f09692d9ba1e5baa, type: 3}",-248771874,1fa22c2b5ebef5f8f09692d9ba1e5baa,Assets/Plugins/LeTai.TrueShadow.dll,0,"{x: 1.192093E-07, y: -2}",90,2,0,3.4,0.197,1,0
LevelManager,Assets/GameObject/LevelManager.prefab,LeTai.TrueShadow,1fa22c2b5ebef5f8f09692d9ba1e5baa,-248771874,0,[],0,"{r: 1, g: 1, b: 1, a: 1}",2,0,0,0,0,0,{fileID: 0},0,0,0,{fileID: 1296081860316588},1296081860316588,0,{fileID: 0},0,{fileID: 0},0,"{fileID: -248771874, guid: 1fa22c2b5ebef5f8f09692d9ba1e5baa, type: 3}",-248771874,1fa22c2b5ebef5f8f09692d9ba1e5baa,Assets/Plugins/LeTai.TrueShadow.dll,0,"{x: 1.192093E-07, y: 2}",270,2,0,3.4,0.197,1,0
LevelManager,Assets/GameObject/LevelManager.prefab,LeTai.TrueShadow,1fa22c2b5ebef5f8f09692d9ba1e5baa,-248771874,0,[],0,"{r: 0, g: 0, b: 0, a: 0.5686275}",2,0,0,0,0,1,{fileID: 0},0,0,1,{fileID: 1188726690727783},1188726690727783,0,{fileID: 0},0,{fileID: 0},0,"{fileID: -248771874, guid: 1fa22c2b5ebef5f8f09692d9ba1e5baa, type: 3}",-248771874,1fa22c2b5ebef5f8f09692d9ba1e5baa,Assets/Plugins/LeTai.TrueShadow.dll,0,"{x: 0.27349573, y: -1.4951923}",79.63423,1.52,0,2,0,0,0
LevelManager,Assets/GameObject/LevelManager.prefab,LeTai.TrueShadow,1fa22c2b5ebef5f8f09692d9ba1e5baa,-248771874,0,[],0,"{r: 0, g: 0, b: 0, a: 1}",2,0,0,0,0,0,{fileID: 0},0,0,1,{fileID: 1686796151734903},1686796151734903,0,{fileID: 0},0,{fileID: 0},0,"{fileID: -248771874, guid: 1fa22c2b5ebef5f8f09692d9ba1e5baa, type: 3}",-248771874,1fa22c2b5ebef5f8f09692d9ba1e5baa,Assets/Plugins/LeTai.TrueShadow.dll,0,"{x: 0, y: -0}",90,0,0,5,0,1,0
LevelManager,Assets/GameObject/LevelManager.prefab,LeTai.TrueShadow,1fa22c2b5ebef5f8f09692d9ba1e5baa,-248771874,0,[],0,"{r: 0, g: 0, b: 0, a: 0.6}",2,0,0,0,0,0,{fileID: 0},0,0,1,{fileID: 1488831734808104},1488831734808104,0,{fileID: 0},0,{fileID: 0},0,"{fileID: -248771874, guid: 1fa22c2b5ebef5f8f09692d9ba1e5baa, type: 3}",-248771874,1fa22c2b5ebef5f8f09692d9ba1e5baa,Assets/Plugins/LeTai.TrueShadow.dll,0,"{x: 3.5355334, y: -3.5355341}",45,5,0,10,0,1,0
LevelManager,Assets/GameObject/LevelManager.prefab,LeTai.TrueShadow,1fa22c2b5ebef5f8f09692d9ba1e5baa,-248771874,0,[],1,"{r: 0.4764151, g: 1, b: 0.62022334, a: 1}",2,0,0,1,1,1,{fileID: 0},0,0,1,{fileID: 1004489585487082},1004489585487082,0,{fileID: 0},0,{fileID: 0},0,"{fileID: -248771874, guid: 1fa22c2b5ebef5f8f09692d9ba1e5baa, type: 3}",-248771874,1fa22c2b5ebef5f8f09692d9ba1e5baa,Assets/Plugins/LeTai.TrueShadow.dll,0,"{x: 0, y: -0}",90,0,0,17.85,0,0,0
LevelManager,Assets/GameObject/LevelManager.prefab,LeTai.TrueShadow,1fa22c2b5ebef5f8f09692d9ba1e5baa,-248771874,0,[],0,"{r: 0, g: 0, b: 0, a: 0.6}",2,0,0,0,0,0,{fileID: 0},0,0,0,{fileID: 1127543942677356},1127543942677356,0,{fileID: 0},0,{fileID: 0},0,"{fileID: -248771874, guid: 1fa22c2b5ebef5f8f09692d9ba1e5baa, type: 3}",-248771874,1fa22c2b5ebef5f8f09692d9ba1e5baa,Assets/Plugins/LeTai.TrueShadow.dll,0,"{x: 1.4142134, y: -1.4142137}",45,2,0,8,0,1,0
LevelManager,Assets/GameObject/LevelManager.prefab,LeTai.TrueShadow,1fa22c2b5ebef5f8f09692d9ba1e5baa,-248771874,0,[],0,"{r: 0, g: 0, b: 0, a: 0.72156864}",2,0,0,1,1,0,{fileID: 0},0,0,1,{fileID: 1615825694563416},1615825694563416,0,{fileID: 0},0,{fileID: 0},0,"{fileID: -248771874, guid: 1fa22c2b5ebef5f8f09692d9ba1e5baa, type: 3}",-248771874,1fa22c2b5ebef5f8f09692d9ba1e5baa,Assets/Plugins/LeTai.TrueShadow.dll,0,"{x: 5.9195232, y: -5.38138}",42.273666,8,0,3,0.5,1,0
LevelManager,Assets/GameObject/LevelManager.prefab,LeTai.TrueShadow,1fa22c2b5ebef5f8f09692d9ba1e5baa,-248771874,0,[],0,"{r: 1, g: 1, b: 1, a: 1}",2,0,0,1,0,0,{fileID: 0},0,0,0,{fileID: 1609204985747228},1609204985747228,0,{fileID: 0},0,{fileID: 0},0,"{fileID: -248771874, guid: 1fa22c2b5ebef5f8f09692d9ba1e5baa, type: 3}",-248771874,1fa22c2b5ebef5f8f09692d9ba1e5baa,Assets/Plugins/LeTai.TrueShadow.dll,0,"{x: 0, y: -0}",90,0,0,1,0,1,0
LevelManager,Assets/GameObject/LevelManager.prefab,LeTai.TrueShadow,1fa22c2b5ebef5f8f09692d9ba1e5baa,-248771874,0,[],0,"{r: 1, g: 1, b: 1, a: 0.6}",2,0,0,0,0,0,{fileID: 0},0,0,1,{fileID: 1919231103874841},1919231103874841,0,{fileID: 0},0,{fileID: 0},0,"{fileID: -248771874, guid: 1fa22c2b5ebef5f8f09692d9ba1e5baa, type: 3}",-248771874,1fa22c2b5ebef5f8f09692d9ba1e5baa,Assets/Plugins/LeTai.TrueShadow.dll,0,"{x: 0, y: -0}",90,0,0,2,0,1,0
LevelManager,Assets/GameObject/LevelManager.prefab,LeTai.TrueShadow,1fa22c2b5ebef5f8f09692d9ba1e5baa,-248771874,0,[],0,"{r: 1, g: 1, b: 1, a: 0.6}",2,0,0,0,0,0,{fileID: 0},0,0,1,{fileID: 1141127078488093},1141127078488093,0,{fileID: 0},0,{fileID: 0},0,"{fileID: -248771874, guid: 1fa22c2b5ebef5f8f09692d9ba1e5baa, type: 3}",-248771874,1fa22c2b5ebef5f8f09692d9ba1e5baa,Assets/Plugins/LeTai.TrueShadow.dll,0,"{x: 0, y: -0}",90,0,0,2,0,1,0
LevelManager,Assets/GameObject/LevelManager.prefab,LeTai.TrueShadow,1fa22c2b5ebef5f8f09692d9ba1e5baa,-248771874,0,[],0,"{r: 1, g: 1, b: 1, a: 0.6}",2,0,0,0,0,0,{fileID: 0},0,0,1,{fileID: 1279372068182064},1279372068182064,0,{fileID: 0},0,{fileID: 0},0,"{fileID: -248771874, guid: 1fa22c2b5ebef5f8f09692d9ba1e5baa, type: 3}",-248771874,1fa22c2b5ebef5f8f09692d9ba1e5baa,Assets/Plugins/LeTai.TrueShadow.dll,0,"{x: 0, y: -0}",90,0,0,2,0,1,0
LevelManager,Assets/GameObject/LevelManager.prefab,LeTai.TrueShadow,1fa22c2b5ebef5f8f09692d9ba1e5baa,-248771874,0,[],0,"{r: 0, g: 0, b: 0, a: 0.6}",2,0,0,0,0,0,{fileID: 0},0,0,0,{fileID: 1476976175919211},1476976175919211,0,{fileID: 0},0,{fileID: 0},0,"{fileID: -248771874, guid: 1fa22c2b5ebef5f8f09692d9ba1e5baa, type: 3}",-248771874,1fa22c2b5ebef5f8f09692d9ba1e5baa,Assets/Plugins/LeTai.TrueShadow.dll,0,"{x: 1.7881396E-07, y: -3}",90,3,0,6,0,1,0
LevelManager,Assets/GameObject/LevelManager.prefab,LeTai.TrueShadow,1fa22c2b5ebef5f8f09692d9ba1e5baa,-248771874,0,[],1,"{r: 0.4764151, g: 1, b: 0.62022334, a: 1}",2,0,0,1,1,1,{fileID: 0},0,0,1,{fileID: 1353984458092171},1353984458092171,0,{fileID: 0},0,{fileID: 0},0,"{fileID: -248771874, guid: 1fa22c2b5ebef5f8f09692d9ba1e5baa, type: 3}",-248771874,1fa22c2b5ebef5f8f09692d9ba1e5baa,Assets/Plugins/LeTai.TrueShadow.dll,0,"{x: 0, y: -0}",90,0,0,17.85,0,0,0
LevelManager,Assets/GameObject/LevelManager.prefab,LeTai.TrueShadow,1fa22c2b5ebef5f8f09692d9ba1e5baa,-248771874,0,[],0,"{r: 0, g: 0, b: 0, a: 0.6}",2,0,0,0,0,0,{fileID: 0},0,0,0,{fileID: 1377949853969134},1377949853969134,0,{fileID: 0},0,{fileID: 0},0,"{fileID: -248771874, guid: 1fa22c2b5ebef5f8f09692d9ba1e5baa, type: 3}",-248771874,1fa22c2b5ebef5f8f09692d9ba1e5baa,Assets/Plugins/LeTai.TrueShadow.dll,0,"{x: 1.4142134, y: -1.4142137}",45,2,0,8,0,1,0
LevelManager,Assets/GameObject/LevelManager.prefab,LeTai.TrueShadow,1fa22c2b5ebef5f8f09692d9ba1e5baa,-248771874,0,[],0,"{r: 0, g: 0, b: 0, a: 0.72156864}",2,0,0,1,1,0,{fileID: 0},0,0,1,{fileID: 1838775204349612},1838775204349612,0,{fileID: 0},0,{fileID: 0},0,"{fileID: -248771874, guid: 1fa22c2b5ebef5f8f09692d9ba1e5baa, type: 3}",-248771874,1fa22c2b5ebef5f8f09692d9ba1e5baa,Assets/Plugins/LeTai.TrueShadow.dll,0,"{x: 5.9195232, y: -5.38138}",42.273666,8,0,3,0.5,1,0
LevelManager,Assets/GameObject/LevelManager.prefab,LeTai.TrueShadow,1fa22c2b5ebef5f8f09692d9ba1e5baa,-248771874,0,[],0,"{r: 1, g: 1, b: 1, a: 1}",2,0,0,1,0,0,{fileID: 0},0,0,0,{fileID: 1610930621344552},1610930621344552,0,{fileID: 0},0,{fileID: 0},0,"{fileID: -248771874, guid: 1fa22c2b5ebef5f8f09692d9ba1e5baa, type: 3}",-248771874,1fa22c2b5ebef5f8f09692d9ba1e5baa,Assets/Plugins/LeTai.TrueShadow.dll,0,"{x: 0, y: -0}",90,0,0,1,0,1,0
LevelManager,Assets/GameObject/LevelManager.prefab,LeTai.TrueShadow,1fa22c2b5ebef5f8f09692d9ba1e5baa,-248771874,0,[],0,"{r: 1, g: 1, b: 1, a: 0.6}",2,0,0,0,0,0,{fileID: 0},0,0,1,{fileID: 1907194775386326},1907194775386326,0,{fileID: 0},0,{fileID: 0},0,"{fileID: -248771874, guid: 1fa22c2b5ebef5f8f09692d9ba1e5baa, type: 3}",-248771874,1fa22c2b5ebef5f8f09692d9ba1e5baa,Assets/Plugins/LeTai.TrueShadow.dll,0,"{x: 0, y: -0}",90,0,0,2,0,1,0
LevelManager,Assets/GameObject/LevelManager.prefab,LeTai.TrueShadow,1fa22c2b5ebef5f8f09692d9ba1e5baa,-248771874,0,[],0,"{r: 1, g: 1, b: 1, a: 0.6}",2,0,0,0,0,0,{fileID: 0},0,0,1,{fileID: 1483429053536392},1483429053536392,0,{fileID: 0},0,{fileID: 0},0,"{fileID: -248771874, guid: 1fa22c2b5ebef5f8f09692d9ba1e5baa, type: 3}",-248771874,1fa22c2b5ebef5f8f09692d9ba1e5baa,Assets/Plugins/LeTai.TrueShadow.dll,0,"{x: 0, y: -0}",90,0,0,2,0,1,0
LevelManager,Assets/GameObject/LevelManager.prefab,LeTai.TrueShadow,1fa22c2b5ebef5f8f09692d9ba1e5baa,-248771874,0,[],0,"{r: 1, g: 1, b: 1, a: 0.6}",2,0,0,0,0,0,{fileID: 0},0,0,1,{fileID: 1009705450274027},1009705450274027,0,{fileID: 0},0,{fileID: 0},0,"{fileID: -248771874, guid: 1fa22c2b5ebef5f8f09692d9ba1e5baa, type: 3}",-248771874,1fa22c2b5ebef5f8f09692d9ba1e5baa,Assets/Plugins/LeTai.TrueShadow.dll,0,"{x: 0, y: -0}",90,0,0,2,0,1,0
LevelManager,Assets/GameObject/LevelManager.prefab,LeTai.TrueShadow,1fa22c2b5ebef5f8f09692d9ba1e5baa,-248771874,0,[],0,"{r: 0, g: 0, b: 0, a: 0.6}",2,0,0,0,0,0,{fileID: 0},0,0,0,{fileID: 1369502249934929},1369502249934929,0,{fileID: 0},0,{fileID: 0},0,"{fileID: -248771874, guid: 1fa22c2b5ebef5f8f09692d9ba1e5baa, type: 3}",-248771874,1fa22c2b5ebef5f8f09692d9ba1e5baa,Assets/Plugins/LeTai.TrueShadow.dll,0,"{x: 1.7881396E-07, y: -3}",90,3,0,6,0,1,0
LevelManager,Assets/GameObject/LevelManager.prefab,LeTai.TrueShadow,1fa22c2b5ebef5f8f09692d9ba1e5baa,-248771874,0,[],1,"{r: 0.4764151, g: 1, b: 0.62022334, a: 1}",2,0,0,1,1,1,{fileID: 0},0,0,1,{fileID: 1016855692305179},1016855692305179,0,{fileID: 0},0,{fileID: 0},0,"{fileID: -248771874, guid: 1fa22c2b5ebef5f8f09692d9ba1e5baa, type: 3}",-248771874,1fa22c2b5ebef5f8f09692d9ba1e5baa,Assets/Plugins/LeTai.TrueShadow.dll,0,"{x: 0, y: -0}",90,0,0,17.85,0,0,0
LevelManager,Assets/GameObject/LevelManager.prefab,LeTai.TrueShadow,1fa22c2b5ebef5f8f09692d9ba1e5baa,-248771874,0,[],0,"{r: 0, g: 0, b: 0, a: 0.6}",2,0,0,0,0,0,{fileID: 0},0,0,0,{fileID: 1464484302006306},1464484302006306,0,{fileID: 0},0,{fileID: 0},0,"{fileID: -248771874, guid: 1fa22c2b5ebef5f8f09692d9ba1e5baa, type: 3}",-248771874,1fa22c2b5ebef5f8f09692d9ba1e5baa,Assets/Plugins/LeTai.TrueShadow.dll,0,"{x: 1.4142134, y: -1.4142137}",45,2,0,8,0,1,0
LevelManager,Assets/GameObject/LevelManager.prefab,LeTai.TrueShadow,1fa22c2b5ebef5f8f09692d9ba1e5baa,-248771874,0,[],0,"{r: 0, g: 0, b: 0, a: 0.72156864}",2,0,0,1,1,0,{fileID: 0},0,0,1,{fileID: 1918645563307383},1918645563307383,0,{fileID: 0},0,{fileID: 0},0,"{fileID: -248771874, guid: 1fa22c2b5ebef5f8f09692d9ba1e5baa, type: 3}",-248771874,1fa22c2b5ebef5f8f09692d9ba1e5baa,Assets/Plugins/LeTai.TrueShadow.dll,0,"{x: 5.9195232, y: -5.38138}",42.273666,8,0,3,0.5,1,0
LevelManager,Assets/GameObject/LevelManager.prefab,LeTai.TrueShadow,1fa22c2b5ebef5f8f09692d9ba1e5baa,-248771874,0,[],0,"{r: 1, g: 1, b: 1, a: 1}",2,0,0,1,0,0,{fileID: 0},0,0,0,{fileID: 1300519185455494},1300519185455494,0,{fileID: 0},0,{fileID: 0},0,"{fileID: -248771874, guid: 1fa22c2b5ebef5f8f09692d9ba1e5baa, type: 3}",-248771874,1fa22c2b5ebef5f8f09692d9ba1e5baa,Assets/Plugins/LeTai.TrueShadow.dll,0,"{x: 0, y: -0}",90,0,0,1,0,1,0
LevelManager,Assets/GameObject/LevelManager.prefab,LeTai.TrueShadow,1fa22c2b5ebef5f8f09692d9ba1e5baa,-248771874,0,[],0,"{r: 1, g: 1, b: 1, a: 0.6}",2,0,0,0,0,0,{fileID: 0},0,0,1,{fileID: 1454074347903270},1454074347903270,0,{fileID: 0},0,{fileID: 0},0,"{fileID: -248771874, guid: 1fa22c2b5ebef5f8f09692d9ba1e5baa, type: 3}",-248771874,1fa22c2b5ebef5f8f09692d9ba1e5baa,Assets/Plugins/LeTai.TrueShadow.dll,0,"{x: 0, y: -0}",90,0,0,2,0,1,0
LevelManager,Assets/GameObject/LevelManager.prefab,LeTai.TrueShadow,1fa22c2b5ebef5f8f09692d9ba1e5baa,-248771874,0,[],0,"{r: 1, g: 1, b: 1, a: 0.6}",2,0,0,0,0,0,{fileID: 0},0,0,1,{fileID: 1575346448614726},1575346448614726,0,{fileID: 0},0,{fileID: 0},0,"{fileID: -248771874, guid: 1fa22c2b5ebef5f8f09692d9ba1e5baa, type: 3}",-248771874,1fa22c2b5ebef5f8f09692d9ba1e5baa,Assets/Plugins/LeTai.TrueShadow.dll,0,"{x: 0, y: -0}",90,0,0,2,0,1,0
LevelManager,Assets/GameObject/LevelManager.prefab,LeTai.TrueShadow,1fa22c2b5ebef5f8f09692d9ba1e5baa,-248771874,0,[],0,"{r: 1, g: 1, b: 1, a: 0.6}",2,0,0,0,0,0,{fileID: 0},0,0,1,{fileID: 1233514815807026},1233514815807026,0,{fileID: 0},0,{fileID: 0},0,"{fileID: -248771874, guid: 1fa22c2b5ebef5f8f09692d9ba1e5baa, type: 3}",-248771874,1fa22c2b5ebef5f8f09692d9ba1e5baa,Assets/Plugins/LeTai.TrueShadow.dll,0,"{x: 0, y: -0}",90,0,0,2,0,1,0
LevelManager,Assets/GameObject/LevelManager.prefab,LeTai.TrueShadow,1fa22c2b5ebef5f8f09692d9ba1e5baa,-248771874,0,[],0,"{r: 0, g: 0, b: 0, a: 0.6}",2,0,0,0,0,0,{fileID: 0},0,0,0,{fileID: 1984315115499901},1984315115499901,0,{fileID: 0},0,{fileID: 0},0,"{fileID: -248771874, guid: 1fa22c2b5ebef5f8f09692d9ba1e5baa, type: 3}",-248771874,1fa22c2b5ebef5f8f09692d9ba1e5baa,Assets/Plugins/LeTai.TrueShadow.dll,0,"{x: 1.7881396E-07, y: -3}",90,3,0,6,0,1,0
LevelManager,Assets/GameObject/LevelManager.prefab,LeTai.TrueShadow,1fa22c2b5ebef5f8f09692d9ba1e5baa,-248771874,0,[],1,"{r: 0.4764151, g: 1, b: 0.62022334, a: 1}",2,0,0,1,1,1,{fileID: 0},0,0,1,{fileID: 1025894601160825},1025894601160825,0,{fileID: 0},0,{fileID: 0},0,"{fileID: -248771874, guid: 1fa22c2b5ebef5f8f09692d9ba1e5baa, type: 3}",-248771874,1fa22c2b5ebef5f8f09692d9ba1e5baa,Assets/Plugins/LeTai.TrueShadow.dll,0,"{x: 0, y: -0}",90,0,0,17.85,0,0,0
LevelManager,Assets/GameObject/LevelManager.prefab,LeTai.TrueShadow,1fa22c2b5ebef5f8f09692d9ba1e5baa,-248771874,0,[],0,"{r: 0, g: 0, b: 0, a: 0.6}",2,0,0,0,0,0,{fileID: 0},0,0,0,{fileID: 1468270656809609},1468270656809609,0,{fileID: 0},0,{fileID: 0},0,"{fileID: -248771874, guid: 1fa22c2b5ebef5f8f09692d9ba1e5baa, type: 3}",-248771874,1fa22c2b5ebef5f8f09692d9ba1e5baa,Assets/Plugins/LeTai.TrueShadow.dll,0,"{x: 1.4142134, y: -1.4142137}",45,2,0,8,0,1,0
LevelManager,Assets/GameObject/LevelManager.prefab,LeTai.TrueShadow,1fa22c2b5ebef5f8f09692d9ba1e5baa,-248771874,0,[],0,"{r: 0, g: 0, b: 0, a: 0.72156864}",2,0,0,1,1,0,{fileID: 0},0,0,1,{fileID: 1955969137662806},1955969137662806,0,{fileID: 0},0,{fileID: 0},0,"{fileID: -248771874, guid: 1fa22c2b5ebef5f8f09692d9ba1e5baa, type: 3}",-248771874,1fa22c2b5ebef5f8f09692d9ba1e5baa,Assets/Plugins/LeTai.TrueShadow.dll,0,"{x: 5.9195232, y: -5.38138}",42.273666,8,0,3,0.5,1,0
LevelManager,Assets/GameObject/LevelManager.prefab,LeTai.TrueShadow,1fa22c2b5ebef5f8f09692d9ba1e5baa,-248771874,0,[],0,"{r: 1, g: 1, b: 1, a: 1}",2,0,0,1,0,0,{fileID: 0},0,0,0,{fileID: 1051388860254741},1051388860254741,0,{fileID: 0},0,{fileID: 0},0,"{fileID: -248771874, guid: 1fa22c2b5ebef5f8f09692d9ba1e5baa, type: 3}",-248771874,1fa22c2b5ebef5f8f09692d9ba1e5baa,Assets/Plugins/LeTai.TrueShadow.dll,0,"{x: 0, y: -0}",90,0,0,1,0,1,0
LevelManager,Assets/GameObject/LevelManager.prefab,LeTai.TrueShadow,1fa22c2b5ebef5f8f09692d9ba1e5baa,-248771874,0,[],0,"{r: 1, g: 1, b: 1, a: 0.6}",2,0,0,0,0,0,{fileID: 0},0,0,1,{fileID: 1564329281144094},1564329281144094,0,{fileID: 0},0,{fileID: 0},0,"{fileID: -248771874, guid: 1fa22c2b5ebef5f8f09692d9ba1e5baa, type: 3}",-248771874,1fa22c2b5ebef5f8f09692d9ba1e5baa,Assets/Plugins/LeTai.TrueShadow.dll,0,"{x: 0, y: -0}",90,0,0,2,0,1,0
LevelManager,Assets/GameObject/LevelManager.prefab,LeTai.TrueShadow,1fa22c2b5ebef5f8f09692d9ba1e5baa,-248771874,0,[],0,"{r: 1, g: 1, b: 1, a: 0.6}",2,0,0,0,0,0,{fileID: 0},0,0,1,{fileID: 1295796624870999},1295796624870999,0,{fileID: 0},0,{fileID: 0},0,"{fileID: -248771874, guid: 1fa22c2b5ebef5f8f09692d9ba1e5baa, type: 3}",-248771874,1fa22c2b5ebef5f8f09692d9ba1e5baa,Assets/Plugins/LeTai.TrueShadow.dll,0,"{x: 0, y: -0}",90,0,0,2,0,1,0
LevelManager,Assets/GameObject/LevelManager.prefab,LeTai.TrueShadow,1fa22c2b5ebef5f8f09692d9ba1e5baa,-248771874,0,[],0,"{r: 1, g: 1, b: 1, a: 0.6}",2,0,0,0,0,0,{fileID: 0},0,0,1,{fileID: 1211146715813878},1211146715813878,0,{fileID: 0},0,{fileID: 0},0,"{fileID: -248771874, guid: 1fa22c2b5ebef5f8f09692d9ba1e5baa, type: 3}",-248771874,1fa22c2b5ebef5f8f09692d9ba1e5baa,Assets/Plugins/LeTai.TrueShadow.dll,0,"{x: 0, y: -0}",90,0,0,2,0,1,0
LevelManager,Assets/GameObject/LevelManager.prefab,LeTai.TrueShadow,1fa22c2b5ebef5f8f09692d9ba1e5baa,-248771874,0,[],0,"{r: 0, g: 0, b: 0, a: 0.6}",2,0,0,0,0,0,{fileID: 0},0,0,0,{fileID: 1273668235730401},1273668235730401,0,{fileID: 0},0,{fileID: 0},0,"{fileID: -248771874, guid: 1fa22c2b5ebef5f8f09692d9ba1e5baa, type: 3}",-248771874,1fa22c2b5ebef5f8f09692d9ba1e5baa,Assets/Plugins/LeTai.TrueShadow.dll,0,"{x: 1.7881396E-07, y: -3}",90,3,0,6,0,1,0
LevelManager,Assets/GameObject/LevelManager.prefab,LeTai.TrueShadow,1fa22c2b5ebef5f8f09692d9ba1e5baa,-248771874,0,[],1,"{r: 0.4764151, g: 1, b: 0.62022334, a: 1}",2,0,0,1,1,1,{fileID: 0},0,0,1,{fileID: 1680010662283453},1680010662283453,0,{fileID: 0},0,{fileID: 0},0,"{fileID: -248771874, guid: 1fa22c2b5ebef5f8f09692d9ba1e5baa, type: 3}",-248771874,1fa22c2b5ebef5f8f09692d9ba1e5baa,Assets/Plugins/LeTai.TrueShadow.dll,0,"{x: 0, y: -0}",90,0,0,17.85,0,0,0
LevelManager,Assets/GameObject/LevelManager.prefab,LeTai.TrueShadow,1fa22c2b5ebef5f8f09692d9ba1e5baa,-248771874,0,[],0,"{r: 0, g: 0, b: 0, a: 0.6}",2,0,0,0,0,0,{fileID: 0},0,0,0,{fileID: 1669029847795655},1669029847795655,0,{fileID: 0},0,{fileID: 0},0,"{fileID: -248771874, guid: 1fa22c2b5ebef5f8f09692d9ba1e5baa, type: 3}",-248771874,1fa22c2b5ebef5f8f09692d9ba1e5baa,Assets/Plugins/LeTai.TrueShadow.dll,0,"{x: 1.4142134, y: -1.4142137}",45,2,0,8,0,1,0
LevelManager,Assets/GameObject/LevelManager.prefab,LeTai.TrueShadow,1fa22c2b5ebef5f8f09692d9ba1e5baa,-248771874,0,[],0,"{r: 0, g: 0, b: 0, a: 0.72156864}",2,0,0,1,1,0,{fileID: 0},0,0,1,{fileID: 1485595383112713},1485595383112713,0,{fileID: 0},0,{fileID: 0},0,"{fileID: -248771874, guid: 1fa22c2b5ebef5f8f09692d9ba1e5baa, type: 3}",-248771874,1fa22c2b5ebef5f8f09692d9ba1e5baa,Assets/Plugins/LeTai.TrueShadow.dll,0,"{x: 5.9195232, y: -5.38138}",42.273666,8,0,3,0.5,1,0
LevelManager,Assets/GameObject/LevelManager.prefab,LeTai.TrueShadow,1fa22c2b5ebef5f8f09692d9ba1e5baa,-248771874,0,[],0,"{r: 1, g: 1, b: 1, a: 1}",2,0,0,1,0,0,{fileID: 0},0,0,0,{fileID: 1629097253403654},1629097253403654,0,{fileID: 0},0,{fileID: 0},0,"{fileID: -248771874, guid: 1fa22c2b5ebef5f8f09692d9ba1e5baa, type: 3}",-248771874,1fa22c2b5ebef5f8f09692d9ba1e5baa,Assets/Plugins/LeTai.TrueShadow.dll,0,"{x: 0, y: -0}",90,0,0,1,0,1,0
LevelManager,Assets/GameObject/LevelManager.prefab,LeTai.TrueShadow,1fa22c2b5ebef5f8f09692d9ba1e5baa,-248771874,0,[],0,"{r: 1, g: 1, b: 1, a: 0.6}",2,0,0,0,0,0,{fileID: 0},0,0,1,{fileID: 1201335614959994},1201335614959994,0,{fileID: 0},0,{fileID: 0},0,"{fileID: -248771874, guid: 1fa22c2b5ebef5f8f09692d9ba1e5baa, type: 3}",-248771874,1fa22c2b5ebef5f8f09692d9ba1e5baa,Assets/Plugins/LeTai.TrueShadow.dll,0,"{x: 0, y: -0}",90,0,0,2,0,1,0
LevelManager,Assets/GameObject/LevelManager.prefab,LeTai.TrueShadow,1fa22c2b5ebef5f8f09692d9ba1e5baa,-248771874,0,[],0,"{r: 1, g: 1, b: 1, a: 0.6}",2,0,0,0,0,0,{fileID: 0},0,0,1,{fileID: 1238968987942460},1238968987942460,0,{fileID: 0},0,{fileID: 0},0,"{fileID: -248771874, guid: 1fa22c2b5ebef5f8f09692d9ba1e5baa, type: 3}",-248771874,1fa22c2b5ebef5f8f09692d9ba1e5baa,Assets/Plugins/LeTai.TrueShadow.dll,0,"{x: 0, y: -0}",90,0,0,2,0,1,0
LevelManager,Assets/GameObject/LevelManager.prefab,LeTai.TrueShadow,1fa22c2b5ebef5f8f09692d9ba1e5baa,-248771874,0,[],0,"{r: 1, g: 1, b: 1, a: 0.6}",2,0,0,0,0,0,{fileID: 0},0,0,1,{fileID: 1448516785215941},1448516785215941,0,{fileID: 0},0,{fileID: 0},0,"{fileID: -248771874, guid: 1fa22c2b5ebef5f8f09692d9ba1e5baa, type: 3}",-248771874,1fa22c2b5ebef5f8f09692d9ba1e5baa,Assets/Plugins/LeTai.TrueShadow.dll,0,"{x: 0, y: -0}",90,0,0,2,0,1,0
LevelManager,Assets/GameObject/LevelManager.prefab,LeTai.TrueShadow,1fa22c2b5ebef5f8f09692d9ba1e5baa,-248771874,0,[],0,"{r: 0, g: 0, b: 0, a: 0.6}",2,0,0,0,0,0,{fileID: 0},0,0,0,{fileID: 1447720995287955},1447720995287955,0,{fileID: 0},0,{fileID: 0},0,"{fileID: -248771874, guid: 1fa22c2b5ebef5f8f09692d9ba1e5baa, type: 3}",-248771874,1fa22c2b5ebef5f8f09692d9ba1e5baa,Assets/Plugins/LeTai.TrueShadow.dll,0,"{x: 1.7881396E-07, y: -3}",90,3,0,6,0,1,0
LevelManager,Assets/GameObject/LevelManager.prefab,LeTai.TrueShadow,1fa22c2b5ebef5f8f09692d9ba1e5baa,-248771874,0,[],0,"{r: 1, g: 1, b: 1, a: 1}",2,0,0,0,0,0,{fileID: 0},0,0,0,{fileID: 1068191622083055},1068191622083055,0,{fileID: 0},0,{fileID: 0},0,"{fileID: -248771874, guid: 1fa22c2b5ebef5f8f09692d9ba1e5baa, type: 3}",-248771874,1fa22c2b5ebef5f8f09692d9ba1e5baa,Assets/Plugins/LeTai.TrueShadow.dll,0,"{x: 1.192093E-07, y: -2}",90,2,0,3.4,0.197,1,0
LevelManager,Assets/GameObject/LevelManager.prefab,LeTai.TrueShadow,1fa22c2b5ebef5f8f09692d9ba1e5baa,-248771874,0,[],0,"{r: 1, g: 1, b: 1, a: 1}",2,0,0,0,0,0,{fileID: 0},0,0,0,{fileID: 1337498504458138},1337498504458138,0,{fileID: 0},0,{fileID: 0},0,"{fileID: -248771874, guid: 1fa22c2b5ebef5f8f09692d9ba1e5baa, type: 3}",-248771874,1fa22c2b5ebef5f8f09692d9ba1e5baa,Assets/Plugins/LeTai.TrueShadow.dll,0,"{x: 1.192093E-07, y: 2}",270,2,0,3.4,0.197,1,0
LevelManager,Assets/GameObject/LevelManager.prefab,LeTai.TrueShadow,1fa22c2b5ebef5f8f09692d9ba1e5baa,-248771874,0,[],0,"{r: 0, g: 0, b: 0, a: 0.5686275}",2,0,0,0,0,1,{fileID: 0},0,0,1,{fileID: 1335082006908429},1335082006908429,0,{fileID: 0},0,{fileID: 0},0,"{fileID: -248771874, guid: 1fa22c2b5ebef5f8f09692d9ba1e5baa, type: 3}",-248771874,1fa22c2b5ebef5f8f09692d9ba1e5baa,Assets/Plugins/LeTai.TrueShadow.dll,0,"{x: 0.27349573, y: -1.4951923}",79.63423,1.52,0,2,0,0,0
LevelManager,Assets/GameObject/LevelManager.prefab,LeTai.TrueShadow,1fa22c2b5ebef5f8f09692d9ba1e5baa,-248771874,0,[],0,"{r: 0, g: 0, b: 0, a: 1}",2,0,0,0,0,0,{fileID: 0},0,0,1,{fileID: 1167272321990304},1167272321990304,0,{fileID: 0},0,{fileID: 0},0,"{fileID: -248771874, guid: 1fa22c2b5ebef5f8f09692d9ba1e5baa, type: 3}",-248771874,1fa22c2b5ebef5f8f09692d9ba1e5baa,Assets/Plugins/LeTai.TrueShadow.dll,0,"{x: 0, y: -0}",90,0,0,5,0,1,0
LevelManager,Assets/GameObject/LevelManager.prefab,LeTai.TrueShadow,1fa22c2b5ebef5f8f09692d9ba1e5baa,-248771874,0,[],0,"{r: 1, g: 0.4198113, b: 0.4198113, a: 0.49803922}",2,0,0,1,0,0,{fileID: 0},0,0,1,{fileID: 1919760558252375},1919760558252375,0,{fileID: 0},0,{fileID: 0},0,"{fileID: -248771874, guid: 1fa22c2b5ebef5f8f09692d9ba1e5baa, type: 3}",-248771874,1fa22c2b5ebef5f8f09692d9ba1e5baa,Assets/Plugins/LeTai.TrueShadow.dll,0,"{x: 0, y: -0}",45,0,0,10,0,1,0
LevelManager,Assets/GameObject/LevelManager.prefab,LeTai.TrueShadow,1fa22c2b5ebef5f8f09692d9ba1e5baa,-248771874,0,[],0,"{r: 1, g: 1, b: 1, a: 0.25490198}",2,0,0,0,0,0,{fileID: 0},0,0,1,{fileID: 1769567231430225},1769567231430225,0,{fileID: 0},0,{fileID: 0},0,"{fileID: -248771874, guid: 1fa22c2b5ebef5f8f09692d9ba1e5baa, type: 3}",-248771874,1fa22c2b5ebef5f8f09692d9ba1e5baa,Assets/Plugins/LeTai.TrueShadow.dll,0,"{x: 2.835498, y: -2.8354986}",45,4.01,0,3,0,1,0
LevelManager,Assets/GameObject/LevelManager.prefab,LeTai.TrueShadow,1fa22c2b5ebef5f8f09692d9ba1e5baa,-248771874,0,[],0,"{r: 0, g: 0, b: 0, a: 0.6}",2,0,0,0,0,0,{fileID: 0},0,0,1,{fileID: 1257517546140618},1257517546140618,0,{fileID: 0},0,{fileID: 0},0,"{fileID: -248771874, guid: 1fa22c2b5ebef5f8f09692d9ba1e5baa, type: 3}",-248771874,1fa22c2b5ebef5f8f09692d9ba1e5baa,Assets/Plugins/LeTai.TrueShadow.dll,0,"{x: 5.6568537, y: -5.6568546}",45,8,0,8,0,1,0
LevelManager,Assets/GameObject/LevelManager.prefab,LeTai.TrueShadow,1fa22c2b5ebef5f8f09692d9ba1e5baa,-248771874,0,[],0,"{r: 1, g: 1, b: 1, a: 0.16470589}",2,0,0,1,0,1,{fileID: 0},0,0,0,{fileID: 1257517546140618},1257517546140618,0,{fileID: 0},0,{fileID: 0},0,"{fileID: -248771874, guid: 1fa22c2b5ebef5f8f09692d9ba1e5baa, type: 3}",-248771874,1fa22c2b5ebef5f8f09692d9ba1e5baa,Assets/Plugins/LeTai.TrueShadow.dll,0,"{x: 0, y: -0}",90,0,0,288.65,0,1,0
LevelManager,Assets/GameObject/LevelManager.prefab,LeTai.TrueShadow,1fa22c2b5ebef5f8f09692d9ba1e5baa,-248771874,0,[],0,"{r: 0, g: 0, b: 0, a: 0.6}",2,0,0,0,0,0,{fileID: 0},0,0,1,{fileID: 1907981707826108},1907981707826108,0,{fileID: 0},0,{fileID: 0},0,"{fileID: -248771874, guid: 1fa22c2b5ebef5f8f09692d9ba1e5baa, type: 3}",-248771874,1fa22c2b5ebef5f8f09692d9ba1e5baa,Assets/Plugins/LeTai.TrueShadow.dll,0,"{x: 7.1525585E-07, y: -12}",90,12,0,32,0,1,0
LevelManager,Assets/GameObject/LevelManager.prefab,LeTai.TrueShadow,1fa22c2b5ebef5f8f09692d9ba1e5baa,-248771874,0,[],0,"{r: 1, g: 1, b: 1, a: 1}",2,0,0,0,0,0,{fileID: 0},0,0,1,{fileID: 1625265143717962},1625265143717962,0,{fileID: 0},0,{fileID: 0},0,"{fileID: -248771874, guid: 1fa22c2b5ebef5f8f09692d9ba1e5baa, type: 3}",-248771874,1fa22c2b5ebef5f8f09692d9ba1e5baa,Assets/Plugins/LeTai.TrueShadow.dll,0,"{x: 1.192093E-07, y: -2}",90,2,0,3.4,0.197,1,0
LevelManager,Assets/GameObject/LevelManager.prefab,LeTai.TrueShadow,1fa22c2b5ebef5f8f09692d9ba1e5baa,-248771874,0,[],0,"{r: 1, g: 1, b: 1, a: 1}",2,0,0,0,0,0,{fileID: 0},0,0,1,{fileID: 1394036915107711},1394036915107711,0,{fileID: 0},0,{fileID: 0},0,"{fileID: -248771874, guid: 1fa22c2b5ebef5f8f09692d9ba1e5baa, type: 3}",-248771874,1fa22c2b5ebef5f8f09692d9ba1e5baa,Assets/Plugins/LeTai.TrueShadow.dll,0,"{x: 1.192093E-07, y: 2}",270,2,0,3.4,0.197,1,0
LevelManager,Assets/GameObject/LevelManager.prefab,LeTai.TrueShadow,1fa22c2b5ebef5f8f09692d9ba1e5baa,-248771874,0,[],0,"{r: 0, g: 0, b: 0, a: 0.5686275}",2,0,0,0,0,1,{fileID: 0},0,0,1,{fileID: 1160487343980700},1160487343980700,0,{fileID: 0},0,{fileID: 0},0,"{fileID: -248771874, guid: 1fa22c2b5ebef5f8f09692d9ba1e5baa, type: 3}",-248771874,1fa22c2b5ebef5f8f09692d9ba1e5baa,Assets/Plugins/LeTai.TrueShadow.dll,0,"{x: 0.27349573, y: -1.4951923}",79.63423,1.52,0,2,0,0,0
LevelManager,Assets/GameObject/LevelManager.prefab,LeTai.TrueShadow,1fa22c2b5ebef5f8f09692d9ba1e5baa,-248771874,0,[],0,"{r: 0, g: 0, b: 0, a: 1}",2,0,0,0,0,0,{fileID: 0},0,0,1,{fileID: 1221456177846687},1221456177846687,0,{fileID: 0},0,{fileID: 0},0,"{fileID: -248771874, guid: 1fa22c2b5ebef5f8f09692d9ba1e5baa, type: 3}",-248771874,1fa22c2b5ebef5f8f09692d9ba1e5baa,Assets/Plugins/LeTai.TrueShadow.dll,0,"{x: 0, y: -0}",90,0,0,5,0,1,0
LevelManager,Assets/GameObject/LevelManager.prefab,LeTai.TrueShadow,1fa22c2b5ebef5f8f09692d9ba1e5baa,-248771874,0,[],0,"{r: 0, g: 0, b: 0, a: 0.6}",2,0,0,0,0,0,{fileID: 0},0,0,1,{fileID: 1723425682245803},1723425682245803,0,{fileID: 0},0,{fileID: 0},0,"{fileID: -248771874, guid: 1fa22c2b5ebef5f8f09692d9ba1e5baa, type: 3}",-248771874,1fa22c2b5ebef5f8f09692d9ba1e5baa,Assets/Plugins/LeTai.TrueShadow.dll,0,"{x: 5.6568537, y: -5.6568546}",45,8,0,8,0,1,0
LevelManager,Assets/GameObject/LevelManager.prefab,LeTai.TrueShadow,1fa22c2b5ebef5f8f09692d9ba1e5baa,-248771874,0,[],0,"{r: 0, g: 0, b: 0, a: 0.6}",2,0,0,0,0,0,{fileID: 0},0,0,1,{fileID: 1459730925801917},1459730925801917,0,{fileID: 0},0,{fileID: 0},0,"{fileID: -248771874, guid: 1fa22c2b5ebef5f8f09692d9ba1e5baa, type: 3}",-248771874,1fa22c2b5ebef5f8f09692d9ba1e5baa,Assets/Plugins/LeTai.TrueShadow.dll,0,"{x: 1.4142134, y: -1.4142137}",45,2,0,8,0,1,0
LevelManager,Assets/GameObject/LevelManager.prefab,LeTai.TrueShadow,1fa22c2b5ebef5f8f09692d9ba1e5baa,-248771874,0,[],0,"{r: 0, g: 0, b: 0, a: 0.72156864}",2,0,0,1,1,0,{fileID: 0},0,0,1,{fileID: 1137918171179750},1137918171179750,0,{fileID: 0},0,{fileID: 0},0,"{fileID: -248771874, guid: 1fa22c2b5ebef5f8f09692d9ba1e5baa, type: 3}",-248771874,1fa22c2b5ebef5f8f09692d9ba1e5baa,Assets/Plugins/LeTai.TrueShadow.dll,0,"{x: 5.9195232, y: -5.38138}",42.273666,8,0,3,0.5,1,0
LevelManager,Assets/GameObject/LevelManager.prefab,LeTai.TrueShadow,1fa22c2b5ebef5f8f09692d9ba1e5baa,-248771874,0,[],0,"{r: 1, g: 1, b: 1, a: 1}",2,0,0,1,0,0,{fileID: 0},0,0,1,{fileID: 1202903342038244},1202903342038244,0,{fileID: 0},0,{fileID: 0},0,"{fileID: -248771874, guid: 1fa22c2b5ebef5f8f09692d9ba1e5baa, type: 3}",-248771874,1fa22c2b5ebef5f8f09692d9ba1e5baa,Assets/Plugins/LeTai.TrueShadow.dll,0,"{x: 0, y: -0}",90,0,0,1,0,1,0
LevelManager,Assets/GameObject/LevelManager.prefab,LeTai.TrueShadow,1fa22c2b5ebef5f8f09692d9ba1e5baa,-248771874,0,[],0,"{r: 1, g: 1, b: 1, a: 0.6}",2,0,0,0,0,0,{fileID: 0},0,0,1,{fileID: 1468329470877807},1468329470877807,0,{fileID: 0},0,{fileID: 0},0,"{fileID: -248771874, guid: 1fa22c2b5ebef5f8f09692d9ba1e5baa, type: 3}",-248771874,1fa22c2b5ebef5f8f09692d9ba1e5baa,Assets/Plugins/LeTai.TrueShadow.dll,0,"{x: 0, y: -0}",90,0,0,2,0,1,0
LevelManager,Assets/GameObject/LevelManager.prefab,LeTai.TrueShadow,1fa22c2b5ebef5f8f09692d9ba1e5baa,-248771874,0,[],0,"{r: 1, g: 1, b: 1, a: 0.6}",2,0,0,0,0,0,{fileID: 0},0,0,1,{fileID: 1252158514349476},1252158514349476,0,{fileID: 0},0,{fileID: 0},0,"{fileID: -248771874, guid: 1fa22c2b5ebef5f8f09692d9ba1e5baa, type: 3}",-248771874,1fa22c2b5ebef5f8f09692d9ba1e5baa,Assets/Plugins/LeTai.TrueShadow.dll,0,"{x: 0, y: -0}",90,0,0,2,0,1,0
LevelManager,Assets/GameObject/LevelManager.prefab,LeTai.TrueShadow,1fa22c2b5ebef5f8f09692d9ba1e5baa,-248771874,0,[],0,"{r: 1, g: 1, b: 1, a: 0.6}",2,0,0,0,0,0,{fileID: 0},0,0,1,{fileID: 1157605600953300},1157605600953300,0,{fileID: 0},0,{fileID: 0},0,"{fileID: -248771874, guid: 1fa22c2b5ebef5f8f09692d9ba1e5baa, type: 3}",-248771874,1fa22c2b5ebef5f8f09692d9ba1e5baa,Assets/Plugins/LeTai.TrueShadow.dll,0,"{x: 0, y: -0}",90,0,0,2,0,1,0
LevelManager,Assets/GameObject/LevelManager.prefab,LeTai.TrueShadow,1fa22c2b5ebef5f8f09692d9ba1e5baa,-248771874,0,[],0,"{r: 0, g: 0, b: 0, a: 0.6}",2,0,0,0,0,0,{fileID: 0},0,0,1,{fileID: 1826256615155717},1826256615155717,0,{fileID: 0},0,{fileID: 0},0,"{fileID: -248771874, guid: 1fa22c2b5ebef5f8f09692d9ba1e5baa, type: 3}",-248771874,1fa22c2b5ebef5f8f09692d9ba1e5baa,Assets/Plugins/LeTai.TrueShadow.dll,0,"{x: 1.7881396E-07, y: -3}",90,3,0,6,0,1,0
LevelManager,Assets/GameObject/LevelManager.prefab,LeTai.TrueShadow,1fa22c2b5ebef5f8f09692d9ba1e5baa,-248771874,0,[],0,"{r: 0, g: 0, b: 0, a: 0.8}",2,0,0,0,0,0,{fileID: 0},0,0,1,{fileID: 1059512168256873},1059512168256873,0,{fileID: 0},0,{fileID: 0},0,"{fileID: -248771874, guid: 1fa22c2b5ebef5f8f09692d9ba1e5baa, type: 3}",-248771874,1fa22c2b5ebef5f8f09692d9ba1e5baa,Assets/Plugins/LeTai.TrueShadow.dll,0,"{x: 1.192093E-07, y: -2}",90,2,0,3,0,1,0
LevelManager,Assets/GameObject/LevelManager.prefab,LeTai.TrueShadow,1fa22c2b5ebef5f8f09692d9ba1e5baa,-248771874,0,[],0,"{r: 1, g: 0.4198113, b: 0.4198113, a: 0.49803922}",2,0,0,1,0,0,{fileID: 0},0,0,1,{fileID: 1661260809646575},1661260809646575,0,{fileID: 0},0,{fileID: 0},0,"{fileID: -248771874, guid: 1fa22c2b5ebef5f8f09692d9ba1e5baa, type: 3}",-248771874,1fa22c2b5ebef5f8f09692d9ba1e5baa,Assets/Plugins/LeTai.TrueShadow.dll,0,"{x: 0, y: -0}",45,0,0,10,0,1,0
LevelManager,Assets/GameObject/LevelManager.prefab,LeTai.TrueShadow,1fa22c2b5ebef5f8f09692d9ba1e5baa,-248771874,0,[],0,"{r: 1, g: 1, b: 1, a: 0.25490198}",2,0,0,0,0,0,{fileID: 0},0,0,1,{fileID: 1041353799632412},1041353799632412,0,{fileID: 0},0,{fileID: 0},0,"{fileID: -248771874, guid: 1fa22c2b5ebef5f8f09692d9ba1e5baa, type: 3}",-248771874,1fa22c2b5ebef5f8f09692d9ba1e5baa,Assets/Plugins/LeTai.TrueShadow.dll,0,"{x: 2.835498, y: -2.8354986}",45,4.01,0,3,0,1,0
LevelManager,Assets/GameObject/LevelManager.prefab,LeTai.TrueShadow,1fa22c2b5ebef5f8f09692d9ba1e5baa,-248771874,0,[],0,"{r: 0, g: 0, b: 0, a: 0.8156863}",2,0,0,0,0,0,{fileID: 0},0,0,1,{fileID: 1248046556128851},1248046556128851,0,{fileID: 0},0,{fileID: 0},0,"{fileID: -248771874, guid: 1fa22c2b5ebef5f8f09692d9ba1e5baa, type: 3}",-248771874,1fa22c2b5ebef5f8f09692d9ba1e5baa,Assets/Plugins/LeTai.TrueShadow.dll,0,"{x: 2.1213202, y: -2.1213205}",45,3,0,5,0,1,0
LevelManager,Assets/GameObject/LevelManager.prefab,LeTai.TrueShadow,1fa22c2b5ebef5f8f09692d9ba1e5baa,-248771874,0,[],0,"{r: 0, g: 0, b: 0, a: 0.6}",2,0,0,0,0,0,{fileID: 0},0,0,1,{fileID: 1663759591384284},1663759591384284,0,{fileID: 0},0,{fileID: 0},0,"{fileID: -248771874, guid: 1fa22c2b5ebef5f8f09692d9ba1e5baa, type: 3}",-248771874,1fa22c2b5ebef5f8f09692d9ba1e5baa,Assets/Plugins/LeTai.TrueShadow.dll,0,"{x: 5.6568537, y: -5.6568546}",45,8,0,8,0,1,0
LevelManager,Assets/GameObject/LevelManager.prefab,LeTai.TrueShadow,1fa22c2b5ebef5f8f09692d9ba1e5baa,-248771874,0,[],1,"{r: 0.4764151, g: 1, b: 0.62022334, a: 1}",2,0,0,1,1,1,{fileID: 0},0,0,1,{fileID: 1107145582876660},1107145582876660,0,{fileID: 0},0,{fileID: 0},0,"{fileID: -248771874, guid: 1fa22c2b5ebef5f8f09692d9ba1e5baa, type: 3}",-248771874,1fa22c2b5ebef5f8f09692d9ba1e5baa,Assets/Plugins/LeTai.TrueShadow.dll,0,"{x: 0, y: -0}",90,0,0,17.85,0,0,0
LevelManager,Assets/GameObject/LevelManager.prefab,LeTai.TrueShadow,1fa22c2b5ebef5f8f09692d9ba1e5baa,-248771874,0,[],0,"{r: 0, g: 0, b: 0, a: 0.6}",2,0,0,0,0,0,{fileID: 0},0,0,1,{fileID: 1750956638999753},1750956638999753,0,{fileID: 0},0,{fileID: 0},0,"{fileID: -248771874, guid: 1fa22c2b5ebef5f8f09692d9ba1e5baa, type: 3}",-248771874,1fa22c2b5ebef5f8f09692d9ba1e5baa,Assets/Plugins/LeTai.TrueShadow.dll,0,"{x: 1.4142134, y: -1.4142137}",45,2,0,8,0,1,0
LevelManager,Assets/GameObject/LevelManager.prefab,LeTai.TrueShadow,1fa22c2b5ebef5f8f09692d9ba1e5baa,-248771874,0,[],0,"{r: 0, g: 0, b: 0, a: 0.72156864}",2,0,0,1,1,0,{fileID: 0},0,0,1,{fileID: 1354964975079607},1354964975079607,0,{fileID: 0},0,{fileID: 0},0,"{fileID: -248771874, guid: 1fa22c2b5ebef5f8f09692d9ba1e5baa, type: 3}",-248771874,1fa22c2b5ebef5f8f09692d9ba1e5baa,Assets/Plugins/LeTai.TrueShadow.dll,0,"{x: 5.9195232, y: -5.38138}",42.273666,8,0,3,0.5,1,0
LevelManager,Assets/GameObject/LevelManager.prefab,LeTai.TrueShadow,1fa22c2b5ebef5f8f09692d9ba1e5baa,-248771874,0,[],0,"{r: 1, g: 1, b: 1, a: 1}",2,0,0,1,0,0,{fileID: 0},0,0,1,{fileID: 1599812120312475},1599812120312475,0,{fileID: 0},0,{fileID: 0},0,"{fileID: -248771874, guid: 1fa22c2b5ebef5f8f09692d9ba1e5baa, type: 3}",-248771874,1fa22c2b5ebef5f8f09692d9ba1e5baa,Assets/Plugins/LeTai.TrueShadow.dll,0,"{x: 0, y: -0}",90,0,0,1,0,1,0
LevelManager,Assets/GameObject/LevelManager.prefab,LeTai.TrueShadow,1fa22c2b5ebef5f8f09692d9ba1e5baa,-248771874,0,[],0,"{r: 1, g: 1, b: 1, a: 0.6}",2,0,0,0,0,0,{fileID: 0},0,0,1,{fileID: 1356036295469579},1356036295469579,0,{fileID: 0},0,{fileID: 0},0,"{fileID: -248771874, guid: 1fa22c2b5ebef5f8f09692d9ba1e5baa, type: 3}",-248771874,1fa22c2b5ebef5f8f09692d9ba1e5baa,Assets/Plugins/LeTai.TrueShadow.dll,0,"{x: 0, y: -0}",90,0,0,2,0,1,0
LevelManager,Assets/GameObject/LevelManager.prefab,LeTai.TrueShadow,1fa22c2b5ebef5f8f09692d9ba1e5baa,-248771874,0,[],0,"{r: 1, g: 1, b: 1, a: 0.6}",2,0,0,0,0,0,{fileID: 0},0,0,1,{fileID: 1296687851566460},1296687851566460,0,{fileID: 0},0,{fileID: 0},0,"{fileID: -248771874, guid: 1fa22c2b5ebef5f8f09692d9ba1e5baa, type: 3}",-248771874,1fa22c2b5ebef5f8f09692d9ba1e5baa,Assets/Plugins/LeTai.TrueShadow.dll,0,"{x: 0, y: -0}",90,0,0,2,0,1,0
LevelManager,Assets/GameObject/LevelManager.prefab,LeTai.TrueShadow,1fa22c2b5ebef5f8f09692d9ba1e5baa,-248771874,0,[],0,"{r: 1, g: 1, b: 1, a: 0.6}",2,0,0,0,0,0,{fileID: 0},0,0,1,{fileID: 1082484421685454},1082484421685454,0,{fileID: 0},0,{fileID: 0},0,"{fileID: -248771874, guid: 1fa22c2b5ebef5f8f09692d9ba1e5baa, type: 3}",-248771874,1fa22c2b5ebef5f8f09692d9ba1e5baa,Assets/Plugins/LeTai.TrueShadow.dll,0,"{x: 0, y: -0}",90,0,0,2,0,1,0
LevelManager,Assets/GameObject/LevelManager.prefab,LeTai.TrueShadow,1fa22c2b5ebef5f8f09692d9ba1e5baa,-248771874,0,[],0,"{r: 0, g: 0, b: 0, a: 0.6}",2,0,0,0,0,0,{fileID: 0},0,0,1,{fileID: 1726224032694449},1726224032694449,0,{fileID: 0},0,{fileID: 0},0,"{fileID: -248771874, guid: 1fa22c2b5ebef5f8f09692d9ba1e5baa, type: 3}",-248771874,1fa22c2b5ebef5f8f09692d9ba1e5baa,Assets/Plugins/LeTai.TrueShadow.dll,0,"{x: 1.7881396E-07, y: -3}",90,3,0,6,0,1,0
LevelManager,Assets/GameObject/LevelManager.prefab,LeTai.TrueShadow,1fa22c2b5ebef5f8f09692d9ba1e5baa,-248771874,0,[],1,"{r: 0.4764151, g: 1, b: 0.62022334, a: 1}",2,0,0,1,1,1,{fileID: 0},0,0,1,{fileID: 1681198416892839},1681198416892839,0,{fileID: 0},0,{fileID: 0},0,"{fileID: -248771874, guid: 1fa22c2b5ebef5f8f09692d9ba1e5baa, type: 3}",-248771874,1fa22c2b5ebef5f8f09692d9ba1e5baa,Assets/Plugins/LeTai.TrueShadow.dll,0,"{x: 0, y: -0}",90,0,0,17.85,0,0,0
LevelManager,Assets/GameObject/LevelManager.prefab,LeTai.TrueShadow,1fa22c2b5ebef5f8f09692d9ba1e5baa,-248771874,0,[],0,"{r: 0, g: 0, b: 0, a: 0.6}",2,0,0,0,0,0,{fileID: 0},0,0,1,{fileID: 1737780893082374},1737780893082374,0,{fileID: 0},0,{fileID: 0},0,"{fileID: -248771874, guid: 1fa22c2b5ebef5f8f09692d9ba1e5baa, type: 3}",-248771874,1fa22c2b5ebef5f8f09692d9ba1e5baa,Assets/Plugins/LeTai.TrueShadow.dll,0,"{x: 1.4142134, y: -1.4142137}",45,2,0,8,0,1,0
LevelManager,Assets/GameObject/LevelManager.prefab,LeTai.TrueShadow,1fa22c2b5ebef5f8f09692d9ba1e5baa,-248771874,0,[],0,"{r: 0, g: 0, b: 0, a: 0.72156864}",2,0,0,1,1,0,{fileID: 0},0,0,1,{fileID: 1128319766985056},1128319766985056,0,{fileID: 0},0,{fileID: 0},0,"{fileID: -248771874, guid: 1fa22c2b5ebef5f8f09692d9ba1e5baa, type: 3}",-248771874,1fa22c2b5ebef5f8f09692d9ba1e5baa,Assets/Plugins/LeTai.TrueShadow.dll,0,"{x: 5.9195232, y: -5.38138}",42.273666,8,0,3,0.5,1,0
LevelManager,Assets/GameObject/LevelManager.prefab,LeTai.TrueShadow,1fa22c2b5ebef5f8f09692d9ba1e5baa,-248771874,0,[],0,"{r: 1, g: 1, b: 1, a: 1}",2,0,0,1,0,0,{fileID: 0},0,0,1,{fileID: 1556637632293576},1556637632293576,0,{fileID: 0},0,{fileID: 0},0,"{fileID: -248771874, guid: 1fa22c2b5ebef5f8f09692d9ba1e5baa, type: 3}",-248771874,1fa22c2b5ebef5f8f09692d9ba1e5baa,Assets/Plugins/LeTai.TrueShadow.dll,0,"{x: 0, y: -0}",90,0,0,1,0,1,0
LevelManager,Assets/GameObject/LevelManager.prefab,LeTai.TrueShadow,1fa22c2b5ebef5f8f09692d9ba1e5baa,-248771874,0,[],0,"{r: 1, g: 1, b: 1, a: 0.6}",2,0,0,0,0,0,{fileID: 0},0,0,1,{fileID: 1712650582258619},1712650582258619,0,{fileID: 0},0,{fileID: 0},0,"{fileID: -248771874, guid: 1fa22c2b5ebef5f8f09692d9ba1e5baa, type: 3}",-248771874,1fa22c2b5ebef5f8f09692d9ba1e5baa,Assets/Plugins/LeTai.TrueShadow.dll,0,"{x: 0, y: -0}",90,0,0,2,0,1,0
LevelManager,Assets/GameObject/LevelManager.prefab,LeTai.TrueShadow,1fa22c2b5ebef5f8f09692d9ba1e5baa,-248771874,0,[],0,"{r: 1, g: 1, b: 1, a: 0.6}",2,0,0,0,0,0,{fileID: 0},0,0,1,{fileID: 1088719338072254},1088719338072254,0,{fileID: 0},0,{fileID: 0},0,"{fileID: -248771874, guid: 1fa22c2b5ebef5f8f09692d9ba1e5baa, type: 3}",-248771874,1fa22c2b5ebef5f8f09692d9ba1e5baa,Assets/Plugins/LeTai.TrueShadow.dll,0,"{x: 0, y: -0}",90,0,0,2,0,1,0
LevelManager,Assets/GameObject/LevelManager.prefab,LeTai.TrueShadow,1fa22c2b5ebef5f8f09692d9ba1e5baa,-248771874,0,[],0,"{r: 1, g: 1, b: 1, a: 0.6}",2,0,0,0,0,0,{fileID: 0},0,0,1,{fileID: 1866653898437430},1866653898437430,0,{fileID: 0},0,{fileID: 0},0,"{fileID: -248771874, guid: 1fa22c2b5ebef5f8f09692d9ba1e5baa, type: 3}",-248771874,1fa22c2b5ebef5f8f09692d9ba1e5baa,Assets/Plugins/LeTai.TrueShadow.dll,0,"{x: 0, y: -0}",90,0,0,2,0,1,0
LevelManager,Assets/GameObject/LevelManager.prefab,LeTai.TrueShadow,1fa22c2b5ebef5f8f09692d9ba1e5baa,-248771874,0,[],0,"{r: 0, g: 0, b: 0, a: 0.6}",2,0,0,0,0,0,{fileID: 0},0,0,1,{fileID: 1976565614200845},1976565614200845,0,{fileID: 0},0,{fileID: 0},0,"{fileID: -248771874, guid: 1fa22c2b5ebef5f8f09692d9ba1e5baa, type: 3}",-248771874,1fa22c2b5ebef5f8f09692d9ba1e5baa,Assets/Plugins/LeTai.TrueShadow.dll,0,"{x: 1.7881396E-07, y: -3}",90,3,0,6,0,1,0
LevelManager,Assets/GameObject/LevelManager.prefab,LeTai.TrueShadow,1fa22c2b5ebef5f8f09692d9ba1e5baa,-248771874,0,[],1,"{r: 0.4764151, g: 1, b: 0.62022334, a: 1}",2,0,0,1,1,1,{fileID: 0},0,0,1,{fileID: 1410148193936241},1410148193936241,0,{fileID: 0},0,{fileID: 0},0,"{fileID: -248771874, guid: 1fa22c2b5ebef5f8f09692d9ba1e5baa, type: 3}",-248771874,1fa22c2b5ebef5f8f09692d9ba1e5baa,Assets/Plugins/LeTai.TrueShadow.dll,0,"{x: 0, y: -0}",90,0,0,17.85,0,0,0
LevelManager,Assets/GameObject/LevelManager.prefab,LeTai.TrueShadow,1fa22c2b5ebef5f8f09692d9ba1e5baa,-248771874,0,[],0,"{r: 0, g: 0, b: 0, a: 0.6}",2,0,0,0,0,0,{fileID: 0},0,0,1,{fileID: 1902876428453733},1902876428453733,0,{fileID: 0},0,{fileID: 0},0,"{fileID: -248771874, guid: 1fa22c2b5ebef5f8f09692d9ba1e5baa, type: 3}",-248771874,1fa22c2b5ebef5f8f09692d9ba1e5baa,Assets/Plugins/LeTai.TrueShadow.dll,0,"{x: 1.4142134, y: -1.4142137}",45,2,0,8,0,1,0
LevelManager,Assets/GameObject/LevelManager.prefab,LeTai.TrueShadow,1fa22c2b5ebef5f8f09692d9ba1e5baa,-248771874,0,[],0,"{r: 0, g: 0, b: 0, a: 0.72156864}",2,0,0,1,1,0,{fileID: 0},0,0,1,{fileID: 1356240887476095},1356240887476095,0,{fileID: 0},0,{fileID: 0},0,"{fileID: -248771874, guid: 1fa22c2b5ebef5f8f09692d9ba1e5baa, type: 3}",-248771874,1fa22c2b5ebef5f8f09692d9ba1e5baa,Assets/Plugins/LeTai.TrueShadow.dll,0,"{x: 5.9195232, y: -5.38138}",42.273666,8,0,3,0.5,1,0
LevelManager,Assets/GameObject/LevelManager.prefab,LeTai.TrueShadow,1fa22c2b5ebef5f8f09692d9ba1e5baa,-248771874,0,[],0,"{r: 1, g: 1, b: 1, a: 1}",2,0,0,1,0,0,{fileID: 0},0,0,1,{fileID: 1776298701800646},1776298701800646,0,{fileID: 0},0,{fileID: 0},0,"{fileID: -248771874, guid: 1fa22c2b5ebef5f8f09692d9ba1e5baa, type: 3}",-248771874,1fa22c2b5ebef5f8f09692d9ba1e5baa,Assets/Plugins/LeTai.TrueShadow.dll,0,"{x: 0, y: -0}",90,0,0,1,0,1,0
LevelManager,Assets/GameObject/LevelManager.prefab,LeTai.TrueShadow,1fa22c2b5ebef5f8f09692d9ba1e5baa,-248771874,0,[],0,"{r: 1, g: 1, b: 1, a: 0.6}",2,0,0,0,0,0,{fileID: 0},0,0,1,{fileID: 1172339983429812},1172339983429812,0,{fileID: 0},0,{fileID: 0},0,"{fileID: -248771874, guid: 1fa22c2b5ebef5f8f09692d9ba1e5baa, type: 3}",-248771874,1fa22c2b5ebef5f8f09692d9ba1e5baa,Assets/Plugins/LeTai.TrueShadow.dll,0,"{x: 0, y: -0}",90,0,0,2,0,1,0
LevelManager,Assets/GameObject/LevelManager.prefab,LeTai.TrueShadow,1fa22c2b5ebef5f8f09692d9ba1e5baa,-248771874,0,[],0,"{r: 1, g: 1, b: 1, a: 0.6}",2,0,0,0,0,0,{fileID: 0},0,0,1,{fileID: 1468136917911287},1468136917911287,0,{fileID: 0},0,{fileID: 0},0,"{fileID: -248771874, guid: 1fa22c2b5ebef5f8f09692d9ba1e5baa, type: 3}",-248771874,1fa22c2b5ebef5f8f09692d9ba1e5baa,Assets/Plugins/LeTai.TrueShadow.dll,0,"{x: 0, y: -0}",90,0,0,2,0,1,0
LevelManager,Assets/GameObject/LevelManager.prefab,LeTai.TrueShadow,1fa22c2b5ebef5f8f09692d9ba1e5baa,-248771874,0,[],0,"{r: 1, g: 1, b: 1, a: 0.6}",2,0,0,0,0,0,{fileID: 0},0,0,1,{fileID: 1095888119055353},1095888119055353,0,{fileID: 0},0,{fileID: 0},0,"{fileID: -248771874, guid: 1fa22c2b5ebef5f8f09692d9ba1e5baa, type: 3}",-248771874,1fa22c2b5ebef5f8f09692d9ba1e5baa,Assets/Plugins/LeTai.TrueShadow.dll,0,"{x: 0, y: -0}",90,0,0,2,0,1,0
LevelManager,Assets/GameObject/LevelManager.prefab,LeTai.TrueShadow,1fa22c2b5ebef5f8f09692d9ba1e5baa,-248771874,0,[],0,"{r: 0, g: 0, b: 0, a: 0.6}",2,0,0,0,0,0,{fileID: 0},0,0,1,{fileID: 1962892863976399},1962892863976399,0,{fileID: 0},0,{fileID: 0},0,"{fileID: -248771874, guid: 1fa22c2b5ebef5f8f09692d9ba1e5baa, type: 3}",-248771874,1fa22c2b5ebef5f8f09692d9ba1e5baa,Assets/Plugins/LeTai.TrueShadow.dll,0,"{x: 1.7881396E-07, y: -3}",90,3,0,6,0,1,0
LevelManager,Assets/GameObject/LevelManager.prefab,LeTai.TrueShadow,1fa22c2b5ebef5f8f09692d9ba1e5baa,-248771874,0,[],1,"{r: 0.4764151, g: 1, b: 0.62022334, a: 1}",2,0,0,1,1,1,{fileID: 0},0,0,1,{fileID: 1033138458246595},1033138458246595,0,{fileID: 0},0,{fileID: 0},0,"{fileID: -248771874, guid: 1fa22c2b5ebef5f8f09692d9ba1e5baa, type: 3}",-248771874,1fa22c2b5ebef5f8f09692d9ba1e5baa,Assets/Plugins/LeTai.TrueShadow.dll,0,"{x: 0, y: -0}",90,0,0,17.85,0,0,0
LevelManager,Assets/GameObject/LevelManager.prefab,LeTai.TrueShadow,1fa22c2b5ebef5f8f09692d9ba1e5baa,-248771874,0,[],0,"{r: 0, g: 0, b: 0, a: 0.6}",2,0,0,0,0,0,{fileID: 0},0,0,1,{fileID: 1094632467610138},1094632467610138,0,{fileID: 0},0,{fileID: 0},0,"{fileID: -248771874, guid: 1fa22c2b5ebef5f8f09692d9ba1e5baa, type: 3}",-248771874,1fa22c2b5ebef5f8f09692d9ba1e5baa,Assets/Plugins/LeTai.TrueShadow.dll,0,"{x: 1.4142134, y: -1.4142137}",45,2,0,8,0,1,0
LevelManager,Assets/GameObject/LevelManager.prefab,LeTai.TrueShadow,1fa22c2b5ebef5f8f09692d9ba1e5baa,-248771874,0,[],0,"{r: 0, g: 0, b: 0, a: 0.72156864}",2,0,0,1,1,0,{fileID: 0},0,0,1,{fileID: 1626805092689044},1626805092689044,0,{fileID: 0},0,{fileID: 0},0,"{fileID: -248771874, guid: 1fa22c2b5ebef5f8f09692d9ba1e5baa, type: 3}",-248771874,1fa22c2b5ebef5f8f09692d9ba1e5baa,Assets/Plugins/LeTai.TrueShadow.dll,0,"{x: 5.9195232, y: -5.38138}",42.273666,8,0,3,0.5,1,0
LevelManager,Assets/GameObject/LevelManager.prefab,LeTai.TrueShadow,1fa22c2b5ebef5f8f09692d9ba1e5baa,-248771874,0,[],0,"{r: 1, g: 1, b: 1, a: 1}",2,0,0,1,0,0,{fileID: 0},0,0,1,{fileID: 1218763679250952},1218763679250952,0,{fileID: 0},0,{fileID: 0},0,"{fileID: -248771874, guid: 1fa22c2b5ebef5f8f09692d9ba1e5baa, type: 3}",-248771874,1fa22c2b5ebef5f8f09692d9ba1e5baa,Assets/Plugins/LeTai.TrueShadow.dll,0,"{x: 0, y: -0}",90,0,0,1,0,1,0
LevelManager,Assets/GameObject/LevelManager.prefab,LeTai.TrueShadow,1fa22c2b5ebef5f8f09692d9ba1e5baa,-248771874,0,[],0,"{r: 1, g: 1, b: 1, a: 0.6}",2,0,0,0,0,0,{fileID: 0},0,0,1,{fileID: 1975405242108568},1975405242108568,0,{fileID: 0},0,{fileID: 0},0,"{fileID: -248771874, guid: 1fa22c2b5ebef5f8f09692d9ba1e5baa, type: 3}",-248771874,1fa22c2b5ebef5f8f09692d9ba1e5baa,Assets/Plugins/LeTai.TrueShadow.dll,0,"{x: 0, y: -0}",90,0,0,2,0,1,0
LevelManager,Assets/GameObject/LevelManager.prefab,LeTai.TrueShadow,1fa22c2b5ebef5f8f09692d9ba1e5baa,-248771874,0,[],0,"{r: 1, g: 1, b: 1, a: 0.6}",2,0,0,0,0,0,{fileID: 0},0,0,1,{fileID: 1124949418183869},1124949418183869,0,{fileID: 0},0,{fileID: 0},0,"{fileID: -248771874, guid: 1fa22c2b5ebef5f8f09692d9ba1e5baa, type: 3}",-248771874,1fa22c2b5ebef5f8f09692d9ba1e5baa,Assets/Plugins/LeTai.TrueShadow.dll,0,"{x: 0, y: -0}",90,0,0,2,0,1,0
LevelManager,Assets/GameObject/LevelManager.prefab,LeTai.TrueShadow,1fa22c2b5ebef5f8f09692d9ba1e5baa,-248771874,0,[],0,"{r: 1, g: 1, b: 1, a: 0.6}",2,0,0,0,0,0,{fileID: 0},0,0,1,{fileID: 1663601376108030},1663601376108030,0,{fileID: 0},0,{fileID: 0},0,"{fileID: -248771874, guid: 1fa22c2b5ebef5f8f09692d9ba1e5baa, type: 3}",-248771874,1fa22c2b5ebef5f8f09692d9ba1e5baa,Assets/Plugins/LeTai.TrueShadow.dll,0,"{x: 0, y: -0}",90,0,0,2,0,1,0
LevelManager,Assets/GameObject/LevelManager.prefab,LeTai.TrueShadow,1fa22c2b5ebef5f8f09692d9ba1e5baa,-248771874,0,[],0,"{r: 0, g: 0, b: 0, a: 0.6}",2,0,0,0,0,0,{fileID: 0},0,0,1,{fileID: 1240673732193987},1240673732193987,0,{fileID: 0},0,{fileID: 0},0,"{fileID: -248771874, guid: 1fa22c2b5ebef5f8f09692d9ba1e5baa, type: 3}",-248771874,1fa22c2b5ebef5f8f09692d9ba1e5baa,Assets/Plugins/LeTai.TrueShadow.dll,0,"{x: 1.7881396E-07, y: -3}",90,3,0,6,0,1,0
LevelManager,Assets/GameObject/LevelManager.prefab,LeTai.TrueShadow,1fa22c2b5ebef5f8f09692d9ba1e5baa,-248771874,0,[],1,"{r: 0.4764151, g: 1, b: 0.62022334, a: 1}",2,0,0,1,1,1,{fileID: 0},0,0,1,{fileID: 1024965847210773},1024965847210773,0,{fileID: 0},0,{fileID: 0},0,"{fileID: -248771874, guid: 1fa22c2b5ebef5f8f09692d9ba1e5baa, type: 3}",-248771874,1fa22c2b5ebef5f8f09692d9ba1e5baa,Assets/Plugins/LeTai.TrueShadow.dll,0,"{x: 0, y: -0}",90,0,0,17.85,0,0,0
LevelManager,Assets/GameObject/LevelManager.prefab,LeTai.TrueShadow,1fa22c2b5ebef5f8f09692d9ba1e5baa,-248771874,0,[],0,"{r: 0, g: 0, b: 0, a: 0.6}",2,0,0,0,0,0,{fileID: 0},0,0,1,{fileID: 1058876090961997},1058876090961997,0,{fileID: 0},0,{fileID: 0},0,"{fileID: -248771874, guid: 1fa22c2b5ebef5f8f09692d9ba1e5baa, type: 3}",-248771874,1fa22c2b5ebef5f8f09692d9ba1e5baa,Assets/Plugins/LeTai.TrueShadow.dll,0,"{x: 1.4142134, y: -1.4142137}",45,2,0,8,0,1,0
LevelManager,Assets/GameObject/LevelManager.prefab,LeTai.TrueShadow,1fa22c2b5ebef5f8f09692d9ba1e5baa,-248771874,0,[],0,"{r: 0, g: 0, b: 0, a: 0.72156864}",2,0,0,1,1,0,{fileID: 0},0,0,1,{fileID: 1446059269071003},1446059269071003,0,{fileID: 0},0,{fileID: 0},0,"{fileID: -248771874, guid: 1fa22c2b5ebef5f8f09692d9ba1e5baa, type: 3}",-248771874,1fa22c2b5ebef5f8f09692d9ba1e5baa,Assets/Plugins/LeTai.TrueShadow.dll,0,"{x: 5.9195232, y: -5.38138}",42.273666,8,0,3,0.5,1,0
LevelManager,Assets/GameObject/LevelManager.prefab,LeTai.TrueShadow,1fa22c2b5ebef5f8f09692d9ba1e5baa,-248771874,0,[],0,"{r: 1, g: 1, b: 1, a: 1}",2,0,0,1,0,0,{fileID: 0},0,0,1,{fileID: 1360718980730325},1360718980730325,0,{fileID: 0},0,{fileID: 0},0,"{fileID: -248771874, guid: 1fa22c2b5ebef5f8f09692d9ba1e5baa, type: 3}",-248771874,1fa22c2b5ebef5f8f09692d9ba1e5baa,Assets/Plugins/LeTai.TrueShadow.dll,0,"{x: 0, y: -0}",90,0,0,1,0,1,0
LevelManager,Assets/GameObject/LevelManager.prefab,LeTai.TrueShadow,1fa22c2b5ebef5f8f09692d9ba1e5baa,-248771874,0,[],0,"{r: 1, g: 1, b: 1, a: 0.6}",2,0,0,0,0,0,{fileID: 0},0,0,1,{fileID: 1943204806131602},1943204806131602,0,{fileID: 0},0,{fileID: 0},0,"{fileID: -248771874, guid: 1fa22c2b5ebef5f8f09692d9ba1e5baa, type: 3}",-248771874,1fa22c2b5ebef5f8f09692d9ba1e5baa,Assets/Plugins/LeTai.TrueShadow.dll,0,"{x: 0, y: -0}",90,0,0,2,0,1,0
LevelManager,Assets/GameObject/LevelManager.prefab,LeTai.TrueShadow,1fa22c2b5ebef5f8f09692d9ba1e5baa,-248771874,0,[],0,"{r: 1, g: 1, b: 1, a: 0.6}",2,0,0,0,0,0,{fileID: 0},0,0,1,{fileID: 1378327627718957},1378327627718957,0,{fileID: 0},0,{fileID: 0},0,"{fileID: -248771874, guid: 1fa22c2b5ebef5f8f09692d9ba1e5baa, type: 3}",-248771874,1fa22c2b5ebef5f8f09692d9ba1e5baa,Assets/Plugins/LeTai.TrueShadow.dll,0,"{x: 0, y: -0}",90,0,0,2,0,1,0
LevelManager,Assets/GameObject/LevelManager.prefab,LeTai.TrueShadow,1fa22c2b5ebef5f8f09692d9ba1e5baa,-248771874,0,[],0,"{r: 1, g: 1, b: 1, a: 0.6}",2,0,0,0,0,0,{fileID: 0},0,0,1,{fileID: 1595887600302464},1595887600302464,0,{fileID: 0},0,{fileID: 0},0,"{fileID: -248771874, guid: 1fa22c2b5ebef5f8f09692d9ba1e5baa, type: 3}",-248771874,1fa22c2b5ebef5f8f09692d9ba1e5baa,Assets/Plugins/LeTai.TrueShadow.dll,0,"{x: 0, y: -0}",90,0,0,2,0,1,0
LevelManager,Assets/GameObject/LevelManager.prefab,LeTai.TrueShadow,1fa22c2b5ebef5f8f09692d9ba1e5baa,-248771874,0,[],0,"{r: 0, g: 0, b: 0, a: 0.6}",2,0,0,0,0,0,{fileID: 0},0,0,1,{fileID: 1041316972553001},1041316972553001,0,{fileID: 0},0,{fileID: 0},0,"{fileID: -248771874, guid: 1fa22c2b5ebef5f8f09692d9ba1e5baa, type: 3}",-248771874,1fa22c2b5ebef5f8f09692d9ba1e5baa,Assets/Plugins/LeTai.TrueShadow.dll,0,"{x: 1.7881396E-07, y: -3}",90,3,0,6,0,1,0
LevelManager,Assets/GameObject/LevelManager.prefab,LeTai.TrueShadow,1fa22c2b5ebef5f8f09692d9ba1e5baa,-248771874,0,[],1,"{r: 0.22745097, g: 0.7221681, b: 1, a: 1}",2,0,0,0,0,0,{fileID: 0},0,0,1,{fileID: 1438792044398725},1438792044398725,0,{fileID: 0},0,{fileID: 0},0,"{fileID: -248771874, guid: 1fa22c2b5ebef5f8f09692d9ba1e5baa, type: 3}",-248771874,1fa22c2b5ebef5f8f09692d9ba1e5baa,Assets/Plugins/LeTai.TrueShadow.dll,0,"{x: 0, y: -0}",90,0,0,16,0,0,0
LevelManager,Assets/GameObject/LevelManager.prefab,LeTai.TrueShadow,1fa22c2b5ebef5f8f09692d9ba1e5baa,-248771874,0,[],0,"{r: 1, g: 1, b: 1, a: 1}",2,0,0,0,0,0,{fileID: 0},0,0,1,{fileID: 1022439877194431},1022439877194431,0,{fileID: 0},0,{fileID: 0},0,"{fileID: -248771874, guid: 1fa22c2b5ebef5f8f09692d9ba1e5baa, type: 3}",-248771874,1fa22c2b5ebef5f8f09692d9ba1e5baa,Assets/Plugins/LeTai.TrueShadow.dll,0,"{x: 1.192093E-07, y: -2}",90,2,0,3.4,0.197,1,0
LevelManager,Assets/GameObject/LevelManager.prefab,LeTai.TrueShadow,1fa22c2b5ebef5f8f09692d9ba1e5baa,-248771874,0,[],0,"{r: 1, g: 1, b: 1, a: 1}",2,0,0,0,0,0,{fileID: 0},0,0,1,{fileID: 1072269106863291},1072269106863291,0,{fileID: 0},0,{fileID: 0},0,"{fileID: -248771874, guid: 1fa22c2b5ebef5f8f09692d9ba1e5baa, type: 3}",-248771874,1fa22c2b5ebef5f8f09692d9ba1e5baa,Assets/Plugins/LeTai.TrueShadow.dll,0,"{x: 1.192093E-07, y: 2}",270,2,0,3.4,0.197,1,0
LevelManager,Assets/GameObject/LevelManager.prefab,LeTai.TrueShadow,1fa22c2b5ebef5f8f09692d9ba1e5baa,-248771874,0,[],0,"{r: 0, g: 0, b: 0, a: 0.5686275}",2,0,0,0,0,1,{fileID: 0},0,0,1,{fileID: 1369777502017291},1369777502017291,0,{fileID: 0},0,{fileID: 0},0,"{fileID: -248771874, guid: 1fa22c2b5ebef5f8f09692d9ba1e5baa, type: 3}",-248771874,1fa22c2b5ebef5f8f09692d9ba1e5baa,Assets/Plugins/LeTai.TrueShadow.dll,0,"{x: 0.27349573, y: -1.4951923}",79.63423,1.52,0,2,0,0,0
LevelManager,Assets/GameObject/LevelManager.prefab,LeTai.TrueShadow,1fa22c2b5ebef5f8f09692d9ba1e5baa,-248771874,0,[],0,"{r: 0, g: 0, b: 0, a: 1}",2,0,0,0,0,0,{fileID: 0},0,0,1,{fileID: 1423476937204755},1423476937204755,0,{fileID: 0},0,{fileID: 0},0,"{fileID: -248771874, guid: 1fa22c2b5ebef5f8f09692d9ba1e5baa, type: 3}",-248771874,1fa22c2b5ebef5f8f09692d9ba1e5baa,Assets/Plugins/LeTai.TrueShadow.dll,0,"{x: 0, y: -0}",90,0,0,5,0,1,0
LevelManager,Assets/GameObject/LevelManager.prefab,LeTai.TrueShadow,1fa22c2b5ebef5f8f09692d9ba1e5baa,-248771874,0,[],0,"{r: 0, g: 0, b: 0, a: 0.6}",2,0,0,0,0,0,{fileID: 0},0,0,1,{fileID: 1626185620030025},1626185620030025,0,{fileID: 0},0,{fileID: 0},0,"{fileID: -248771874, guid: 1fa22c2b5ebef5f8f09692d9ba1e5baa, type: 3}",-248771874,1fa22c2b5ebef5f8f09692d9ba1e5baa,Assets/Plugins/LeTai.TrueShadow.dll,0,"{x: 7.1525585E-07, y: -12}",90,12,0,32,0,1,0
LevelManager,Assets/GameObject/LevelManager.prefab,LeTai.TrueShadow,1fa22c2b5ebef5f8f09692d9ba1e5baa,-248771874,0,[],0,"{r: 0, g: 0, b: 0, a: 1}",2,0,0,0,0,0,{fileID: 0},0,0,1,{fileID: 1434753191333519},1434753191333519,0,{fileID: 0},0,{fileID: 0},0,"{fileID: -248771874, guid: 1fa22c2b5ebef5f8f09692d9ba1e5baa, type: 3}",-248771874,1fa22c2b5ebef5f8f09692d9ba1e5baa,Assets/Plugins/LeTai.TrueShadow.dll,0,"{x: 4.101219, y: -4.1012197}",45,5.8,0,8.8,0.142,1,0
LevelManager,Assets/GameObject/LevelManager.prefab,LeTai.TrueShadow,1fa22c2b5ebef5f8f09692d9ba1e5baa,-248771874,0,[],0,"{r: 0, g: 0, b: 0, a: 0.6}",2,0,0,0,0,0,{fileID: 0},0,0,1,{fileID: 1258499133436834},1258499133436834,0,{fileID: 0},0,{fileID: 0},0,"{fileID: -248771874, guid: 1fa22c2b5ebef5f8f09692d9ba1e5baa, type: 3}",-248771874,1fa22c2b5ebef5f8f09692d9ba1e5baa,Assets/Plugins/LeTai.TrueShadow.dll,0,"{x: 7.1525585E-07, y: -12}",90,12,0,32,0,1,0
LevelManager,Assets/GameObject/LevelManager.prefab,LeTai.TrueShadow,1fa22c2b5ebef5f8f09692d9ba1e5baa,-248771874,0,[],0,"{r: 0, g: 0, b: 0, a: 0.6}",2,0,0,0,0,0,{fileID: 0},0,0,1,{fileID: 1186900138818251},1186900138818251,0,{fileID: 0},0,{fileID: 0},0,"{fileID: -248771874, guid: 1fa22c2b5ebef5f8f09692d9ba1e5baa, type: 3}",-248771874,1fa22c2b5ebef5f8f09692d9ba1e5baa,Assets/Plugins/LeTai.TrueShadow.dll,0,"{x: 5.6568537, y: -5.6568546}",45,8,0,8,0,1,0
LevelManager,Assets/GameObject/LevelManager.prefab,LeTai.TrueShadow,1fa22c2b5ebef5f8f09692d9ba1e5baa,-248771874,0,[],0,"{r: 0, g: 0, b: 0, a: 0.72156864}",2,0,0,0,0,0,{fileID: 0},0,0,1,{fileID: 1784842296956532},1784842296956532,0,{fileID: 0},0,{fileID: 0},0,"{fileID: -248771874, guid: 1fa22c2b5ebef5f8f09692d9ba1e5baa, type: 3}",-248771874,1fa22c2b5ebef5f8f09692d9ba1e5baa,Assets/Plugins/LeTai.TrueShadow.dll,0,"{x: 5.9195232, y: -5.38138}",42.273666,8,0,15,0,1,0
LevelManager,Assets/GameObject/LevelManager.prefab,LeTai.TrueShadow,1fa22c2b5ebef5f8f09692d9ba1e5baa,-248771874,0,[],0,"{r: 0, g: 0, b: 0, a: 0.6}",2,0,0,0,0,0,{fileID: 0},0,0,1,{fileID: 1981368722075683},1981368722075683,0,{fileID: 0},0,{fileID: 0},0,"{fileID: -248771874, guid: 1fa22c2b5ebef5f8f09692d9ba1e5baa, type: 3}",-248771874,1fa22c2b5ebef5f8f09692d9ba1e5baa,Assets/Plugins/LeTai.TrueShadow.dll,0,"{x: 3.5355334, y: -3.5355341}",45,5,0,5,0,1,0
LevelManager,Assets/GameObject/LevelManager.prefab,LeTai.TrueShadow,1fa22c2b5ebef5f8f09692d9ba1e5baa,-248771874,0,[],0,"{r: 1, g: 1, b: 1, a: 1}",2,0,0,0,0,0,{fileID: 0},0,0,1,{fileID: 1567138950921868},1567138950921868,0,{fileID: 0},0,{fileID: 0},0,"{fileID: -248771874, guid: 1fa22c2b5ebef5f8f09692d9ba1e5baa, type: 3}",-248771874,1fa22c2b5ebef5f8f09692d9ba1e5baa,Assets/Plugins/LeTai.TrueShadow.dll,0,"{x: 1.192093E-07, y: -2}",90,2,0,3.4,0.197,1,0
LevelManager,Assets/GameObject/LevelManager.prefab,LeTai.TrueShadow,1fa22c2b5ebef5f8f09692d9ba1e5baa,-248771874,0,[],0,"{r: 1, g: 1, b: 1, a: 1}",2,0,0,0,0,0,{fileID: 0},0,0,1,{fileID: 1321387803922863},1321387803922863,0,{fileID: 0},0,{fileID: 0},0,"{fileID: -248771874, guid: 1fa22c2b5ebef5f8f09692d9ba1e5baa, type: 3}",-248771874,1fa22c2b5ebef5f8f09692d9ba1e5baa,Assets/Plugins/LeTai.TrueShadow.dll,0,"{x: 1.192093E-07, y: 2}",270,2,0,3.4,0.197,1,0
LevelManager,Assets/GameObject/LevelManager.prefab,LeTai.TrueShadow,1fa22c2b5ebef5f8f09692d9ba1e5baa,-248771874,0,[],0,"{r: 0, g: 0, b: 0, a: 0.5686275}",2,0,0,0,0,1,{fileID: 0},0,0,1,{fileID: 1456187845434073},1456187845434073,0,{fileID: 0},0,{fileID: 0},0,"{fileID: -248771874, guid: 1fa22c2b5ebef5f8f09692d9ba1e5baa, type: 3}",-248771874,1fa22c2b5ebef5f8f09692d9ba1e5baa,Assets/Plugins/LeTai.TrueShadow.dll,0,"{x: 0.27349573, y: -1.4951923}",79.63423,1.52,0,2,0,0,0
LevelManager,Assets/GameObject/LevelManager.prefab,LeTai.TrueShadow,1fa22c2b5ebef5f8f09692d9ba1e5baa,-248771874,0,[],0,"{r: 0, g: 0, b: 0, a: 1}",2,0,0,0,0,0,{fileID: 0},0,0,1,{fileID: 1038118503019399},1038118503019399,0,{fileID: 0},0,{fileID: 0},0,"{fileID: -248771874, guid: 1fa22c2b5ebef5f8f09692d9ba1e5baa, type: 3}",-248771874,1fa22c2b5ebef5f8f09692d9ba1e5baa,Assets/Plugins/LeTai.TrueShadow.dll,0,"{x: 0, y: -0}",90,0,0,5,0,1,0
LevelManager,Assets/GameObject/LevelManager.prefab,LeTai.TrueShadow,1fa22c2b5ebef5f8f09692d9ba1e5baa,-248771874,0,[],0,"{r: 0, g: 0, b: 0, a: 0.6}",2,0,0,0,0,0,{fileID: 0},0,0,1,{fileID: 1869497934891946},1869497934891946,0,{fileID: 0},0,{fileID: 0},0,"{fileID: -248771874, guid: 1fa22c2b5ebef5f8f09692d9ba1e5baa, type: 3}",-248771874,1fa22c2b5ebef5f8f09692d9ba1e5baa,Assets/Plugins/LeTai.TrueShadow.dll,0,"{x: 3.5355334, y: -3.5355341}",45,5,0,10,0,1,0
LevelManager,Assets/GameObject/LevelManager.prefab,LeTai.TrueShadow,1fa22c2b5ebef5f8f09692d9ba1e5baa,-248771874,0,[],1,"{r: 0.4764151, g: 1, b: 0.62022334, a: 1}",2,0,0,1,1,1,{fileID: 0},0,0,1,{fileID: 1042778365736349},1042778365736349,0,{fileID: 0},0,{fileID: 0},0,"{fileID: -248771874, guid: 1fa22c2b5ebef5f8f09692d9ba1e5baa, type: 3}",-248771874,1fa22c2b5ebef5f8f09692d9ba1e5baa,Assets/Plugins/LeTai.TrueShadow.dll,0,"{x: 0, y: -0}",90,0,0,17.85,0,0,0
LevelManager,Assets/GameObject/LevelManager.prefab,LeTai.TrueShadow,1fa22c2b5ebef5f8f09692d9ba1e5baa,-248771874,0,[],0,"{r: 0, g: 0, b: 0, a: 0.6}",2,0,0,0,0,0,{fileID: 0},0,0,1,{fileID: 1395605915156025},1395605915156025,0,{fileID: 0},0,{fileID: 0},0,"{fileID: -248771874, guid: 1fa22c2b5ebef5f8f09692d9ba1e5baa, type: 3}",-248771874,1fa22c2b5ebef5f8f09692d9ba1e5baa,Assets/Plugins/LeTai.TrueShadow.dll,0,"{x: 1.4142134, y: -1.4142137}",45,2,0,8,0,1,0
LevelManager,Assets/GameObject/LevelManager.prefab,LeTai.TrueShadow,1fa22c2b5ebef5f8f09692d9ba1e5baa,-248771874,0,[],0,"{r: 0, g: 0, b: 0, a: 0.72156864}",2,0,0,1,1,0,{fileID: 0},0,0,1,{fileID: 1641017333293001},1641017333293001,0,{fileID: 0},0,{fileID: 0},0,"{fileID: -248771874, guid: 1fa22c2b5ebef5f8f09692d9ba1e5baa, type: 3}",-248771874,1fa22c2b5ebef5f8f09692d9ba1e5baa,Assets/Plugins/LeTai.TrueShadow.dll,0,"{x: 5.9195232, y: -5.38138}",42.273666,8,0,3,0.5,1,0
LevelManager,Assets/GameObject/LevelManager.prefab,LeTai.TrueShadow,1fa22c2b5ebef5f8f09692d9ba1e5baa,-248771874,0,[],0,"{r: 1, g: 1, b: 1, a: 1}",2,0,0,1,0,0,{fileID: 0},0,0,1,{fileID: 1305437364601659},1305437364601659,0,{fileID: 0},0,{fileID: 0},0,"{fileID: -248771874, guid: 1fa22c2b5ebef5f8f09692d9ba1e5baa, type: 3}",-248771874,1fa22c2b5ebef5f8f09692d9ba1e5baa,Assets/Plugins/LeTai.TrueShadow.dll,0,"{x: 0, y: -0}",90,0,0,1,0,1,0
LevelManager,Assets/GameObject/LevelManager.prefab,LeTai.TrueShadow,1fa22c2b5ebef5f8f09692d9ba1e5baa,-248771874,0,[],0,"{r: 1, g: 1, b: 1, a: 0.6}",2,0,0,0,0,0,{fileID: 0},0,0,1,{fileID: 1057413976603420},1057413976603420,0,{fileID: 0},0,{fileID: 0},0,"{fileID: -248771874, guid: 1fa22c2b5ebef5f8f09692d9ba1e5baa, type: 3}",-248771874,1fa22c2b5ebef5f8f09692d9ba1e5baa,Assets/Plugins/LeTai.TrueShadow.dll,0,"{x: 0, y: -0}",90,0,0,2,0,1,0
LevelManager,Assets/GameObject/LevelManager.prefab,LeTai.TrueShadow,1fa22c2b5ebef5f8f09692d9ba1e5baa,-248771874,0,[],0,"{r: 1, g: 1, b: 1, a: 0.6}",2,0,0,0,0,0,{fileID: 0},0,0,1,{fileID: 1099338828431730},1099338828431730,0,{fileID: 0},0,{fileID: 0},0,"{fileID: -248771874, guid: 1fa22c2b5ebef5f8f09692d9ba1e5baa, type: 3}",-248771874,1fa22c2b5ebef5f8f09692d9ba1e5baa,Assets/Plugins/LeTai.TrueShadow.dll,0,"{x: 0, y: -0}",90,0,0,2,0,1,0
LevelManager,Assets/GameObject/LevelManager.prefab,LeTai.TrueShadow,1fa22c2b5ebef5f8f09692d9ba1e5baa,-248771874,0,[],0,"{r: 1, g: 1, b: 1, a: 0.6}",2,0,0,0,0,0,{fileID: 0},0,0,1,{fileID: 1653665318422681},1653665318422681,0,{fileID: 0},0,{fileID: 0},0,"{fileID: -248771874, guid: 1fa22c2b5ebef5f8f09692d9ba1e5baa, type: 3}",-248771874,1fa22c2b5ebef5f8f09692d9ba1e5baa,Assets/Plugins/LeTai.TrueShadow.dll,0,"{x: 0, y: -0}",90,0,0,2,0,1,0
LevelManager,Assets/GameObject/LevelManager.prefab,LeTai.TrueShadow,1fa22c2b5ebef5f8f09692d9ba1e5baa,-248771874,0,[],0,"{r: 0, g: 0, b: 0, a: 0.6}",2,0,0,0,0,0,{fileID: 0},0,0,1,{fileID: 1915745903070676},1915745903070676,0,{fileID: 0},0,{fileID: 0},0,"{fileID: -248771874, guid: 1fa22c2b5ebef5f8f09692d9ba1e5baa, type: 3}",-248771874,1fa22c2b5ebef5f8f09692d9ba1e5baa,Assets/Plugins/LeTai.TrueShadow.dll,0,"{x: 1.7881396E-07, y: -3}",90,3,0,6,0,1,0
LevelManager,Assets/GameObject/LevelManager.prefab,LeTai.TrueShadow,1fa22c2b5ebef5f8f09692d9ba1e5baa,-248771874,0,[],1,"{r: 0.4764151, g: 1, b: 0.62022334, a: 1}",2,0,0,1,1,1,{fileID: 0},0,0,1,{fileID: 1740415136094900},1740415136094900,0,{fileID: 0},0,{fileID: 0},0,"{fileID: -248771874, guid: 1fa22c2b5ebef5f8f09692d9ba1e5baa, type: 3}",-248771874,1fa22c2b5ebef5f8f09692d9ba1e5baa,Assets/Plugins/LeTai.TrueShadow.dll,0,"{x: 0, y: -0}",90,0,0,17.85,0,0,0
LevelManager,Assets/GameObject/LevelManager.prefab,LeTai.TrueShadow,1fa22c2b5ebef5f8f09692d9ba1e5baa,-248771874,0,[],0,"{r: 0, g: 0, b: 0, a: 0.6}",2,0,0,0,0,0,{fileID: 0},0,0,1,{fileID: 1035538445994130},1035538445994130,0,{fileID: 0},0,{fileID: 0},0,"{fileID: -248771874, guid: 1fa22c2b5ebef5f8f09692d9ba1e5baa, type: 3}",-248771874,1fa22c2b5ebef5f8f09692d9ba1e5baa,Assets/Plugins/LeTai.TrueShadow.dll,0,"{x: 1.4142134, y: -1.4142137}",45,2,0,8,0,1,0
LevelManager,Assets/GameObject/LevelManager.prefab,LeTai.TrueShadow,1fa22c2b5ebef5f8f09692d9ba1e5baa,-248771874,0,[],0,"{r: 0, g: 0, b: 0, a: 0.72156864}",2,0,0,1,1,0,{fileID: 0},0,0,1,{fileID: 1399844897896925},1399844897896925,0,{fileID: 0},0,{fileID: 0},0,"{fileID: -248771874, guid: 1fa22c2b5ebef5f8f09692d9ba1e5baa, type: 3}",-248771874,1fa22c2b5ebef5f8f09692d9ba1e5baa,Assets/Plugins/LeTai.TrueShadow.dll,0,"{x: 5.9195232, y: -5.38138}",42.273666,8,0,3,0.5,1,0
LevelManager,Assets/GameObject/LevelManager.prefab,LeTai.TrueShadow,1fa22c2b5ebef5f8f09692d9ba1e5baa,-248771874,0,[],0,"{r: 1, g: 1, b: 1, a: 1}",2,0,0,1,0,0,{fileID: 0},0,0,1,{fileID: 1692011004898657},1692011004898657,0,{fileID: 0},0,{fileID: 0},0,"{fileID: -248771874, guid: 1fa22c2b5ebef5f8f09692d9ba1e5baa, type: 3}",-248771874,1fa22c2b5ebef5f8f09692d9ba1e5baa,Assets/Plugins/LeTai.TrueShadow.dll,0,"{x: 0, y: -0}",90,0,0,1,0,1,0
LevelManager,Assets/GameObject/LevelManager.prefab,LeTai.TrueShadow,1fa22c2b5ebef5f8f09692d9ba1e5baa,-248771874,0,[],0,"{r: 1, g: 1, b: 1, a: 0.6}",2,0,0,0,0,0,{fileID: 0},0,0,1,{fileID: 1070896257350987},1070896257350987,0,{fileID: 0},0,{fileID: 0},0,"{fileID: -248771874, guid: 1fa22c2b5ebef5f8f09692d9ba1e5baa, type: 3}",-248771874,1fa22c2b5ebef5f8f09692d9ba1e5baa,Assets/Plugins/LeTai.TrueShadow.dll,0,"{x: 0, y: -0}",90,0,0,2,0,1,0
LevelManager,Assets/GameObject/LevelManager.prefab,LeTai.TrueShadow,1fa22c2b5ebef5f8f09692d9ba1e5baa,-248771874,0,[],0,"{r: 1, g: 1, b: 1, a: 0.6}",2,0,0,0,0,0,{fileID: 0},0,0,1,{fileID: 1228452345505225},1228452345505225,0,{fileID: 0},0,{fileID: 0},0,"{fileID: -248771874, guid: 1fa22c2b5ebef5f8f09692d9ba1e5baa, type: 3}",-248771874,1fa22c2b5ebef5f8f09692d9ba1e5baa,Assets/Plugins/LeTai.TrueShadow.dll,0,"{x: 0, y: -0}",90,0,0,2,0,1,0
LevelManager,Assets/GameObject/LevelManager.prefab,LeTai.TrueShadow,1fa22c2b5ebef5f8f09692d9ba1e5baa,-248771874,0,[],0,"{r: 1, g: 1, b: 1, a: 0.6}",2,0,0,0,0,0,{fileID: 0},0,0,1,{fileID: 1208876377147014},1208876377147014,0,{fileID: 0},0,{fileID: 0},0,"{fileID: -248771874, guid: 1fa22c2b5ebef5f8f09692d9ba1e5baa, type: 3}",-248771874,1fa22c2b5ebef5f8f09692d9ba1e5baa,Assets/Plugins/LeTai.TrueShadow.dll,0,"{x: 0, y: -0}",90,0,0,2,0,1,0
LevelManager,Assets/GameObject/LevelManager.prefab,LeTai.TrueShadow,1fa22c2b5ebef5f8f09692d9ba1e5baa,-248771874,0,[],0,"{r: 0, g: 0, b: 0, a: 0.6}",2,0,0,0,0,0,{fileID: 0},0,0,1,{fileID: 1760797596023024},1760797596023024,0,{fileID: 0},0,{fileID: 0},0,"{fileID: -248771874, guid: 1fa22c2b5ebef5f8f09692d9ba1e5baa, type: 3}",-248771874,1fa22c2b5ebef5f8f09692d9ba1e5baa,Assets/Plugins/LeTai.TrueShadow.dll,0,"{x: 1.7881396E-07, y: -3}",90,3,0,6,0,1,0
LevelManager,Assets/GameObject/LevelManager.prefab,LeTai.TrueShadow,1fa22c2b5ebef5f8f09692d9ba1e5baa,-248771874,0,[],1,"{r: 0.4764151, g: 1, b: 0.62022334, a: 1}",2,0,0,1,1,1,{fileID: 0},0,0,1,{fileID: 1672994116727743},1672994116727743,0,{fileID: 0},0,{fileID: 0},0,"{fileID: -248771874, guid: 1fa22c2b5ebef5f8f09692d9ba1e5baa, type: 3}",-248771874,1fa22c2b5ebef5f8f09692d9ba1e5baa,Assets/Plugins/LeTai.TrueShadow.dll,0,"{x: 0, y: -0}",90,0,0,17.85,0,0,0
LevelManager,Assets/GameObject/LevelManager.prefab,LeTai.TrueShadow,1fa22c2b5ebef5f8f09692d9ba1e5baa,-248771874,0,[],0,"{r: 0, g: 0, b: 0, a: 0.6}",2,0,0,0,0,0,{fileID: 0},0,0,1,{fileID: 1942829880170609},1942829880170609,0,{fileID: 0},0,{fileID: 0},0,"{fileID: -248771874, guid: 1fa22c2b5ebef5f8f09692d9ba1e5baa, type: 3}",-248771874,1fa22c2b5ebef5f8f09692d9ba1e5baa,Assets/Plugins/LeTai.TrueShadow.dll,0,"{x: 1.4142134, y: -1.4142137}",45,2,0,8,0,1,0
LevelManager,Assets/GameObject/LevelManager.prefab,LeTai.TrueShadow,1fa22c2b5ebef5f8f09692d9ba1e5baa,-248771874,0,[],0,"{r: 0, g: 0, b: 0, a: 0.72156864}",2,0,0,1,1,0,{fileID: 0},0,0,1,{fileID: 1121411944163665},1121411944163665,0,{fileID: 0},0,{fileID: 0},0,"{fileID: -248771874, guid: 1fa22c2b5ebef5f8f09692d9ba1e5baa, type: 3}",-248771874,1fa22c2b5ebef5f8f09692d9ba1e5baa,Assets/Plugins/LeTai.TrueShadow.dll,0,"{x: 5.9195232, y: -5.38138}",42.273666,8,0,3,0.5,1,0
LevelManager,Assets/GameObject/LevelManager.prefab,LeTai.TrueShadow,1fa22c2b5ebef5f8f09692d9ba1e5baa,-248771874,0,[],0,"{r: 1, g: 1, b: 1, a: 1}",2,0,0,1,0,0,{fileID: 0},0,0,1,{fileID: 1661956111393190},1661956111393190,0,{fileID: 0},0,{fileID: 0},0,"{fileID: -248771874, guid: 1fa22c2b5ebef5f8f09692d9ba1e5baa, type: 3}",-248771874,1fa22c2b5ebef5f8f09692d9ba1e5baa,Assets/Plugins/LeTai.TrueShadow.dll,0,"{x: 0, y: -0}",90,0,0,1,0,1,0
LevelManager,Assets/GameObject/LevelManager.prefab,LeTai.TrueShadow,1fa22c2b5ebef5f8f09692d9ba1e5baa,-248771874,0,[],0,"{r: 1, g: 1, b: 1, a: 0.6}",2,0,0,0,0,0,{fileID: 0},0,0,1,{fileID: 1009415880061210},1009415880061210,0,{fileID: 0},0,{fileID: 0},0,"{fileID: -248771874, guid: 1fa22c2b5ebef5f8f09692d9ba1e5baa, type: 3}",-248771874,1fa22c2b5ebef5f8f09692d9ba1e5baa,Assets/Plugins/LeTai.TrueShadow.dll,0,"{x: 0, y: -0}",90,0,0,2,0,1,0
LevelManager,Assets/GameObject/LevelManager.prefab,LeTai.TrueShadow,1fa22c2b5ebef5f8f09692d9ba1e5baa,-248771874,0,[],0,"{r: 1, g: 1, b: 1, a: 0.6}",2,0,0,0,0,0,{fileID: 0},0,0,1,{fileID: 1964569050883375},1964569050883375,0,{fileID: 0},0,{fileID: 0},0,"{fileID: -248771874, guid: 1fa22c2b5ebef5f8f09692d9ba1e5baa, type: 3}",-248771874,1fa22c2b5ebef5f8f09692d9ba1e5baa,Assets/Plugins/LeTai.TrueShadow.dll,0,"{x: 0, y: -0}",90,0,0,2,0,1,0
LevelManager,Assets/GameObject/LevelManager.prefab,LeTai.TrueShadow,1fa22c2b5ebef5f8f09692d9ba1e5baa,-248771874,0,[],0,"{r: 1, g: 1, b: 1, a: 0.6}",2,0,0,0,0,0,{fileID: 0},0,0,1,{fileID: 1289294165629120},1289294165629120,0,{fileID: 0},0,{fileID: 0},0,"{fileID: -248771874, guid: 1fa22c2b5ebef5f8f09692d9ba1e5baa, type: 3}",-248771874,1fa22c2b5ebef5f8f09692d9ba1e5baa,Assets/Plugins/LeTai.TrueShadow.dll,0,"{x: 0, y: -0}",90,0,0,2,0,1,0
LevelManager,Assets/GameObject/LevelManager.prefab,LeTai.TrueShadow,1fa22c2b5ebef5f8f09692d9ba1e5baa,-248771874,0,[],0,"{r: 0, g: 0, b: 0, a: 0.6}",2,0,0,0,0,0,{fileID: 0},0,0,1,{fileID: 1357639324531300},1357639324531300,0,{fileID: 0},0,{fileID: 0},0,"{fileID: -248771874, guid: 1fa22c2b5ebef5f8f09692d9ba1e5baa, type: 3}",-248771874,1fa22c2b5ebef5f8f09692d9ba1e5baa,Assets/Plugins/LeTai.TrueShadow.dll,0,"{x: 1.7881396E-07, y: -3}",90,3,0,6,0,1,0
LevelManager,Assets/GameObject/LevelManager.prefab,LeTai.TrueShadow,1fa22c2b5ebef5f8f09692d9ba1e5baa,-248771874,0,[],1,"{r: 0.4764151, g: 1, b: 0.62022334, a: 1}",2,0,0,1,1,1,{fileID: 0},0,0,1,{fileID: 1158528396956985},1158528396956985,0,{fileID: 0},0,{fileID: 0},0,"{fileID: -248771874, guid: 1fa22c2b5ebef5f8f09692d9ba1e5baa, type: 3}",-248771874,1fa22c2b5ebef5f8f09692d9ba1e5baa,Assets/Plugins/LeTai.TrueShadow.dll,0,"{x: 0, y: -0}",90,0,0,17.85,0,0,0
LevelManager,Assets/GameObject/LevelManager.prefab,LeTai.TrueShadow,1fa22c2b5ebef5f8f09692d9ba1e5baa,-248771874,0,[],0,"{r: 0, g: 0, b: 0, a: 0.6}",2,0,0,0,0,0,{fileID: 0},0,0,1,{fileID: 1675421261906633},1675421261906633,0,{fileID: 0},0,{fileID: 0},0,"{fileID: -248771874, guid: 1fa22c2b5ebef5f8f09692d9ba1e5baa, type: 3}",-248771874,1fa22c2b5ebef5f8f09692d9ba1e5baa,Assets/Plugins/LeTai.TrueShadow.dll,0,"{x: 1.4142134, y: -1.4142137}",45,2,0,8,0,1,0
LevelManager,Assets/GameObject/LevelManager.prefab,LeTai.TrueShadow,1fa22c2b5ebef5f8f09692d9ba1e5baa,-248771874,0,[],0,"{r: 0, g: 0, b: 0, a: 0.72156864}",2,0,0,1,1,0,{fileID: 0},0,0,1,{fileID: 1944074135260696},1944074135260696,0,{fileID: 0},0,{fileID: 0},0,"{fileID: -248771874, guid: 1fa22c2b5ebef5f8f09692d9ba1e5baa, type: 3}",-248771874,1fa22c2b5ebef5f8f09692d9ba1e5baa,Assets/Plugins/LeTai.TrueShadow.dll,0,"{x: 5.9195232, y: -5.38138}",42.273666,8,0,3,0.5,1,0
LevelManager,Assets/GameObject/LevelManager.prefab,LeTai.TrueShadow,1fa22c2b5ebef5f8f09692d9ba1e5baa,-248771874,0,[],0,"{r: 1, g: 1, b: 1, a: 1}",2,0,0,1,0,0,{fileID: 0},0,0,1,{fileID: 1925713210121897},1925713210121897,0,{fileID: 0},0,{fileID: 0},0,"{fileID: -248771874, guid: 1fa22c2b5ebef5f8f09692d9ba1e5baa, type: 3}",-248771874,1fa22c2b5ebef5f8f09692d9ba1e5baa,Assets/Plugins/LeTai.TrueShadow.dll,0,"{x: 0, y: -0}",90,0,0,1,0,1,0
LevelManager,Assets/GameObject/LevelManager.prefab,LeTai.TrueShadow,1fa22c2b5ebef5f8f09692d9ba1e5baa,-248771874,0,[],0,"{r: 1, g: 1, b: 1, a: 0.6}",2,0,0,0,0,0,{fileID: 0},0,0,1,{fileID: 1963742005466553},1963742005466553,0,{fileID: 0},0,{fileID: 0},0,"{fileID: -248771874, guid: 1fa22c2b5ebef5f8f09692d9ba1e5baa, type: 3}",-248771874,1fa22c2b5ebef5f8f09692d9ba1e5baa,Assets/Plugins/LeTai.TrueShadow.dll,0,"{x: 0, y: -0}",90,0,0,2,0,1,0
LevelManager,Assets/GameObject/LevelManager.prefab,LeTai.TrueShadow,1fa22c2b5ebef5f8f09692d9ba1e5baa,-248771874,0,[],0,"{r: 1, g: 1, b: 1, a: 0.6}",2,0,0,0,0,0,{fileID: 0},0,0,1,{fileID: 1594309251468529},1594309251468529,0,{fileID: 0},0,{fileID: 0},0,"{fileID: -248771874, guid: 1fa22c2b5ebef5f8f09692d9ba1e5baa, type: 3}",-248771874,1fa22c2b5ebef5f8f09692d9ba1e5baa,Assets/Plugins/LeTai.TrueShadow.dll,0,"{x: 0, y: -0}",90,0,0,2,0,1,0
LevelManager,Assets/GameObject/LevelManager.prefab,LeTai.TrueShadow,1fa22c2b5ebef5f8f09692d9ba1e5baa,-248771874,0,[],0,"{r: 1, g: 1, b: 1, a: 0.6}",2,0,0,0,0,0,{fileID: 0},0,0,1,{fileID: 1290543393637011},1290543393637011,0,{fileID: 0},0,{fileID: 0},0,"{fileID: -248771874, guid: 1fa22c2b5ebef5f8f09692d9ba1e5baa, type: 3}",-248771874,1fa22c2b5ebef5f8f09692d9ba1e5baa,Assets/Plugins/LeTai.TrueShadow.dll,0,"{x: 0, y: -0}",90,0,0,2,0,1,0
LevelManager,Assets/GameObject/LevelManager.prefab,LeTai.TrueShadow,1fa22c2b5ebef5f8f09692d9ba1e5baa,-248771874,0,[],0,"{r: 0, g: 0, b: 0, a: 0.6}",2,0,0,0,0,0,{fileID: 0},0,0,1,{fileID: 1111560650353461},1111560650353461,0,{fileID: 0},0,{fileID: 0},0,"{fileID: -248771874, guid: 1fa22c2b5ebef5f8f09692d9ba1e5baa, type: 3}",-248771874,1fa22c2b5ebef5f8f09692d9ba1e5baa,Assets/Plugins/LeTai.TrueShadow.dll,0,"{x: 1.7881396E-07, y: -3}",90,3,0,6,0,1,0
LevelManager,Assets/GameObject/LevelManager.prefab,LeTai.TrueShadow,1fa22c2b5ebef5f8f09692d9ba1e5baa,-248771874,0,[],1,"{r: 0.4764151, g: 1, b: 0.62022334, a: 1}",2,0,0,1,1,1,{fileID: 0},0,0,1,{fileID: 1199887506476336},1199887506476336,0,{fileID: 0},0,{fileID: 0},0,"{fileID: -248771874, guid: 1fa22c2b5ebef5f8f09692d9ba1e5baa, type: 3}",-248771874,1fa22c2b5ebef5f8f09692d9ba1e5baa,Assets/Plugins/LeTai.TrueShadow.dll,0,"{x: 0, y: -0}",90,0,0,17.85,0,0,0
LevelManager,Assets/GameObject/LevelManager.prefab,LeTai.TrueShadow,1fa22c2b5ebef5f8f09692d9ba1e5baa,-248771874,0,[],0,"{r: 0, g: 0, b: 0, a: 0.6}",2,0,0,0,0,0,{fileID: 0},0,0,1,{fileID: 1773531550617519},1773531550617519,0,{fileID: 0},0,{fileID: 0},0,"{fileID: -248771874, guid: 1fa22c2b5ebef5f8f09692d9ba1e5baa, type: 3}",-248771874,1fa22c2b5ebef5f8f09692d9ba1e5baa,Assets/Plugins/LeTai.TrueShadow.dll,0,"{x: 1.4142134, y: -1.4142137}",45,2,0,8,0,1,0
LevelManager,Assets/GameObject/LevelManager.prefab,LeTai.TrueShadow,1fa22c2b5ebef5f8f09692d9ba1e5baa,-248771874,0,[],0,"{r: 0, g: 0, b: 0, a: 0.72156864}",2,0,0,1,1,0,{fileID: 0},0,0,1,{fileID: 1392839118987497},1392839118987497,0,{fileID: 0},0,{fileID: 0},0,"{fileID: -248771874, guid: 1fa22c2b5ebef5f8f09692d9ba1e5baa, type: 3}",-248771874,1fa22c2b5ebef5f8f09692d9ba1e5baa,Assets/Plugins/LeTai.TrueShadow.dll,0,"{x: 5.9195232, y: -5.38138}",42.273666,8,0,3,0.5,1,0
LevelManager,Assets/GameObject/LevelManager.prefab,LeTai.TrueShadow,1fa22c2b5ebef5f8f09692d9ba1e5baa,-248771874,0,[],0,"{r: 1, g: 1, b: 1, a: 1}",2,0,0,1,0,0,{fileID: 0},0,0,1,{fileID: 1411587980429662},1411587980429662,0,{fileID: 0},0,{fileID: 0},0,"{fileID: -248771874, guid: 1fa22c2b5ebef5f8f09692d9ba1e5baa, type: 3}",-248771874,1fa22c2b5ebef5f8f09692d9ba1e5baa,Assets/Plugins/LeTai.TrueShadow.dll,0,"{x: 0, y: -0}",90,0,0,1,0,1,0
LevelManager,Assets/GameObject/LevelManager.prefab,LeTai.TrueShadow,1fa22c2b5ebef5f8f09692d9ba1e5baa,-248771874,0,[],0,"{r: 1, g: 1, b: 1, a: 0.6}",2,0,0,0,0,0,{fileID: 0},0,0,1,{fileID: 1085257148737007},1085257148737007,0,{fileID: 0},0,{fileID: 0},0,"{fileID: -248771874, guid: 1fa22c2b5ebef5f8f09692d9ba1e5baa, type: 3}",-248771874,1fa22c2b5ebef5f8f09692d9ba1e5baa,Assets/Plugins/LeTai.TrueShadow.dll,0,"{x: 0, y: -0}",90,0,0,2,0,1,0
LevelManager,Assets/GameObject/LevelManager.prefab,LeTai.TrueShadow,1fa22c2b5ebef5f8f09692d9ba1e5baa,-248771874,0,[],0,"{r: 1, g: 1, b: 1, a: 0.6}",2,0,0,0,0,0,{fileID: 0},0,0,1,{fileID: 1523194542305080},1523194542305080,0,{fileID: 0},0,{fileID: 0},0,"{fileID: -248771874, guid: 1fa22c2b5ebef5f8f09692d9ba1e5baa, type: 3}",-248771874,1fa22c2b5ebef5f8f09692d9ba1e5baa,Assets/Plugins/LeTai.TrueShadow.dll,0,"{x: 0, y: -0}",90,0,0,2,0,1,0
LevelManager,Assets/GameObject/LevelManager.prefab,LeTai.TrueShadow,1fa22c2b5ebef5f8f09692d9ba1e5baa,-248771874,0,[],0,"{r: 1, g: 1, b: 1, a: 0.6}",2,0,0,0,0,0,{fileID: 0},0,0,1,{fileID: 1187446365148647},1187446365148647,0,{fileID: 0},0,{fileID: 0},0,"{fileID: -248771874, guid: 1fa22c2b5ebef5f8f09692d9ba1e5baa, type: 3}",-248771874,1fa22c2b5ebef5f8f09692d9ba1e5baa,Assets/Plugins/LeTai.TrueShadow.dll,0,"{x: 0, y: -0}",90,0,0,2,0,1,0
LevelManager,Assets/GameObject/LevelManager.prefab,LeTai.TrueShadow,1fa22c2b5ebef5f8f09692d9ba1e5baa,-248771874,0,[],0,"{r: 0, g: 0, b: 0, a: 0.6}",2,0,0,0,0,0,{fileID: 0},0,0,1,{fileID: 1378071693268592},1378071693268592,0,{fileID: 0},0,{fileID: 0},0,"{fileID: -248771874, guid: 1fa22c2b5ebef5f8f09692d9ba1e5baa, type: 3}",-248771874,1fa22c2b5ebef5f8f09692d9ba1e5baa,Assets/Plugins/LeTai.TrueShadow.dll,0,"{x: 1.7881396E-07, y: -3}",90,3,0,6,0,1,0
LevelManager,Assets/GameObject/LevelManager.prefab,LeTai.TrueShadow,1fa22c2b5ebef5f8f09692d9ba1e5baa,-248771874,0,[],0,"{r: 1, g: 1, b: 1, a: 1}",2,0,0,0,0,0,{fileID: 0},0,0,1,{fileID: 1540597608232004},1540597608232004,0,{fileID: 0},0,{fileID: 0},0,"{fileID: -248771874, guid: 1fa22c2b5ebef5f8f09692d9ba1e5baa, type: 3}",-248771874,1fa22c2b5ebef5f8f09692d9ba1e5baa,Assets/Plugins/LeTai.TrueShadow.dll,0,"{x: 1.192093E-07, y: -2}",90,2,0,3.4,0.197,1,0
LevelManager,Assets/GameObject/LevelManager.prefab,LeTai.TrueShadow,1fa22c2b5ebef5f8f09692d9ba1e5baa,-248771874,0,[],0,"{r: 1, g: 1, b: 1, a: 1}",2,0,0,0,0,0,{fileID: 0},0,0,1,{fileID: 1342235266897685},1342235266897685,0,{fileID: 0},0,{fileID: 0},0,"{fileID: -248771874, guid: 1fa22c2b5ebef5f8f09692d9ba1e5baa, type: 3}",-248771874,1fa22c2b5ebef5f8f09692d9ba1e5baa,Assets/Plugins/LeTai.TrueShadow.dll,0,"{x: 1.192093E-07, y: 2}",270,2,0,3.4,0.197,1,0
LevelManager,Assets/GameObject/LevelManager.prefab,LeTai.TrueShadow,1fa22c2b5ebef5f8f09692d9ba1e5baa,-248771874,0,[],0,"{r: 0, g: 0, b: 0, a: 0.5686275}",2,0,0,0,0,1,{fileID: 0},0,0,1,{fileID: 1880286343220260},1880286343220260,0,{fileID: 0},0,{fileID: 0},0,"{fileID: -248771874, guid: 1fa22c2b5ebef5f8f09692d9ba1e5baa, type: 3}",-248771874,1fa22c2b5ebef5f8f09692d9ba1e5baa,Assets/Plugins/LeTai.TrueShadow.dll,0,"{x: 0.27349573, y: -1.4951923}",79.63423,1.52,0,2,0,0,0
LevelManager,Assets/GameObject/LevelManager.prefab,LeTai.TrueShadow,1fa22c2b5ebef5f8f09692d9ba1e5baa,-248771874,0,[],0,"{r: 0, g: 0, b: 0, a: 1}",2,0,0,0,0,0,{fileID: 0},0,0,1,{fileID: 1152307776333322},1152307776333322,0,{fileID: 0},0,{fileID: 0},0,"{fileID: -248771874, guid: 1fa22c2b5ebef5f8f09692d9ba1e5baa, type: 3}",-248771874,1fa22c2b5ebef5f8f09692d9ba1e5baa,Assets/Plugins/LeTai.TrueShadow.dll,0,"{x: 0, y: -0}",90,0,0,5,0,1,0
LevelManager,Assets/GameObject/LevelManager.prefab,LeTai.TrueShadow,1fa22c2b5ebef5f8f09692d9ba1e5baa,-248771874,0,[],0,"{r: 0, g: 0, b: 0, a: 0.6}",2,0,0,0,0,0,{fileID: 0},0,0,1,{fileID: 1310129106492719},1310129106492719,0,{fileID: 0},0,{fileID: 0},0,"{fileID: -248771874, guid: 1fa22c2b5ebef5f8f09692d9ba1e5baa, type: 3}",-248771874,1fa22c2b5ebef5f8f09692d9ba1e5baa,Assets/Plugins/LeTai.TrueShadow.dll,0,"{x: 5.6568537, y: -5.6568546}",45,8,0,8,0,1,0
LevelManager,Assets/GameObject/LevelManager.prefab,LeTai.TrueShadow,1fa22c2b5ebef5f8f09692d9ba1e5baa,-248771874,0,[],0,"{r: 1, g: 0.61960787, b: 0.227451, a: 1}",2,0,0,0,0,0,{fileID: 0},0,0,1,{fileID: 1132316163646780},1132316163646780,0,{fileID: 0},0,{fileID: 0},0,"{fileID: -248771874, guid: 1fa22c2b5ebef5f8f09692d9ba1e5baa, type: 3}",-248771874,1fa22c2b5ebef5f8f09692d9ba1e5baa,Assets/Plugins/LeTai.TrueShadow.dll,0,"{x: 0, y: -0}",90,0,0,16,0,1,0
LevelManager,Assets/GameObject/LevelManager.prefab,LeTai.TrueShadow,1fa22c2b5ebef5f8f09692d9ba1e5baa,-248771874,0,[],0,"{r: 1, g: 0.61960787, b: 0.227451, a: 1}",2,0,0,0,0,0,{fileID: 0},0,0,0,{fileID: 1562883190898264},1562883190898264,0,{fileID: 0},0,{fileID: 0},0,"{fileID: -248771874, guid: 1fa22c2b5ebef5f8f09692d9ba1e5baa, type: 3}",-248771874,1fa22c2b5ebef5f8f09692d9ba1e5baa,Assets/Plugins/LeTai.TrueShadow.dll,0,"{x: 0, y: -0}",90,0,0,16,0,1,0
LevelManager,Assets/GameObject/LevelManager.prefab,LeTai.TrueShadow,1fa22c2b5ebef5f8f09692d9ba1e5baa,-248771874,0,[],0,"{r: 1, g: 0.61960787, b: 0.227451, a: 1}",2,0,0,0,0,0,{fileID: 0},0,0,1,{fileID: 1116358409057275},1116358409057275,0,{fileID: 0},0,{fileID: 0},0,"{fileID: -248771874, guid: 1fa22c2b5ebef5f8f09692d9ba1e5baa, type: 3}",-248771874,1fa22c2b5ebef5f8f09692d9ba1e5baa,Assets/Plugins/LeTai.TrueShadow.dll,0,"{x: 0, y: -0}",90,0,0,16,0,1,0
LevelManager,Assets/GameObject/LevelManager.prefab,LeTai.TrueShadow,1fa22c2b5ebef5f8f09692d9ba1e5baa,-248771874,0,[],0,"{r: 1, g: 0.61960787, b: 0.227451, a: 1}",2,0,0,0,0,0,{fileID: 0},0,0,0,{fileID: 1900948206833730},1900948206833730,0,{fileID: 0},0,{fileID: 0},0,"{fileID: -248771874, guid: 1fa22c2b5ebef5f8f09692d9ba1e5baa, type: 3}",-248771874,1fa22c2b5ebef5f8f09692d9ba1e5baa,Assets/Plugins/LeTai.TrueShadow.dll,0,"{x: 0, y: -0}",90,0,0,16,0,1,0
LevelManager,Assets/GameObject/LevelManager.prefab,LeTai.TrueShadow,1fa22c2b5ebef5f8f09692d9ba1e5baa,-248771874,0,[],0,"{r: 1, g: 1, b: 1, a: 1}",2,0,0,0,0,0,{fileID: 0},0,0,1,{fileID: 1358377514109968},1358377514109968,0,{fileID: 0},0,{fileID: 0},0,"{fileID: -248771874, guid: 1fa22c2b5ebef5f8f09692d9ba1e5baa, type: 3}",-248771874,1fa22c2b5ebef5f8f09692d9ba1e5baa,Assets/Plugins/LeTai.TrueShadow.dll,0,"{x: 1.192093E-07, y: -2}",90,2,0,3.4,0.197,1,0
LevelManager,Assets/GameObject/LevelManager.prefab,LeTai.TrueShadow,1fa22c2b5ebef5f8f09692d9ba1e5baa,-248771874,0,[],0,"{r: 1, g: 1, b: 1, a: 1}",2,0,0,0,0,0,{fileID: 0},0,0,1,{fileID: 1712972640325441},1712972640325441,0,{fileID: 0},0,{fileID: 0},0,"{fileID: -248771874, guid: 1fa22c2b5ebef5f8f09692d9ba1e5baa, type: 3}",-248771874,1fa22c2b5ebef5f8f09692d9ba1e5baa,Assets/Plugins/LeTai.TrueShadow.dll,0,"{x: 1.192093E-07, y: 2}",270,2,0,3.4,0.197,1,0
LevelManager,Assets/GameObject/LevelManager.prefab,LeTai.TrueShadow,1fa22c2b5ebef5f8f09692d9ba1e5baa,-248771874,0,[],0,"{r: 0, g: 0, b: 0, a: 0.5686275}",2,0,0,0,0,1,{fileID: 0},0,0,1,{fileID: 1961691003509952},1961691003509952,0,{fileID: 0},0,{fileID: 0},0,"{fileID: -248771874, guid: 1fa22c2b5ebef5f8f09692d9ba1e5baa, type: 3}",-248771874,1fa22c2b5ebef5f8f09692d9ba1e5baa,Assets/Plugins/LeTai.TrueShadow.dll,0,"{x: 0.27349573, y: -1.4951923}",79.63423,1.52,0,2,0,0,0
LevelManager,Assets/GameObject/LevelManager.prefab,LeTai.TrueShadow,1fa22c2b5ebef5f8f09692d9ba1e5baa,-248771874,0,[],0,"{r: 0, g: 0, b: 0, a: 1}",2,0,0,0,0,0,{fileID: 0},0,0,1,{fileID: 1332534439467782},1332534439467782,0,{fileID: 0},0,{fileID: 0},0,"{fileID: -248771874, guid: 1fa22c2b5ebef5f8f09692d9ba1e5baa, type: 3}",-248771874,1fa22c2b5ebef5f8f09692d9ba1e5baa,Assets/Plugins/LeTai.TrueShadow.dll,0,"{x: 0, y: -0}",90,0,0,5,0,1,0
LevelManager,Assets/GameObject/LevelManager.prefab,LeTai.TrueShadow,1fa22c2b5ebef5f8f09692d9ba1e5baa,-248771874,0,[],0,"{r: 0, g: 0, b: 0, a: 0.34117648}",2,0,0,0,0,0,{fileID: 0},0,0,1,{fileID: 1671571749779232},1671571749779232,0,{fileID: 0},0,{fileID: 0},0,"{fileID: -248771874, guid: 1fa22c2b5ebef5f8f09692d9ba1e5baa, type: 3}",-248771874,1fa22c2b5ebef5f8f09692d9ba1e5baa,Assets/Plugins/LeTai.TrueShadow.dll,0,"{x: 3.5355334, y: -3.5355341}",45,5,0,20,0,1,0
LevelManager,Assets/GameObject/LevelManager.prefab,LeTai.TrueShadow,1fa22c2b5ebef5f8f09692d9ba1e5baa,-248771874,0,[],0,"{r: 0, g: 0, b: 0, a: 0.6}",2,0,0,0,0,0,{fileID: 0},0,0,1,{fileID: 1854697933700008},1854697933700008,0,{fileID: 0},0,{fileID: 0},0,"{fileID: -248771874, guid: 1fa22c2b5ebef5f8f09692d9ba1e5baa, type: 3}",-248771874,1fa22c2b5ebef5f8f09692d9ba1e5baa,Assets/Plugins/LeTai.TrueShadow.dll,0,"{x: 4.228498, y: -4.228499}",45,5.98,0,16,0,1,0
LevelManager,Assets/GameObject/LevelManager.prefab,LeTai.TrueShadow,1fa22c2b5ebef5f8f09692d9ba1e5baa,-248771874,0,[],0,"{r: 1, g: 1, b: 1, a: 1}",2,0,0,0,0,0,{fileID: 0},0,0,1,{fileID: 1869882132961709},1869882132961709,0,{fileID: 0},0,{fileID: 0},0,"{fileID: -248771874, guid: 1fa22c2b5ebef5f8f09692d9ba1e5baa, type: 3}",-248771874,1fa22c2b5ebef5f8f09692d9ba1e5baa,Assets/Plugins/LeTai.TrueShadow.dll,0,"{x: 1.192093E-07, y: -2}",90,2,0,3.4,0.197,1,0
LevelManager,Assets/GameObject/LevelManager.prefab,LeTai.TrueShadow,1fa22c2b5ebef5f8f09692d9ba1e5baa,-248771874,0,[],0,"{r: 1, g: 1, b: 1, a: 1}",2,0,0,0,0,0,{fileID: 0},0,0,1,{fileID: 1830521034197713},1830521034197713,0,{fileID: 0},0,{fileID: 0},0,"{fileID: -248771874, guid: 1fa22c2b5ebef5f8f09692d9ba1e5baa, type: 3}",-248771874,1fa22c2b5ebef5f8f09692d9ba1e5baa,Assets/Plugins/LeTai.TrueShadow.dll,0,"{x: 1.192093E-07, y: 2}",270,2,0,3.4,0.197,1,0
LevelManager,Assets/GameObject/LevelManager.prefab,LeTai.TrueShadow,1fa22c2b5ebef5f8f09692d9ba1e5baa,-248771874,0,[],0,"{r: 0, g: 0, b: 0, a: 0.5686275}",2,0,0,0,0,1,{fileID: 0},0,0,1,{fileID: 1109539438920349},1109539438920349,0,{fileID: 0},0,{fileID: 0},0,"{fileID: -248771874, guid: 1fa22c2b5ebef5f8f09692d9ba1e5baa, type: 3}",-248771874,1fa22c2b5ebef5f8f09692d9ba1e5baa,Assets/Plugins/LeTai.TrueShadow.dll,0,"{x: 0.27349573, y: -1.4951923}",79.63423,1.52,0,2,0,0,0
LevelManager,Assets/GameObject/LevelManager.prefab,LeTai.TrueShadow,1fa22c2b5ebef5f8f09692d9ba1e5baa,-248771874,0,[],0,"{r: 0, g: 0, b: 0, a: 1}",2,0,0,0,0,0,{fileID: 0},0,0,1,{fileID: 1837188339341493},1837188339341493,0,{fileID: 0},0,{fileID: 0},0,"{fileID: -248771874, guid: 1fa22c2b5ebef5f8f09692d9ba1e5baa, type: 3}",-248771874,1fa22c2b5ebef5f8f09692d9ba1e5baa,Assets/Plugins/LeTai.TrueShadow.dll,0,"{x: 0, y: -0}",90,0,0,5,0,1,0
LevelManager,Assets/GameObject/LevelManager.prefab,LeTai.TrueShadow,1fa22c2b5ebef5f8f09692d9ba1e5baa,-248771874,0,[],0,"{r: 1, g: 0.4198113, b: 0.4198113, a: 0.49803922}",2,0,0,1,0,0,{fileID: 0},0,0,1,{fileID: 1389665455531828},1389665455531828,0,{fileID: 0},0,{fileID: 0},0,"{fileID: -248771874, guid: 1fa22c2b5ebef5f8f09692d9ba1e5baa, type: 3}",-248771874,1fa22c2b5ebef5f8f09692d9ba1e5baa,Assets/Plugins/LeTai.TrueShadow.dll,0,"{x: 0, y: -0}",45,0,0,10,0,1,0
LevelManager,Assets/GameObject/LevelManager.prefab,LeTai.TrueShadow,1fa22c2b5ebef5f8f09692d9ba1e5baa,-248771874,0,[],0,"{r: 1, g: 1, b: 1, a: 0.25490198}",2,0,0,0,0,0,{fileID: 0},0,0,1,{fileID: 1900967820851147},1900967820851147,0,{fileID: 0},0,{fileID: 0},0,"{fileID: -248771874, guid: 1fa22c2b5ebef5f8f09692d9ba1e5baa, type: 3}",-248771874,1fa22c2b5ebef5f8f09692d9ba1e5baa,Assets/Plugins/LeTai.TrueShadow.dll,0,"{x: 2.835498, y: -2.8354986}",45,4.01,0,3,0,1,0
LevelManager,Assets/GameObject/LevelManager.prefab,LeTai.TrueShadow,1fa22c2b5ebef5f8f09692d9ba1e5baa,-248771874,0,[],0,"{r: 1, g: 0.4198113, b: 0.4198113, a: 0.49803922}",2,0,0,1,0,0,{fileID: 0},0,0,1,{fileID: 1393679652457253},1393679652457253,0,{fileID: 0},0,{fileID: 0},0,"{fileID: -248771874, guid: 1fa22c2b5ebef5f8f09692d9ba1e5baa, type: 3}",-248771874,1fa22c2b5ebef5f8f09692d9ba1e5baa,Assets/Plugins/LeTai.TrueShadow.dll,0,"{x: 0, y: -0}",45,0,0,10,0,1,0
LevelManager,Assets/GameObject/LevelManager.prefab,LeTai.TrueShadow,1fa22c2b5ebef5f8f09692d9ba1e5baa,-248771874,0,[],0,"{r: 1, g: 1, b: 1, a: 0.25490198}",2,0,0,0,0,0,{fileID: 0},0,0,1,{fileID: 1523808450517070},1523808450517070,0,{fileID: 0},0,{fileID: 0},0,"{fileID: -248771874, guid: 1fa22c2b5ebef5f8f09692d9ba1e5baa, type: 3}",-248771874,1fa22c2b5ebef5f8f09692d9ba1e5baa,Assets/Plugins/LeTai.TrueShadow.dll,0,"{x: 2.835498, y: -2.8354986}",45,4.01,0,3,0,1,0
LevelManager,Assets/GameObject/LevelManager.prefab,LeTai.TrueShadow,1fa22c2b5ebef5f8f09692d9ba1e5baa,-248771874,0,[],0,"{r: 0, g: 0, b: 0, a: 0.6}",2,0,0,0,0,0,{fileID: 0},0,0,1,{fileID: 1426163828653655},1426163828653655,0,{fileID: 0},0,{fileID: 0},0,"{fileID: -248771874, guid: 1fa22c2b5ebef5f8f09692d9ba1e5baa, type: 3}",-248771874,1fa22c2b5ebef5f8f09692d9ba1e5baa,Assets/Plugins/LeTai.TrueShadow.dll,0,"{x: 5.6568537, y: -5.6568546}",45,8,0,8,0,1,0
LevelManager,Assets/GameObject/LevelManager.prefab,LeTai.TrueShadow,1fa22c2b5ebef5f8f09692d9ba1e5baa,-248771874,0,[],0,"{r: 1, g: 1, b: 1, a: 1}",2,0,0,0,0,0,{fileID: 0},0,0,1,{fileID: 1336293037091378},1336293037091378,0,{fileID: 0},0,{fileID: 0},0,"{fileID: -248771874, guid: 1fa22c2b5ebef5f8f09692d9ba1e5baa, type: 3}",-248771874,1fa22c2b5ebef5f8f09692d9ba1e5baa,Assets/Plugins/LeTai.TrueShadow.dll,0,"{x: 1.192093E-07, y: -2}",90,2,0,3.4,0.197,1,0
LevelManager,Assets/GameObject/LevelManager.prefab,LeTai.TrueShadow,1fa22c2b5ebef5f8f09692d9ba1e5baa,-248771874,0,[],0,"{r: 1, g: 1, b: 1, a: 1}",2,0,0,0,0,0,{fileID: 0},0,0,1,{fileID: 1707793416755443},1707793416755443,0,{fileID: 0},0,{fileID: 0},0,"{fileID: -248771874, guid: 1fa22c2b5ebef5f8f09692d9ba1e5baa, type: 3}",-248771874,1fa22c2b5ebef5f8f09692d9ba1e5baa,Assets/Plugins/LeTai.TrueShadow.dll,0,"{x: 1.192093E-07, y: 2}",270,2,0,3.4,0.197,1,0
LevelManager,Assets/GameObject/LevelManager.prefab,LeTai.TrueShadow,1fa22c2b5ebef5f8f09692d9ba1e5baa,-248771874,0,[],0,"{r: 0, g: 0, b: 0, a: 0.5686275}",2,0,0,0,0,1,{fileID: 0},0,0,1,{fileID: 1784048950325063},1784048950325063,0,{fileID: 0},0,{fileID: 0},0,"{fileID: -248771874, guid: 1fa22c2b5ebef5f8f09692d9ba1e5baa, type: 3}",-248771874,1fa22c2b5ebef5f8f09692d9ba1e5baa,Assets/Plugins/LeTai.TrueShadow.dll,0,"{x: 0.27349573, y: -1.4951923}",79.63423,1.52,0,2,0,0,0
LevelManager,Assets/GameObject/LevelManager.prefab,LeTai.TrueShadow,1fa22c2b5ebef5f8f09692d9ba1e5baa,-248771874,0,[],0,"{r: 0, g: 0, b: 0, a: 1}",2,0,0,0,0,0,{fileID: 0},0,0,1,{fileID: 1245703021257169},1245703021257169,0,{fileID: 0},0,{fileID: 0},0,"{fileID: -248771874, guid: 1fa22c2b5ebef5f8f09692d9ba1e5baa, type: 3}",-248771874,1fa22c2b5ebef5f8f09692d9ba1e5baa,Assets/Plugins/LeTai.TrueShadow.dll,0,"{x: 0, y: -0}",90,0,0,5,0,1,0
LevelManager,Assets/GameObject/LevelManager.prefab,LeTai.TrueShadow,1fa22c2b5ebef5f8f09692d9ba1e5baa,-248771874,0,[],0,"{r: 0, g: 0, b: 0, a: 0.6}",2,0,0,0,0,0,{fileID: 0},0,0,1,{fileID: 1306856769433624},1306856769433624,0,{fileID: 0},0,{fileID: 0},0,"{fileID: -248771874, guid: 1fa22c2b5ebef5f8f09692d9ba1e5baa, type: 3}",-248771874,1fa22c2b5ebef5f8f09692d9ba1e5baa,Assets/Plugins/LeTai.TrueShadow.dll,0,"{x: 5.6568537, y: -5.6568546}",45,8,0,8,0,1,0
LevelManager,Assets/GameObject/LevelManager.prefab,LeTai.TrueShadow,1fa22c2b5ebef5f8f09692d9ba1e5baa,-248771874,0,[],0,"{r: 1, g: 1, b: 1, a: 1}",2,0,0,0,0,0,{fileID: 0},0,0,1,{fileID: 1257174156720896},1257174156720896,0,{fileID: 0},0,{fileID: 0},0,"{fileID: -248771874, guid: 1fa22c2b5ebef5f8f09692d9ba1e5baa, type: 3}",-248771874,1fa22c2b5ebef5f8f09692d9ba1e5baa,Assets/Plugins/LeTai.TrueShadow.dll,0,"{x: 0, y: -0}",90,0,0,8,0,1,0
LevelManager,Assets/GameObject/LevelManager.prefab,LeTai.TrueShadow,1fa22c2b5ebef5f8f09692d9ba1e5baa,-248771874,0,[],0,"{r: 1, g: 1, b: 1, a: 1}",2,0,0,0,0,0,{fileID: 0},0,0,0,{fileID: 1290613374312670},1290613374312670,0,{fileID: 0},0,{fileID: 0},0,"{fileID: -248771874, guid: 1fa22c2b5ebef5f8f09692d9ba1e5baa, type: 3}",-248771874,1fa22c2b5ebef5f8f09692d9ba1e5baa,Assets/Plugins/LeTai.TrueShadow.dll,0,"{x: 1.192093E-07, y: -2}",90,2,0,3.4,0.197,1,0
LevelManager,Assets/GameObject/LevelManager.prefab,LeTai.TrueShadow,1fa22c2b5ebef5f8f09692d9ba1e5baa,-248771874,0,[],0,"{r: 1, g: 1, b: 1, a: 1}",2,0,0,0,0,0,{fileID: 0},0,0,0,{fileID: 1502130935490192},1502130935490192,0,{fileID: 0},0,{fileID: 0},0,"{fileID: -248771874, guid: 1fa22c2b5ebef5f8f09692d9ba1e5baa, type: 3}",-248771874,1fa22c2b5ebef5f8f09692d9ba1e5baa,Assets/Plugins/LeTai.TrueShadow.dll,0,"{x: 1.192093E-07, y: 2}",270,2,0,3.4,0.197,1,0
LevelManager,Assets/GameObject/LevelManager.prefab,LeTai.TrueShadow,1fa22c2b5ebef5f8f09692d9ba1e5baa,-248771874,0,[],0,"{r: 0, g: 0, b: 0, a: 0.5686275}",2,0,0,0,0,1,{fileID: 0},0,0,1,{fileID: 1018869297446021},1018869297446021,0,{fileID: 0},0,{fileID: 0},0,"{fileID: -248771874, guid: 1fa22c2b5ebef5f8f09692d9ba1e5baa, type: 3}",-248771874,1fa22c2b5ebef5f8f09692d9ba1e5baa,Assets/Plugins/LeTai.TrueShadow.dll,0,"{x: 0.27349573, y: -1.4951923}",79.63423,1.52,0,2,0,0,0
LevelManager,Assets/GameObject/LevelManager.prefab,LeTai.TrueShadow,1fa22c2b5ebef5f8f09692d9ba1e5baa,-248771874,0,[],0,"{r: 0, g: 0, b: 0, a: 1}",2,0,0,0,0,0,{fileID: 0},0,0,1,{fileID: 1449920785098163},1449920785098163,0,{fileID: 0},0,{fileID: 0},0,"{fileID: -248771874, guid: 1fa22c2b5ebef5f8f09692d9ba1e5baa, type: 3}",-248771874,1fa22c2b5ebef5f8f09692d9ba1e5baa,Assets/Plugins/LeTai.TrueShadow.dll,0,"{x: 0, y: -0}",90,0,0,5,0,1,0
LevelManager,Assets/GameObject/LevelManager.prefab,LeTai.TrueShadow,1fa22c2b5ebef5f8f09692d9ba1e5baa,-248771874,0,[],0,"{r: 1, g: 1, b: 1, a: 1}",2,0,0,0,0,0,{fileID: 0},0,0,0,{fileID: 1122723236349627},1122723236349627,0,{fileID: 0},0,{fileID: 0},0,"{fileID: -248771874, guid: 1fa22c2b5ebef5f8f09692d9ba1e5baa, type: 3}",-248771874,1fa22c2b5ebef5f8f09692d9ba1e5baa,Assets/Plugins/LeTai.TrueShadow.dll,0,"{x: 1.192093E-07, y: -2}",90,2,0,3.4,0.197,1,0
LevelManager,Assets/GameObject/LevelManager.prefab,LeTai.TrueShadow,1fa22c2b5ebef5f8f09692d9ba1e5baa,-248771874,0,[],0,"{r: 1, g: 1, b: 1, a: 1}",2,0,0,0,0,0,{fileID: 0},0,0,0,{fileID: 1157875701461866},1157875701461866,0,{fileID: 0},0,{fileID: 0},0,"{fileID: -248771874, guid: 1fa22c2b5ebef5f8f09692d9ba1e5baa, type: 3}",-248771874,1fa22c2b5ebef5f8f09692d9ba1e5baa,Assets/Plugins/LeTai.TrueShadow.dll,0,"{x: 1.192093E-07, y: 2}",270,2,0,3.4,0.197,1,0
LevelManager,Assets/GameObject/LevelManager.prefab,LeTai.TrueShadow,1fa22c2b5ebef5f8f09692d9ba1e5baa,-248771874,0,[],0,"{r: 0, g: 0, b: 0, a: 0.5686275}",2,0,0,0,0,1,{fileID: 0},0,0,1,{fileID: 1452740554831981},1452740554831981,0,{fileID: 0},0,{fileID: 0},0,"{fileID: -248771874, guid: 1fa22c2b5ebef5f8f09692d9ba1e5baa, type: 3}",-248771874,1fa22c2b5ebef5f8f09692d9ba1e5baa,Assets/Plugins/LeTai.TrueShadow.dll,0,"{x: 0.27349573, y: -1.4951923}",79.63423,1.52,0,2,0,0,0
LevelManager,Assets/GameObject/LevelManager.prefab,LeTai.TrueShadow,1fa22c2b5ebef5f8f09692d9ba1e5baa,-248771874,0,[],0,"{r: 0, g: 0, b: 0, a: 1}",2,0,0,0,0,0,{fileID: 0},0,0,1,{fileID: 1845956118220320},1845956118220320,0,{fileID: 0},0,{fileID: 0},0,"{fileID: -248771874, guid: 1fa22c2b5ebef5f8f09692d9ba1e5baa, type: 3}",-248771874,1fa22c2b5ebef5f8f09692d9ba1e5baa,Assets/Plugins/LeTai.TrueShadow.dll,0,"{x: 0, y: -0}",90,0,0,5,0,1,0
LevelManager,Assets/GameObject/LevelManager.prefab,LeTai.TrueShadow,1fa22c2b5ebef5f8f09692d9ba1e5baa,-248771874,0,[],0,"{r: 0, g: 0, b: 0, a: 0.6}",2,0,0,0,0,0,{fileID: 0},0,0,1,{fileID: 1235917094744620},1235917094744620,0,{fileID: 0},0,{fileID: 0},0,"{fileID: -248771874, guid: 1fa22c2b5ebef5f8f09692d9ba1e5baa, type: 3}",-248771874,1fa22c2b5ebef5f8f09692d9ba1e5baa,Assets/Plugins/LeTai.TrueShadow.dll,0,"{x: 6.102331, y: -6.102332}",45,8.63,0,9.7,0,0,0
LevelManager,Assets/GameObject/LevelManager.prefab,LeTai.TrueShadow,1fa22c2b5ebef5f8f09692d9ba1e5baa,-248771874,0,[],0,"{r: 0.4292453, g: 0.861838, b: 1, a: 0.6}",2,0,0,1,0,0,{fileID: 0},0,0,1,{fileID: 1381886365342960},1381886365342960,0,{fileID: 0},0,{fileID: 0},0,"{fileID: -248771874, guid: 1fa22c2b5ebef5f8f09692d9ba1e5baa, type: 3}",-248771874,1fa22c2b5ebef5f8f09692d9ba1e5baa,Assets/Plugins/LeTai.TrueShadow.dll,0,"{x: 0, y: -0}",45,0,0,8.94,0,1,0
LevelManager,Assets/GameObject/LevelManager.prefab,LeTai.TrueShadow,1fa22c2b5ebef5f8f09692d9ba1e5baa,-248771874,0,[],0,"{r: 0, g: 0, b: 0, a: 1}",2,0,0,0,0,0,{fileID: 0},0,0,1,{fileID: 1571483980928557},1571483980928557,0,{fileID: 0},0,{fileID: 0},0,"{fileID: -248771874, guid: 1fa22c2b5ebef5f8f09692d9ba1e5baa, type: 3}",-248771874,1fa22c2b5ebef5f8f09692d9ba1e5baa,Assets/Plugins/LeTai.TrueShadow.dll,0,"{x: 4.101219, y: -4.1012197}",45,5.8,0,8.8,0.142,1,0
LevelManager,Assets/GameObject/LevelManager.prefab,LeTai.TrueShadow,1fa22c2b5ebef5f8f09692d9ba1e5baa,-248771874,0,[],0,"{r: 1, g: 1, b: 1, a: 0.6}",2,0,0,0,0,0,{fileID: 0},0,0,1,{fileID: 1124325011706986},1124325011706986,0,{fileID: 0},0,{fileID: 0},0,"{fileID: -248771874, guid: 1fa22c2b5ebef5f8f09692d9ba1e5baa, type: 3}",-248771874,1fa22c2b5ebef5f8f09692d9ba1e5baa,Assets/Plugins/LeTai.TrueShadow.dll,0,"{x: 0, y: -0}",90,0,0,2.07,0,1,0
LevelManager,Assets/GameObject/LevelManager.prefab,LeTai.TrueShadow,1fa22c2b5ebef5f8f09692d9ba1e5baa,-248771874,0,[],0,"{r: 0, g: 0, b: 0, a: 0.6}",2,0,0,0,0,0,{fileID: 0},0,0,1,{fileID: 1438726710789105},1438726710789105,0,{fileID: 0},0,{fileID: 0},0,"{fileID: -248771874, guid: 1fa22c2b5ebef5f8f09692d9ba1e5baa, type: 3}",-248771874,1fa22c2b5ebef5f8f09692d9ba1e5baa,Assets/Plugins/LeTai.TrueShadow.dll,0,"{x: 6.102331, y: -6.102332}",45,8.63,0,9.7,0,0,0
LevelManager,Assets/GameObject/LevelManager.prefab,LeTai.TrueShadow,1fa22c2b5ebef5f8f09692d9ba1e5baa,-248771874,0,[],0,"{r: 0.4292453, g: 0.861838, b: 1, a: 0.6}",2,0,0,1,0,0,{fileID: 0},0,0,1,{fileID: 1117378890494696},1117378890494696,0,{fileID: 0},0,{fileID: 0},0,"{fileID: -248771874, guid: 1fa22c2b5ebef5f8f09692d9ba1e5baa, type: 3}",-248771874,1fa22c2b5ebef5f8f09692d9ba1e5baa,Assets/Plugins/LeTai.TrueShadow.dll,0,"{x: 0, y: -0}",45,0,0,8.94,0,1,0
LevelManager,Assets/GameObject/LevelManager.prefab,LeTai.TrueShadow,1fa22c2b5ebef5f8f09692d9ba1e5baa,-248771874,0,[],0,"{r: 0, g: 0, b: 0, a: 0.6}",2,0,0,0,0,0,{fileID: 0},0,0,1,{fileID: 1896959197339726},1896959197339726,0,{fileID: 0},0,{fileID: 0},0,"{fileID: -248771874, guid: 1fa22c2b5ebef5f8f09692d9ba1e5baa, type: 3}",-248771874,1fa22c2b5ebef5f8f09692d9ba1e5baa,Assets/Plugins/LeTai.TrueShadow.dll,0,"{x: 6.102331, y: -6.102332}",45,8.63,0,9.7,0,0,0
LevelManager,Assets/GameObject/LevelManager.prefab,LeTai.TrueShadow,1fa22c2b5ebef5f8f09692d9ba1e5baa,-248771874,0,[],0,"{r: 0.4292453, g: 0.861838, b: 1, a: 0.6}",2,0,0,1,0,0,{fileID: 0},0,0,1,{fileID: 1175680694509220},1175680694509220,0,{fileID: 0},0,{fileID: 0},0,"{fileID: -248771874, guid: 1fa22c2b5ebef5f8f09692d9ba1e5baa, type: 3}",-248771874,1fa22c2b5ebef5f8f09692d9ba1e5baa,Assets/Plugins/LeTai.TrueShadow.dll,0,"{x: 0, y: -0}",45,0,0,8.94,0,1,0
LevelManager,Assets/GameObject/LevelManager.prefab,LeTai.TrueShadow,1fa22c2b5ebef5f8f09692d9ba1e5baa,-248771874,0,[],0,"{r: 0, g: 0, b: 0, a: 0.6}",2,0,0,0,0,0,{fileID: 0},0,0,1,{fileID: 1307208525488816},1307208525488816,0,{fileID: 0},0,{fileID: 0},0,"{fileID: -248771874, guid: 1fa22c2b5ebef5f8f09692d9ba1e5baa, type: 3}",-248771874,1fa22c2b5ebef5f8f09692d9ba1e5baa,Assets/Plugins/LeTai.TrueShadow.dll,0,"{x: 6.102331, y: -6.102332}",45,8.63,0,9.7,0,0,0
LevelManager,Assets/GameObject/LevelManager.prefab,LeTai.TrueShadow,1fa22c2b5ebef5f8f09692d9ba1e5baa,-248771874,0,[],0,"{r: 0.4292453, g: 0.861838, b: 1, a: 0.6}",2,0,0,1,0,0,{fileID: 0},0,0,1,{fileID: 1841033007145446},1841033007145446,0,{fileID: 0},0,{fileID: 0},0,"{fileID: -248771874, guid: 1fa22c2b5ebef5f8f09692d9ba1e5baa, type: 3}",-248771874,1fa22c2b5ebef5f8f09692d9ba1e5baa,Assets/Plugins/LeTai.TrueShadow.dll,0,"{x: 0, y: -0}",45,0,0,8.94,0,1,0
LevelManager,Assets/GameObject/LevelManager.prefab,LeTai.TrueShadow,1fa22c2b5ebef5f8f09692d9ba1e5baa,-248771874,0,[],0,"{r: 0, g: 0, b: 0, a: 0.6}",2,0,0,0,0,0,{fileID: 0},0,0,1,{fileID: 1978611041512210},1978611041512210,0,{fileID: 0},0,{fileID: 0},0,"{fileID: -248771874, guid: 1fa22c2b5ebef5f8f09692d9ba1e5baa, type: 3}",-248771874,1fa22c2b5ebef5f8f09692d9ba1e5baa,Assets/Plugins/LeTai.TrueShadow.dll,0,"{x: 6.102331, y: -6.102332}",45,8.63,0,9.7,0,0,0
LevelManager,Assets/GameObject/LevelManager.prefab,LeTai.TrueShadow,1fa22c2b5ebef5f8f09692d9ba1e5baa,-248771874,0,[],0,"{r: 0.4292453, g: 0.861838, b: 1, a: 0.6}",2,0,0,1,0,0,{fileID: 0},0,0,1,{fileID: 1079524828365070},1079524828365070,0,{fileID: 0},0,{fileID: 0},0,"{fileID: -248771874, guid: 1fa22c2b5ebef5f8f09692d9ba1e5baa, type: 3}",-248771874,1fa22c2b5ebef5f8f09692d9ba1e5baa,Assets/Plugins/LeTai.TrueShadow.dll,0,"{x: 0, y: -0}",45,0,0,8.94,0,1,0
LevelManager,Assets/GameObject/LevelManager.prefab,LeTai.TrueShadow,1fa22c2b5ebef5f8f09692d9ba1e5baa,-248771874,0,[],0,"{r: 0, g: 0, b: 0, a: 0.6}",2,0,0,0,0,0,{fileID: 0},0,0,1,{fileID: 1770111333963666},1770111333963666,0,{fileID: 0},0,{fileID: 0},0,"{fileID: -248771874, guid: 1fa22c2b5ebef5f8f09692d9ba1e5baa, type: 3}",-248771874,1fa22c2b5ebef5f8f09692d9ba1e5baa,Assets/Plugins/LeTai.TrueShadow.dll,0,"{x: 6.102331, y: -6.102332}",45,8.63,0,9.7,0,0,0
LevelManager,Assets/GameObject/LevelManager.prefab,LeTai.TrueShadow,1fa22c2b5ebef5f8f09692d9ba1e5baa,-248771874,0,[],0,"{r: 0.4292453, g: 0.861838, b: 1, a: 0.6}",2,0,0,1,0,0,{fileID: 0},0,0,1,{fileID: 1843665154232419},1843665154232419,0,{fileID: 0},0,{fileID: 0},0,"{fileID: -248771874, guid: 1fa22c2b5ebef5f8f09692d9ba1e5baa, type: 3}",-248771874,1fa22c2b5ebef5f8f09692d9ba1e5baa,Assets/Plugins/LeTai.TrueShadow.dll,0,"{x: 0, y: -0}",45,0,0,8.94,0,1,0
LevelManager,Assets/GameObject/LevelManager.prefab,LeTai.TrueShadow,1fa22c2b5ebef5f8f09692d9ba1e5baa,-248771874,0,[],0,"{r: 1, g: 0.4198113, b: 0.4198113, a: 0.49803922}",2,0,0,1,0,0,{fileID: 0},0,0,0,{fileID: 1959103495221450},1959103495221450,0,{fileID: 0},0,{fileID: 0},0,"{fileID: -248771874, guid: 1fa22c2b5ebef5f8f09692d9ba1e5baa, type: 3}",-248771874,1fa22c2b5ebef5f8f09692d9ba1e5baa,Assets/Plugins/LeTai.TrueShadow.dll,0,"{x: 0, y: -0}",45,0,0,10,0,1,0
LevelManager,Assets/GameObject/LevelManager.prefab,LeTai.TrueShadow,1fa22c2b5ebef5f8f09692d9ba1e5baa,-248771874,0,[],0,"{r: 1, g: 1, b: 1, a: 0.25490198}",2,0,0,0,0,0,{fileID: 0},0,0,0,{fileID: 1387344798703013},1387344798703013,0,{fileID: 0},0,{fileID: 0},0,"{fileID: -248771874, guid: 1fa22c2b5ebef5f8f09692d9ba1e5baa, type: 3}",-248771874,1fa22c2b5ebef5f8f09692d9ba1e5baa,Assets/Plugins/LeTai.TrueShadow.dll,0,"{x: 2.835498, y: -2.8354986}",45,4.01,0,3,0,1,0
LevelManager,Assets/GameObject/LevelManager.prefab,LeTai.TrueShadow,1fa22c2b5ebef5f8f09692d9ba1e5baa,-248771874,0,[],0,"{r: 0, g: 0, b: 0, a: 0.6}",2,0,0,0,0,0,{fileID: 0},0,0,0,{fileID: 1359085776361039},1359085776361039,0,{fileID: 0},0,{fileID: 0},0,"{fileID: -248771874, guid: 1fa22c2b5ebef5f8f09692d9ba1e5baa, type: 3}",-248771874,1fa22c2b5ebef5f8f09692d9ba1e5baa,Assets/Plugins/LeTai.TrueShadow.dll,0,"{x: 5.6568537, y: -5.6568546}",45,8,0,8,0,1,0
LevelManager,Assets/GameObject/LevelManager.prefab,LeTai.TrueShadow,1fa22c2b5ebef5f8f09692d9ba1e5baa,-248771874,0,[],0,"{r: 0, g: 0, b: 0, a: 0.6}",2,0,0,0,0,0,{fileID: 0},0,0,1,{fileID: 1713369208902684},1713369208902684,0,{fileID: 0},0,{fileID: 0},0,"{fileID: -248771874, guid: 1fa22c2b5ebef5f8f09692d9ba1e5baa, type: 3}",-248771874,1fa22c2b5ebef5f8f09692d9ba1e5baa,Assets/Plugins/LeTai.TrueShadow.dll,0,"{x: 4.768372E-07, y: -8}",90,8,0,16,0,1,0
LevelManager,Assets/GameObject/LevelManager.prefab,LeTai.TrueShadow,1fa22c2b5ebef5f8f09692d9ba1e5baa,-248771874,0,[],0,"{r: 0, g: 0, b: 0, a: 0.6}",2,0,0,0,0,0,{fileID: 0},0,0,1,{fileID: 1267842081922685},1267842081922685,0,{fileID: 0},0,{fileID: 0},0,"{fileID: -248771874, guid: 1fa22c2b5ebef5f8f09692d9ba1e5baa, type: 3}",-248771874,1fa22c2b5ebef5f8f09692d9ba1e5baa,Assets/Plugins/LeTai.TrueShadow.dll,0,"{x: 7.1525574E-07, y: -11.999999}",90,12,0,32,0,1,0
LevelManager,Assets/GameObject/LevelManager.prefab,LeTai.TrueShadow,1fa22c2b5ebef5f8f09692d9ba1e5baa,-248771874,0,[],0,"{r: 0, g: 0, b: 0, a: 0.6}",2,0,0,0,0,0,{fileID: 0},0,0,0,{fileID: 1303239112689706},1303239112689706,0,{fileID: 0},0,{fileID: 0},0,"{fileID: -248771874, guid: 1fa22c2b5ebef5f8f09692d9ba1e5baa, type: 3}",-248771874,1fa22c2b5ebef5f8f09692d9ba1e5baa,Assets/Plugins/LeTai.TrueShadow.dll,0,"{x: 7.1525585E-07, y: -12}",90,12,0,32,0,1,0
LevelManager,Assets/GameObject/LevelManager.prefab,LeTai.TrueShadow,1fa22c2b5ebef5f8f09692d9ba1e5baa,-248771874,0,[],0,"{r: 0, g: 0, b: 0, a: 0.6}",2,0,0,0,0,0,{fileID: 0},0,0,1,{fileID: 1919143647913926},1919143647913926,0,{fileID: 0},0,{fileID: 0},0,"{fileID: -248771874, guid: 1fa22c2b5ebef5f8f09692d9ba1e5baa, type: 3}",-248771874,1fa22c2b5ebef5f8f09692d9ba1e5baa,Assets/Plugins/LeTai.TrueShadow.dll,0,"{x: 4.768372E-07, y: -8}",90,8,0,16,0,1,0
LevelManager,Assets/GameObject/LevelManager.prefab,LeTai.TrueShadow,1fa22c2b5ebef5f8f09692d9ba1e5baa,-248771874,0,[],0,"{r: 1, g: 1, b: 1, a: 1}",2,0,0,0,0,0,{fileID: 0},0,0,0,{fileID: 1427292640004879},1427292640004879,0,{fileID: 0},0,{fileID: 0},0,"{fileID: -248771874, guid: 1fa22c2b5ebef5f8f09692d9ba1e5baa, type: 3}",-248771874,1fa22c2b5ebef5f8f09692d9ba1e5baa,Assets/Plugins/LeTai.TrueShadow.dll,0,"{x: 1.192093E-07, y: -2}",90,2,0,3.4,0.197,1,0
LevelManager,Assets/GameObject/LevelManager.prefab,LeTai.TrueShadow,1fa22c2b5ebef5f8f09692d9ba1e5baa,-248771874,0,[],0,"{r: 1, g: 1, b: 1, a: 1}",2,0,0,0,0,0,{fileID: 0},0,0,0,{fileID: 1594476079805945},1594476079805945,0,{fileID: 0},0,{fileID: 0},0,"{fileID: -248771874, guid: 1fa22c2b5ebef5f8f09692d9ba1e5baa, type: 3}",-248771874,1fa22c2b5ebef5f8f09692d9ba1e5baa,Assets/Plugins/LeTai.TrueShadow.dll,0,"{x: 1.192093E-07, y: 2}",270,2,0,3.4,0.197,1,0
LevelManager,Assets/GameObject/LevelManager.prefab,LeTai.TrueShadow,1fa22c2b5ebef5f8f09692d9ba1e5baa,-248771874,0,[],0,"{r: 1, g: 0.4198113, b: 0.4198113, a: 0.49803922}",2,0,0,1,0,0,{fileID: 0},0,0,0,{fileID: 1678237803687942},1678237803687942,0,{fileID: 0},0,{fileID: 0},0,"{fileID: -248771874, guid: 1fa22c2b5ebef5f8f09692d9ba1e5baa, type: 3}",-248771874,1fa22c2b5ebef5f8f09692d9ba1e5baa,Assets/Plugins/LeTai.TrueShadow.dll,0,"{x: 0, y: -0}",45,0,0,10,0,1,0
LevelManager,Assets/GameObject/LevelManager.prefab,LeTai.TrueShadow,1fa22c2b5ebef5f8f09692d9ba1e5baa,-248771874,0,[],0,"{r: 1, g: 1, b: 1, a: 0.25490198}",2,0,0,0,0,0,{fileID: 0},0,0,0,{fileID: 1400649795574737},1400649795574737,0,{fileID: 0},0,{fileID: 0},0,"{fileID: -248771874, guid: 1fa22c2b5ebef5f8f09692d9ba1e5baa, type: 3}",-248771874,1fa22c2b5ebef5f8f09692d9ba1e5baa,Assets/Plugins/LeTai.TrueShadow.dll,0,"{x: 2.835498, y: -2.8354986}",45,4.01,0,3,0,1,0
LevelManager,Assets/GameObject/LevelManager.prefab,LeTai.TrueShadow,1fa22c2b5ebef5f8f09692d9ba1e5baa,-248771874,0,[],0,"{r: 0, g: 0, b: 0, a: 0.6}",2,0,0,0,0,0,{fileID: 0},0,0,0,{fileID: 1599333062596177},1599333062596177,0,{fileID: 0},0,{fileID: 0},0,"{fileID: -248771874, guid: 1fa22c2b5ebef5f8f09692d9ba1e5baa, type: 3}",-248771874,1fa22c2b5ebef5f8f09692d9ba1e5baa,Assets/Plugins/LeTai.TrueShadow.dll,0,"{x: 5.6568537, y: -5.6568546}",45,8,0,8,0,1,0
LevelManager,Assets/GameObject/LevelManager.prefab,LeTai.TrueShadow,1fa22c2b5ebef5f8f09692d9ba1e5baa,-248771874,0,[],0,"{r: 0, g: 0, b: 0, a: 0.6}",2,0,0,0,0,0,{fileID: 0},0,0,0,{fileID: 1503703404900568},1503703404900568,0,{fileID: 0},0,{fileID: 0},0,"{fileID: -248771874, guid: 1fa22c2b5ebef5f8f09692d9ba1e5baa, type: 3}",-248771874,1fa22c2b5ebef5f8f09692d9ba1e5baa,Assets/Plugins/LeTai.TrueShadow.dll,0,"{x: 5.6568537, y: -5.6568546}",45,8,0,8,0,1,0
LevelManager,Assets/GameObject/LevelManager.prefab,LeTai.TrueShadow,1fa22c2b5ebef5f8f09692d9ba1e5baa,-248771874,0,[],0,"{r: 0, g: 0, b: 0, a: 0.6}",2,0,0,0,0,0,{fileID: 0},0,0,1,{fileID: 1003862999923155},1003862999923155,0,{fileID: 0},0,{fileID: 0},0,"{fileID: -248771874, guid: 1fa22c2b5ebef5f8f09692d9ba1e5baa, type: 3}",-248771874,1fa22c2b5ebef5f8f09692d9ba1e5baa,Assets/Plugins/LeTai.TrueShadow.dll,0,"{x: 2.384186E-07, y: -4}",90,4,0,4,0,1,0
LevelManager,Assets/GameObject/LevelManager.prefab,LeTai.TrueShadow,1fa22c2b5ebef5f8f09692d9ba1e5baa,-248771874,0,[],1,"{r: 1, g: 0.61960787, b: 0.227451, a: 1}",2,0,0,0,0,1,{fileID: 0},0,0,1,{fileID: 1838126207017972},1838126207017972,0,{fileID: 0},0,{fileID: 0},0,"{fileID: -248771874, guid: 1fa22c2b5ebef5f8f09692d9ba1e5baa, type: 3}",-248771874,1fa22c2b5ebef5f8f09692d9ba1e5baa,Assets/Plugins/LeTai.TrueShadow.dll,0,"{x: 0, y: -0}",90,0,0,16,0,0,0
LevelManager,Assets/GameObject/LevelManager.prefab,LeTai.TrueShadow,1fa22c2b5ebef5f8f09692d9ba1e5baa,-248771874,0,[],1,"{r: 1, g: 1, b: 1, a: 0.6}",2,0,0,0,0,0,{fileID: 0},0,0,1,{fileID: 1219008305901130},1219008305901130,0,{fileID: 0},0,{fileID: 0},0,"{fileID: -248771874, guid: 1fa22c2b5ebef5f8f09692d9ba1e5baa, type: 3}",-248771874,1fa22c2b5ebef5f8f09692d9ba1e5baa,Assets/Plugins/LeTai.TrueShadow.dll,0,"{x: 0, y: -0}",90,0,0,8,0,1,0
LevelManager,Assets/GameObject/LevelManager.prefab,LeTai.TrueShadow,1fa22c2b5ebef5f8f09692d9ba1e5baa,-248771874,0,[],0,"{r: 1, g: 1, b: 1, a: 1}",2,0,0,0,0,0,{fileID: 0},0,0,0,{fileID: 1547855244622294},1547855244622294,0,{fileID: 0},0,{fileID: 0},0,"{fileID: -248771874, guid: 1fa22c2b5ebef5f8f09692d9ba1e5baa, type: 3}",-248771874,1fa22c2b5ebef5f8f09692d9ba1e5baa,Assets/Plugins/LeTai.TrueShadow.dll,0,"{x: 1.192093E-07, y: -2}",90,2,0,3.4,0.197,1,0
LevelManager,Assets/GameObject/LevelManager.prefab,LeTai.TrueShadow,1fa22c2b5ebef5f8f09692d9ba1e5baa,-248771874,0,[],0,"{r: 1, g: 1, b: 1, a: 1}",2,0,0,0,0,0,{fileID: 0},0,0,0,{fileID: 1555484797594141},1555484797594141,0,{fileID: 0},0,{fileID: 0},0,"{fileID: -248771874, guid: 1fa22c2b5ebef5f8f09692d9ba1e5baa, type: 3}",-248771874,1fa22c2b5ebef5f8f09692d9ba1e5baa,Assets/Plugins/LeTai.TrueShadow.dll,0,"{x: 1.192093E-07, y: 2}",270,2,0,3.4,0.197,1,0
LevelManager,Assets/GameObject/LevelManager.prefab,LeTai.TrueShadow,1fa22c2b5ebef5f8f09692d9ba1e5baa,-248771874,0,[],0,"{r: 0, g: 0, b: 0, a: 0.5686275}",2,0,0,0,0,1,{fileID: 0},0,0,1,{fileID: 1756369327584249},1756369327584249,0,{fileID: 0},0,{fileID: 0},0,"{fileID: -248771874, guid: 1fa22c2b5ebef5f8f09692d9ba1e5baa, type: 3}",-248771874,1fa22c2b5ebef5f8f09692d9ba1e5baa,Assets/Plugins/LeTai.TrueShadow.dll,0,"{x: 0.27349573, y: -1.4951923}",79.63423,1.52,0,2,0,0,0
LevelManager,Assets/GameObject/LevelManager.prefab,LeTai.TrueShadow,1fa22c2b5ebef5f8f09692d9ba1e5baa,-248771874,0,[],0,"{r: 0, g: 0, b: 0, a: 1}",2,0,0,0,0,0,{fileID: 0},0,0,1,{fileID: 1534458160614026},1534458160614026,0,{fileID: 0},0,{fileID: 0},0,"{fileID: -248771874, guid: 1fa22c2b5ebef5f8f09692d9ba1e5baa, type: 3}",-248771874,1fa22c2b5ebef5f8f09692d9ba1e5baa,Assets/Plugins/LeTai.TrueShadow.dll,0,"{x: 0, y: -0}",90,0,0,5,0,1,0
LevelManager,Assets/GameObject/LevelManager.prefab,LeTai.TrueShadow,1fa22c2b5ebef5f8f09692d9ba1e5baa,-248771874,0,[],0,"{r: 0, g: 0, b: 0, a: 0.72156864}",2,0,0,0,0,0,{fileID: 0},0,0,0,{fileID: 1534263951009064},1534263951009064,0,{fileID: 0},0,{fileID: 0},0,"{fileID: -248771874, guid: 1fa22c2b5ebef5f8f09692d9ba1e5baa, type: 3}",-248771874,1fa22c2b5ebef5f8f09692d9ba1e5baa,Assets/Plugins/LeTai.TrueShadow.dll,0,"{x: 5.9195232, y: -5.38138}",42.273666,8,0,15,0,1,0
LevelManager,Assets/GameObject/LevelManager.prefab,LeTai.TrueShadow,1fa22c2b5ebef5f8f09692d9ba1e5baa,-248771874,0,[],0,"{r: 0, g: 0, b: 0, a: 0.6}",2,0,0,0,0,0,{fileID: 0},0,0,1,{fileID: 1232852971028990},1232852971028990,0,{fileID: 0},0,{fileID: 0},0,"{fileID: -248771874, guid: 1fa22c2b5ebef5f8f09692d9ba1e5baa, type: 3}",-248771874,1fa22c2b5ebef5f8f09692d9ba1e5baa,Assets/Plugins/LeTai.TrueShadow.dll,0,"{x: 3.5355334, y: -3.5355341}",45,5,0,5,0,1,0
LevelManager,Assets/GameObject/LevelManager.prefab,LeTai.TrueShadow,1fa22c2b5ebef5f8f09692d9ba1e5baa,-248771874,0,[],0,"{r: 1, g: 1, b: 1, a: 1}",2,0,0,0,0,0,{fileID: 0},0,0,0,{fileID: 1033367806526972},1033367806526972,0,{fileID: 0},0,{fileID: 0},0,"{fileID: -248771874, guid: 1fa22c2b5ebef5f8f09692d9ba1e5baa, type: 3}",-248771874,1fa22c2b5ebef5f8f09692d9ba1e5baa,Assets/Plugins/LeTai.TrueShadow.dll,0,"{x: 1.192093E-07, y: -2}",90,2,0,3.4,0.197,1,0
LevelManager,Assets/GameObject/LevelManager.prefab,LeTai.TrueShadow,1fa22c2b5ebef5f8f09692d9ba1e5baa,-248771874,0,[],0,"{r: 1, g: 1, b: 1, a: 1}",2,0,0,0,0,0,{fileID: 0},0,0,0,{fileID: 1123092289627687},1123092289627687,0,{fileID: 0},0,{fileID: 0},0,"{fileID: -248771874, guid: 1fa22c2b5ebef5f8f09692d9ba1e5baa, type: 3}",-248771874,1fa22c2b5ebef5f8f09692d9ba1e5baa,Assets/Plugins/LeTai.TrueShadow.dll,0,"{x: 1.192093E-07, y: 2}",270,2,0,3.4,0.197,1,0
LevelManager,Assets/GameObject/LevelManager.prefab,LeTai.TrueShadow,1fa22c2b5ebef5f8f09692d9ba1e5baa,-248771874,0,[],0,"{r: 0, g: 0, b: 0, a: 0.5686275}",2,0,0,0,0,1,{fileID: 0},0,0,1,{fileID: 1431750832771904},1431750832771904,0,{fileID: 0},0,{fileID: 0},0,"{fileID: -248771874, guid: 1fa22c2b5ebef5f8f09692d9ba1e5baa, type: 3}",-248771874,1fa22c2b5ebef5f8f09692d9ba1e5baa,Assets/Plugins/LeTai.TrueShadow.dll,0,"{x: 0.27349573, y: -1.4951923}",79.63423,1.52,0,2,0,0,0
LevelManager,Assets/GameObject/LevelManager.prefab,LeTai.TrueShadow,1fa22c2b5ebef5f8f09692d9ba1e5baa,-248771874,0,[],0,"{r: 0, g: 0, b: 0, a: 1}",2,0,0,0,0,0,{fileID: 0},0,0,1,{fileID: 1146103268589222},1146103268589222,0,{fileID: 0},0,{fileID: 0},0,"{fileID: -248771874, guid: 1fa22c2b5ebef5f8f09692d9ba1e5baa, type: 3}",-248771874,1fa22c2b5ebef5f8f09692d9ba1e5baa,Assets/Plugins/LeTai.TrueShadow.dll,0,"{x: 0, y: -0}",90,0,0,5,0,1,0
LevelManager,Assets/GameObject/LevelManager.prefab,LeTai.TrueShadow,1fa22c2b5ebef5f8f09692d9ba1e5baa,-248771874,0,[],0,"{r: 0, g: 0, b: 0, a: 0.6}",2,0,0,0,0,0,{fileID: 0},0,0,1,{fileID: 1994100147545575},1994100147545575,0,{fileID: 0},0,{fileID: 0},0,"{fileID: -248771874, guid: 1fa22c2b5ebef5f8f09692d9ba1e5baa, type: 3}",-248771874,1fa22c2b5ebef5f8f09692d9ba1e5baa,Assets/Plugins/LeTai.TrueShadow.dll,0,"{x: 3.5355334, y: -3.5355341}",45,5,0,10,0,1,0
LevelManager,Assets/GameObject/LevelManager.prefab,LeTai.TrueShadow,1fa22c2b5ebef5f8f09692d9ba1e5baa,-248771874,0,[],1,"{r: 0.4764151, g: 1, b: 0.62022334, a: 1}",2,0,0,1,1,1,{fileID: 0},0,0,1,{fileID: 1753695292439255},1753695292439255,0,{fileID: 0},0,{fileID: 0},0,"{fileID: -248771874, guid: 1fa22c2b5ebef5f8f09692d9ba1e5baa, type: 3}",-248771874,1fa22c2b5ebef5f8f09692d9ba1e5baa,Assets/Plugins/LeTai.TrueShadow.dll,0,"{x: 0, y: -0}",90,0,0,17.85,0,0,0
LevelManager,Assets/GameObject/LevelManager.prefab,LeTai.TrueShadow,1fa22c2b5ebef5f8f09692d9ba1e5baa,-248771874,0,[],0,"{r: 0, g: 0, b: 0, a: 0.6}",2,0,0,0,0,0,{fileID: 0},0,0,0,{fileID: 1500550876873931},1500550876873931,0,{fileID: 0},0,{fileID: 0},0,"{fileID: -248771874, guid: 1fa22c2b5ebef5f8f09692d9ba1e5baa, type: 3}",-248771874,1fa22c2b5ebef5f8f09692d9ba1e5baa,Assets/Plugins/LeTai.TrueShadow.dll,0,"{x: 1.4142134, y: -1.4142137}",45,2,0,8,0,1,0
LevelManager,Assets/GameObject/LevelManager.prefab,LeTai.TrueShadow,1fa22c2b5ebef5f8f09692d9ba1e5baa,-248771874,0,[],0,"{r: 0, g: 0, b: 0, a: 0.72156864}",2,0,0,1,1,0,{fileID: 0},0,0,1,{fileID: 1021430666239703},1021430666239703,0,{fileID: 0},0,{fileID: 0},0,"{fileID: -248771874, guid: 1fa22c2b5ebef5f8f09692d9ba1e5baa, type: 3}",-248771874,1fa22c2b5ebef5f8f09692d9ba1e5baa,Assets/Plugins/LeTai.TrueShadow.dll,0,"{x: 5.9195232, y: -5.38138}",42.273666,8,0,3,0.5,1,0
LevelManager,Assets/GameObject/LevelManager.prefab,LeTai.TrueShadow,1fa22c2b5ebef5f8f09692d9ba1e5baa,-248771874,0,[],0,"{r: 1, g: 1, b: 1, a: 1}",2,0,0,1,0,0,{fileID: 0},0,0,0,{fileID: 1286407135054582},1286407135054582,0,{fileID: 0},0,{fileID: 0},0,"{fileID: -248771874, guid: 1fa22c2b5ebef5f8f09692d9ba1e5baa, type: 3}",-248771874,1fa22c2b5ebef5f8f09692d9ba1e5baa,Assets/Plugins/LeTai.TrueShadow.dll,0,"{x: 0, y: -0}",90,0,0,1,0,1,0
LevelManager,Assets/GameObject/LevelManager.prefab,LeTai.TrueShadow,1fa22c2b5ebef5f8f09692d9ba1e5baa,-248771874,0,[],0,"{r: 1, g: 1, b: 1, a: 0.6}",2,0,0,0,0,0,{fileID: 0},0,0,1,{fileID: 1251220801109059},1251220801109059,0,{fileID: 0},0,{fileID: 0},0,"{fileID: -248771874, guid: 1fa22c2b5ebef5f8f09692d9ba1e5baa, type: 3}",-248771874,1fa22c2b5ebef5f8f09692d9ba1e5baa,Assets/Plugins/LeTai.TrueShadow.dll,0,"{x: 0, y: -0}",90,0,0,2,0,1,0
LevelManager,Assets/GameObject/LevelManager.prefab,LeTai.TrueShadow,1fa22c2b5ebef5f8f09692d9ba1e5baa,-248771874,0,[],0,"{r: 1, g: 1, b: 1, a: 0.6}",2,0,0,0,0,0,{fileID: 0},0,0,1,{fileID: 1124260322472105},1124260322472105,0,{fileID: 0},0,{fileID: 0},0,"{fileID: -248771874, guid: 1fa22c2b5ebef5f8f09692d9ba1e5baa, type: 3}",-248771874,1fa22c2b5ebef5f8f09692d9ba1e5baa,Assets/Plugins/LeTai.TrueShadow.dll,0,"{x: 0, y: -0}",90,0,0,2,0,1,0
LevelManager,Assets/GameObject/LevelManager.prefab,LeTai.TrueShadow,1fa22c2b5ebef5f8f09692d9ba1e5baa,-248771874,0,[],0,"{r: 1, g: 1, b: 1, a: 0.6}",2,0,0,0,0,0,{fileID: 0},0,0,1,{fileID: 1185246862367152},1185246862367152,0,{fileID: 0},0,{fileID: 0},0,"{fileID: -248771874, guid: 1fa22c2b5ebef5f8f09692d9ba1e5baa, type: 3}",-248771874,1fa22c2b5ebef5f8f09692d9ba1e5baa,Assets/Plugins/LeTai.TrueShadow.dll,0,"{x: 0, y: -0}",90,0,0,2,0,1,0
LevelManager,Assets/GameObject/LevelManager.prefab,LeTai.TrueShadow,1fa22c2b5ebef5f8f09692d9ba1e5baa,-248771874,0,[],0,"{r: 0, g: 0, b: 0, a: 0.6}",2,0,0,0,0,0,{fileID: 0},0,0,0,{fileID: 1365136243510104},1365136243510104,0,{fileID: 0},0,{fileID: 0},0,"{fileID: -248771874, guid: 1fa22c2b5ebef5f8f09692d9ba1e5baa, type: 3}",-248771874,1fa22c2b5ebef5f8f09692d9ba1e5baa,Assets/Plugins/LeTai.TrueShadow.dll,0,"{x: 1.7881396E-07, y: -3}",90,3,0,6,0,1,0
LevelManager,Assets/GameObject/LevelManager.prefab,LeTai.TrueShadow,1fa22c2b5ebef5f8f09692d9ba1e5baa,-248771874,0,[],1,"{r: 0.4764151, g: 1, b: 0.62022334, a: 1}",2,0,0,1,1,1,{fileID: 0},0,0,1,{fileID: 1419177849512227},1419177849512227,0,{fileID: 0},0,{fileID: 0},0,"{fileID: -248771874, guid: 1fa22c2b5ebef5f8f09692d9ba1e5baa, type: 3}",-248771874,1fa22c2b5ebef5f8f09692d9ba1e5baa,Assets/Plugins/LeTai.TrueShadow.dll,0,"{x: 0, y: -0}",90,0,0,17.85,0,0,0
LevelManager,Assets/GameObject/LevelManager.prefab,LeTai.TrueShadow,1fa22c2b5ebef5f8f09692d9ba1e5baa,-248771874,0,[],0,"{r: 0, g: 0, b: 0, a: 0.6}",2,0,0,0,0,0,{fileID: 0},0,0,0,{fileID: 1686741522984853},1686741522984853,0,{fileID: 0},0,{fileID: 0},0,"{fileID: -248771874, guid: 1fa22c2b5ebef5f8f09692d9ba1e5baa, type: 3}",-248771874,1fa22c2b5ebef5f8f09692d9ba1e5baa,Assets/Plugins/LeTai.TrueShadow.dll,0,"{x: 1.4142134, y: -1.4142137}",45,2,0,8,0,1,0
LevelManager,Assets/GameObject/LevelManager.prefab,LeTai.TrueShadow,1fa22c2b5ebef5f8f09692d9ba1e5baa,-248771874,0,[],0,"{r: 0, g: 0, b: 0, a: 0.72156864}",2,0,0,1,1,0,{fileID: 0},0,0,1,{fileID: 1667114241001353},1667114241001353,0,{fileID: 0},0,{fileID: 0},0,"{fileID: -248771874, guid: 1fa22c2b5ebef5f8f09692d9ba1e5baa, type: 3}",-248771874,1fa22c2b5ebef5f8f09692d9ba1e5baa,Assets/Plugins/LeTai.TrueShadow.dll,0,"{x: 5.9195232, y: -5.38138}",42.273666,8,0,3,0.5,1,0
LevelManager,Assets/GameObject/LevelManager.prefab,LeTai.TrueShadow,1fa22c2b5ebef5f8f09692d9ba1e5baa,-248771874,0,[],0,"{r: 1, g: 1, b: 1, a: 1}",2,0,0,1,0,0,{fileID: 0},0,0,0,{fileID: 1142996420407056},1142996420407056,0,{fileID: 0},0,{fileID: 0},0,"{fileID: -248771874, guid: 1fa22c2b5ebef5f8f09692d9ba1e5baa, type: 3}",-248771874,1fa22c2b5ebef5f8f09692d9ba1e5baa,Assets/Plugins/LeTai.TrueShadow.dll,0,"{x: 0, y: -0}",90,0,0,1,0,1,0
LevelManager,Assets/GameObject/LevelManager.prefab,LeTai.TrueShadow,1fa22c2b5ebef5f8f09692d9ba1e5baa,-248771874,0,[],0,"{r: 1, g: 1, b: 1, a: 0.6}",2,0,0,0,0,0,{fileID: 0},0,0,1,{fileID: 1363212395503722},1363212395503722,0,{fileID: 0},0,{fileID: 0},0,"{fileID: -248771874, guid: 1fa22c2b5ebef5f8f09692d9ba1e5baa, type: 3}",-248771874,1fa22c2b5ebef5f8f09692d9ba1e5baa,Assets/Plugins/LeTai.TrueShadow.dll,0,"{x: 0, y: -0}",90,0,0,2,0,1,0
LevelManager,Assets/GameObject/LevelManager.prefab,LeTai.TrueShadow,1fa22c2b5ebef5f8f09692d9ba1e5baa,-248771874,0,[],0,"{r: 1, g: 1, b: 1, a: 0.6}",2,0,0,0,0,0,{fileID: 0},0,0,1,{fileID: 1846267601669165},1846267601669165,0,{fileID: 0},0,{fileID: 0},0,"{fileID: -248771874, guid: 1fa22c2b5ebef5f8f09692d9ba1e5baa, type: 3}",-248771874,1fa22c2b5ebef5f8f09692d9ba1e5baa,Assets/Plugins/LeTai.TrueShadow.dll,0,"{x: 0, y: -0}",90,0,0,2,0,1,0
LevelManager,Assets/GameObject/LevelManager.prefab,LeTai.TrueShadow,1fa22c2b5ebef5f8f09692d9ba1e5baa,-248771874,0,[],0,"{r: 1, g: 1, b: 1, a: 0.6}",2,0,0,0,0,0,{fileID: 0},0,0,1,{fileID: 1544812698926433},1544812698926433,0,{fileID: 0},0,{fileID: 0},0,"{fileID: -248771874, guid: 1fa22c2b5ebef5f8f09692d9ba1e5baa, type: 3}",-248771874,1fa22c2b5ebef5f8f09692d9ba1e5baa,Assets/Plugins/LeTai.TrueShadow.dll,0,"{x: 0, y: -0}",90,0,0,2,0,1,0
LevelManager,Assets/GameObject/LevelManager.prefab,LeTai.TrueShadow,1fa22c2b5ebef5f8f09692d9ba1e5baa,-248771874,0,[],0,"{r: 0, g: 0, b: 0, a: 0.6}",2,0,0,0,0,0,{fileID: 0},0,0,0,{fileID: 1839432233832610},1839432233832610,0,{fileID: 0},0,{fileID: 0},0,"{fileID: -248771874, guid: 1fa22c2b5ebef5f8f09692d9ba1e5baa, type: 3}",-248771874,1fa22c2b5ebef5f8f09692d9ba1e5baa,Assets/Plugins/LeTai.TrueShadow.dll,0,"{x: 1.7881396E-07, y: -3}",90,3,0,6,0,1,0
LevelManager,Assets/GameObject/LevelManager.prefab,LeTai.TrueShadow,1fa22c2b5ebef5f8f09692d9ba1e5baa,-248771874,0,[],1,"{r: 0.4764151, g: 1, b: 0.62022334, a: 1}",2,0,0,1,1,1,{fileID: 0},0,0,1,{fileID: 1044992560249396},1044992560249396,0,{fileID: 0},0,{fileID: 0},0,"{fileID: -248771874, guid: 1fa22c2b5ebef5f8f09692d9ba1e5baa, type: 3}",-248771874,1fa22c2b5ebef5f8f09692d9ba1e5baa,Assets/Plugins/LeTai.TrueShadow.dll,0,"{x: 0, y: -0}",90,0,0,17.85,0,0,0
LevelManager,Assets/GameObject/LevelManager.prefab,LeTai.TrueShadow,1fa22c2b5ebef5f8f09692d9ba1e5baa,-248771874,0,[],0,"{r: 0, g: 0, b: 0, a: 0.6}",2,0,0,0,0,0,{fileID: 0},0,0,0,{fileID: 1952021204205728},1952021204205728,0,{fileID: 0},0,{fileID: 0},0,"{fileID: -248771874, guid: 1fa22c2b5ebef5f8f09692d9ba1e5baa, type: 3}",-248771874,1fa22c2b5ebef5f8f09692d9ba1e5baa,Assets/Plugins/LeTai.TrueShadow.dll,0,"{x: 1.4142134, y: -1.4142137}",45,2,0,8,0,1,0
LevelManager,Assets/GameObject/LevelManager.prefab,LeTai.TrueShadow,1fa22c2b5ebef5f8f09692d9ba1e5baa,-248771874,0,[],0,"{r: 0, g: 0, b: 0, a: 0.72156864}",2,0,0,1,1,0,{fileID: 0},0,0,1,{fileID: 1950101071783125},1950101071783125,0,{fileID: 0},0,{fileID: 0},0,"{fileID: -248771874, guid: 1fa22c2b5ebef5f8f09692d9ba1e5baa, type: 3}",-248771874,1fa22c2b5ebef5f8f09692d9ba1e5baa,Assets/Plugins/LeTai.TrueShadow.dll,0,"{x: 5.9195232, y: -5.38138}",42.273666,8,0,3,0.5,1,0
LevelManager,Assets/GameObject/LevelManager.prefab,LeTai.TrueShadow,1fa22c2b5ebef5f8f09692d9ba1e5baa,-248771874,0,[],0,"{r: 1, g: 1, b: 1, a: 1}",2,0,0,1,0,0,{fileID: 0},0,0,0,{fileID: 1592236396700768},1592236396700768,0,{fileID: 0},0,{fileID: 0},0,"{fileID: -248771874, guid: 1fa22c2b5ebef5f8f09692d9ba1e5baa, type: 3}",-248771874,1fa22c2b5ebef5f8f09692d9ba1e5baa,Assets/Plugins/LeTai.TrueShadow.dll,0,"{x: 0, y: -0}",90,0,0,1,0,1,0
LevelManager,Assets/GameObject/LevelManager.prefab,LeTai.TrueShadow,1fa22c2b5ebef5f8f09692d9ba1e5baa,-248771874,0,[],0,"{r: 1, g: 1, b: 1, a: 0.6}",2,0,0,0,0,0,{fileID: 0},0,0,1,{fileID: 1234131141582953},1234131141582953,0,{fileID: 0},0,{fileID: 0},0,"{fileID: -248771874, guid: 1fa22c2b5ebef5f8f09692d9ba1e5baa, type: 3}",-248771874,1fa22c2b5ebef5f8f09692d9ba1e5baa,Assets/Plugins/LeTai.TrueShadow.dll,0,"{x: 0, y: -0}",90,0,0,2,0,1,0
LevelManager,Assets/GameObject/LevelManager.prefab,LeTai.TrueShadow,1fa22c2b5ebef5f8f09692d9ba1e5baa,-248771874,0,[],0,"{r: 1, g: 1, b: 1, a: 0.6}",2,0,0,0,0,0,{fileID: 0},0,0,1,{fileID: 1237774985236570},1237774985236570,0,{fileID: 0},0,{fileID: 0},0,"{fileID: -248771874, guid: 1fa22c2b5ebef5f8f09692d9ba1e5baa, type: 3}",-248771874,1fa22c2b5ebef5f8f09692d9ba1e5baa,Assets/Plugins/LeTai.TrueShadow.dll,0,"{x: 0, y: -0}",90,0,0,2,0,1,0
LevelManager,Assets/GameObject/LevelManager.prefab,LeTai.TrueShadow,1fa22c2b5ebef5f8f09692d9ba1e5baa,-248771874,0,[],0,"{r: 1, g: 1, b: 1, a: 0.6}",2,0,0,0,0,0,{fileID: 0},0,0,1,{fileID: 1120192665395798},1120192665395798,0,{fileID: 0},0,{fileID: 0},0,"{fileID: -248771874, guid: 1fa22c2b5ebef5f8f09692d9ba1e5baa, type: 3}",-248771874,1fa22c2b5ebef5f8f09692d9ba1e5baa,Assets/Plugins/LeTai.TrueShadow.dll,0,"{x: 0, y: -0}",90,0,0,2,0,1,0
LevelManager,Assets/GameObject/LevelManager.prefab,LeTai.TrueShadow,1fa22c2b5ebef5f8f09692d9ba1e5baa,-248771874,0,[],0,"{r: 0, g: 0, b: 0, a: 0.6}",2,0,0,0,0,0,{fileID: 0},0,0,0,{fileID: 1032638714092328},1032638714092328,0,{fileID: 0},0,{fileID: 0},0,"{fileID: -248771874, guid: 1fa22c2b5ebef5f8f09692d9ba1e5baa, type: 3}",-248771874,1fa22c2b5ebef5f8f09692d9ba1e5baa,Assets/Plugins/LeTai.TrueShadow.dll,0,"{x: 1.7881396E-07, y: -3}",90,3,0,6,0,1,0
LevelManager,Assets/GameObject/LevelManager.prefab,LeTai.TrueShadow,1fa22c2b5ebef5f8f09692d9ba1e5baa,-248771874,0,[],1,"{r: 0.4764151, g: 1, b: 0.62022334, a: 1}",2,0,0,1,1,1,{fileID: 0},0,0,1,{fileID: 1012699080095850},1012699080095850,0,{fileID: 0},0,{fileID: 0},0,"{fileID: -248771874, guid: 1fa22c2b5ebef5f8f09692d9ba1e5baa, type: 3}",-248771874,1fa22c2b5ebef5f8f09692d9ba1e5baa,Assets/Plugins/LeTai.TrueShadow.dll,0,"{x: 0, y: -0}",90,0,0,17.85,0,0,0
LevelManager,Assets/GameObject/LevelManager.prefab,LeTai.TrueShadow,1fa22c2b5ebef5f8f09692d9ba1e5baa,-248771874,0,[],0,"{r: 0, g: 0, b: 0, a: 0.6}",2,0,0,0,0,0,{fileID: 0},0,0,0,{fileID: 1030341176869025},1030341176869025,0,{fileID: 0},0,{fileID: 0},0,"{fileID: -248771874, guid: 1fa22c2b5ebef5f8f09692d9ba1e5baa, type: 3}",-248771874,1fa22c2b5ebef5f8f09692d9ba1e5baa,Assets/Plugins/LeTai.TrueShadow.dll,0,"{x: 1.4142134, y: -1.4142137}",45,2,0,8,0,1,0
LevelManager,Assets/GameObject/LevelManager.prefab,LeTai.TrueShadow,1fa22c2b5ebef5f8f09692d9ba1e5baa,-248771874,0,[],0,"{r: 0, g: 0, b: 0, a: 0.72156864}",2,0,0,1,1,0,{fileID: 0},0,0,1,{fileID: 1114262414622417},1114262414622417,0,{fileID: 0},0,{fileID: 0},0,"{fileID: -248771874, guid: 1fa22c2b5ebef5f8f09692d9ba1e5baa, type: 3}",-248771874,1fa22c2b5ebef5f8f09692d9ba1e5baa,Assets/Plugins/LeTai.TrueShadow.dll,0,"{x: 5.9195232, y: -5.38138}",42.273666,8,0,3,0.5,1,0
LevelManager,Assets/GameObject/LevelManager.prefab,LeTai.TrueShadow,1fa22c2b5ebef5f8f09692d9ba1e5baa,-248771874,0,[],0,"{r: 1, g: 1, b: 1, a: 1}",2,0,0,1,0,0,{fileID: 0},0,0,0,{fileID: 1112853298401974},1112853298401974,0,{fileID: 0},0,{fileID: 0},0,"{fileID: -248771874, guid: 1fa22c2b5ebef5f8f09692d9ba1e5baa, type: 3}",-248771874,1fa22c2b5ebef5f8f09692d9ba1e5baa,Assets/Plugins/LeTai.TrueShadow.dll,0,"{x: 0, y: -0}",90,0,0,1,0,1,0
LevelManager,Assets/GameObject/LevelManager.prefab,LeTai.TrueShadow,1fa22c2b5ebef5f8f09692d9ba1e5baa,-248771874,0,[],0,"{r: 1, g: 1, b: 1, a: 0.6}",2,0,0,0,0,0,{fileID: 0},0,0,1,{fileID: 1485442144099600},1485442144099600,0,{fileID: 0},0,{fileID: 0},0,"{fileID: -248771874, guid: 1fa22c2b5ebef5f8f09692d9ba1e5baa, type: 3}",-248771874,1fa22c2b5ebef5f8f09692d9ba1e5baa,Assets/Plugins/LeTai.TrueShadow.dll,0,"{x: 0, y: -0}",90,0,0,2,0,1,0
LevelManager,Assets/GameObject/LevelManager.prefab,LeTai.TrueShadow,1fa22c2b5ebef5f8f09692d9ba1e5baa,-248771874,0,[],0,"{r: 1, g: 1, b: 1, a: 0.6}",2,0,0,0,0,0,{fileID: 0},0,0,1,{fileID: 1808066963235189},1808066963235189,0,{fileID: 0},0,{fileID: 0},0,"{fileID: -248771874, guid: 1fa22c2b5ebef5f8f09692d9ba1e5baa, type: 3}",-248771874,1fa22c2b5ebef5f8f09692d9ba1e5baa,Assets/Plugins/LeTai.TrueShadow.dll,0,"{x: 0, y: -0}",90,0,0,2,0,1,0
LevelManager,Assets/GameObject/LevelManager.prefab,LeTai.TrueShadow,1fa22c2b5ebef5f8f09692d9ba1e5baa,-248771874,0,[],0,"{r: 1, g: 1, b: 1, a: 0.6}",2,0,0,0,0,0,{fileID: 0},0,0,1,{fileID: 1679508026570189},1679508026570189,0,{fileID: 0},0,{fileID: 0},0,"{fileID: -248771874, guid: 1fa22c2b5ebef5f8f09692d9ba1e5baa, type: 3}",-248771874,1fa22c2b5ebef5f8f09692d9ba1e5baa,Assets/Plugins/LeTai.TrueShadow.dll,0,"{x: 0, y: -0}",90,0,0,2,0,1,0
LevelManager,Assets/GameObject/LevelManager.prefab,LeTai.TrueShadow,1fa22c2b5ebef5f8f09692d9ba1e5baa,-248771874,0,[],0,"{r: 0, g: 0, b: 0, a: 0.6}",2,0,0,0,0,0,{fileID: 0},0,0,0,{fileID: 1902058809088590},1902058809088590,0,{fileID: 0},0,{fileID: 0},0,"{fileID: -248771874, guid: 1fa22c2b5ebef5f8f09692d9ba1e5baa, type: 3}",-248771874,1fa22c2b5ebef5f8f09692d9ba1e5baa,Assets/Plugins/LeTai.TrueShadow.dll,0,"{x: 1.7881396E-07, y: -3}",90,3,0,6,0,1,0
LevelManager,Assets/GameObject/LevelManager.prefab,LeTai.TrueShadow,1fa22c2b5ebef5f8f09692d9ba1e5baa,-248771874,0,[],1,"{r: 0.4764151, g: 1, b: 0.62022334, a: 1}",2,0,0,1,1,1,{fileID: 0},0,0,1,{fileID: 1124542090163559},1124542090163559,0,{fileID: 0},0,{fileID: 0},0,"{fileID: -248771874, guid: 1fa22c2b5ebef5f8f09692d9ba1e5baa, type: 3}",-248771874,1fa22c2b5ebef5f8f09692d9ba1e5baa,Assets/Plugins/LeTai.TrueShadow.dll,0,"{x: 0, y: -0}",90,0,0,17.85,0,0,0
LevelManager,Assets/GameObject/LevelManager.prefab,LeTai.TrueShadow,1fa22c2b5ebef5f8f09692d9ba1e5baa,-248771874,0,[],0,"{r: 0, g: 0, b: 0, a: 0.6}",2,0,0,0,0,0,{fileID: 0},0,0,0,{fileID: 1698526163665481},1698526163665481,0,{fileID: 0},0,{fileID: 0},0,"{fileID: -248771874, guid: 1fa22c2b5ebef5f8f09692d9ba1e5baa, type: 3}",-248771874,1fa22c2b5ebef5f8f09692d9ba1e5baa,Assets/Plugins/LeTai.TrueShadow.dll,0,"{x: 1.4142134, y: -1.4142137}",45,2,0,8,0,1,0
LevelManager,Assets/GameObject/LevelManager.prefab,LeTai.TrueShadow,1fa22c2b5ebef5f8f09692d9ba1e5baa,-248771874,0,[],0,"{r: 0, g: 0, b: 0, a: 0.72156864}",2,0,0,1,1,0,{fileID: 0},0,0,1,{fileID: 1299919812635947},1299919812635947,0,{fileID: 0},0,{fileID: 0},0,"{fileID: -248771874, guid: 1fa22c2b5ebef5f8f09692d9ba1e5baa, type: 3}",-248771874,1fa22c2b5ebef5f8f09692d9ba1e5baa,Assets/Plugins/LeTai.TrueShadow.dll,0,"{x: 5.9195232, y: -5.38138}",42.273666,8,0,3,0.5,1,0
LevelManager,Assets/GameObject/LevelManager.prefab,LeTai.TrueShadow,1fa22c2b5ebef5f8f09692d9ba1e5baa,-248771874,0,[],0,"{r: 1, g: 1, b: 1, a: 1}",2,0,0,1,0,0,{fileID: 0},0,0,0,{fileID: 1317815610343831},1317815610343831,0,{fileID: 0},0,{fileID: 0},0,"{fileID: -248771874, guid: 1fa22c2b5ebef5f8f09692d9ba1e5baa, type: 3}",-248771874,1fa22c2b5ebef5f8f09692d9ba1e5baa,Assets/Plugins/LeTai.TrueShadow.dll,0,"{x: 0, y: -0}",90,0,0,1,0,1,0
LevelManager,Assets/GameObject/LevelManager.prefab,LeTai.TrueShadow,1fa22c2b5ebef5f8f09692d9ba1e5baa,-248771874,0,[],0,"{r: 1, g: 1, b: 1, a: 0.6}",2,0,0,0,0,0,{fileID: 0},0,0,1,{fileID: 1762662430227962},1762662430227962,0,{fileID: 0},0,{fileID: 0},0,"{fileID: -248771874, guid: 1fa22c2b5ebef5f8f09692d9ba1e5baa, type: 3}",-248771874,1fa22c2b5ebef5f8f09692d9ba1e5baa,Assets/Plugins/LeTai.TrueShadow.dll,0,"{x: 0, y: -0}",90,0,0,2,0,1,0
LevelManager,Assets/GameObject/LevelManager.prefab,LeTai.TrueShadow,1fa22c2b5ebef5f8f09692d9ba1e5baa,-248771874,0,[],0,"{r: 1, g: 1, b: 1, a: 0.6}",2,0,0,0,0,0,{fileID: 0},0,0,1,{fileID: 1271261516923673},1271261516923673,0,{fileID: 0},0,{fileID: 0},0,"{fileID: -248771874, guid: 1fa22c2b5ebef5f8f09692d9ba1e5baa, type: 3}",-248771874,1fa22c2b5ebef5f8f09692d9ba1e5baa,Assets/Plugins/LeTai.TrueShadow.dll,0,"{x: 0, y: -0}",90,0,0,2,0,1,0
LevelManager,Assets/GameObject/LevelManager.prefab,LeTai.TrueShadow,1fa22c2b5ebef5f8f09692d9ba1e5baa,-248771874,0,[],0,"{r: 1, g: 1, b: 1, a: 0.6}",2,0,0,0,0,0,{fileID: 0},0,0,1,{fileID: 1061450025211336},1061450025211336,0,{fileID: 0},0,{fileID: 0},0,"{fileID: -248771874, guid: 1fa22c2b5ebef5f8f09692d9ba1e5baa, type: 3}",-248771874,1fa22c2b5ebef5f8f09692d9ba1e5baa,Assets/Plugins/LeTai.TrueShadow.dll,0,"{x: 0, y: -0}",90,0,0,2,0,1,0
LevelManager,Assets/GameObject/LevelManager.prefab,LeTai.TrueShadow,1fa22c2b5ebef5f8f09692d9ba1e5baa,-248771874,0,[],0,"{r: 0, g: 0, b: 0, a: 0.6}",2,0,0,0,0,0,{fileID: 0},0,0,0,{fileID: 1391098152878714},1391098152878714,0,{fileID: 0},0,{fileID: 0},0,"{fileID: -248771874, guid: 1fa22c2b5ebef5f8f09692d9ba1e5baa, type: 3}",-248771874,1fa22c2b5ebef5f8f09692d9ba1e5baa,Assets/Plugins/LeTai.TrueShadow.dll,0,"{x: 1.7881396E-07, y: -3}",90,3,0,6,0,1,0
LevelManager,Assets/GameObject/LevelManager.prefab,LeTai.TrueShadow,1fa22c2b5ebef5f8f09692d9ba1e5baa,-248771874,0,[],0,"{r: 1, g: 1, b: 1, a: 1}",2,0,0,0,0,0,{fileID: 0},0,0,0,{fileID: 1552027467457088},1552027467457088,0,{fileID: 0},0,{fileID: 0},0,"{fileID: -248771874, guid: 1fa22c2b5ebef5f8f09692d9ba1e5baa, type: 3}",-248771874,1fa22c2b5ebef5f8f09692d9ba1e5baa,Assets/Plugins/LeTai.TrueShadow.dll,0,"{x: 1.192093E-07, y: -2}",90,2,0,3.4,0.197,1,0
LevelManager,Assets/GameObject/LevelManager.prefab,LeTai.TrueShadow,1fa22c2b5ebef5f8f09692d9ba1e5baa,-248771874,0,[],0,"{r: 1, g: 1, b: 1, a: 1}",2,0,0,0,0,0,{fileID: 0},0,0,0,{fileID: 1539539186876307},1539539186876307,0,{fileID: 0},0,{fileID: 0},0,"{fileID: -248771874, guid: 1fa22c2b5ebef5f8f09692d9ba1e5baa, type: 3}",-248771874,1fa22c2b5ebef5f8f09692d9ba1e5baa,Assets/Plugins/LeTai.TrueShadow.dll,0,"{x: 1.192093E-07, y: 2}",270,2,0,3.4,0.197,1,0
LevelManager,Assets/GameObject/LevelManager.prefab,LeTai.TrueShadow,1fa22c2b5ebef5f8f09692d9ba1e5baa,-248771874,0,[],0,"{r: 0, g: 0, b: 0, a: 0.5686275}",2,0,0,0,0,1,{fileID: 0},0,0,1,{fileID: 1887208616708301},1887208616708301,0,{fileID: 0},0,{fileID: 0},0,"{fileID: -248771874, guid: 1fa22c2b5ebef5f8f09692d9ba1e5baa, type: 3}",-248771874,1fa22c2b5ebef5f8f09692d9ba1e5baa,Assets/Plugins/LeTai.TrueShadow.dll,0,"{x: 0.27349573, y: -1.4951923}",79.63423,1.52,0,2,0,0,0
LevelManager,Assets/GameObject/LevelManager.prefab,LeTai.TrueShadow,1fa22c2b5ebef5f8f09692d9ba1e5baa,-248771874,0,[],0,"{r: 0, g: 0, b: 0, a: 1}",2,0,0,0,0,0,{fileID: 0},0,0,1,{fileID: 1605430450363212},1605430450363212,0,{fileID: 0},0,{fileID: 0},0,"{fileID: -248771874, guid: 1fa22c2b5ebef5f8f09692d9ba1e5baa, type: 3}",-248771874,1fa22c2b5ebef5f8f09692d9ba1e5baa,Assets/Plugins/LeTai.TrueShadow.dll,0,"{x: 0, y: -0}",90,0,0,5,0,1,0
LevelManager,Assets/GameObject/LevelManager.prefab,LeTai.TrueShadow,1fa22c2b5ebef5f8f09692d9ba1e5baa,-248771874,0,[],0,"{r: 0, g: 0, b: 0, a: 0.6}",2,0,0,0,0,0,{fileID: 0},0,0,0,{fileID: 1847305378769852},1847305378769852,0,{fileID: 0},0,{fileID: 0},0,"{fileID: -248771874, guid: 1fa22c2b5ebef5f8f09692d9ba1e5baa, type: 3}",-248771874,1fa22c2b5ebef5f8f09692d9ba1e5baa,Assets/Plugins/LeTai.TrueShadow.dll,0,"{x: 7.1525585E-07, y: -12}",90,12,0,32,0,1,0
LevelManager,Assets/GameObject/LevelManager.prefab,LeTai.TrueShadow,1fa22c2b5ebef5f8f09692d9ba1e5baa,-248771874,0,[],0,"{r: 0, g: 0, b: 0, a: 0.6}",2,0,0,0,0,0,{fileID: 0},0,0,1,{fileID: 1713272316829646},1713272316829646,0,{fileID: 0},0,{fileID: 0},0,"{fileID: -248771874, guid: 1fa22c2b5ebef5f8f09692d9ba1e5baa, type: 3}",-248771874,1fa22c2b5ebef5f8f09692d9ba1e5baa,Assets/Plugins/LeTai.TrueShadow.dll,0,"{x: 5.6568537, y: -5.6568546}",45,8,0,8,0,1,0
LevelManager,Assets/GameObject/LevelManager.prefab,LeTai.TrueShadow,1fa22c2b5ebef5f8f09692d9ba1e5baa,-248771874,0,[],0,"{r: 0, g: 0, b: 0, a: 0.72156864}",2,0,0,0,0,0,{fileID: 0},0,0,1,{fileID: 1538194622636995},1538194622636995,0,{fileID: 0},0,{fileID: 0},0,"{fileID: -248771874, guid: 1fa22c2b5ebef5f8f09692d9ba1e5baa, type: 3}",-248771874,1fa22c2b5ebef5f8f09692d9ba1e5baa,Assets/Plugins/LeTai.TrueShadow.dll,0,"{x: 5.9195232, y: -5.38138}",42.273666,8,0,15,0,1,0
LevelManager,Assets/GameObject/LevelManager.prefab,LeTai.TrueShadow,1fa22c2b5ebef5f8f09692d9ba1e5baa,-248771874,0,[],0,"{r: 0, g: 0, b: 0, a: 0.6}",2,0,0,0,0,0,{fileID: 0},0,0,1,{fileID: 1076601867321305},1076601867321305,0,{fileID: 0},0,{fileID: 0},0,"{fileID: -248771874, guid: 1fa22c2b5ebef5f8f09692d9ba1e5baa, type: 3}",-248771874,1fa22c2b5ebef5f8f09692d9ba1e5baa,Assets/Plugins/LeTai.TrueShadow.dll,0,"{x: 3.5355334, y: -3.5355341}",45,5,0,5,0,1,0
LevelManager,Assets/GameObject/LevelManager.prefab,LeTai.TrueShadow,1fa22c2b5ebef5f8f09692d9ba1e5baa,-248771874,0,[],0,"{r: 1, g: 1, b: 1, a: 1}",2,0,0,0,0,0,{fileID: 0},0,0,1,{fileID: 1452565708726566},1452565708726566,0,{fileID: 0},0,{fileID: 0},0,"{fileID: -248771874, guid: 1fa22c2b5ebef5f8f09692d9ba1e5baa, type: 3}",-248771874,1fa22c2b5ebef5f8f09692d9ba1e5baa,Assets/Plugins/LeTai.TrueShadow.dll,0,"{x: 1.192093E-07, y: -2}",90,2,0,3.4,0.197,1,0
LevelManager,Assets/GameObject/LevelManager.prefab,LeTai.TrueShadow,1fa22c2b5ebef5f8f09692d9ba1e5baa,-248771874,0,[],0,"{r: 1, g: 1, b: 1, a: 1}",2,0,0,0,0,0,{fileID: 0},0,0,1,{fileID: 1313629222205494},1313629222205494,0,{fileID: 0},0,{fileID: 0},0,"{fileID: -248771874, guid: 1fa22c2b5ebef5f8f09692d9ba1e5baa, type: 3}",-248771874,1fa22c2b5ebef5f8f09692d9ba1e5baa,Assets/Plugins/LeTai.TrueShadow.dll,0,"{x: 1.192093E-07, y: 2}",270,2,0,3.4,0.197,1,0
LevelManager,Assets/GameObject/LevelManager.prefab,LeTai.TrueShadow,1fa22c2b5ebef5f8f09692d9ba1e5baa,-248771874,0,[],0,"{r: 0, g: 0, b: 0, a: 0.5686275}",2,0,0,0,0,1,{fileID: 0},0,0,1,{fileID: 1867033550501631},1867033550501631,0,{fileID: 0},0,{fileID: 0},0,"{fileID: -248771874, guid: 1fa22c2b5ebef5f8f09692d9ba1e5baa, type: 3}",-248771874,1fa22c2b5ebef5f8f09692d9ba1e5baa,Assets/Plugins/LeTai.TrueShadow.dll,0,"{x: 0.27349573, y: -1.4951923}",79.63423,1.52,0,2,0,0,0
LevelManager,Assets/GameObject/LevelManager.prefab,LeTai.TrueShadow,1fa22c2b5ebef5f8f09692d9ba1e5baa,-248771874,0,[],0,"{r: 0, g: 0, b: 0, a: 1}",2,0,0,0,0,0,{fileID: 0},0,0,1,{fileID: 1609207657107574},1609207657107574,0,{fileID: 0},0,{fileID: 0},0,"{fileID: -248771874, guid: 1fa22c2b5ebef5f8f09692d9ba1e5baa, type: 3}",-248771874,1fa22c2b5ebef5f8f09692d9ba1e5baa,Assets/Plugins/LeTai.TrueShadow.dll,0,"{x: 0, y: -0}",90,0,0,5,0,1,0
LevelManager,Assets/GameObject/LevelManager.prefab,LeTai.TrueShadow,1fa22c2b5ebef5f8f09692d9ba1e5baa,-248771874,0,[],0,"{r: 0, g: 0, b: 0, a: 0.6}",2,0,0,0,0,0,{fileID: 0},0,0,1,{fileID: 1787023122970827},1787023122970827,0,{fileID: 0},0,{fileID: 0},0,"{fileID: -248771874, guid: 1fa22c2b5ebef5f8f09692d9ba1e5baa, type: 3}",-248771874,1fa22c2b5ebef5f8f09692d9ba1e5baa,Assets/Plugins/LeTai.TrueShadow.dll,0,"{x: 3.5355334, y: -3.5355341}",45,5,0,10,0,1,0
LevelManager,Assets/GameObject/LevelManager.prefab,LeTai.TrueShadow,1fa22c2b5ebef5f8f09692d9ba1e5baa,-248771874,0,[],1,"{r: 0.4764151, g: 1, b: 0.62022334, a: 1}",2,0,0,1,1,1,{fileID: 0},0,0,1,{fileID: 1185565357246834},1185565357246834,0,{fileID: 0},0,{fileID: 0},0,"{fileID: -248771874, guid: 1fa22c2b5ebef5f8f09692d9ba1e5baa, type: 3}",-248771874,1fa22c2b5ebef5f8f09692d9ba1e5baa,Assets/Plugins/LeTai.TrueShadow.dll,0,"{x: 0, y: -0}",90,0,0,17.85,0,0,0
LevelManager,Assets/GameObject/LevelManager.prefab,LeTai.TrueShadow,1fa22c2b5ebef5f8f09692d9ba1e5baa,-248771874,0,[],0,"{r: 0, g: 0, b: 0, a: 0.6}",2,0,0,0,0,0,{fileID: 0},0,0,0,{fileID: 1504372781237314},1504372781237314,0,{fileID: 0},0,{fileID: 0},0,"{fileID: -248771874, guid: 1fa22c2b5ebef5f8f09692d9ba1e5baa, type: 3}",-248771874,1fa22c2b5ebef5f8f09692d9ba1e5baa,Assets/Plugins/LeTai.TrueShadow.dll,0,"{x: 1.4142134, y: -1.4142137}",45,2,0,8,0,1,0
LevelManager,Assets/GameObject/LevelManager.prefab,LeTai.TrueShadow,1fa22c2b5ebef5f8f09692d9ba1e5baa,-248771874,0,[],0,"{r: 0, g: 0, b: 0, a: 0.72156864}",2,0,0,1,1,0,{fileID: 0},0,0,1,{fileID: 1554413744074293},1554413744074293,0,{fileID: 0},0,{fileID: 0},0,"{fileID: -248771874, guid: 1fa22c2b5ebef5f8f09692d9ba1e5baa, type: 3}",-248771874,1fa22c2b5ebef5f8f09692d9ba1e5baa,Assets/Plugins/LeTai.TrueShadow.dll,0,"{x: 5.9195232, y: -5.38138}",42.273666,8,0,3,0.5,1,0
LevelManager,Assets/GameObject/LevelManager.prefab,LeTai.TrueShadow,1fa22c2b5ebef5f8f09692d9ba1e5baa,-248771874,0,[],0,"{r: 1, g: 1, b: 1, a: 1}",2,0,0,1,0,0,{fileID: 0},0,0,0,{fileID: 1035464274638138},1035464274638138,0,{fileID: 0},0,{fileID: 0},0,"{fileID: -248771874, guid: 1fa22c2b5ebef5f8f09692d9ba1e5baa, type: 3}",-248771874,1fa22c2b5ebef5f8f09692d9ba1e5baa,Assets/Plugins/LeTai.TrueShadow.dll,0,"{x: 0, y: -0}",90,0,0,1,0,1,0
LevelManager,Assets/GameObject/LevelManager.prefab,LeTai.TrueShadow,1fa22c2b5ebef5f8f09692d9ba1e5baa,-248771874,0,[],0,"{r: 1, g: 1, b: 1, a: 0.6}",2,0,0,0,0,0,{fileID: 0},0,0,1,{fileID: 1021939526414935},1021939526414935,0,{fileID: 0},0,{fileID: 0},0,"{fileID: -248771874, guid: 1fa22c2b5ebef5f8f09692d9ba1e5baa, type: 3}",-248771874,1fa22c2b5ebef5f8f09692d9ba1e5baa,Assets/Plugins/LeTai.TrueShadow.dll,0,"{x: 0, y: -0}",90,0,0,2,0,1,0
LevelManager,Assets/GameObject/LevelManager.prefab,LeTai.TrueShadow,1fa22c2b5ebef5f8f09692d9ba1e5baa,-248771874,0,[],0,"{r: 1, g: 1, b: 1, a: 0.6}",2,0,0,0,0,0,{fileID: 0},0,0,1,{fileID: 1773708081713145},1773708081713145,0,{fileID: 0},0,{fileID: 0},0,"{fileID: -248771874, guid: 1fa22c2b5ebef5f8f09692d9ba1e5baa, type: 3}",-248771874,1fa22c2b5ebef5f8f09692d9ba1e5baa,Assets/Plugins/LeTai.TrueShadow.dll,0,"{x: 0, y: -0}",90,0,0,2,0,1,0
LevelManager,Assets/GameObject/LevelManager.prefab,LeTai.TrueShadow,1fa22c2b5ebef5f8f09692d9ba1e5baa,-248771874,0,[],0,"{r: 1, g: 1, b: 1, a: 0.6}",2,0,0,0,0,0,{fileID: 0},0,0,1,{fileID: 1346977136609188},1346977136609188,0,{fileID: 0},0,{fileID: 0},0,"{fileID: -248771874, guid: 1fa22c2b5ebef5f8f09692d9ba1e5baa, type: 3}",-248771874,1fa22c2b5ebef5f8f09692d9ba1e5baa,Assets/Plugins/LeTai.TrueShadow.dll,0,"{x: 0, y: -0}",90,0,0,2,0,1,0
LevelManager,Assets/GameObject/LevelManager.prefab,LeTai.TrueShadow,1fa22c2b5ebef5f8f09692d9ba1e5baa,-248771874,0,[],0,"{r: 0, g: 0, b: 0, a: 0.6}",2,0,0,0,0,0,{fileID: 0},0,0,0,{fileID: 1432242433024654},1432242433024654,0,{fileID: 0},0,{fileID: 0},0,"{fileID: -248771874, guid: 1fa22c2b5ebef5f8f09692d9ba1e5baa, type: 3}",-248771874,1fa22c2b5ebef5f8f09692d9ba1e5baa,Assets/Plugins/LeTai.TrueShadow.dll,0,"{x: 1.7881396E-07, y: -3}",90,3,0,6,0,1,0
LevelManager,Assets/GameObject/LevelManager.prefab,LeTai.TrueShadow,1fa22c2b5ebef5f8f09692d9ba1e5baa,-248771874,0,[],1,"{r: 0.4764151, g: 1, b: 0.62022334, a: 1}",2,0,0,1,1,1,{fileID: 0},0,0,1,{fileID: 1526209514486323},1526209514486323,0,{fileID: 0},0,{fileID: 0},0,"{fileID: -248771874, guid: 1fa22c2b5ebef5f8f09692d9ba1e5baa, type: 3}",-248771874,1fa22c2b5ebef5f8f09692d9ba1e5baa,Assets/Plugins/LeTai.TrueShadow.dll,0,"{x: 0, y: -0}",90,0,0,17.85,0,0,0
LevelManager,Assets/GameObject/LevelManager.prefab,LeTai.TrueShadow,1fa22c2b5ebef5f8f09692d9ba1e5baa,-248771874,0,[],0,"{r: 0, g: 0, b: 0, a: 0.6}",2,0,0,0,0,0,{fileID: 0},0,0,0,{fileID: 1780678177319499},1780678177319499,0,{fileID: 0},0,{fileID: 0},0,"{fileID: -248771874, guid: 1fa22c2b5ebef5f8f09692d9ba1e5baa, type: 3}",-248771874,1fa22c2b5ebef5f8f09692d9ba1e5baa,Assets/Plugins/LeTai.TrueShadow.dll,0,"{x: 1.4142134, y: -1.4142137}",45,2,0,8,0,1,0
LevelManager,Assets/GameObject/LevelManager.prefab,LeTai.TrueShadow,1fa22c2b5ebef5f8f09692d9ba1e5baa,-248771874,0,[],0,"{r: 0, g: 0, b: 0, a: 0.72156864}",2,0,0,1,1,0,{fileID: 0},0,0,1,{fileID: 1117500820953612},1117500820953612,0,{fileID: 0},0,{fileID: 0},0,"{fileID: -248771874, guid: 1fa22c2b5ebef5f8f09692d9ba1e5baa, type: 3}",-248771874,1fa22c2b5ebef5f8f09692d9ba1e5baa,Assets/Plugins/LeTai.TrueShadow.dll,0,"{x: 5.9195232, y: -5.38138}",42.273666,8,0,3,0.5,1,0
LevelManager,Assets/GameObject/LevelManager.prefab,LeTai.TrueShadow,1fa22c2b5ebef5f8f09692d9ba1e5baa,-248771874,0,[],0,"{r: 1, g: 1, b: 1, a: 1}",2,0,0,1,0,0,{fileID: 0},0,0,0,{fileID: 1430964219725182},1430964219725182,0,{fileID: 0},0,{fileID: 0},0,"{fileID: -248771874, guid: 1fa22c2b5ebef5f8f09692d9ba1e5baa, type: 3}",-248771874,1fa22c2b5ebef5f8f09692d9ba1e5baa,Assets/Plugins/LeTai.TrueShadow.dll,0,"{x: 0, y: -0}",90,0,0,1,0,1,0
LevelManager,Assets/GameObject/LevelManager.prefab,LeTai.TrueShadow,1fa22c2b5ebef5f8f09692d9ba1e5baa,-248771874,0,[],0,"{r: 1, g: 1, b: 1, a: 0.6}",2,0,0,0,0,0,{fileID: 0},0,0,1,{fileID: 1914924529895937},1914924529895937,0,{fileID: 0},0,{fileID: 0},0,"{fileID: -248771874, guid: 1fa22c2b5ebef5f8f09692d9ba1e5baa, type: 3}",-248771874,1fa22c2b5ebef5f8f09692d9ba1e5baa,Assets/Plugins/LeTai.TrueShadow.dll,0,"{x: 0, y: -0}",90,0,0,2,0,1,0
LevelManager,Assets/GameObject/LevelManager.prefab,LeTai.TrueShadow,1fa22c2b5ebef5f8f09692d9ba1e5baa,-248771874,0,[],0,"{r: 1, g: 1, b: 1, a: 0.6}",2,0,0,0,0,0,{fileID: 0},0,0,1,{fileID: 1820603838376935},1820603838376935,0,{fileID: 0},0,{fileID: 0},0,"{fileID: -248771874, guid: 1fa22c2b5ebef5f8f09692d9ba1e5baa, type: 3}",-248771874,1fa22c2b5ebef5f8f09692d9ba1e5baa,Assets/Plugins/LeTai.TrueShadow.dll,0,"{x: 0, y: -0}",90,0,0,2,0,1,0
LevelManager,Assets/GameObject/LevelManager.prefab,LeTai.TrueShadow,1fa22c2b5ebef5f8f09692d9ba1e5baa,-248771874,0,[],0,"{r: 1, g: 1, b: 1, a: 0.6}",2,0,0,0,0,0,{fileID: 0},0,0,1,{fileID: 1530876121396046},1530876121396046,0,{fileID: 0},0,{fileID: 0},0,"{fileID: -248771874, guid: 1fa22c2b5ebef5f8f09692d9ba1e5baa, type: 3}",-248771874,1fa22c2b5ebef5f8f09692d9ba1e5baa,Assets/Plugins/LeTai.TrueShadow.dll,0,"{x: 0, y: -0}",90,0,0,2,0,1,0
LevelManager,Assets/GameObject/LevelManager.prefab,LeTai.TrueShadow,1fa22c2b5ebef5f8f09692d9ba1e5baa,-248771874,0,[],0,"{r: 0, g: 0, b: 0, a: 0.6}",2,0,0,0,0,0,{fileID: 0},0,0,0,{fileID: 1848047222535381},1848047222535381,0,{fileID: 0},0,{fileID: 0},0,"{fileID: -248771874, guid: 1fa22c2b5ebef5f8f09692d9ba1e5baa, type: 3}",-248771874,1fa22c2b5ebef5f8f09692d9ba1e5baa,Assets/Plugins/LeTai.TrueShadow.dll,0,"{x: 1.7881396E-07, y: -3}",90,3,0,6,0,1,0
LevelManager,Assets/GameObject/LevelManager.prefab,LeTai.TrueShadow,1fa22c2b5ebef5f8f09692d9ba1e5baa,-248771874,0,[],1,"{r: 0.4764151, g: 1, b: 0.62022334, a: 1}",2,0,0,1,1,1,{fileID: 0},0,0,1,{fileID: 1529926757584841},1529926757584841,0,{fileID: 0},0,{fileID: 0},0,"{fileID: -248771874, guid: 1fa22c2b5ebef5f8f09692d9ba1e5baa, type: 3}",-248771874,1fa22c2b5ebef5f8f09692d9ba1e5baa,Assets/Plugins/LeTai.TrueShadow.dll,0,"{x: 0, y: -0}",90,0,0,17.85,0,0,0
LevelManager,Assets/GameObject/LevelManager.prefab,LeTai.TrueShadow,1fa22c2b5ebef5f8f09692d9ba1e5baa,-248771874,0,[],0,"{r: 0, g: 0, b: 0, a: 0.6}",2,0,0,0,0,0,{fileID: 0},0,0,0,{fileID: 1482011700911487},1482011700911487,0,{fileID: 0},0,{fileID: 0},0,"{fileID: -248771874, guid: 1fa22c2b5ebef5f8f09692d9ba1e5baa, type: 3}",-248771874,1fa22c2b5ebef5f8f09692d9ba1e5baa,Assets/Plugins/LeTai.TrueShadow.dll,0,"{x: 1.4142134, y: -1.4142137}",45,2,0,8,0,1,0
LevelManager,Assets/GameObject/LevelManager.prefab,LeTai.TrueShadow,1fa22c2b5ebef5f8f09692d9ba1e5baa,-248771874,0,[],0,"{r: 0, g: 0, b: 0, a: 0.72156864}",2,0,0,1,1,0,{fileID: 0},0,0,1,{fileID: 1306101494230842},1306101494230842,0,{fileID: 0},0,{fileID: 0},0,"{fileID: -248771874, guid: 1fa22c2b5ebef5f8f09692d9ba1e5baa, type: 3}",-248771874,1fa22c2b5ebef5f8f09692d9ba1e5baa,Assets/Plugins/LeTai.TrueShadow.dll,0,"{x: 5.9195232, y: -5.38138}",42.273666,8,0,3,0.5,1,0
LevelManager,Assets/GameObject/LevelManager.prefab,LeTai.TrueShadow,1fa22c2b5ebef5f8f09692d9ba1e5baa,-248771874,0,[],0,"{r: 1, g: 1, b: 1, a: 1}",2,0,0,1,0,0,{fileID: 0},0,0,0,{fileID: 1558629959184606},1558629959184606,0,{fileID: 0},0,{fileID: 0},0,"{fileID: -248771874, guid: 1fa22c2b5ebef5f8f09692d9ba1e5baa, type: 3}",-248771874,1fa22c2b5ebef5f8f09692d9ba1e5baa,Assets/Plugins/LeTai.TrueShadow.dll,0,"{x: 0, y: -0}",90,0,0,1,0,1,0
LevelManager,Assets/GameObject/LevelManager.prefab,LeTai.TrueShadow,1fa22c2b5ebef5f8f09692d9ba1e5baa,-248771874,0,[],0,"{r: 1, g: 1, b: 1, a: 0.6}",2,0,0,0,0,0,{fileID: 0},0,0,1,{fileID: 1911470704562232},1911470704562232,0,{fileID: 0},0,{fileID: 0},0,"{fileID: -248771874, guid: 1fa22c2b5ebef5f8f09692d9ba1e5baa, type: 3}",-248771874,1fa22c2b5ebef5f8f09692d9ba1e5baa,Assets/Plugins/LeTai.TrueShadow.dll,0,"{x: 0, y: -0}",90,0,0,2,0,1,0
LevelManager,Assets/GameObject/LevelManager.prefab,LeTai.TrueShadow,1fa22c2b5ebef5f8f09692d9ba1e5baa,-248771874,0,[],0,"{r: 1, g: 1, b: 1, a: 0.6}",2,0,0,0,0,0,{fileID: 0},0,0,1,{fileID: 1539367144620921},1539367144620921,0,{fileID: 0},0,{fileID: 0},0,"{fileID: -248771874, guid: 1fa22c2b5ebef5f8f09692d9ba1e5baa, type: 3}",-248771874,1fa22c2b5ebef5f8f09692d9ba1e5baa,Assets/Plugins/LeTai.TrueShadow.dll,0,"{x: 0, y: -0}",90,0,0,2,0,1,0
LevelManager,Assets/GameObject/LevelManager.prefab,LeTai.TrueShadow,1fa22c2b5ebef5f8f09692d9ba1e5baa,-248771874,0,[],0,"{r: 1, g: 1, b: 1, a: 0.6}",2,0,0,0,0,0,{fileID: 0},0,0,1,{fileID: 1796567089542291},1796567089542291,0,{fileID: 0},0,{fileID: 0},0,"{fileID: -248771874, guid: 1fa22c2b5ebef5f8f09692d9ba1e5baa, type: 3}",-248771874,1fa22c2b5ebef5f8f09692d9ba1e5baa,Assets/Plugins/LeTai.TrueShadow.dll,0,"{x: 0, y: -0}",90,0,0,2,0,1,0
LevelManager,Assets/GameObject/LevelManager.prefab,LeTai.TrueShadow,1fa22c2b5ebef5f8f09692d9ba1e5baa,-248771874,0,[],0,"{r: 0, g: 0, b: 0, a: 0.6}",2,0,0,0,0,0,{fileID: 0},0,0,0,{fileID: 1622272245004088},1622272245004088,0,{fileID: 0},0,{fileID: 0},0,"{fileID: -248771874, guid: 1fa22c2b5ebef5f8f09692d9ba1e5baa, type: 3}",-248771874,1fa22c2b5ebef5f8f09692d9ba1e5baa,Assets/Plugins/LeTai.TrueShadow.dll,0,"{x: 1.7881396E-07, y: -3}",90,3,0,6,0,1,0
LevelManager,Assets/GameObject/LevelManager.prefab,LeTai.TrueShadow,1fa22c2b5ebef5f8f09692d9ba1e5baa,-248771874,0,[],1,"{r: 0.4764151, g: 1, b: 0.62022334, a: 1}",2,0,0,1,1,1,{fileID: 0},0,0,1,{fileID: 1458051989646423},1458051989646423,0,{fileID: 0},0,{fileID: 0},0,"{fileID: -248771874, guid: 1fa22c2b5ebef5f8f09692d9ba1e5baa, type: 3}",-248771874,1fa22c2b5ebef5f8f09692d9ba1e5baa,Assets/Plugins/LeTai.TrueShadow.dll,0,"{x: 0, y: -0}",90,0,0,17.85,0,0,0
LevelManager,Assets/GameObject/LevelManager.prefab,LeTai.TrueShadow,1fa22c2b5ebef5f8f09692d9ba1e5baa,-248771874,0,[],0,"{r: 0, g: 0, b: 0, a: 0.6}",2,0,0,0,0,0,{fileID: 0},0,0,0,{fileID: 1014410704264731},1014410704264731,0,{fileID: 0},0,{fileID: 0},0,"{fileID: -248771874, guid: 1fa22c2b5ebef5f8f09692d9ba1e5baa, type: 3}",-248771874,1fa22c2b5ebef5f8f09692d9ba1e5baa,Assets/Plugins/LeTai.TrueShadow.dll,0,"{x: 1.4142134, y: -1.4142137}",45,2,0,8,0,1,0
LevelManager,Assets/GameObject/LevelManager.prefab,LeTai.TrueShadow,1fa22c2b5ebef5f8f09692d9ba1e5baa,-248771874,0,[],0,"{r: 0, g: 0, b: 0, a: 0.72156864}",2,0,0,1,1,0,{fileID: 0},0,0,1,{fileID: 1439730413252585},1439730413252585,0,{fileID: 0},0,{fileID: 0},0,"{fileID: -248771874, guid: 1fa22c2b5ebef5f8f09692d9ba1e5baa, type: 3}",-248771874,1fa22c2b5ebef5f8f09692d9ba1e5baa,Assets/Plugins/LeTai.TrueShadow.dll,0,"{x: 5.9195232, y: -5.38138}",42.273666,8,0,3,0.5,1,0
LevelManager,Assets/GameObject/LevelManager.prefab,LeTai.TrueShadow,1fa22c2b5ebef5f8f09692d9ba1e5baa,-248771874,0,[],0,"{r: 1, g: 1, b: 1, a: 1}",2,0,0,1,0,0,{fileID: 0},0,0,0,{fileID: 1970225282900109},1970225282900109,0,{fileID: 0},0,{fileID: 0},0,"{fileID: -248771874, guid: 1fa22c2b5ebef5f8f09692d9ba1e5baa, type: 3}",-248771874,1fa22c2b5ebef5f8f09692d9ba1e5baa,Assets/Plugins/LeTai.TrueShadow.dll,0,"{x: 0, y: -0}",90,0,0,1,0,1,0
LevelManager,Assets/GameObject/LevelManager.prefab,LeTai.TrueShadow,1fa22c2b5ebef5f8f09692d9ba1e5baa,-248771874,0,[],0,"{r: 1, g: 1, b: 1, a: 0.6}",2,0,0,0,0,0,{fileID: 0},0,0,1,{fileID: 1847460842828569},1847460842828569,0,{fileID: 0},0,{fileID: 0},0,"{fileID: -248771874, guid: 1fa22c2b5ebef5f8f09692d9ba1e5baa, type: 3}",-248771874,1fa22c2b5ebef5f8f09692d9ba1e5baa,Assets/Plugins/LeTai.TrueShadow.dll,0,"{x: 0, y: -0}",90,0,0,2,0,1,0
LevelManager,Assets/GameObject/LevelManager.prefab,LeTai.TrueShadow,1fa22c2b5ebef5f8f09692d9ba1e5baa,-248771874,0,[],0,"{r: 1, g: 1, b: 1, a: 0.6}",2,0,0,0,0,0,{fileID: 0},0,0,1,{fileID: 1541049234081540},1541049234081540,0,{fileID: 0},0,{fileID: 0},0,"{fileID: -248771874, guid: 1fa22c2b5ebef5f8f09692d9ba1e5baa, type: 3}",-248771874,1fa22c2b5ebef5f8f09692d9ba1e5baa,Assets/Plugins/LeTai.TrueShadow.dll,0,"{x: 0, y: -0}",90,0,0,2,0,1,0
LevelManager,Assets/GameObject/LevelManager.prefab,LeTai.TrueShadow,1fa22c2b5ebef5f8f09692d9ba1e5baa,-248771874,0,[],0,"{r: 1, g: 1, b: 1, a: 0.6}",2,0,0,0,0,0,{fileID: 0},0,0,1,{fileID: 1898811836298382},1898811836298382,0,{fileID: 0},0,{fileID: 0},0,"{fileID: -248771874, guid: 1fa22c2b5ebef5f8f09692d9ba1e5baa, type: 3}",-248771874,1fa22c2b5ebef5f8f09692d9ba1e5baa,Assets/Plugins/LeTai.TrueShadow.dll,0,"{x: 0, y: -0}",90,0,0,2,0,1,0
LevelManager,Assets/GameObject/LevelManager.prefab,LeTai.TrueShadow,1fa22c2b5ebef5f8f09692d9ba1e5baa,-248771874,0,[],0,"{r: 0, g: 0, b: 0, a: 0.6}",2,0,0,0,0,0,{fileID: 0},0,0,0,{fileID: 1486470976828664},1486470976828664,0,{fileID: 0},0,{fileID: 0},0,"{fileID: -248771874, guid: 1fa22c2b5ebef5f8f09692d9ba1e5baa, type: 3}",-248771874,1fa22c2b5ebef5f8f09692d9ba1e5baa,Assets/Plugins/LeTai.TrueShadow.dll,0,"{x: 1.7881396E-07, y: -3}",90,3,0,6,0,1,0
LevelManager,Assets/GameObject/LevelManager.prefab,LeTai.TrueShadow,1fa22c2b5ebef5f8f09692d9ba1e5baa,-248771874,0,[],1,"{r: 0.4764151, g: 1, b: 0.62022334, a: 1}",2,0,0,1,1,1,{fileID: 0},0,0,1,{fileID: 1935869614409724},1935869614409724,0,{fileID: 0},0,{fileID: 0},0,"{fileID: -248771874, guid: 1fa22c2b5ebef5f8f09692d9ba1e5baa, type: 3}",-248771874,1fa22c2b5ebef5f8f09692d9ba1e5baa,Assets/Plugins/LeTai.TrueShadow.dll,0,"{x: 0, y: -0}",90,0,0,17.85,0,0,0
LevelManager,Assets/GameObject/LevelManager.prefab,LeTai.TrueShadow,1fa22c2b5ebef5f8f09692d9ba1e5baa,-248771874,0,[],0,"{r: 0, g: 0, b: 0, a: 0.6}",2,0,0,0,0,0,{fileID: 0},0,0,0,{fileID: 1463999121671720},1463999121671720,0,{fileID: 0},0,{fileID: 0},0,"{fileID: -248771874, guid: 1fa22c2b5ebef5f8f09692d9ba1e5baa, type: 3}",-248771874,1fa22c2b5ebef5f8f09692d9ba1e5baa,Assets/Plugins/LeTai.TrueShadow.dll,0,"{x: 1.4142134, y: -1.4142137}",45,2,0,8,0,1,0
LevelManager,Assets/GameObject/LevelManager.prefab,LeTai.TrueShadow,1fa22c2b5ebef5f8f09692d9ba1e5baa,-248771874,0,[],0,"{r: 0, g: 0, b: 0, a: 0.72156864}",2,0,0,1,1,0,{fileID: 0},0,0,1,{fileID: 1232740271494050},1232740271494050,0,{fileID: 0},0,{fileID: 0},0,"{fileID: -248771874, guid: 1fa22c2b5ebef5f8f09692d9ba1e5baa, type: 3}",-248771874,1fa22c2b5ebef5f8f09692d9ba1e5baa,Assets/Plugins/LeTai.TrueShadow.dll,0,"{x: 5.9195232, y: -5.38138}",42.273666,8,0,3,0.5,1,0
LevelManager,Assets/GameObject/LevelManager.prefab,LeTai.TrueShadow,1fa22c2b5ebef5f8f09692d9ba1e5baa,-248771874,0,[],0,"{r: 1, g: 1, b: 1, a: 1}",2,0,0,1,0,0,{fileID: 0},0,0,0,{fileID: 1361585047672559},1361585047672559,0,{fileID: 0},0,{fileID: 0},0,"{fileID: -248771874, guid: 1fa22c2b5ebef5f8f09692d9ba1e5baa, type: 3}",-248771874,1fa22c2b5ebef5f8f09692d9ba1e5baa,Assets/Plugins/LeTai.TrueShadow.dll,0,"{x: 0, y: -0}",90,0,0,1,0,1,0
LevelManager,Assets/GameObject/LevelManager.prefab,LeTai.TrueShadow,1fa22c2b5ebef5f8f09692d9ba1e5baa,-248771874,0,[],0,"{r: 1, g: 1, b: 1, a: 0.6}",2,0,0,0,0,0,{fileID: 0},0,0,1,{fileID: 1403584114254452},1403584114254452,0,{fileID: 0},0,{fileID: 0},0,"{fileID: -248771874, guid: 1fa22c2b5ebef5f8f09692d9ba1e5baa, type: 3}",-248771874,1fa22c2b5ebef5f8f09692d9ba1e5baa,Assets/Plugins/LeTai.TrueShadow.dll,0,"{x: 0, y: -0}",90,0,0,2,0,1,0
LevelManager,Assets/GameObject/LevelManager.prefab,LeTai.TrueShadow,1fa22c2b5ebef5f8f09692d9ba1e5baa,-248771874,0,[],0,"{r: 1, g: 1, b: 1, a: 0.6}",2,0,0,0,0,0,{fileID: 0},0,0,1,{fileID: 1007801501021097},1007801501021097,0,{fileID: 0},0,{fileID: 0},0,"{fileID: -248771874, guid: 1fa22c2b5ebef5f8f09692d9ba1e5baa, type: 3}",-248771874,1fa22c2b5ebef5f8f09692d9ba1e5baa,Assets/Plugins/LeTai.TrueShadow.dll,0,"{x: 0, y: -0}",90,0,0,2,0,1,0
LevelManager,Assets/GameObject/LevelManager.prefab,LeTai.TrueShadow,1fa22c2b5ebef5f8f09692d9ba1e5baa,-248771874,0,[],0,"{r: 1, g: 1, b: 1, a: 0.6}",2,0,0,0,0,0,{fileID: 0},0,0,1,{fileID: 1571527045821626},1571527045821626,0,{fileID: 0},0,{fileID: 0},0,"{fileID: -248771874, guid: 1fa22c2b5ebef5f8f09692d9ba1e5baa, type: 3}",-248771874,1fa22c2b5ebef5f8f09692d9ba1e5baa,Assets/Plugins/LeTai.TrueShadow.dll,0,"{x: 0, y: -0}",90,0,0,2,0,1,0
LevelManager,Assets/GameObject/LevelManager.prefab,LeTai.TrueShadow,1fa22c2b5ebef5f8f09692d9ba1e5baa,-248771874,0,[],0,"{r: 0, g: 0, b: 0, a: 0.6}",2,0,0,0,0,0,{fileID: 0},0,0,0,{fileID: 1731161777394354},1731161777394354,0,{fileID: 0},0,{fileID: 0},0,"{fileID: -248771874, guid: 1fa22c2b5ebef5f8f09692d9ba1e5baa, type: 3}",-248771874,1fa22c2b5ebef5f8f09692d9ba1e5baa,Assets/Plugins/LeTai.TrueShadow.dll,0,"{x: 1.7881396E-07, y: -3}",90,3,0,6,0,1,0
LevelManager,Assets/GameObject/LevelManager.prefab,LeTai.TrueShadow,1fa22c2b5ebef5f8f09692d9ba1e5baa,-248771874,0,[],0,"{r: 1, g: 1, b: 1, a: 1}",2,0,0,0,0,0,{fileID: 0},0,0,1,{fileID: 1928793114228825},1928793114228825,0,{fileID: 0},0,{fileID: 0},0,"{fileID: -248771874, guid: 1fa22c2b5ebef5f8f09692d9ba1e5baa, type: 3}",-248771874,1fa22c2b5ebef5f8f09692d9ba1e5baa,Assets/Plugins/LeTai.TrueShadow.dll,0,"{x: 1.192093E-07, y: -2}",90,2,0,3.4,0.197,1,0
LevelManager,Assets/GameObject/LevelManager.prefab,LeTai.TrueShadow,1fa22c2b5ebef5f8f09692d9ba1e5baa,-248771874,0,[],0,"{r: 1, g: 1, b: 1, a: 1}",2,0,0,0,0,0,{fileID: 0},0,0,1,{fileID: 1430293189896525},1430293189896525,0,{fileID: 0},0,{fileID: 0},0,"{fileID: -248771874, guid: 1fa22c2b5ebef5f8f09692d9ba1e5baa, type: 3}",-248771874,1fa22c2b5ebef5f8f09692d9ba1e5baa,Assets/Plugins/LeTai.TrueShadow.dll,0,"{x: 1.192093E-07, y: 2}",270,2,0,3.4,0.197,1,0
LevelManager,Assets/GameObject/LevelManager.prefab,LeTai.TrueShadow,1fa22c2b5ebef5f8f09692d9ba1e5baa,-248771874,0,[],0,"{r: 0, g: 0, b: 0, a: 0.5686275}",2,0,0,0,0,1,{fileID: 0},0,0,1,{fileID: 1184735672784653},1184735672784653,0,{fileID: 0},0,{fileID: 0},0,"{fileID: -248771874, guid: 1fa22c2b5ebef5f8f09692d9ba1e5baa, type: 3}",-248771874,1fa22c2b5ebef5f8f09692d9ba1e5baa,Assets/Plugins/LeTai.TrueShadow.dll,0,"{x: 0.27349573, y: -1.4951923}",79.63423,1.52,0,2,0,0,0
LevelManager,Assets/GameObject/LevelManager.prefab,LeTai.TrueShadow,1fa22c2b5ebef5f8f09692d9ba1e5baa,-248771874,0,[],0,"{r: 0, g: 0, b: 0, a: 1}",2,0,0,0,0,0,{fileID: 0},0,0,1,{fileID: 1437497539806524},1437497539806524,0,{fileID: 0},0,{fileID: 0},0,"{fileID: -248771874, guid: 1fa22c2b5ebef5f8f09692d9ba1e5baa, type: 3}",-248771874,1fa22c2b5ebef5f8f09692d9ba1e5baa,Assets/Plugins/LeTai.TrueShadow.dll,0,"{x: 0, y: -0}",90,0,0,5,0,1,0
LevelManager,Assets/GameObject/LevelManager.prefab,LeTai.TrueShadow,1fa22c2b5ebef5f8f09692d9ba1e5baa,-248771874,0,[],0,"{r: 0, g: 0, b: 0, a: 0.8}",2,0,0,0,0,0,{fileID: 0},0,0,0,{fileID: 1815954858018800},1815954858018800,0,{fileID: 0},0,{fileID: 0},0,"{fileID: -248771874, guid: 1fa22c2b5ebef5f8f09692d9ba1e5baa, type: 3}",-248771874,1fa22c2b5ebef5f8f09692d9ba1e5baa,Assets/Plugins/LeTai.TrueShadow.dll,0,"{x: 1.192093E-07, y: -2}",90,2,0,3,0,1,0
LevelManager,Assets/GameObject/LevelManager.prefab,LeTai.TrueShadow,1fa22c2b5ebef5f8f09692d9ba1e5baa,-248771874,0,[],0,"{r: 1, g: 1, b: 1, a: 1}",2,0,0,1,0,0,{fileID: 0},0,0,1,{fileID: 1787814714693525},1787814714693525,0,{fileID: 0},0,{fileID: 0},0,"{fileID: -248771874, guid: 1fa22c2b5ebef5f8f09692d9ba1e5baa, type: 3}",-248771874,1fa22c2b5ebef5f8f09692d9ba1e5baa,Assets/Plugins/LeTai.TrueShadow.dll,0,"{x: 0, y: -0}",90,0,0,5.96,0,1,0
LevelManager,Assets/GameObject/LevelManager.prefab,LeTai.TrueShadow,1fa22c2b5ebef5f8f09692d9ba1e5baa,-248771874,0,[],0,"{r: 1, g: 0.4198113, b: 0.4198113, a: 0.49803922}",2,0,0,1,0,0,{fileID: 0},0,0,1,{fileID: 1153728174063057},1153728174063057,0,{fileID: 0},0,{fileID: 0},0,"{fileID: -248771874, guid: 1fa22c2b5ebef5f8f09692d9ba1e5baa, type: 3}",-248771874,1fa22c2b5ebef5f8f09692d9ba1e5baa,Assets/Plugins/LeTai.TrueShadow.dll,0,"{x: 0, y: -0}",45,0,0,10,0,1,0
LevelManager,Assets/GameObject/LevelManager.prefab,LeTai.TrueShadow,1fa22c2b5ebef5f8f09692d9ba1e5baa,-248771874,0,[],0,"{r: 1, g: 1, b: 1, a: 0.25490198}",2,0,0,0,0,0,{fileID: 0},0,0,1,{fileID: 1717692256246460},1717692256246460,0,{fileID: 0},0,{fileID: 0},0,"{fileID: -248771874, guid: 1fa22c2b5ebef5f8f09692d9ba1e5baa, type: 3}",-248771874,1fa22c2b5ebef5f8f09692d9ba1e5baa,Assets/Plugins/LeTai.TrueShadow.dll,0,"{x: 2.835498, y: -2.8354986}",45,4.01,0,3,0,1,0
LevelManager,Assets/GameObject/LevelManager.prefab,LeTai.TrueShadow,1fa22c2b5ebef5f8f09692d9ba1e5baa,-248771874,0,[],0,"{r: 0, g: 0, b: 0, a: 0.6}",2,0,0,0,0,0,{fileID: 0},0,0,1,{fileID: 1397217303506900},1397217303506900,0,{fileID: 0},0,{fileID: 0},0,"{fileID: -248771874, guid: 1fa22c2b5ebef5f8f09692d9ba1e5baa, type: 3}",-248771874,1fa22c2b5ebef5f8f09692d9ba1e5baa,Assets/Plugins/LeTai.TrueShadow.dll,0,"{x: 5.6568537, y: -5.6568546}",45,8,0,8,0,1,0
LevelManager,Assets/GameObject/LevelManager.prefab,LeTai.TrueShadow,1fa22c2b5ebef5f8f09692d9ba1e5baa,-248771874,0,[],1,"{r: 0.22745097, g: 0.7221681, b: 1, a: 1}",2,0,0,0,0,0,{fileID: 0},0,0,1,{fileID: 1676363646090596},1676363646090596,0,{fileID: 0},0,{fileID: 0},0,"{fileID: -248771874, guid: 1fa22c2b5ebef5f8f09692d9ba1e5baa, type: 3}",-248771874,1fa22c2b5ebef5f8f09692d9ba1e5baa,Assets/Plugins/LeTai.TrueShadow.dll,0,"{x: 0, y: -0}",90,0,0,16,0,0,0
LevelManager,Assets/GameObject/LevelManager.prefab,LeTai.TrueShadow,1fa22c2b5ebef5f8f09692d9ba1e5baa,-248771874,0,[],1,"{r: 0.47770557, g: 0.8962264, b: 0.56048983, a: 1}",2,0,0,0,1,1,{fileID: 0},0,0,1,{fileID: 1287758107570553},1287758107570553,0,{fileID: 0},0,{fileID: 0},0,"{fileID: -248771874, guid: 1fa22c2b5ebef5f8f09692d9ba1e5baa, type: 3}",-248771874,1fa22c2b5ebef5f8f09692d9ba1e5baa,Assets/Plugins/LeTai.TrueShadow.dll,0,"{x: 0, y: -0}",90,0,0,15,0,0,0
LevelManager,Assets/GameObject/LevelManager.prefab,LeTai.TrueShadow,1fa22c2b5ebef5f8f09692d9ba1e5baa,-248771874,0,[],0,"{r: 0, g: 0, b: 0, a: 0.6}",2,0,0,0,0,0,{fileID: 0},0,0,1,{fileID: 1449176167381062},1449176167381062,0,{fileID: 0},0,{fileID: 0},0,"{fileID: -248771874, guid: 1fa22c2b5ebef5f8f09692d9ba1e5baa, type: 3}",-248771874,1fa22c2b5ebef5f8f09692d9ba1e5baa,Assets/Plugins/LeTai.TrueShadow.dll,0,"{x: 1.4142134, y: -1.4142137}",45,2,0,8,0,1,0
LevelManager,Assets/GameObject/LevelManager.prefab,LeTai.TrueShadow,1fa22c2b5ebef5f8f09692d9ba1e5baa,-248771874,0,[],0,"{r: 0, g: 0, b: 0, a: 0.72156864}",2,0,0,1,1,0,{fileID: 0},0,0,1,{fileID: 1050100740402160},1050100740402160,0,{fileID: 0},0,{fileID: 0},0,"{fileID: -248771874, guid: 1fa22c2b5ebef5f8f09692d9ba1e5baa, type: 3}",-248771874,1fa22c2b5ebef5f8f09692d9ba1e5baa,Assets/Plugins/LeTai.TrueShadow.dll,0,"{x: 5.9195232, y: -5.38138}",42.273666,8,0,3,0.5,1,0
LevelManager,Assets/GameObject/LevelManager.prefab,LeTai.TrueShadow,1fa22c2b5ebef5f8f09692d9ba1e5baa,-248771874,0,[],0,"{r: 1, g: 1, b: 1, a: 1}",2,0,0,1,0,0,{fileID: 0},0,0,1,{fileID: 1678138169277829},1678138169277829,0,{fileID: 0},0,{fileID: 0},0,"{fileID: -248771874, guid: 1fa22c2b5ebef5f8f09692d9ba1e5baa, type: 3}",-248771874,1fa22c2b5ebef5f8f09692d9ba1e5baa,Assets/Plugins/LeTai.TrueShadow.dll,0,"{x: 0, y: -0}",90,0,0,1,0,1,0
LevelManager,Assets/GameObject/LevelManager.prefab,LeTai.TrueShadow,1fa22c2b5ebef5f8f09692d9ba1e5baa,-248771874,0,[],0,"{r: 1, g: 1, b: 1, a: 0.6}",2,0,0,0,0,0,{fileID: 0},0,0,1,{fileID: 1940115116595505},1940115116595505,0,{fileID: 0},0,{fileID: 0},0,"{fileID: -248771874, guid: 1fa22c2b5ebef5f8f09692d9ba1e5baa, type: 3}",-248771874,1fa22c2b5ebef5f8f09692d9ba1e5baa,Assets/Plugins/LeTai.TrueShadow.dll,0,"{x: 0, y: -0}",90,0,0,2,0,1,0
LevelManager,Assets/GameObject/LevelManager.prefab,LeTai.TrueShadow,1fa22c2b5ebef5f8f09692d9ba1e5baa,-248771874,0,[],0,"{r: 1, g: 1, b: 1, a: 0.6}",2,0,0,0,0,0,{fileID: 0},0,0,1,{fileID: 1309866351478566},1309866351478566,0,{fileID: 0},0,{fileID: 0},0,"{fileID: -248771874, guid: 1fa22c2b5ebef5f8f09692d9ba1e5baa, type: 3}",-248771874,1fa22c2b5ebef5f8f09692d9ba1e5baa,Assets/Plugins/LeTai.TrueShadow.dll,0,"{x: 0, y: -0}",90,0,0,2,0,1,0
LevelManager,Assets/GameObject/LevelManager.prefab,LeTai.TrueShadow,1fa22c2b5ebef5f8f09692d9ba1e5baa,-248771874,0,[],0,"{r: 1, g: 1, b: 1, a: 0.6}",2,0,0,0,0,0,{fileID: 0},0,0,1,{fileID: 1203298048959510},1203298048959510,0,{fileID: 0},0,{fileID: 0},0,"{fileID: -248771874, guid: 1fa22c2b5ebef5f8f09692d9ba1e5baa, type: 3}",-248771874,1fa22c2b5ebef5f8f09692d9ba1e5baa,Assets/Plugins/LeTai.TrueShadow.dll,0,"{x: 0, y: -0}",90,0,0,2,0,1,0
LevelManager,Assets/GameObject/LevelManager.prefab,LeTai.TrueShadow,1fa22c2b5ebef5f8f09692d9ba1e5baa,-248771874,0,[],0,"{r: 0, g: 0, b: 0, a: 0.6}",2,0,0,0,0,0,{fileID: 0},0,0,1,{fileID: 1411023217679062},1411023217679062,0,{fileID: 0},0,{fileID: 0},0,"{fileID: -248771874, guid: 1fa22c2b5ebef5f8f09692d9ba1e5baa, type: 3}",-248771874,1fa22c2b5ebef5f8f09692d9ba1e5baa,Assets/Plugins/LeTai.TrueShadow.dll,0,"{x: 1.7881396E-07, y: -3}",90,3,0,6,0,1,0
LevelManager,Assets/GameObject/LevelManager.prefab,LeTai.TrueShadow,1fa22c2b5ebef5f8f09692d9ba1e5baa,-248771874,0,[],0,"{r: 1, g: 1, b: 1, a: 0.6}",2,0,0,0,0,0,{fileID: 0},0,0,1,{fileID: 1537955352071461},1537955352071461,0,{fileID: 0},0,{fileID: 0},0,"{fileID: -248771874, guid: 1fa22c2b5ebef5f8f09692d9ba1e5baa, type: 3}",-248771874,1fa22c2b5ebef5f8f09692d9ba1e5baa,Assets/Plugins/LeTai.TrueShadow.dll,0,"{x: 0, y: -0}",90,0,0,2,0,1,0
LevelManager,Assets/GameObject/LevelManager.prefab,LeTai.TrueShadow,1fa22c2b5ebef5f8f09692d9ba1e5baa,-248771874,0,[],1,"{r: 0.47770557, g: 0.8962264, b: 0.56048983, a: 1}",2,0,0,0,1,1,{fileID: 0},0,0,1,{fileID: 1203522853980614},1203522853980614,0,{fileID: 0},0,{fileID: 0},0,"{fileID: -248771874, guid: 1fa22c2b5ebef5f8f09692d9ba1e5baa, type: 3}",-248771874,1fa22c2b5ebef5f8f09692d9ba1e5baa,Assets/Plugins/LeTai.TrueShadow.dll,0,"{x: 0, y: -0}",90,0,0,15,0,0,0
LevelManager,Assets/GameObject/LevelManager.prefab,LeTai.TrueShadow,1fa22c2b5ebef5f8f09692d9ba1e5baa,-248771874,0,[],0,"{r: 0, g: 0, b: 0, a: 0.6}",2,0,0,0,0,0,{fileID: 0},0,0,1,{fileID: 1739218424944095},1739218424944095,0,{fileID: 0},0,{fileID: 0},0,"{fileID: -248771874, guid: 1fa22c2b5ebef5f8f09692d9ba1e5baa, type: 3}",-248771874,1fa22c2b5ebef5f8f09692d9ba1e5baa,Assets/Plugins/LeTai.TrueShadow.dll,0,"{x: 1.4142134, y: -1.4142137}",45,2,0,8,0,1,0
LevelManager,Assets/GameObject/LevelManager.prefab,LeTai.TrueShadow,1fa22c2b5ebef5f8f09692d9ba1e5baa,-248771874,0,[],0,"{r: 0, g: 0, b: 0, a: 0.72156864}",2,0,0,1,1,0,{fileID: 0},0,0,1,{fileID: 1743078135364106},1743078135364106,0,{fileID: 0},0,{fileID: 0},0,"{fileID: -248771874, guid: 1fa22c2b5ebef5f8f09692d9ba1e5baa, type: 3}",-248771874,1fa22c2b5ebef5f8f09692d9ba1e5baa,Assets/Plugins/LeTai.TrueShadow.dll,0,"{x: 5.9195232, y: -5.38138}",42.273666,8,0,3,0.5,1,0
LevelManager,Assets/GameObject/LevelManager.prefab,LeTai.TrueShadow,1fa22c2b5ebef5f8f09692d9ba1e5baa,-248771874,0,[],0,"{r: 1, g: 1, b: 1, a: 1}",2,0,0,1,0,0,{fileID: 0},0,0,1,{fileID: 1042808715112451},1042808715112451,0,{fileID: 0},0,{fileID: 0},0,"{fileID: -248771874, guid: 1fa22c2b5ebef5f8f09692d9ba1e5baa, type: 3}",-248771874,1fa22c2b5ebef5f8f09692d9ba1e5baa,Assets/Plugins/LeTai.TrueShadow.dll,0,"{x: 0, y: -0}",90,0,0,1,0,1,0
LevelManager,Assets/GameObject/LevelManager.prefab,LeTai.TrueShadow,1fa22c2b5ebef5f8f09692d9ba1e5baa,-248771874,0,[],0,"{r: 1, g: 1, b: 1, a: 0.6}",2,0,0,0,0,0,{fileID: 0},0,0,1,{fileID: 1927303174392029},1927303174392029,0,{fileID: 0},0,{fileID: 0},0,"{fileID: -248771874, guid: 1fa22c2b5ebef5f8f09692d9ba1e5baa, type: 3}",-248771874,1fa22c2b5ebef5f8f09692d9ba1e5baa,Assets/Plugins/LeTai.TrueShadow.dll,0,"{x: 0, y: -0}",90,0,0,2,0,1,0
LevelManager,Assets/GameObject/LevelManager.prefab,LeTai.TrueShadow,1fa22c2b5ebef5f8f09692d9ba1e5baa,-248771874,0,[],0,"{r: 1, g: 1, b: 1, a: 0.6}",2,0,0,0,0,0,{fileID: 0},0,0,1,{fileID: 1892040663413450},1892040663413450,0,{fileID: 0},0,{fileID: 0},0,"{fileID: -248771874, guid: 1fa22c2b5ebef5f8f09692d9ba1e5baa, type: 3}",-248771874,1fa22c2b5ebef5f8f09692d9ba1e5baa,Assets/Plugins/LeTai.TrueShadow.dll,0,"{x: 0, y: -0}",90,0,0,2,0,1,0
LevelManager,Assets/GameObject/LevelManager.prefab,LeTai.TrueShadow,1fa22c2b5ebef5f8f09692d9ba1e5baa,-248771874,0,[],0,"{r: 1, g: 1, b: 1, a: 0.6}",2,0,0,0,0,0,{fileID: 0},0,0,1,{fileID: 1628812577254069},1628812577254069,0,{fileID: 0},0,{fileID: 0},0,"{fileID: -248771874, guid: 1fa22c2b5ebef5f8f09692d9ba1e5baa, type: 3}",-248771874,1fa22c2b5ebef5f8f09692d9ba1e5baa,Assets/Plugins/LeTai.TrueShadow.dll,0,"{x: 0, y: -0}",90,0,0,2,0,1,0
LevelManager,Assets/GameObject/LevelManager.prefab,LeTai.TrueShadow,1fa22c2b5ebef5f8f09692d9ba1e5baa,-248771874,0,[],0,"{r: 0, g: 0, b: 0, a: 0.6}",2,0,0,0,0,0,{fileID: 0},0,0,1,{fileID: 1286895089042441},1286895089042441,0,{fileID: 0},0,{fileID: 0},0,"{fileID: -248771874, guid: 1fa22c2b5ebef5f8f09692d9ba1e5baa, type: 3}",-248771874,1fa22c2b5ebef5f8f09692d9ba1e5baa,Assets/Plugins/LeTai.TrueShadow.dll,0,"{x: 1.7881396E-07, y: -3}",90,3,0,6,0,1,0
LevelManager,Assets/GameObject/LevelManager.prefab,LeTai.TrueShadow,1fa22c2b5ebef5f8f09692d9ba1e5baa,-248771874,0,[],0,"{r: 1, g: 1, b: 1, a: 0.6}",2,0,0,0,0,0,{fileID: 0},0,0,1,{fileID: 1037515375093008},1037515375093008,0,{fileID: 0},0,{fileID: 0},0,"{fileID: -248771874, guid: 1fa22c2b5ebef5f8f09692d9ba1e5baa, type: 3}",-248771874,1fa22c2b5ebef5f8f09692d9ba1e5baa,Assets/Plugins/LeTai.TrueShadow.dll,0,"{x: 0, y: -0}",90,0,0,2,0,1,0
LevelManager,Assets/GameObject/LevelManager.prefab,LeTai.TrueShadow,1fa22c2b5ebef5f8f09692d9ba1e5baa,-248771874,0,[],1,"{r: 0.47770557, g: 0.8962264, b: 0.56048983, a: 1}",2,0,0,0,1,1,{fileID: 0},0,0,1,{fileID: 1043730282442285},1043730282442285,0,{fileID: 0},0,{fileID: 0},0,"{fileID: -248771874, guid: 1fa22c2b5ebef5f8f09692d9ba1e5baa, type: 3}",-248771874,1fa22c2b5ebef5f8f09692d9ba1e5baa,Assets/Plugins/LeTai.TrueShadow.dll,0,"{x: 0, y: -0}",90,0,0,15,0,0,0
LevelManager,Assets/GameObject/LevelManager.prefab,LeTai.TrueShadow,1fa22c2b5ebef5f8f09692d9ba1e5baa,-248771874,0,[],0,"{r: 0, g: 0, b: 0, a: 0.6}",2,0,0,0,0,0,{fileID: 0},0,0,1,{fileID: 1309058057644713},1309058057644713,0,{fileID: 0},0,{fileID: 0},0,"{fileID: -248771874, guid: 1fa22c2b5ebef5f8f09692d9ba1e5baa, type: 3}",-248771874,1fa22c2b5ebef5f8f09692d9ba1e5baa,Assets/Plugins/LeTai.TrueShadow.dll,0,"{x: 1.4142134, y: -1.4142137}",45,2,0,8,0,1,0
LevelManager,Assets/GameObject/LevelManager.prefab,LeTai.TrueShadow,1fa22c2b5ebef5f8f09692d9ba1e5baa,-248771874,0,[],0,"{r: 0, g: 0, b: 0, a: 0.72156864}",2,0,0,1,1,0,{fileID: 0},0,0,1,{fileID: 1575900970523914},1575900970523914,0,{fileID: 0},0,{fileID: 0},0,"{fileID: -248771874, guid: 1fa22c2b5ebef5f8f09692d9ba1e5baa, type: 3}",-248771874,1fa22c2b5ebef5f8f09692d9ba1e5baa,Assets/Plugins/LeTai.TrueShadow.dll,0,"{x: 5.9195232, y: -5.38138}",42.273666,8,0,3,0.5,1,0
LevelManager,Assets/GameObject/LevelManager.prefab,LeTai.TrueShadow,1fa22c2b5ebef5f8f09692d9ba1e5baa,-248771874,0,[],0,"{r: 1, g: 1, b: 1, a: 1}",2,0,0,1,0,0,{fileID: 0},0,0,1,{fileID: 1911711721995123},1911711721995123,0,{fileID: 0},0,{fileID: 0},0,"{fileID: -248771874, guid: 1fa22c2b5ebef5f8f09692d9ba1e5baa, type: 3}",-248771874,1fa22c2b5ebef5f8f09692d9ba1e5baa,Assets/Plugins/LeTai.TrueShadow.dll,0,"{x: 0, y: -0}",90,0,0,1,0,1,0
LevelManager,Assets/GameObject/LevelManager.prefab,LeTai.TrueShadow,1fa22c2b5ebef5f8f09692d9ba1e5baa,-248771874,0,[],0,"{r: 1, g: 1, b: 1, a: 0.6}",2,0,0,0,0,0,{fileID: 0},0,0,1,{fileID: 1326344979420709},1326344979420709,0,{fileID: 0},0,{fileID: 0},0,"{fileID: -248771874, guid: 1fa22c2b5ebef5f8f09692d9ba1e5baa, type: 3}",-248771874,1fa22c2b5ebef5f8f09692d9ba1e5baa,Assets/Plugins/LeTai.TrueShadow.dll,0,"{x: 0, y: -0}",90,0,0,2,0,1,0
LevelManager,Assets/GameObject/LevelManager.prefab,LeTai.TrueShadow,1fa22c2b5ebef5f8f09692d9ba1e5baa,-248771874,0,[],0,"{r: 1, g: 1, b: 1, a: 0.6}",2,0,0,0,0,0,{fileID: 0},0,0,1,{fileID: 1161617895862650},1161617895862650,0,{fileID: 0},0,{fileID: 0},0,"{fileID: -248771874, guid: 1fa22c2b5ebef5f8f09692d9ba1e5baa, type: 3}",-248771874,1fa22c2b5ebef5f8f09692d9ba1e5baa,Assets/Plugins/LeTai.TrueShadow.dll,0,"{x: 0, y: -0}",90,0,0,2,0,1,0
LevelManager,Assets/GameObject/LevelManager.prefab,LeTai.TrueShadow,1fa22c2b5ebef5f8f09692d9ba1e5baa,-248771874,0,[],0,"{r: 1, g: 1, b: 1, a: 0.6}",2,0,0,0,0,0,{fileID: 0},0,0,1,{fileID: 1618352329821747},1618352329821747,0,{fileID: 0},0,{fileID: 0},0,"{fileID: -248771874, guid: 1fa22c2b5ebef5f8f09692d9ba1e5baa, type: 3}",-248771874,1fa22c2b5ebef5f8f09692d9ba1e5baa,Assets/Plugins/LeTai.TrueShadow.dll,0,"{x: 0, y: -0}",90,0,0,2,0,1,0
LevelManager,Assets/GameObject/LevelManager.prefab,LeTai.TrueShadow,1fa22c2b5ebef5f8f09692d9ba1e5baa,-248771874,0,[],0,"{r: 0, g: 0, b: 0, a: 0.6}",2,0,0,0,0,0,{fileID: 0},0,0,1,{fileID: 1553277282632834},1553277282632834,0,{fileID: 0},0,{fileID: 0},0,"{fileID: -248771874, guid: 1fa22c2b5ebef5f8f09692d9ba1e5baa, type: 3}",-248771874,1fa22c2b5ebef5f8f09692d9ba1e5baa,Assets/Plugins/LeTai.TrueShadow.dll,0,"{x: 1.7881396E-07, y: -3}",90,3,0,6,0,1,0
LevelManager,Assets/GameObject/LevelManager.prefab,LeTai.TrueShadow,1fa22c2b5ebef5f8f09692d9ba1e5baa,-248771874,0,[],0,"{r: 1, g: 1, b: 1, a: 0.6}",2,0,0,0,0,0,{fileID: 0},0,0,1,{fileID: 1832230570234779},1832230570234779,0,{fileID: 0},0,{fileID: 0},0,"{fileID: -248771874, guid: 1fa22c2b5ebef5f8f09692d9ba1e5baa, type: 3}",-248771874,1fa22c2b5ebef5f8f09692d9ba1e5baa,Assets/Plugins/LeTai.TrueShadow.dll,0,"{x: 0, y: -0}",90,0,0,2,0,1,0
LevelManager,Assets/GameObject/LevelManager.prefab,LeTai.TrueShadow,1fa22c2b5ebef5f8f09692d9ba1e5baa,-248771874,0,[],1,"{r: 0.47770557, g: 0.8962264, b: 0.56048983, a: 1}",2,0,0,0,1,1,{fileID: 0},0,0,1,{fileID: 1452031621766171},1452031621766171,0,{fileID: 0},0,{fileID: 0},0,"{fileID: -248771874, guid: 1fa22c2b5ebef5f8f09692d9ba1e5baa, type: 3}",-248771874,1fa22c2b5ebef5f8f09692d9ba1e5baa,Assets/Plugins/LeTai.TrueShadow.dll,0,"{x: 0, y: -0}",90,0,0,15,0,0,0
LevelManager,Assets/GameObject/LevelManager.prefab,LeTai.TrueShadow,1fa22c2b5ebef5f8f09692d9ba1e5baa,-248771874,0,[],0,"{r: 0, g: 0, b: 0, a: 0.6}",2,0,0,0,0,0,{fileID: 0},0,0,1,{fileID: 1448499375983684},1448499375983684,0,{fileID: 0},0,{fileID: 0},0,"{fileID: -248771874, guid: 1fa22c2b5ebef5f8f09692d9ba1e5baa, type: 3}",-248771874,1fa22c2b5ebef5f8f09692d9ba1e5baa,Assets/Plugins/LeTai.TrueShadow.dll,0,"{x: 1.4142134, y: -1.4142137}",45,2,0,8,0,1,0
LevelManager,Assets/GameObject/LevelManager.prefab,LeTai.TrueShadow,1fa22c2b5ebef5f8f09692d9ba1e5baa,-248771874,0,[],0,"{r: 0, g: 0, b: 0, a: 0.72156864}",2,0,0,1,1,0,{fileID: 0},0,0,1,{fileID: 1266311326455311},1266311326455311,0,{fileID: 0},0,{fileID: 0},0,"{fileID: -248771874, guid: 1fa22c2b5ebef5f8f09692d9ba1e5baa, type: 3}",-248771874,1fa22c2b5ebef5f8f09692d9ba1e5baa,Assets/Plugins/LeTai.TrueShadow.dll,0,"{x: 5.9195232, y: -5.38138}",42.273666,8,0,3,0.5,1,0
LevelManager,Assets/GameObject/LevelManager.prefab,LeTai.TrueShadow,1fa22c2b5ebef5f8f09692d9ba1e5baa,-248771874,0,[],0,"{r: 1, g: 1, b: 1, a: 1}",2,0,0,1,0,0,{fileID: 0},0,0,1,{fileID: 1256612482432028},1256612482432028,0,{fileID: 0},0,{fileID: 0},0,"{fileID: -248771874, guid: 1fa22c2b5ebef5f8f09692d9ba1e5baa, type: 3}",-248771874,1fa22c2b5ebef5f8f09692d9ba1e5baa,Assets/Plugins/LeTai.TrueShadow.dll,0,"{x: 0, y: -0}",90,0,0,1,0,1,0
LevelManager,Assets/GameObject/LevelManager.prefab,LeTai.TrueShadow,1fa22c2b5ebef5f8f09692d9ba1e5baa,-248771874,0,[],0,"{r: 1, g: 1, b: 1, a: 0.6}",2,0,0,0,0,0,{fileID: 0},0,0,1,{fileID: 1653102240557138},1653102240557138,0,{fileID: 0},0,{fileID: 0},0,"{fileID: -248771874, guid: 1fa22c2b5ebef5f8f09692d9ba1e5baa, type: 3}",-248771874,1fa22c2b5ebef5f8f09692d9ba1e5baa,Assets/Plugins/LeTai.TrueShadow.dll,0,"{x: 0, y: -0}",90,0,0,2,0,1,0
LevelManager,Assets/GameObject/LevelManager.prefab,LeTai.TrueShadow,1fa22c2b5ebef5f8f09692d9ba1e5baa,-248771874,0,[],0,"{r: 1, g: 1, b: 1, a: 0.6}",2,0,0,0,0,0,{fileID: 0},0,0,1,{fileID: 1674835600398607},1674835600398607,0,{fileID: 0},0,{fileID: 0},0,"{fileID: -248771874, guid: 1fa22c2b5ebef5f8f09692d9ba1e5baa, type: 3}",-248771874,1fa22c2b5ebef5f8f09692d9ba1e5baa,Assets/Plugins/LeTai.TrueShadow.dll,0,"{x: 0, y: -0}",90,0,0,2,0,1,0
LevelManager,Assets/GameObject/LevelManager.prefab,LeTai.TrueShadow,1fa22c2b5ebef5f8f09692d9ba1e5baa,-248771874,0,[],0,"{r: 1, g: 1, b: 1, a: 0.6}",2,0,0,0,0,0,{fileID: 0},0,0,1,{fileID: 1163458228370299},1163458228370299,0,{fileID: 0},0,{fileID: 0},0,"{fileID: -248771874, guid: 1fa22c2b5ebef5f8f09692d9ba1e5baa, type: 3}",-248771874,1fa22c2b5ebef5f8f09692d9ba1e5baa,Assets/Plugins/LeTai.TrueShadow.dll,0,"{x: 0, y: -0}",90,0,0,2,0,1,0
LevelManager,Assets/GameObject/LevelManager.prefab,LeTai.TrueShadow,1fa22c2b5ebef5f8f09692d9ba1e5baa,-248771874,0,[],0,"{r: 0, g: 0, b: 0, a: 0.6}",2,0,0,0,0,0,{fileID: 0},0,0,1,{fileID: 1426632601941136},1426632601941136,0,{fileID: 0},0,{fileID: 0},0,"{fileID: -248771874, guid: 1fa22c2b5ebef5f8f09692d9ba1e5baa, type: 3}",-248771874,1fa22c2b5ebef5f8f09692d9ba1e5baa,Assets/Plugins/LeTai.TrueShadow.dll,0,"{x: 1.7881396E-07, y: -3}",90,3,0,6,0,1,0
LevelManager,Assets/GameObject/LevelManager.prefab,LeTai.TrueShadow,1fa22c2b5ebef5f8f09692d9ba1e5baa,-248771874,0,[],0,"{r: 1, g: 1, b: 1, a: 0.6}",2,0,0,0,0,0,{fileID: 0},0,0,1,{fileID: 1920554528945057},1920554528945057,0,{fileID: 0},0,{fileID: 0},0,"{fileID: -248771874, guid: 1fa22c2b5ebef5f8f09692d9ba1e5baa, type: 3}",-248771874,1fa22c2b5ebef5f8f09692d9ba1e5baa,Assets/Plugins/LeTai.TrueShadow.dll,0,"{x: 0, y: -0}",90,0,0,2,0,1,0
LevelManager,Assets/GameObject/LevelManager.prefab,LeTai.TrueShadow,1fa22c2b5ebef5f8f09692d9ba1e5baa,-248771874,0,[],1,"{r: 0.47770557, g: 0.8962264, b: 0.56048983, a: 1}",2,0,0,0,1,1,{fileID: 0},0,0,1,{fileID: 1670305161420567},1670305161420567,0,{fileID: 0},0,{fileID: 0},0,"{fileID: -248771874, guid: 1fa22c2b5ebef5f8f09692d9ba1e5baa, type: 3}",-248771874,1fa22c2b5ebef5f8f09692d9ba1e5baa,Assets/Plugins/LeTai.TrueShadow.dll,0,"{x: 0, y: -0}",90,0,0,15,0,0,0
LevelManager,Assets/GameObject/LevelManager.prefab,LeTai.TrueShadow,1fa22c2b5ebef5f8f09692d9ba1e5baa,-248771874,0,[],0,"{r: 0, g: 0, b: 0, a: 0.6}",2,0,0,0,0,0,{fileID: 0},0,0,1,{fileID: 1222259016339852},1222259016339852,0,{fileID: 0},0,{fileID: 0},0,"{fileID: -248771874, guid: 1fa22c2b5ebef5f8f09692d9ba1e5baa, type: 3}",-248771874,1fa22c2b5ebef5f8f09692d9ba1e5baa,Assets/Plugins/LeTai.TrueShadow.dll,0,"{x: 1.4142134, y: -1.4142137}",45,2,0,8,0,1,0
LevelManager,Assets/GameObject/LevelManager.prefab,LeTai.TrueShadow,1fa22c2b5ebef5f8f09692d9ba1e5baa,-248771874,0,[],0,"{r: 0, g: 0, b: 0, a: 0.72156864}",2,0,0,1,1,0,{fileID: 0},0,0,1,{fileID: 1600654312917520},1600654312917520,0,{fileID: 0},0,{fileID: 0},0,"{fileID: -248771874, guid: 1fa22c2b5ebef5f8f09692d9ba1e5baa, type: 3}",-248771874,1fa22c2b5ebef5f8f09692d9ba1e5baa,Assets/Plugins/LeTai.TrueShadow.dll,0,"{x: 5.9195232, y: -5.38138}",42.273666,8,0,3,0.5,1,0
LevelManager,Assets/GameObject/LevelManager.prefab,LeTai.TrueShadow,1fa22c2b5ebef5f8f09692d9ba1e5baa,-248771874,0,[],0,"{r: 1, g: 1, b: 1, a: 1}",2,0,0,1,0,0,{fileID: 0},0,0,1,{fileID: 1486638803143000},1486638803143000,0,{fileID: 0},0,{fileID: 0},0,"{fileID: -248771874, guid: 1fa22c2b5ebef5f8f09692d9ba1e5baa, type: 3}",-248771874,1fa22c2b5ebef5f8f09692d9ba1e5baa,Assets/Plugins/LeTai.TrueShadow.dll,0,"{x: 0, y: -0}",90,0,0,1,0,1,0
LevelManager,Assets/GameObject/LevelManager.prefab,LeTai.TrueShadow,1fa22c2b5ebef5f8f09692d9ba1e5baa,-248771874,0,[],0,"{r: 1, g: 1, b: 1, a: 0.6}",2,0,0,0,0,0,{fileID: 0},0,0,1,{fileID: 1637990285905375},1637990285905375,0,{fileID: 0},0,{fileID: 0},0,"{fileID: -248771874, guid: 1fa22c2b5ebef5f8f09692d9ba1e5baa, type: 3}",-248771874,1fa22c2b5ebef5f8f09692d9ba1e5baa,Assets/Plugins/LeTai.TrueShadow.dll,0,"{x: 0, y: -0}",90,0,0,2,0,1,0
LevelManager,Assets/GameObject/LevelManager.prefab,LeTai.TrueShadow,1fa22c2b5ebef5f8f09692d9ba1e5baa,-248771874,0,[],0,"{r: 1, g: 1, b: 1, a: 0.6}",2,0,0,0,0,0,{fileID: 0},0,0,1,{fileID: 1174338627795519},1174338627795519,0,{fileID: 0},0,{fileID: 0},0,"{fileID: -248771874, guid: 1fa22c2b5ebef5f8f09692d9ba1e5baa, type: 3}",-248771874,1fa22c2b5ebef5f8f09692d9ba1e5baa,Assets/Plugins/LeTai.TrueShadow.dll,0,"{x: 0, y: -0}",90,0,0,2,0,1,0
LevelManager,Assets/GameObject/LevelManager.prefab,LeTai.TrueShadow,1fa22c2b5ebef5f8f09692d9ba1e5baa,-248771874,0,[],0,"{r: 1, g: 1, b: 1, a: 0.6}",2,0,0,0,0,0,{fileID: 0},0,0,1,{fileID: 1404242003685890},1404242003685890,0,{fileID: 0},0,{fileID: 0},0,"{fileID: -248771874, guid: 1fa22c2b5ebef5f8f09692d9ba1e5baa, type: 3}",-248771874,1fa22c2b5ebef5f8f09692d9ba1e5baa,Assets/Plugins/LeTai.TrueShadow.dll,0,"{x: 0, y: -0}",90,0,0,2,0,1,0
LevelManager,Assets/GameObject/LevelManager.prefab,LeTai.TrueShadow,1fa22c2b5ebef5f8f09692d9ba1e5baa,-248771874,0,[],0,"{r: 0, g: 0, b: 0, a: 0.6}",2,0,0,0,0,0,{fileID: 0},0,0,1,{fileID: 1186569356015810},1186569356015810,0,{fileID: 0},0,{fileID: 0},0,"{fileID: -248771874, guid: 1fa22c2b5ebef5f8f09692d9ba1e5baa, type: 3}",-248771874,1fa22c2b5ebef5f8f09692d9ba1e5baa,Assets/Plugins/LeTai.TrueShadow.dll,0,"{x: 1.7881396E-07, y: -3}",90,3,0,6,0,1,0
LevelManager,Assets/GameObject/LevelManager.prefab,LeTai.TrueShadow,1fa22c2b5ebef5f8f09692d9ba1e5baa,-248771874,0,[],0,"{r: 1, g: 1, b: 1, a: 0.6}",2,0,0,0,0,0,{fileID: 0},0,0,1,{fileID: 1451124071330273},1451124071330273,0,{fileID: 0},0,{fileID: 0},0,"{fileID: -248771874, guid: 1fa22c2b5ebef5f8f09692d9ba1e5baa, type: 3}",-248771874,1fa22c2b5ebef5f8f09692d9ba1e5baa,Assets/Plugins/LeTai.TrueShadow.dll,0,"{x: 0, y: -0}",90,0,0,2,0,1,0
LevelManager,Assets/GameObject/LevelManager.prefab,LeTai.TrueShadow,1fa22c2b5ebef5f8f09692d9ba1e5baa,-248771874,0,[],1,"{r: 0.47770557, g: 0.8962264, b: 0.56048983, a: 1}",2,0,0,0,1,1,{fileID: 0},0,0,1,{fileID: 1205268099707923},1205268099707923,0,{fileID: 0},0,{fileID: 0},0,"{fileID: -248771874, guid: 1fa22c2b5ebef5f8f09692d9ba1e5baa, type: 3}",-248771874,1fa22c2b5ebef5f8f09692d9ba1e5baa,Assets/Plugins/LeTai.TrueShadow.dll,0,"{x: 0, y: -0}",90,0,0,15,0,0,0
LevelManager,Assets/GameObject/LevelManager.prefab,LeTai.TrueShadow,1fa22c2b5ebef5f8f09692d9ba1e5baa,-248771874,0,[],0,"{r: 0, g: 0, b: 0, a: 0.6}",2,0,0,0,0,0,{fileID: 0},0,0,1,{fileID: 1796105141651453},1796105141651453,0,{fileID: 0},0,{fileID: 0},0,"{fileID: -248771874, guid: 1fa22c2b5ebef5f8f09692d9ba1e5baa, type: 3}",-248771874,1fa22c2b5ebef5f8f09692d9ba1e5baa,Assets/Plugins/LeTai.TrueShadow.dll,0,"{x: 1.4142134, y: -1.4142137}",45,2,0,8,0,1,0
LevelManager,Assets/GameObject/LevelManager.prefab,LeTai.TrueShadow,1fa22c2b5ebef5f8f09692d9ba1e5baa,-248771874,0,[],0,"{r: 0, g: 0, b: 0, a: 0.72156864}",2,0,0,1,1,0,{fileID: 0},0,0,1,{fileID: 1024698141930839},1024698141930839,0,{fileID: 0},0,{fileID: 0},0,"{fileID: -248771874, guid: 1fa22c2b5ebef5f8f09692d9ba1e5baa, type: 3}",-248771874,1fa22c2b5ebef5f8f09692d9ba1e5baa,Assets/Plugins/LeTai.TrueShadow.dll,0,"{x: 5.9195232, y: -5.38138}",42.273666,8,0,3,0.5,1,0
LevelManager,Assets/GameObject/LevelManager.prefab,LeTai.TrueShadow,1fa22c2b5ebef5f8f09692d9ba1e5baa,-248771874,0,[],0,"{r: 1, g: 1, b: 1, a: 1}",2,0,0,1,0,0,{fileID: 0},0,0,1,{fileID: 1787109317558343},1787109317558343,0,{fileID: 0},0,{fileID: 0},0,"{fileID: -248771874, guid: 1fa22c2b5ebef5f8f09692d9ba1e5baa, type: 3}",-248771874,1fa22c2b5ebef5f8f09692d9ba1e5baa,Assets/Plugins/LeTai.TrueShadow.dll,0,"{x: 0, y: -0}",90,0,0,1,0,1,0
LevelManager,Assets/GameObject/LevelManager.prefab,LeTai.TrueShadow,1fa22c2b5ebef5f8f09692d9ba1e5baa,-248771874,0,[],0,"{r: 1, g: 1, b: 1, a: 0.6}",2,0,0,0,0,0,{fileID: 0},0,0,1,{fileID: 1534213155224472},1534213155224472,0,{fileID: 0},0,{fileID: 0},0,"{fileID: -248771874, guid: 1fa22c2b5ebef5f8f09692d9ba1e5baa, type: 3}",-248771874,1fa22c2b5ebef5f8f09692d9ba1e5baa,Assets/Plugins/LeTai.TrueShadow.dll,0,"{x: 0, y: -0}",90,0,0,2,0,1,0
LevelManager,Assets/GameObject/LevelManager.prefab,LeTai.TrueShadow,1fa22c2b5ebef5f8f09692d9ba1e5baa,-248771874,0,[],0,"{r: 1, g: 1, b: 1, a: 0.6}",2,0,0,0,0,0,{fileID: 0},0,0,1,{fileID: 1769469145315433},1769469145315433,0,{fileID: 0},0,{fileID: 0},0,"{fileID: -248771874, guid: 1fa22c2b5ebef5f8f09692d9ba1e5baa, type: 3}",-248771874,1fa22c2b5ebef5f8f09692d9ba1e5baa,Assets/Plugins/LeTai.TrueShadow.dll,0,"{x: 0, y: -0}",90,0,0,2,0,1,0
LevelManager,Assets/GameObject/LevelManager.prefab,LeTai.TrueShadow,1fa22c2b5ebef5f8f09692d9ba1e5baa,-248771874,0,[],0,"{r: 1, g: 1, b: 1, a: 0.6}",2,0,0,0,0,0,{fileID: 0},0,0,1,{fileID: 1767081281825498},1767081281825498,0,{fileID: 0},0,{fileID: 0},0,"{fileID: -248771874, guid: 1fa22c2b5ebef5f8f09692d9ba1e5baa, type: 3}",-248771874,1fa22c2b5ebef5f8f09692d9ba1e5baa,Assets/Plugins/LeTai.TrueShadow.dll,0,"{x: 0, y: -0}",90,0,0,2,0,1,0
LevelManager,Assets/GameObject/LevelManager.prefab,LeTai.TrueShadow,1fa22c2b5ebef5f8f09692d9ba1e5baa,-248771874,0,[],0,"{r: 0, g: 0, b: 0, a: 0.6}",2,0,0,0,0,0,{fileID: 0},0,0,1,{fileID: 1468842744116991},1468842744116991,0,{fileID: 0},0,{fileID: 0},0,"{fileID: -248771874, guid: 1fa22c2b5ebef5f8f09692d9ba1e5baa, type: 3}",-248771874,1fa22c2b5ebef5f8f09692d9ba1e5baa,Assets/Plugins/LeTai.TrueShadow.dll,0,"{x: 1.7881396E-07, y: -3}",90,3,0,6,0,1,0
LevelManager,Assets/GameObject/LevelManager.prefab,LeTai.TrueShadow,1fa22c2b5ebef5f8f09692d9ba1e5baa,-248771874,0,[],0,"{r: 1, g: 1, b: 1, a: 0.6}",2,0,0,0,0,0,{fileID: 0},0,0,1,{fileID: 1860572149832331},1860572149832331,0,{fileID: 0},0,{fileID: 0},0,"{fileID: -248771874, guid: 1fa22c2b5ebef5f8f09692d9ba1e5baa, type: 3}",-248771874,1fa22c2b5ebef5f8f09692d9ba1e5baa,Assets/Plugins/LeTai.TrueShadow.dll,0,"{x: 0, y: -0}",90,0,0,2,0,1,0
LevelManager,Assets/GameObject/LevelManager.prefab,LeTai.TrueShadow,1fa22c2b5ebef5f8f09692d9ba1e5baa,-248771874,0,[],1,"{r: 0.47770557, g: 0.8962264, b: 0.56048983, a: 1}",2,0,0,0,1,1,{fileID: 0},0,0,1,{fileID: 1478160313408335},1478160313408335,0,{fileID: 0},0,{fileID: 0},0,"{fileID: -248771874, guid: 1fa22c2b5ebef5f8f09692d9ba1e5baa, type: 3}",-248771874,1fa22c2b5ebef5f8f09692d9ba1e5baa,Assets/Plugins/LeTai.TrueShadow.dll,0,"{x: 0, y: -0}",90,0,0,15,0,0,0
LevelManager,Assets/GameObject/LevelManager.prefab,LeTai.TrueShadow,1fa22c2b5ebef5f8f09692d9ba1e5baa,-248771874,0,[],0,"{r: 0, g: 0, b: 0, a: 0.6}",2,0,0,0,0,0,{fileID: 0},0,0,1,{fileID: 1421269485475891},1421269485475891,0,{fileID: 0},0,{fileID: 0},0,"{fileID: -248771874, guid: 1fa22c2b5ebef5f8f09692d9ba1e5baa, type: 3}",-248771874,1fa22c2b5ebef5f8f09692d9ba1e5baa,Assets/Plugins/LeTai.TrueShadow.dll,0,"{x: 1.4142134, y: -1.4142137}",45,2,0,8,0,1,0
LevelManager,Assets/GameObject/LevelManager.prefab,LeTai.TrueShadow,1fa22c2b5ebef5f8f09692d9ba1e5baa,-248771874,0,[],0,"{r: 0, g: 0, b: 0, a: 0.72156864}",2,0,0,1,1,0,{fileID: 0},0,0,1,{fileID: 1127442235726868},1127442235726868,0,{fileID: 0},0,{fileID: 0},0,"{fileID: -248771874, guid: 1fa22c2b5ebef5f8f09692d9ba1e5baa, type: 3}",-248771874,1fa22c2b5ebef5f8f09692d9ba1e5baa,Assets/Plugins/LeTai.TrueShadow.dll,0,"{x: 5.9195232, y: -5.38138}",42.273666,8,0,3,0.5,1,0
LevelManager,Assets/GameObject/LevelManager.prefab,LeTai.TrueShadow,1fa22c2b5ebef5f8f09692d9ba1e5baa,-248771874,0,[],0,"{r: 1, g: 1, b: 1, a: 1}",2,0,0,1,0,0,{fileID: 0},0,0,1,{fileID: 1424286543479102},1424286543479102,0,{fileID: 0},0,{fileID: 0},0,"{fileID: -248771874, guid: 1fa22c2b5ebef5f8f09692d9ba1e5baa, type: 3}",-248771874,1fa22c2b5ebef5f8f09692d9ba1e5baa,Assets/Plugins/LeTai.TrueShadow.dll,0,"{x: 0, y: -0}",90,0,0,1,0,1,0
LevelManager,Assets/GameObject/LevelManager.prefab,LeTai.TrueShadow,1fa22c2b5ebef5f8f09692d9ba1e5baa,-248771874,0,[],0,"{r: 1, g: 1, b: 1, a: 0.6}",2,0,0,0,0,0,{fileID: 0},0,0,1,{fileID: 1915544623061439},1915544623061439,0,{fileID: 0},0,{fileID: 0},0,"{fileID: -248771874, guid: 1fa22c2b5ebef5f8f09692d9ba1e5baa, type: 3}",-248771874,1fa22c2b5ebef5f8f09692d9ba1e5baa,Assets/Plugins/LeTai.TrueShadow.dll,0,"{x: 0, y: -0}",90,0,0,2,0,1,0
LevelManager,Assets/GameObject/LevelManager.prefab,LeTai.TrueShadow,1fa22c2b5ebef5f8f09692d9ba1e5baa,-248771874,0,[],0,"{r: 1, g: 1, b: 1, a: 0.6}",2,0,0,0,0,0,{fileID: 0},0,0,1,{fileID: 1283829337155744},1283829337155744,0,{fileID: 0},0,{fileID: 0},0,"{fileID: -248771874, guid: 1fa22c2b5ebef5f8f09692d9ba1e5baa, type: 3}",-248771874,1fa22c2b5ebef5f8f09692d9ba1e5baa,Assets/Plugins/LeTai.TrueShadow.dll,0,"{x: 0, y: -0}",90,0,0,2,0,1,0
LevelManager,Assets/GameObject/LevelManager.prefab,LeTai.TrueShadow,1fa22c2b5ebef5f8f09692d9ba1e5baa,-248771874,0,[],0,"{r: 1, g: 1, b: 1, a: 0.6}",2,0,0,0,0,0,{fileID: 0},0,0,1,{fileID: 1412395049964269},1412395049964269,0,{fileID: 0},0,{fileID: 0},0,"{fileID: -248771874, guid: 1fa22c2b5ebef5f8f09692d9ba1e5baa, type: 3}",-248771874,1fa22c2b5ebef5f8f09692d9ba1e5baa,Assets/Plugins/LeTai.TrueShadow.dll,0,"{x: 0, y: -0}",90,0,0,2,0,1,0
LevelManager,Assets/GameObject/LevelManager.prefab,LeTai.TrueShadow,1fa22c2b5ebef5f8f09692d9ba1e5baa,-248771874,0,[],0,"{r: 0, g: 0, b: 0, a: 0.6}",2,0,0,0,0,0,{fileID: 0},0,0,1,{fileID: 1677198196572476},1677198196572476,0,{fileID: 0},0,{fileID: 0},0,"{fileID: -248771874, guid: 1fa22c2b5ebef5f8f09692d9ba1e5baa, type: 3}",-248771874,1fa22c2b5ebef5f8f09692d9ba1e5baa,Assets/Plugins/LeTai.TrueShadow.dll,0,"{x: 1.7881396E-07, y: -3}",90,3,0,6,0,1,0
LevelManager,Assets/GameObject/LevelManager.prefab,LeTai.TrueShadow,1fa22c2b5ebef5f8f09692d9ba1e5baa,-248771874,0,[],0,"{r: 1, g: 1, b: 1, a: 0.6}",2,0,0,0,0,0,{fileID: 0},0,0,1,{fileID: 1322172212264428},1322172212264428,0,{fileID: 0},0,{fileID: 0},0,"{fileID: -248771874, guid: 1fa22c2b5ebef5f8f09692d9ba1e5baa, type: 3}",-248771874,1fa22c2b5ebef5f8f09692d9ba1e5baa,Assets/Plugins/LeTai.TrueShadow.dll,0,"{x: 0, y: -0}",90,0,0,2,0,1,0
LevelManager,Assets/GameObject/LevelManager.prefab,LeTai.TrueShadow,1fa22c2b5ebef5f8f09692d9ba1e5baa,-248771874,0,[],1,"{r: 0.47770557, g: 0.8962264, b: 0.56048983, a: 1}",2,0,0,0,1,1,{fileID: 0},0,0,1,{fileID: 1394671171690616},1394671171690616,0,{fileID: 0},0,{fileID: 0},0,"{fileID: -248771874, guid: 1fa22c2b5ebef5f8f09692d9ba1e5baa, type: 3}",-248771874,1fa22c2b5ebef5f8f09692d9ba1e5baa,Assets/Plugins/LeTai.TrueShadow.dll,0,"{x: 0, y: -0}",90,0,0,15,0,0,0
LevelManager,Assets/GameObject/LevelManager.prefab,LeTai.TrueShadow,1fa22c2b5ebef5f8f09692d9ba1e5baa,-248771874,0,[],0,"{r: 0, g: 0, b: 0, a: 0.6}",2,0,0,0,0,0,{fileID: 0},0,0,1,{fileID: 1086406894585664},1086406894585664,0,{fileID: 0},0,{fileID: 0},0,"{fileID: -248771874, guid: 1fa22c2b5ebef5f8f09692d9ba1e5baa, type: 3}",-248771874,1fa22c2b5ebef5f8f09692d9ba1e5baa,Assets/Plugins/LeTai.TrueShadow.dll,0,"{x: 1.4142134, y: -1.4142137}",45,2,0,8,0,1,0
LevelManager,Assets/GameObject/LevelManager.prefab,LeTai.TrueShadow,1fa22c2b5ebef5f8f09692d9ba1e5baa,-248771874,0,[],0,"{r: 0, g: 0, b: 0, a: 0.72156864}",2,0,0,1,1,0,{fileID: 0},0,0,1,{fileID: 1980245396927104},1980245396927104,0,{fileID: 0},0,{fileID: 0},0,"{fileID: -248771874, guid: 1fa22c2b5ebef5f8f09692d9ba1e5baa, type: 3}",-248771874,1fa22c2b5ebef5f8f09692d9ba1e5baa,Assets/Plugins/LeTai.TrueShadow.dll,0,"{x: 5.9195232, y: -5.38138}",42.273666,8,0,3,0.5,1,0
LevelManager,Assets/GameObject/LevelManager.prefab,LeTai.TrueShadow,1fa22c2b5ebef5f8f09692d9ba1e5baa,-248771874,0,[],0,"{r: 1, g: 1, b: 1, a: 1}",2,0,0,1,0,0,{fileID: 0},0,0,1,{fileID: 1684473373953847},1684473373953847,0,{fileID: 0},0,{fileID: 0},0,"{fileID: -248771874, guid: 1fa22c2b5ebef5f8f09692d9ba1e5baa, type: 3}",-248771874,1fa22c2b5ebef5f8f09692d9ba1e5baa,Assets/Plugins/LeTai.TrueShadow.dll,0,"{x: 0, y: -0}",90,0,0,1,0,1,0
LevelManager,Assets/GameObject/LevelManager.prefab,LeTai.TrueShadow,1fa22c2b5ebef5f8f09692d9ba1e5baa,-248771874,0,[],0,"{r: 1, g: 1, b: 1, a: 0.6}",2,0,0,0,0,0,{fileID: 0},0,0,1,{fileID: 1152119646309705},1152119646309705,0,{fileID: 0},0,{fileID: 0},0,"{fileID: -248771874, guid: 1fa22c2b5ebef5f8f09692d9ba1e5baa, type: 3}",-248771874,1fa22c2b5ebef5f8f09692d9ba1e5baa,Assets/Plugins/LeTai.TrueShadow.dll,0,"{x: 0, y: -0}",90,0,0,2,0,1,0
LevelManager,Assets/GameObject/LevelManager.prefab,LeTai.TrueShadow,1fa22c2b5ebef5f8f09692d9ba1e5baa,-248771874,0,[],0,"{r: 1, g: 1, b: 1, a: 0.6}",2,0,0,0,0,0,{fileID: 0},0,0,1,{fileID: 1441823790346916},1441823790346916,0,{fileID: 0},0,{fileID: 0},0,"{fileID: -248771874, guid: 1fa22c2b5ebef5f8f09692d9ba1e5baa, type: 3}",-248771874,1fa22c2b5ebef5f8f09692d9ba1e5baa,Assets/Plugins/LeTai.TrueShadow.dll,0,"{x: 0, y: -0}",90,0,0,2,0,1,0
LevelManager,Assets/GameObject/LevelManager.prefab,LeTai.TrueShadow,1fa22c2b5ebef5f8f09692d9ba1e5baa,-248771874,0,[],0,"{r: 1, g: 1, b: 1, a: 0.6}",2,0,0,0,0,0,{fileID: 0},0,0,1,{fileID: 1695742152838386},1695742152838386,0,{fileID: 0},0,{fileID: 0},0,"{fileID: -248771874, guid: 1fa22c2b5ebef5f8f09692d9ba1e5baa, type: 3}",-248771874,1fa22c2b5ebef5f8f09692d9ba1e5baa,Assets/Plugins/LeTai.TrueShadow.dll,0,"{x: 0, y: -0}",90,0,0,2,0,1,0
LevelManager,Assets/GameObject/LevelManager.prefab,LeTai.TrueShadow,1fa22c2b5ebef5f8f09692d9ba1e5baa,-248771874,0,[],0,"{r: 0, g: 0, b: 0, a: 0.6}",2,0,0,0,0,0,{fileID: 0},0,0,1,{fileID: 1948519212137945},1948519212137945,0,{fileID: 0},0,{fileID: 0},0,"{fileID: -248771874, guid: 1fa22c2b5ebef5f8f09692d9ba1e5baa, type: 3}",-248771874,1fa22c2b5ebef5f8f09692d9ba1e5baa,Assets/Plugins/LeTai.TrueShadow.dll,0,"{x: 1.7881396E-07, y: -3}",90,3,0,6,0,1,0
LevelManager,Assets/GameObject/LevelManager.prefab,LeTai.TrueShadow,1fa22c2b5ebef5f8f09692d9ba1e5baa,-248771874,0,[],0,"{r: 1, g: 1, b: 1, a: 0.6}",2,0,0,0,0,0,{fileID: 0},0,0,1,{fileID: 1785500785327707},1785500785327707,0,{fileID: 0},0,{fileID: 0},0,"{fileID: -248771874, guid: 1fa22c2b5ebef5f8f09692d9ba1e5baa, type: 3}",-248771874,1fa22c2b5ebef5f8f09692d9ba1e5baa,Assets/Plugins/LeTai.TrueShadow.dll,0,"{x: 0, y: -0}",90,0,0,2,0,1,0
LevelManager,Assets/GameObject/LevelManager.prefab,LeTai.TrueShadow,1fa22c2b5ebef5f8f09692d9ba1e5baa,-248771874,0,[],1,"{r: 0.22745097, g: 0.7221681, b: 1, a: 1}",2,0,0,0,0,0,{fileID: 0},0,0,1,{fileID: 1783314315285935},1783314315285935,0,{fileID: 0},0,{fileID: 0},0,"{fileID: -248771874, guid: 1fa22c2b5ebef5f8f09692d9ba1e5baa, type: 3}",-248771874,1fa22c2b5ebef5f8f09692d9ba1e5baa,Assets/Plugins/LeTai.TrueShadow.dll,0,"{x: 0, y: -0}",90,0,0,16,0,0,0
LevelManager,Assets/GameObject/LevelManager.prefab,LeTai.TrueShadow,1fa22c2b5ebef5f8f09692d9ba1e5baa,-248771874,0,[],1,"{r: 0.47770557, g: 0.8962264, b: 0.56048983, a: 1}",2,0,0,0,1,1,{fileID: 0},0,0,1,{fileID: 1920834933296002},1920834933296002,0,{fileID: 0},0,{fileID: 0},0,"{fileID: -248771874, guid: 1fa22c2b5ebef5f8f09692d9ba1e5baa, type: 3}",-248771874,1fa22c2b5ebef5f8f09692d9ba1e5baa,Assets/Plugins/LeTai.TrueShadow.dll,0,"{x: 0, y: -0}",90,0,0,15,0,0,0
LevelManager,Assets/GameObject/LevelManager.prefab,LeTai.TrueShadow,1fa22c2b5ebef5f8f09692d9ba1e5baa,-248771874,0,[],0,"{r: 0, g: 0, b: 0, a: 0.6}",2,0,0,0,0,0,{fileID: 0},0,0,0,{fileID: 1377333688489550},1377333688489550,0,{fileID: 0},0,{fileID: 0},0,"{fileID: -248771874, guid: 1fa22c2b5ebef5f8f09692d9ba1e5baa, type: 3}",-248771874,1fa22c2b5ebef5f8f09692d9ba1e5baa,Assets/Plugins/LeTai.TrueShadow.dll,0,"{x: 1.4142134, y: -1.4142137}",45,2,0,8,0,1,0
LevelManager,Assets/GameObject/LevelManager.prefab,LeTai.TrueShadow,1fa22c2b5ebef5f8f09692d9ba1e5baa,-248771874,0,[],0,"{r: 0, g: 0, b: 0, a: 0.72156864}",2,0,0,1,1,0,{fileID: 0},0,0,0,{fileID: 1324226001055436},1324226001055436,0,{fileID: 0},0,{fileID: 0},0,"{fileID: -248771874, guid: 1fa22c2b5ebef5f8f09692d9ba1e5baa, type: 3}",-248771874,1fa22c2b5ebef5f8f09692d9ba1e5baa,Assets/Plugins/LeTai.TrueShadow.dll,0,"{x: 5.9195232, y: -5.38138}",42.273666,8,0,3,0.5,1,0
LevelManager,Assets/GameObject/LevelManager.prefab,LeTai.TrueShadow,1fa22c2b5ebef5f8f09692d9ba1e5baa,-248771874,0,[],0,"{r: 1, g: 1, b: 1, a: 1}",2,0,0,1,0,0,{fileID: 0},0,0,1,{fileID: 1332567322389248},1332567322389248,0,{fileID: 0},0,{fileID: 0},0,"{fileID: -248771874, guid: 1fa22c2b5ebef5f8f09692d9ba1e5baa, type: 3}",-248771874,1fa22c2b5ebef5f8f09692d9ba1e5baa,Assets/Plugins/LeTai.TrueShadow.dll,0,"{x: 0, y: -0}",90,0,0,1,0,1,0
LevelManager,Assets/GameObject/LevelManager.prefab,LeTai.TrueShadow,1fa22c2b5ebef5f8f09692d9ba1e5baa,-248771874,0,[],0,"{r: 1, g: 1, b: 1, a: 0.6}",2,0,0,0,0,0,{fileID: 0},0,0,1,{fileID: 1663856664310036},1663856664310036,0,{fileID: 0},0,{fileID: 0},0,"{fileID: -248771874, guid: 1fa22c2b5ebef5f8f09692d9ba1e5baa, type: 3}",-248771874,1fa22c2b5ebef5f8f09692d9ba1e5baa,Assets/Plugins/LeTai.TrueShadow.dll,0,"{x: 0, y: -0}",90,0,0,2,0,1,0
LevelManager,Assets/GameObject/LevelManager.prefab,LeTai.TrueShadow,1fa22c2b5ebef5f8f09692d9ba1e5baa,-248771874,0,[],0,"{r: 1, g: 1, b: 1, a: 0.6}",2,0,0,0,0,0,{fileID: 0},0,0,1,{fileID: 1544475344833361},1544475344833361,0,{fileID: 0},0,{fileID: 0},0,"{fileID: -248771874, guid: 1fa22c2b5ebef5f8f09692d9ba1e5baa, type: 3}",-248771874,1fa22c2b5ebef5f8f09692d9ba1e5baa,Assets/Plugins/LeTai.TrueShadow.dll,0,"{x: 0, y: -0}",90,0,0,2,0,1,0
LevelManager,Assets/GameObject/LevelManager.prefab,LeTai.TrueShadow,1fa22c2b5ebef5f8f09692d9ba1e5baa,-248771874,0,[],0,"{r: 1, g: 1, b: 1, a: 0.6}",2,0,0,0,0,0,{fileID: 0},0,0,1,{fileID: 1219123277132692},1219123277132692,0,{fileID: 0},0,{fileID: 0},0,"{fileID: -248771874, guid: 1fa22c2b5ebef5f8f09692d9ba1e5baa, type: 3}",-248771874,1fa22c2b5ebef5f8f09692d9ba1e5baa,Assets/Plugins/LeTai.TrueShadow.dll,0,"{x: 0, y: -0}",90,0,0,2,0,1,0
LevelManager,Assets/GameObject/LevelManager.prefab,LeTai.TrueShadow,1fa22c2b5ebef5f8f09692d9ba1e5baa,-248771874,0,[],0,"{r: 0, g: 0, b: 0, a: 0.6}",2,0,0,0,0,0,{fileID: 0},0,0,1,{fileID: 1091379932758738},1091379932758738,0,{fileID: 0},0,{fileID: 0},0,"{fileID: -248771874, guid: 1fa22c2b5ebef5f8f09692d9ba1e5baa, type: 3}",-248771874,1fa22c2b5ebef5f8f09692d9ba1e5baa,Assets/Plugins/LeTai.TrueShadow.dll,0,"{x: 1.7881396E-07, y: -3}",90,3,0,6,0,1,0
LevelManager,Assets/GameObject/LevelManager.prefab,LeTai.TrueShadow,1fa22c2b5ebef5f8f09692d9ba1e5baa,-248771874,0,[],0,"{r: 1, g: 1, b: 1, a: 0.6}",2,0,0,0,0,0,{fileID: 0},0,0,1,{fileID: 1053388449361207},1053388449361207,0,{fileID: 0},0,{fileID: 0},0,"{fileID: -248771874, guid: 1fa22c2b5ebef5f8f09692d9ba1e5baa, type: 3}",-248771874,1fa22c2b5ebef5f8f09692d9ba1e5baa,Assets/Plugins/LeTai.TrueShadow.dll,0,"{x: 0, y: -0}",90,0,0,2,0,1,0
LevelManager,Assets/GameObject/LevelManager.prefab,LeTai.TrueShadow,1fa22c2b5ebef5f8f09692d9ba1e5baa,-248771874,0,[],1,"{r: 0.47770557, g: 0.8962264, b: 0.56048983, a: 1}",2,0,0,0,1,1,{fileID: 0},0,0,1,{fileID: 1576226632145918},1576226632145918,0,{fileID: 0},0,{fileID: 0},0,"{fileID: -248771874, guid: 1fa22c2b5ebef5f8f09692d9ba1e5baa, type: 3}",-248771874,1fa22c2b5ebef5f8f09692d9ba1e5baa,Assets/Plugins/LeTai.TrueShadow.dll,0,"{x: 0, y: -0}",90,0,0,15,0,0,0
LevelManager,Assets/GameObject/LevelManager.prefab,LeTai.TrueShadow,1fa22c2b5ebef5f8f09692d9ba1e5baa,-248771874,0,[],0,"{r: 0, g: 0, b: 0, a: 0.6}",2,0,0,0,0,0,{fileID: 0},0,0,0,{fileID: 1246105178338794},1246105178338794,0,{fileID: 0},0,{fileID: 0},0,"{fileID: -248771874, guid: 1fa22c2b5ebef5f8f09692d9ba1e5baa, type: 3}",-248771874,1fa22c2b5ebef5f8f09692d9ba1e5baa,Assets/Plugins/LeTai.TrueShadow.dll,0,"{x: 1.4142134, y: -1.4142137}",45,2,0,8,0,1,0
LevelManager,Assets/GameObject/LevelManager.prefab,LeTai.TrueShadow,1fa22c2b5ebef5f8f09692d9ba1e5baa,-248771874,0,[],0,"{r: 0, g: 0, b: 0, a: 0.72156864}",2,0,0,1,1,0,{fileID: 0},0,0,0,{fileID: 1679488742585881},1679488742585881,0,{fileID: 0},0,{fileID: 0},0,"{fileID: -248771874, guid: 1fa22c2b5ebef5f8f09692d9ba1e5baa, type: 3}",-248771874,1fa22c2b5ebef5f8f09692d9ba1e5baa,Assets/Plugins/LeTai.TrueShadow.dll,0,"{x: 5.9195232, y: -5.38138}",42.273666,8,0,3,0.5,1,0
LevelManager,Assets/GameObject/LevelManager.prefab,LeTai.TrueShadow,1fa22c2b5ebef5f8f09692d9ba1e5baa,-248771874,0,[],0,"{r: 1, g: 1, b: 1, a: 1}",2,0,0,1,0,0,{fileID: 0},0,0,1,{fileID: 1930423292111902},1930423292111902,0,{fileID: 0},0,{fileID: 0},0,"{fileID: -248771874, guid: 1fa22c2b5ebef5f8f09692d9ba1e5baa, type: 3}",-248771874,1fa22c2b5ebef5f8f09692d9ba1e5baa,Assets/Plugins/LeTai.TrueShadow.dll,0,"{x: 0, y: -0}",90,0,0,1,0,1,0
LevelManager,Assets/GameObject/LevelManager.prefab,LeTai.TrueShadow,1fa22c2b5ebef5f8f09692d9ba1e5baa,-248771874,0,[],0,"{r: 1, g: 1, b: 1, a: 0.6}",2,0,0,0,0,0,{fileID: 0},0,0,1,{fileID: 1283196815120179},1283196815120179,0,{fileID: 0},0,{fileID: 0},0,"{fileID: -248771874, guid: 1fa22c2b5ebef5f8f09692d9ba1e5baa, type: 3}",-248771874,1fa22c2b5ebef5f8f09692d9ba1e5baa,Assets/Plugins/LeTai.TrueShadow.dll,0,"{x: 0, y: -0}",90,0,0,2,0,1,0
LevelManager,Assets/GameObject/LevelManager.prefab,LeTai.TrueShadow,1fa22c2b5ebef5f8f09692d9ba1e5baa,-248771874,0,[],0,"{r: 1, g: 1, b: 1, a: 0.6}",2,0,0,0,0,0,{fileID: 0},0,0,1,{fileID: 1622574394647662},1622574394647662,0,{fileID: 0},0,{fileID: 0},0,"{fileID: -248771874, guid: 1fa22c2b5ebef5f8f09692d9ba1e5baa, type: 3}",-248771874,1fa22c2b5ebef5f8f09692d9ba1e5baa,Assets/Plugins/LeTai.TrueShadow.dll,0,"{x: 0, y: -0}",90,0,0,2,0,1,0
LevelManager,Assets/GameObject/LevelManager.prefab,LeTai.TrueShadow,1fa22c2b5ebef5f8f09692d9ba1e5baa,-248771874,0,[],0,"{r: 1, g: 1, b: 1, a: 0.6}",2,0,0,0,0,0,{fileID: 0},0,0,1,{fileID: 1755122199608788},1755122199608788,0,{fileID: 0},0,{fileID: 0},0,"{fileID: -248771874, guid: 1fa22c2b5ebef5f8f09692d9ba1e5baa, type: 3}",-248771874,1fa22c2b5ebef5f8f09692d9ba1e5baa,Assets/Plugins/LeTai.TrueShadow.dll,0,"{x: 0, y: -0}",90,0,0,2,0,1,0
LevelManager,Assets/GameObject/LevelManager.prefab,LeTai.TrueShadow,1fa22c2b5ebef5f8f09692d9ba1e5baa,-248771874,0,[],0,"{r: 0, g: 0, b: 0, a: 0.6}",2,0,0,0,0,0,{fileID: 0},0,0,1,{fileID: 1396926686690478},1396926686690478,0,{fileID: 0},0,{fileID: 0},0,"{fileID: -248771874, guid: 1fa22c2b5ebef5f8f09692d9ba1e5baa, type: 3}",-248771874,1fa22c2b5ebef5f8f09692d9ba1e5baa,Assets/Plugins/LeTai.TrueShadow.dll,0,"{x: 1.7881396E-07, y: -3}",90,3,0,6,0,1,0
LevelManager,Assets/GameObject/LevelManager.prefab,LeTai.TrueShadow,1fa22c2b5ebef5f8f09692d9ba1e5baa,-248771874,0,[],0,"{r: 1, g: 1, b: 1, a: 0.6}",2,0,0,0,0,0,{fileID: 0},0,0,1,{fileID: 1885835297408151},1885835297408151,0,{fileID: 0},0,{fileID: 0},0,"{fileID: -248771874, guid: 1fa22c2b5ebef5f8f09692d9ba1e5baa, type: 3}",-248771874,1fa22c2b5ebef5f8f09692d9ba1e5baa,Assets/Plugins/LeTai.TrueShadow.dll,0,"{x: 0, y: -0}",90,0,0,2,0,1,0
LevelManager,Assets/GameObject/LevelManager.prefab,LeTai.TrueShadow,1fa22c2b5ebef5f8f09692d9ba1e5baa,-248771874,0,[],1,"{r: 0.47770557, g: 0.8962264, b: 0.56048983, a: 1}",2,0,0,0,1,1,{fileID: 0},0,0,1,{fileID: 1370678999251495},1370678999251495,0,{fileID: 0},0,{fileID: 0},0,"{fileID: -248771874, guid: 1fa22c2b5ebef5f8f09692d9ba1e5baa, type: 3}",-248771874,1fa22c2b5ebef5f8f09692d9ba1e5baa,Assets/Plugins/LeTai.TrueShadow.dll,0,"{x: 0, y: -0}",90,0,0,15,0,0,0
LevelManager,Assets/GameObject/LevelManager.prefab,LeTai.TrueShadow,1fa22c2b5ebef5f8f09692d9ba1e5baa,-248771874,0,[],0,"{r: 0, g: 0, b: 0, a: 0.6}",2,0,0,0,0,0,{fileID: 0},0,0,0,{fileID: 1376685720370586},1376685720370586,0,{fileID: 0},0,{fileID: 0},0,"{fileID: -248771874, guid: 1fa22c2b5ebef5f8f09692d9ba1e5baa, type: 3}",-248771874,1fa22c2b5ebef5f8f09692d9ba1e5baa,Assets/Plugins/LeTai.TrueShadow.dll,0,"{x: 1.4142134, y: -1.4142137}",45,2,0,8,0,1,0
LevelManager,Assets/GameObject/LevelManager.prefab,LeTai.TrueShadow,1fa22c2b5ebef5f8f09692d9ba1e5baa,-248771874,0,[],0,"{r: 0, g: 0, b: 0, a: 0.72156864}",2,0,0,1,1,0,{fileID: 0},0,0,0,{fileID: 1627868634639922},1627868634639922,0,{fileID: 0},0,{fileID: 0},0,"{fileID: -248771874, guid: 1fa22c2b5ebef5f8f09692d9ba1e5baa, type: 3}",-248771874,1fa22c2b5ebef5f8f09692d9ba1e5baa,Assets/Plugins/LeTai.TrueShadow.dll,0,"{x: 5.9195232, y: -5.38138}",42.273666,8,0,3,0.5,1,0
LevelManager,Assets/GameObject/LevelManager.prefab,LeTai.TrueShadow,1fa22c2b5ebef5f8f09692d9ba1e5baa,-248771874,0,[],0,"{r: 1, g: 1, b: 1, a: 1}",2,0,0,1,0,0,{fileID: 0},0,0,1,{fileID: 1032797875716592},1032797875716592,0,{fileID: 0},0,{fileID: 0},0,"{fileID: -248771874, guid: 1fa22c2b5ebef5f8f09692d9ba1e5baa, type: 3}",-248771874,1fa22c2b5ebef5f8f09692d9ba1e5baa,Assets/Plugins/LeTai.TrueShadow.dll,0,"{x: 0, y: -0}",90,0,0,1,0,1,0
LevelManager,Assets/GameObject/LevelManager.prefab,LeTai.TrueShadow,1fa22c2b5ebef5f8f09692d9ba1e5baa,-248771874,0,[],0,"{r: 1, g: 1, b: 1, a: 0.6}",2,0,0,0,0,0,{fileID: 0},0,0,1,{fileID: 1213899944009262},1213899944009262,0,{fileID: 0},0,{fileID: 0},0,"{fileID: -248771874, guid: 1fa22c2b5ebef5f8f09692d9ba1e5baa, type: 3}",-248771874,1fa22c2b5ebef5f8f09692d9ba1e5baa,Assets/Plugins/LeTai.TrueShadow.dll,0,"{x: 0, y: -0}",90,0,0,2,0,1,0
LevelManager,Assets/GameObject/LevelManager.prefab,LeTai.TrueShadow,1fa22c2b5ebef5f8f09692d9ba1e5baa,-248771874,0,[],0,"{r: 1, g: 1, b: 1, a: 0.6}",2,0,0,0,0,0,{fileID: 0},0,0,1,{fileID: 1913856875639098},1913856875639098,0,{fileID: 0},0,{fileID: 0},0,"{fileID: -248771874, guid: 1fa22c2b5ebef5f8f09692d9ba1e5baa, type: 3}",-248771874,1fa22c2b5ebef5f8f09692d9ba1e5baa,Assets/Plugins/LeTai.TrueShadow.dll,0,"{x: 0, y: -0}",90,0,0,2,0,1,0
LevelManager,Assets/GameObject/LevelManager.prefab,LeTai.TrueShadow,1fa22c2b5ebef5f8f09692d9ba1e5baa,-248771874,0,[],0,"{r: 1, g: 1, b: 1, a: 0.6}",2,0,0,0,0,0,{fileID: 0},0,0,1,{fileID: 1185684835039146},1185684835039146,0,{fileID: 0},0,{fileID: 0},0,"{fileID: -248771874, guid: 1fa22c2b5ebef5f8f09692d9ba1e5baa, type: 3}",-248771874,1fa22c2b5ebef5f8f09692d9ba1e5baa,Assets/Plugins/LeTai.TrueShadow.dll,0,"{x: 0, y: -0}",90,0,0,2,0,1,0
LevelManager,Assets/GameObject/LevelManager.prefab,LeTai.TrueShadow,1fa22c2b5ebef5f8f09692d9ba1e5baa,-248771874,0,[],0,"{r: 0, g: 0, b: 0, a: 0.6}",2,0,0,0,0,0,{fileID: 0},0,0,1,{fileID: 1130414414612631},1130414414612631,0,{fileID: 0},0,{fileID: 0},0,"{fileID: -248771874, guid: 1fa22c2b5ebef5f8f09692d9ba1e5baa, type: 3}",-248771874,1fa22c2b5ebef5f8f09692d9ba1e5baa,Assets/Plugins/LeTai.TrueShadow.dll,0,"{x: 1.7881396E-07, y: -3}",90,3,0,6,0,1,0
LevelManager,Assets/GameObject/LevelManager.prefab,LeTai.TrueShadow,1fa22c2b5ebef5f8f09692d9ba1e5baa,-248771874,0,[],0,"{r: 1, g: 1, b: 1, a: 0.6}",2,0,0,0,0,0,{fileID: 0},0,0,1,{fileID: 1067604325601480},1067604325601480,0,{fileID: 0},0,{fileID: 0},0,"{fileID: -248771874, guid: 1fa22c2b5ebef5f8f09692d9ba1e5baa, type: 3}",-248771874,1fa22c2b5ebef5f8f09692d9ba1e5baa,Assets/Plugins/LeTai.TrueShadow.dll,0,"{x: 0, y: -0}",90,0,0,2,0,1,0
LevelManager,Assets/GameObject/LevelManager.prefab,LeTai.TrueShadow,1fa22c2b5ebef5f8f09692d9ba1e5baa,-248771874,0,[],1,"{r: 0.47770557, g: 0.8962264, b: 0.56048983, a: 1}",2,0,0,0,1,1,{fileID: 0},0,0,1,{fileID: 1494575498557439},1494575498557439,0,{fileID: 0},0,{fileID: 0},0,"{fileID: -248771874, guid: 1fa22c2b5ebef5f8f09692d9ba1e5baa, type: 3}",-248771874,1fa22c2b5ebef5f8f09692d9ba1e5baa,Assets/Plugins/LeTai.TrueShadow.dll,0,"{x: 0, y: -0}",90,0,0,15,0,0,0
LevelManager,Assets/GameObject/LevelManager.prefab,LeTai.TrueShadow,1fa22c2b5ebef5f8f09692d9ba1e5baa,-248771874,0,[],0,"{r: 0, g: 0, b: 0, a: 0.6}",2,0,0,0,0,0,{fileID: 0},0,0,0,{fileID: 1694968161293124},1694968161293124,0,{fileID: 0},0,{fileID: 0},0,"{fileID: -248771874, guid: 1fa22c2b5ebef5f8f09692d9ba1e5baa, type: 3}",-248771874,1fa22c2b5ebef5f8f09692d9ba1e5baa,Assets/Plugins/LeTai.TrueShadow.dll,0,"{x: 1.4142134, y: -1.4142137}",45,2,0,8,0,1,0
LevelManager,Assets/GameObject/LevelManager.prefab,LeTai.TrueShadow,1fa22c2b5ebef5f8f09692d9ba1e5baa,-248771874,0,[],0,"{r: 0, g: 0, b: 0, a: 0.72156864}",2,0,0,1,1,0,{fileID: 0},0,0,0,{fileID: 1746464877329590},1746464877329590,0,{fileID: 0},0,{fileID: 0},0,"{fileID: -248771874, guid: 1fa22c2b5ebef5f8f09692d9ba1e5baa, type: 3}",-248771874,1fa22c2b5ebef5f8f09692d9ba1e5baa,Assets/Plugins/LeTai.TrueShadow.dll,0,"{x: 5.9195232, y: -5.38138}",42.273666,8,0,3,0.5,1,0
LevelManager,Assets/GameObject/LevelManager.prefab,LeTai.TrueShadow,1fa22c2b5ebef5f8f09692d9ba1e5baa,-248771874,0,[],0,"{r: 1, g: 1, b: 1, a: 1}",2,0,0,1,0,0,{fileID: 0},0,0,1,{fileID: 1260407305258713},1260407305258713,0,{fileID: 0},0,{fileID: 0},0,"{fileID: -248771874, guid: 1fa22c2b5ebef5f8f09692d9ba1e5baa, type: 3}",-248771874,1fa22c2b5ebef5f8f09692d9ba1e5baa,Assets/Plugins/LeTai.TrueShadow.dll,0,"{x: 0, y: -0}",90,0,0,1,0,1,0
LevelManager,Assets/GameObject/LevelManager.prefab,LeTai.TrueShadow,1fa22c2b5ebef5f8f09692d9ba1e5baa,-248771874,0,[],0,"{r: 1, g: 1, b: 1, a: 0.6}",2,0,0,0,0,0,{fileID: 0},0,0,1,{fileID: 1262744238297235},1262744238297235,0,{fileID: 0},0,{fileID: 0},0,"{fileID: -248771874, guid: 1fa22c2b5ebef5f8f09692d9ba1e5baa, type: 3}",-248771874,1fa22c2b5ebef5f8f09692d9ba1e5baa,Assets/Plugins/LeTai.TrueShadow.dll,0,"{x: 0, y: -0}",90,0,0,2,0,1,0
LevelManager,Assets/GameObject/LevelManager.prefab,LeTai.TrueShadow,1fa22c2b5ebef5f8f09692d9ba1e5baa,-248771874,0,[],0,"{r: 1, g: 1, b: 1, a: 0.6}",2,0,0,0,0,0,{fileID: 0},0,0,1,{fileID: 1893864612548463},1893864612548463,0,{fileID: 0},0,{fileID: 0},0,"{fileID: -248771874, guid: 1fa22c2b5ebef5f8f09692d9ba1e5baa, type: 3}",-248771874,1fa22c2b5ebef5f8f09692d9ba1e5baa,Assets/Plugins/LeTai.TrueShadow.dll,0,"{x: 0, y: -0}",90,0,0,2,0,1,0
LevelManager,Assets/GameObject/LevelManager.prefab,LeTai.TrueShadow,1fa22c2b5ebef5f8f09692d9ba1e5baa,-248771874,0,[],0,"{r: 1, g: 1, b: 1, a: 0.6}",2,0,0,0,0,0,{fileID: 0},0,0,1,{fileID: 1109913205939800},1109913205939800,0,{fileID: 0},0,{fileID: 0},0,"{fileID: -248771874, guid: 1fa22c2b5ebef5f8f09692d9ba1e5baa, type: 3}",-248771874,1fa22c2b5ebef5f8f09692d9ba1e5baa,Assets/Plugins/LeTai.TrueShadow.dll,0,"{x: 0, y: -0}",90,0,0,2,0,1,0
LevelManager,Assets/GameObject/LevelManager.prefab,LeTai.TrueShadow,1fa22c2b5ebef5f8f09692d9ba1e5baa,-248771874,0,[],0,"{r: 0, g: 0, b: 0, a: 0.6}",2,0,0,0,0,0,{fileID: 0},0,0,1,{fileID: 1242722330189443},1242722330189443,0,{fileID: 0},0,{fileID: 0},0,"{fileID: -248771874, guid: 1fa22c2b5ebef5f8f09692d9ba1e5baa, type: 3}",-248771874,1fa22c2b5ebef5f8f09692d9ba1e5baa,Assets/Plugins/LeTai.TrueShadow.dll,0,"{x: 1.7881396E-07, y: -3}",90,3,0,6,0,1,0
LevelManager,Assets/GameObject/LevelManager.prefab,LeTai.TrueShadow,1fa22c2b5ebef5f8f09692d9ba1e5baa,-248771874,0,[],0,"{r: 1, g: 1, b: 1, a: 0.6}",2,0,0,0,0,0,{fileID: 0},0,0,1,{fileID: 1922387294951540},1922387294951540,0,{fileID: 0},0,{fileID: 0},0,"{fileID: -248771874, guid: 1fa22c2b5ebef5f8f09692d9ba1e5baa, type: 3}",-248771874,1fa22c2b5ebef5f8f09692d9ba1e5baa,Assets/Plugins/LeTai.TrueShadow.dll,0,"{x: 0, y: -0}",90,0,0,2,0,1,0
LevelManager,Assets/GameObject/LevelManager.prefab,LeTai.TrueShadow,1fa22c2b5ebef5f8f09692d9ba1e5baa,-248771874,0,[],1,"{r: 0.47770557, g: 0.8962264, b: 0.56048983, a: 1}",2,0,0,0,1,1,{fileID: 0},0,0,1,{fileID: 1030085612142218},1030085612142218,0,{fileID: 0},0,{fileID: 0},0,"{fileID: -248771874, guid: 1fa22c2b5ebef5f8f09692d9ba1e5baa, type: 3}",-248771874,1fa22c2b5ebef5f8f09692d9ba1e5baa,Assets/Plugins/LeTai.TrueShadow.dll,0,"{x: 0, y: -0}",90,0,0,15,0,0,0
LevelManager,Assets/GameObject/LevelManager.prefab,LeTai.TrueShadow,1fa22c2b5ebef5f8f09692d9ba1e5baa,-248771874,0,[],0,"{r: 0, g: 0, b: 0, a: 0.6}",2,0,0,0,0,0,{fileID: 0},0,0,0,{fileID: 1067215112456708},1067215112456708,0,{fileID: 0},0,{fileID: 0},0,"{fileID: -248771874, guid: 1fa22c2b5ebef5f8f09692d9ba1e5baa, type: 3}",-248771874,1fa22c2b5ebef5f8f09692d9ba1e5baa,Assets/Plugins/LeTai.TrueShadow.dll,0,"{x: 1.4142134, y: -1.4142137}",45,2,0,8,0,1,0
LevelManager,Assets/GameObject/LevelManager.prefab,LeTai.TrueShadow,1fa22c2b5ebef5f8f09692d9ba1e5baa,-248771874,0,[],0,"{r: 0, g: 0, b: 0, a: 0.72156864}",2,0,0,1,1,0,{fileID: 0},0,0,0,{fileID: 1361028182921821},1361028182921821,0,{fileID: 0},0,{fileID: 0},0,"{fileID: -248771874, guid: 1fa22c2b5ebef5f8f09692d9ba1e5baa, type: 3}",-248771874,1fa22c2b5ebef5f8f09692d9ba1e5baa,Assets/Plugins/LeTai.TrueShadow.dll,0,"{x: 5.9195232, y: -5.38138}",42.273666,8,0,3,0.5,1,0
LevelManager,Assets/GameObject/LevelManager.prefab,LeTai.TrueShadow,1fa22c2b5ebef5f8f09692d9ba1e5baa,-248771874,0,[],0,"{r: 1, g: 1, b: 1, a: 1}",2,0,0,1,0,0,{fileID: 0},0,0,1,{fileID: 1289553511038824},1289553511038824,0,{fileID: 0},0,{fileID: 0},0,"{fileID: -248771874, guid: 1fa22c2b5ebef5f8f09692d9ba1e5baa, type: 3}",-248771874,1fa22c2b5ebef5f8f09692d9ba1e5baa,Assets/Plugins/LeTai.TrueShadow.dll,0,"{x: 0, y: -0}",90,0,0,1,0,1,0
LevelManager,Assets/GameObject/LevelManager.prefab,LeTai.TrueShadow,1fa22c2b5ebef5f8f09692d9ba1e5baa,-248771874,0,[],0,"{r: 1, g: 1, b: 1, a: 0.6}",2,0,0,0,0,0,{fileID: 0},0,0,1,{fileID: 1211996013775269},1211996013775269,0,{fileID: 0},0,{fileID: 0},0,"{fileID: -248771874, guid: 1fa22c2b5ebef5f8f09692d9ba1e5baa, type: 3}",-248771874,1fa22c2b5ebef5f8f09692d9ba1e5baa,Assets/Plugins/LeTai.TrueShadow.dll,0,"{x: 0, y: -0}",90,0,0,2,0,1,0
LevelManager,Assets/GameObject/LevelManager.prefab,LeTai.TrueShadow,1fa22c2b5ebef5f8f09692d9ba1e5baa,-248771874,0,[],0,"{r: 1, g: 1, b: 1, a: 0.6}",2,0,0,0,0,0,{fileID: 0},0,0,1,{fileID: 1922159021642977},1922159021642977,0,{fileID: 0},0,{fileID: 0},0,"{fileID: -248771874, guid: 1fa22c2b5ebef5f8f09692d9ba1e5baa, type: 3}",-248771874,1fa22c2b5ebef5f8f09692d9ba1e5baa,Assets/Plugins/LeTai.TrueShadow.dll,0,"{x: 0, y: -0}",90,0,0,2,0,1,0
LevelManager,Assets/GameObject/LevelManager.prefab,LeTai.TrueShadow,1fa22c2b5ebef5f8f09692d9ba1e5baa,-248771874,0,[],0,"{r: 1, g: 1, b: 1, a: 0.6}",2,0,0,0,0,0,{fileID: 0},0,0,1,{fileID: 1902027657533521},1902027657533521,0,{fileID: 0},0,{fileID: 0},0,"{fileID: -248771874, guid: 1fa22c2b5ebef5f8f09692d9ba1e5baa, type: 3}",-248771874,1fa22c2b5ebef5f8f09692d9ba1e5baa,Assets/Plugins/LeTai.TrueShadow.dll,0,"{x: 0, y: -0}",90,0,0,2,0,1,0
LevelManager,Assets/GameObject/LevelManager.prefab,LeTai.TrueShadow,1fa22c2b5ebef5f8f09692d9ba1e5baa,-248771874,0,[],0,"{r: 0, g: 0, b: 0, a: 0.6}",2,0,0,0,0,0,{fileID: 0},0,0,1,{fileID: 1728127384644100},1728127384644100,0,{fileID: 0},0,{fileID: 0},0,"{fileID: -248771874, guid: 1fa22c2b5ebef5f8f09692d9ba1e5baa, type: 3}",-248771874,1fa22c2b5ebef5f8f09692d9ba1e5baa,Assets/Plugins/LeTai.TrueShadow.dll,0,"{x: 1.7881396E-07, y: -3}",90,3,0,6,0,1,0
LevelManager,Assets/GameObject/LevelManager.prefab,LeTai.TrueShadow,1fa22c2b5ebef5f8f09692d9ba1e5baa,-248771874,0,[],0,"{r: 1, g: 1, b: 1, a: 0.6}",2,0,0,0,0,0,{fileID: 0},0,0,1,{fileID: 1548385135701847},1548385135701847,0,{fileID: 0},0,{fileID: 0},0,"{fileID: -248771874, guid: 1fa22c2b5ebef5f8f09692d9ba1e5baa, type: 3}",-248771874,1fa22c2b5ebef5f8f09692d9ba1e5baa,Assets/Plugins/LeTai.TrueShadow.dll,0,"{x: 0, y: -0}",90,0,0,2,0,1,0
LevelManager,Assets/GameObject/LevelManager.prefab,LeTai.TrueShadow,1fa22c2b5ebef5f8f09692d9ba1e5baa,-248771874,0,[],1,"{r: 0.47770557, g: 0.8962264, b: 0.56048983, a: 1}",2,0,0,0,1,1,{fileID: 0},0,0,1,{fileID: 1022366048642310},1022366048642310,0,{fileID: 0},0,{fileID: 0},0,"{fileID: -248771874, guid: 1fa22c2b5ebef5f8f09692d9ba1e5baa, type: 3}",-248771874,1fa22c2b5ebef5f8f09692d9ba1e5baa,Assets/Plugins/LeTai.TrueShadow.dll,0,"{x: 0, y: -0}",90,0,0,15,0,0,0
LevelManager,Assets/GameObject/LevelManager.prefab,LeTai.TrueShadow,1fa22c2b5ebef5f8f09692d9ba1e5baa,-248771874,0,[],0,"{r: 0, g: 0, b: 0, a: 0.6}",2,0,0,0,0,0,{fileID: 0},0,0,0,{fileID: 1538919267541952},1538919267541952,0,{fileID: 0},0,{fileID: 0},0,"{fileID: -248771874, guid: 1fa22c2b5ebef5f8f09692d9ba1e5baa, type: 3}",-248771874,1fa22c2b5ebef5f8f09692d9ba1e5baa,Assets/Plugins/LeTai.TrueShadow.dll,0,"{x: 1.4142134, y: -1.4142137}",45,2,0,8,0,1,0
LevelManager,Assets/GameObject/LevelManager.prefab,LeTai.TrueShadow,1fa22c2b5ebef5f8f09692d9ba1e5baa,-248771874,0,[],0,"{r: 0, g: 0, b: 0, a: 0.72156864}",2,0,0,1,1,0,{fileID: 0},0,0,0,{fileID: 1153183384224051},1153183384224051,0,{fileID: 0},0,{fileID: 0},0,"{fileID: -248771874, guid: 1fa22c2b5ebef5f8f09692d9ba1e5baa, type: 3}",-248771874,1fa22c2b5ebef5f8f09692d9ba1e5baa,Assets/Plugins/LeTai.TrueShadow.dll,0,"{x: 5.9195232, y: -5.38138}",42.273666,8,0,3,0.5,1,0
LevelManager,Assets/GameObject/LevelManager.prefab,LeTai.TrueShadow,1fa22c2b5ebef5f8f09692d9ba1e5baa,-248771874,0,[],0,"{r: 1, g: 1, b: 1, a: 1}",2,0,0,1,0,0,{fileID: 0},0,0,1,{fileID: 1154818109098190},1154818109098190,0,{fileID: 0},0,{fileID: 0},0,"{fileID: -248771874, guid: 1fa22c2b5ebef5f8f09692d9ba1e5baa, type: 3}",-248771874,1fa22c2b5ebef5f8f09692d9ba1e5baa,Assets/Plugins/LeTai.TrueShadow.dll,0,"{x: 0, y: -0}",90,0,0,1,0,1,0
LevelManager,Assets/GameObject/LevelManager.prefab,LeTai.TrueShadow,1fa22c2b5ebef5f8f09692d9ba1e5baa,-248771874,0,[],0,"{r: 1, g: 1, b: 1, a: 0.6}",2,0,0,0,0,0,{fileID: 0},0,0,1,{fileID: 1446344874985458},1446344874985458,0,{fileID: 0},0,{fileID: 0},0,"{fileID: -248771874, guid: 1fa22c2b5ebef5f8f09692d9ba1e5baa, type: 3}",-248771874,1fa22c2b5ebef5f8f09692d9ba1e5baa,Assets/Plugins/LeTai.TrueShadow.dll,0,"{x: 0, y: -0}",90,0,0,2,0,1,0
LevelManager,Assets/GameObject/LevelManager.prefab,LeTai.TrueShadow,1fa22c2b5ebef5f8f09692d9ba1e5baa,-248771874,0,[],0,"{r: 1, g: 1, b: 1, a: 0.6}",2,0,0,0,0,0,{fileID: 0},0,0,1,{fileID: 1619633023651382},1619633023651382,0,{fileID: 0},0,{fileID: 0},0,"{fileID: -248771874, guid: 1fa22c2b5ebef5f8f09692d9ba1e5baa, type: 3}",-248771874,1fa22c2b5ebef5f8f09692d9ba1e5baa,Assets/Plugins/LeTai.TrueShadow.dll,0,"{x: 0, y: -0}",90,0,0,2,0,1,0
LevelManager,Assets/GameObject/LevelManager.prefab,LeTai.TrueShadow,1fa22c2b5ebef5f8f09692d9ba1e5baa,-248771874,0,[],0,"{r: 1, g: 1, b: 1, a: 0.6}",2,0,0,0,0,0,{fileID: 0},0,0,1,{fileID: 1495887546641853},1495887546641853,0,{fileID: 0},0,{fileID: 0},0,"{fileID: -248771874, guid: 1fa22c2b5ebef5f8f09692d9ba1e5baa, type: 3}",-248771874,1fa22c2b5ebef5f8f09692d9ba1e5baa,Assets/Plugins/LeTai.TrueShadow.dll,0,"{x: 0, y: -0}",90,0,0,2,0,1,0
LevelManager,Assets/GameObject/LevelManager.prefab,LeTai.TrueShadow,1fa22c2b5ebef5f8f09692d9ba1e5baa,-248771874,0,[],0,"{r: 0, g: 0, b: 0, a: 0.6}",2,0,0,0,0,0,{fileID: 0},0,0,1,{fileID: 1015153992279115},1015153992279115,0,{fileID: 0},0,{fileID: 0},0,"{fileID: -248771874, guid: 1fa22c2b5ebef5f8f09692d9ba1e5baa, type: 3}",-248771874,1fa22c2b5ebef5f8f09692d9ba1e5baa,Assets/Plugins/LeTai.TrueShadow.dll,0,"{x: 1.7881396E-07, y: -3}",90,3,0,6,0,1,0
LevelManager,Assets/GameObject/LevelManager.prefab,LeTai.TrueShadow,1fa22c2b5ebef5f8f09692d9ba1e5baa,-248771874,0,[],0,"{r: 1, g: 1, b: 1, a: 0.6}",2,0,0,0,0,0,{fileID: 0},0,0,1,{fileID: 1769325591510807},1769325591510807,0,{fileID: 0},0,{fileID: 0},0,"{fileID: -248771874, guid: 1fa22c2b5ebef5f8f09692d9ba1e5baa, type: 3}",-248771874,1fa22c2b5ebef5f8f09692d9ba1e5baa,Assets/Plugins/LeTai.TrueShadow.dll,0,"{x: 0, y: -0}",90,0,0,2,0,1,0
LevelManager,Assets/GameObject/LevelManager.prefab,LeTai.TrueShadow,1fa22c2b5ebef5f8f09692d9ba1e5baa,-248771874,0,[],1,"{r: 0.47770557, g: 0.8962264, b: 0.56048983, a: 1}",2,0,0,0,1,1,{fileID: 0},0,0,1,{fileID: 1743757990161153},1743757990161153,0,{fileID: 0},0,{fileID: 0},0,"{fileID: -248771874, guid: 1fa22c2b5ebef5f8f09692d9ba1e5baa, type: 3}",-248771874,1fa22c2b5ebef5f8f09692d9ba1e5baa,Assets/Plugins/LeTai.TrueShadow.dll,0,"{x: 0, y: -0}",90,0,0,15,0,0,0
LevelManager,Assets/GameObject/LevelManager.prefab,LeTai.TrueShadow,1fa22c2b5ebef5f8f09692d9ba1e5baa,-248771874,0,[],0,"{r: 0, g: 0, b: 0, a: 0.6}",2,0,0,0,0,0,{fileID: 0},0,0,0,{fileID: 1220340173628042},1220340173628042,0,{fileID: 0},0,{fileID: 0},0,"{fileID: -248771874, guid: 1fa22c2b5ebef5f8f09692d9ba1e5baa, type: 3}",-248771874,1fa22c2b5ebef5f8f09692d9ba1e5baa,Assets/Plugins/LeTai.TrueShadow.dll,0,"{x: 1.4142134, y: -1.4142137}",45,2,0,8,0,1,0
LevelManager,Assets/GameObject/LevelManager.prefab,LeTai.TrueShadow,1fa22c2b5ebef5f8f09692d9ba1e5baa,-248771874,0,[],0,"{r: 0, g: 0, b: 0, a: 0.72156864}",2,0,0,1,1,0,{fileID: 0},0,0,0,{fileID: 1192736923558809},1192736923558809,0,{fileID: 0},0,{fileID: 0},0,"{fileID: -248771874, guid: 1fa22c2b5ebef5f8f09692d9ba1e5baa, type: 3}",-248771874,1fa22c2b5ebef5f8f09692d9ba1e5baa,Assets/Plugins/LeTai.TrueShadow.dll,0,"{x: 5.9195232, y: -5.38138}",42.273666,8,0,3,0.5,1,0
LevelManager,Assets/GameObject/LevelManager.prefab,LeTai.TrueShadow,1fa22c2b5ebef5f8f09692d9ba1e5baa,-248771874,0,[],0,"{r: 1, g: 1, b: 1, a: 1}",2,0,0,1,0,0,{fileID: 0},0,0,1,{fileID: 1280101695663416},1280101695663416,0,{fileID: 0},0,{fileID: 0},0,"{fileID: -248771874, guid: 1fa22c2b5ebef5f8f09692d9ba1e5baa, type: 3}",-248771874,1fa22c2b5ebef5f8f09692d9ba1e5baa,Assets/Plugins/LeTai.TrueShadow.dll,0,"{x: 0, y: -0}",90,0,0,1,0,1,0
LevelManager,Assets/GameObject/LevelManager.prefab,LeTai.TrueShadow,1fa22c2b5ebef5f8f09692d9ba1e5baa,-248771874,0,[],0,"{r: 1, g: 1, b: 1, a: 0.6}",2,0,0,0,0,0,{fileID: 0},0,0,1,{fileID: 1447056358197254},1447056358197254,0,{fileID: 0},0,{fileID: 0},0,"{fileID: -248771874, guid: 1fa22c2b5ebef5f8f09692d9ba1e5baa, type: 3}",-248771874,1fa22c2b5ebef5f8f09692d9ba1e5baa,Assets/Plugins/LeTai.TrueShadow.dll,0,"{x: 0, y: -0}",90,0,0,2,0,1,0
LevelManager,Assets/GameObject/LevelManager.prefab,LeTai.TrueShadow,1fa22c2b5ebef5f8f09692d9ba1e5baa,-248771874,0,[],0,"{r: 1, g: 1, b: 1, a: 0.6}",2,0,0,0,0,0,{fileID: 0},0,0,1,{fileID: 1746488593932300},1746488593932300,0,{fileID: 0},0,{fileID: 0},0,"{fileID: -248771874, guid: 1fa22c2b5ebef5f8f09692d9ba1e5baa, type: 3}",-248771874,1fa22c2b5ebef5f8f09692d9ba1e5baa,Assets/Plugins/LeTai.TrueShadow.dll,0,"{x: 0, y: -0}",90,0,0,2,0,1,0
LevelManager,Assets/GameObject/LevelManager.prefab,LeTai.TrueShadow,1fa22c2b5ebef5f8f09692d9ba1e5baa,-248771874,0,[],0,"{r: 1, g: 1, b: 1, a: 0.6}",2,0,0,0,0,0,{fileID: 0},0,0,1,{fileID: 1744623494413010},1744623494413010,0,{fileID: 0},0,{fileID: 0},0,"{fileID: -248771874, guid: 1fa22c2b5ebef5f8f09692d9ba1e5baa, type: 3}",-248771874,1fa22c2b5ebef5f8f09692d9ba1e5baa,Assets/Plugins/LeTai.TrueShadow.dll,0,"{x: 0, y: -0}",90,0,0,2,0,1,0
LevelManager,Assets/GameObject/LevelManager.prefab,LeTai.TrueShadow,1fa22c2b5ebef5f8f09692d9ba1e5baa,-248771874,0,[],0,"{r: 0, g: 0, b: 0, a: 0.6}",2,0,0,0,0,0,{fileID: 0},0,0,1,{fileID: 1646259448802931},1646259448802931,0,{fileID: 0},0,{fileID: 0},0,"{fileID: -248771874, guid: 1fa22c2b5ebef5f8f09692d9ba1e5baa, type: 3}",-248771874,1fa22c2b5ebef5f8f09692d9ba1e5baa,Assets/Plugins/LeTai.TrueShadow.dll,0,"{x: 1.7881396E-07, y: -3}",90,3,0,6,0,1,0
LevelManager,Assets/GameObject/LevelManager.prefab,LeTai.TrueShadow,1fa22c2b5ebef5f8f09692d9ba1e5baa,-248771874,0,[],0,"{r: 1, g: 1, b: 1, a: 0.6}",2,0,0,0,0,0,{fileID: 0},0,0,1,{fileID: 1587874321806193},1587874321806193,0,{fileID: 0},0,{fileID: 0},0,"{fileID: -248771874, guid: 1fa22c2b5ebef5f8f09692d9ba1e5baa, type: 3}",-248771874,1fa22c2b5ebef5f8f09692d9ba1e5baa,Assets/Plugins/LeTai.TrueShadow.dll,0,"{x: 0, y: -0}",90,0,0,2,0,1,0
LevelManager,Assets/GameObject/LevelManager.prefab,LeTai.TrueShadow,1fa22c2b5ebef5f8f09692d9ba1e5baa,-248771874,0,[],1,"{r: 0.47770557, g: 0.8962264, b: 0.56048983, a: 1}",2,0,0,0,1,1,{fileID: 0},0,0,1,{fileID: 1991067751089373},1991067751089373,0,{fileID: 0},0,{fileID: 0},0,"{fileID: -248771874, guid: 1fa22c2b5ebef5f8f09692d9ba1e5baa, type: 3}",-248771874,1fa22c2b5ebef5f8f09692d9ba1e5baa,Assets/Plugins/LeTai.TrueShadow.dll,0,"{x: 0, y: -0}",90,0,0,15,0,0,0
LevelManager,Assets/GameObject/LevelManager.prefab,LeTai.TrueShadow,1fa22c2b5ebef5f8f09692d9ba1e5baa,-248771874,0,[],0,"{r: 0, g: 0, b: 0, a: 0.6}",2,0,0,0,0,0,{fileID: 0},0,0,0,{fileID: 1789871656256095},1789871656256095,0,{fileID: 0},0,{fileID: 0},0,"{fileID: -248771874, guid: 1fa22c2b5ebef5f8f09692d9ba1e5baa, type: 3}",-248771874,1fa22c2b5ebef5f8f09692d9ba1e5baa,Assets/Plugins/LeTai.TrueShadow.dll,0,"{x: 1.4142134, y: -1.4142137}",45,2,0,8,0,1,0
LevelManager,Assets/GameObject/LevelManager.prefab,LeTai.TrueShadow,1fa22c2b5ebef5f8f09692d9ba1e5baa,-248771874,0,[],0,"{r: 0, g: 0, b: 0, a: 0.72156864}",2,0,0,1,1,0,{fileID: 0},0,0,0,{fileID: 1464713252229391},1464713252229391,0,{fileID: 0},0,{fileID: 0},0,"{fileID: -248771874, guid: 1fa22c2b5ebef5f8f09692d9ba1e5baa, type: 3}",-248771874,1fa22c2b5ebef5f8f09692d9ba1e5baa,Assets/Plugins/LeTai.TrueShadow.dll,0,"{x: 5.9195232, y: -5.38138}",42.273666,8,0,3,0.5,1,0
LevelManager,Assets/GameObject/LevelManager.prefab,LeTai.TrueShadow,1fa22c2b5ebef5f8f09692d9ba1e5baa,-248771874,0,[],0,"{r: 1, g: 1, b: 1, a: 1}",2,0,0,1,0,0,{fileID: 0},0,0,1,{fileID: 1814782890362280},1814782890362280,0,{fileID: 0},0,{fileID: 0},0,"{fileID: -248771874, guid: 1fa22c2b5ebef5f8f09692d9ba1e5baa, type: 3}",-248771874,1fa22c2b5ebef5f8f09692d9ba1e5baa,Assets/Plugins/LeTai.TrueShadow.dll,0,"{x: 0, y: -0}",90,0,0,1,0,1,0
LevelManager,Assets/GameObject/LevelManager.prefab,LeTai.TrueShadow,1fa22c2b5ebef5f8f09692d9ba1e5baa,-248771874,0,[],0,"{r: 1, g: 1, b: 1, a: 0.6}",2,0,0,0,0,0,{fileID: 0},0,0,1,{fileID: 1660530644176931},1660530644176931,0,{fileID: 0},0,{fileID: 0},0,"{fileID: -248771874, guid: 1fa22c2b5ebef5f8f09692d9ba1e5baa, type: 3}",-248771874,1fa22c2b5ebef5f8f09692d9ba1e5baa,Assets/Plugins/LeTai.TrueShadow.dll,0,"{x: 0, y: -0}",90,0,0,2,0,1,0
LevelManager,Assets/GameObject/LevelManager.prefab,LeTai.TrueShadow,1fa22c2b5ebef5f8f09692d9ba1e5baa,-248771874,0,[],0,"{r: 1, g: 1, b: 1, a: 0.6}",2,0,0,0,0,0,{fileID: 0},0,0,1,{fileID: 1524718125011165},1524718125011165,0,{fileID: 0},0,{fileID: 0},0,"{fileID: -248771874, guid: 1fa22c2b5ebef5f8f09692d9ba1e5baa, type: 3}",-248771874,1fa22c2b5ebef5f8f09692d9ba1e5baa,Assets/Plugins/LeTai.TrueShadow.dll,0,"{x: 0, y: -0}",90,0,0,2,0,1,0
LevelManager,Assets/GameObject/LevelManager.prefab,LeTai.TrueShadow,1fa22c2b5ebef5f8f09692d9ba1e5baa,-248771874,0,[],0,"{r: 1, g: 1, b: 1, a: 0.6}",2,0,0,0,0,0,{fileID: 0},0,0,1,{fileID: 1283536807500340},1283536807500340,0,{fileID: 0},0,{fileID: 0},0,"{fileID: -248771874, guid: 1fa22c2b5ebef5f8f09692d9ba1e5baa, type: 3}",-248771874,1fa22c2b5ebef5f8f09692d9ba1e5baa,Assets/Plugins/LeTai.TrueShadow.dll,0,"{x: 0, y: -0}",90,0,0,2,0,1,0
LevelManager,Assets/GameObject/LevelManager.prefab,LeTai.TrueShadow,1fa22c2b5ebef5f8f09692d9ba1e5baa,-248771874,0,[],0,"{r: 0, g: 0, b: 0, a: 0.6}",2,0,0,0,0,0,{fileID: 0},0,0,1,{fileID: 1668514259883568},1668514259883568,0,{fileID: 0},0,{fileID: 0},0,"{fileID: -248771874, guid: 1fa22c2b5ebef5f8f09692d9ba1e5baa, type: 3}",-248771874,1fa22c2b5ebef5f8f09692d9ba1e5baa,Assets/Plugins/LeTai.TrueShadow.dll,0,"{x: 1.7881396E-07, y: -3}",90,3,0,6,0,1,0
LevelManager,Assets/GameObject/LevelManager.prefab,LeTai.TrueShadow,1fa22c2b5ebef5f8f09692d9ba1e5baa,-248771874,0,[],0,"{r: 1, g: 1, b: 1, a: 0.6}",2,0,0,0,0,0,{fileID: 0},0,0,1,{fileID: 1324480175118642},1324480175118642,0,{fileID: 0},0,{fileID: 0},0,"{fileID: -248771874, guid: 1fa22c2b5ebef5f8f09692d9ba1e5baa, type: 3}",-248771874,1fa22c2b5ebef5f8f09692d9ba1e5baa,Assets/Plugins/LeTai.TrueShadow.dll,0,"{x: 0, y: -0}",90,0,0,2,0,1,0
LevelManager,Assets/GameObject/LevelManager.prefab,LeTai.TrueShadow,1fa22c2b5ebef5f8f09692d9ba1e5baa,-248771874,0,[],1,"{r: 0.22745097, g: 0.7221681, b: 1, a: 1}",2,0,0,0,0,0,{fileID: 0},0,0,1,{fileID: 1585351538693853},1585351538693853,0,{fileID: 0},0,{fileID: 0},0,"{fileID: -248771874, guid: 1fa22c2b5ebef5f8f09692d9ba1e5baa, type: 3}",-248771874,1fa22c2b5ebef5f8f09692d9ba1e5baa,Assets/Plugins/LeTai.TrueShadow.dll,0,"{x: 0, y: -0}",90,0,0,16,0,0,0
LevelManager,Assets/GameObject/LevelManager.prefab,LeTai.TrueShadow,1fa22c2b5ebef5f8f09692d9ba1e5baa,-248771874,0,[],1,"{r: 0, g: 0, b: 0, a: 1}",2,0,0,0,0,0,{fileID: 0},0,0,1,{fileID: 1891906333190520},1891906333190520,0,{fileID: 0},0,{fileID: 0},0,"{fileID: -248771874, guid: 1fa22c2b5ebef5f8f09692d9ba1e5baa, type: 3}",-248771874,1fa22c2b5ebef5f8f09692d9ba1e5baa,Assets/Plugins/LeTai.TrueShadow.dll,0,"{x: 0, y: -0}",90,0,0,16,0,0,0
LevelManager,Assets/GameObject/LevelManager.prefab,LeTai.TrueShadow,1fa22c2b5ebef5f8f09692d9ba1e5baa,-248771874,0,[],0,"{r: 1, g: 0.6781641, b: 0.36320752, a: 0.8666667}",2,0,0,0,0,0,{fileID: 0},0,0,1,{fileID: 1273132156003367},1273132156003367,0,{fileID: 0},0,{fileID: 0},0,"{fileID: -248771874, guid: 1fa22c2b5ebef5f8f09692d9ba1e5baa, type: 3}",-248771874,1fa22c2b5ebef5f8f09692d9ba1e5baa,Assets/Plugins/LeTai.TrueShadow.dll,0,"{x: 0, y: -0}",90,0,0,9.93,0,1,0
LevelManager,Assets/GameObject/LevelManager.prefab,LeTai.TrueShadow,1fa22c2b5ebef5f8f09692d9ba1e5baa,-248771874,0,[],1,"{r: 0.47770557, g: 0.8962264, b: 0.56048983, a: 1}",2,0,0,0,1,1,{fileID: 0},0,0,1,{fileID: 1381231122257048},1381231122257048,0,{fileID: 0},0,{fileID: 0},0,"{fileID: -248771874, guid: 1fa22c2b5ebef5f8f09692d9ba1e5baa, type: 3}",-248771874,1fa22c2b5ebef5f8f09692d9ba1e5baa,Assets/Plugins/LeTai.TrueShadow.dll,0,"{x: 0, y: -0}",90,0,0,15,0,0,0
LevelManager,Assets/GameObject/LevelManager.prefab,LeTai.TrueShadow,1fa22c2b5ebef5f8f09692d9ba1e5baa,-248771874,0,[],0,"{r: 0, g: 0, b: 0, a: 0.6}",2,0,0,0,0,0,{fileID: 0},0,0,1,{fileID: 1575614483459605},1575614483459605,0,{fileID: 0},0,{fileID: 0},0,"{fileID: -248771874, guid: 1fa22c2b5ebef5f8f09692d9ba1e5baa, type: 3}",-248771874,1fa22c2b5ebef5f8f09692d9ba1e5baa,Assets/Plugins/LeTai.TrueShadow.dll,0,"{x: 1.4142134, y: -1.4142137}",45,2,0,8,0,1,0
LevelManager,Assets/GameObject/LevelManager.prefab,LeTai.TrueShadow,1fa22c2b5ebef5f8f09692d9ba1e5baa,-248771874,0,[],0,"{r: 0, g: 0, b: 0, a: 0.72156864}",2,0,0,1,1,0,{fileID: 0},0,0,1,{fileID: 1516318117234075},1516318117234075,0,{fileID: 0},0,{fileID: 0},0,"{fileID: -248771874, guid: 1fa22c2b5ebef5f8f09692d9ba1e5baa, type: 3}",-248771874,1fa22c2b5ebef5f8f09692d9ba1e5baa,Assets/Plugins/LeTai.TrueShadow.dll,0,"{x: 5.9195232, y: -5.38138}",42.273666,8,0,3,0.5,1,0
LevelManager,Assets/GameObject/LevelManager.prefab,LeTai.TrueShadow,1fa22c2b5ebef5f8f09692d9ba1e5baa,-248771874,0,[],0,"{r: 1, g: 1, b: 1, a: 1}",2,0,0,1,0,0,{fileID: 0},0,0,1,{fileID: 1628078775104474},1628078775104474,0,{fileID: 0},0,{fileID: 0},0,"{fileID: -248771874, guid: 1fa22c2b5ebef5f8f09692d9ba1e5baa, type: 3}",-248771874,1fa22c2b5ebef5f8f09692d9ba1e5baa,Assets/Plugins/LeTai.TrueShadow.dll,0,"{x: 0, y: -0}",90,0,0,1,0,1,0
LevelManager,Assets/GameObject/LevelManager.prefab,LeTai.TrueShadow,1fa22c2b5ebef5f8f09692d9ba1e5baa,-248771874,0,[],0,"{r: 1, g: 1, b: 1, a: 0.6}",2,0,0,0,0,0,{fileID: 0},0,0,1,{fileID: 1309534107754136},1309534107754136,0,{fileID: 0},0,{fileID: 0},0,"{fileID: -248771874, guid: 1fa22c2b5ebef5f8f09692d9ba1e5baa, type: 3}",-248771874,1fa22c2b5ebef5f8f09692d9ba1e5baa,Assets/Plugins/LeTai.TrueShadow.dll,0,"{x: 0, y: -0}",90,0,0,2,0,1,0
LevelManager,Assets/GameObject/LevelManager.prefab,LeTai.TrueShadow,1fa22c2b5ebef5f8f09692d9ba1e5baa,-248771874,0,[],0,"{r: 1, g: 1, b: 1, a: 0.6}",2,0,0,0,0,0,{fileID: 0},0,0,1,{fileID: 1279749060386191},1279749060386191,0,{fileID: 0},0,{fileID: 0},0,"{fileID: -248771874, guid: 1fa22c2b5ebef5f8f09692d9ba1e5baa, type: 3}",-248771874,1fa22c2b5ebef5f8f09692d9ba1e5baa,Assets/Plugins/LeTai.TrueShadow.dll,0,"{x: 0, y: -0}",90,0,0,2,0,1,0
LevelManager,Assets/GameObject/LevelManager.prefab,LeTai.TrueShadow,1fa22c2b5ebef5f8f09692d9ba1e5baa,-248771874,0,[],0,"{r: 1, g: 1, b: 1, a: 0.6}",2,0,0,0,0,0,{fileID: 0},0,0,1,{fileID: 1632130918841968},1632130918841968,0,{fileID: 0},0,{fileID: 0},0,"{fileID: -248771874, guid: 1fa22c2b5ebef5f8f09692d9ba1e5baa, type: 3}",-248771874,1fa22c2b5ebef5f8f09692d9ba1e5baa,Assets/Plugins/LeTai.TrueShadow.dll,0,"{x: 0, y: -0}",90,0,0,2,0,1,0
LevelManager,Assets/GameObject/LevelManager.prefab,LeTai.TrueShadow,1fa22c2b5ebef5f8f09692d9ba1e5baa,-248771874,0,[],0,"{r: 0, g: 0, b: 0, a: 0.6}",2,0,0,0,0,0,{fileID: 0},0,0,1,{fileID: 1248540680896096},1248540680896096,0,{fileID: 0},0,{fileID: 0},0,"{fileID: -248771874, guid: 1fa22c2b5ebef5f8f09692d9ba1e5baa, type: 3}",-248771874,1fa22c2b5ebef5f8f09692d9ba1e5baa,Assets/Plugins/LeTai.TrueShadow.dll,0,"{x: 1.7881396E-07, y: -3}",90,3,0,6,0,1,0
LevelManager,Assets/GameObject/LevelManager.prefab,LeTai.TrueShadow,1fa22c2b5ebef5f8f09692d9ba1e5baa,-248771874,0,[],0,"{r: 1, g: 1, b: 1, a: 0.6}",2,0,0,0,0,0,{fileID: 0},0,0,1,{fileID: 1837238801456920},1837238801456920,0,{fileID: 0},0,{fileID: 0},0,"{fileID: -248771874, guid: 1fa22c2b5ebef5f8f09692d9ba1e5baa, type: 3}",-248771874,1fa22c2b5ebef5f8f09692d9ba1e5baa,Assets/Plugins/LeTai.TrueShadow.dll,0,"{x: 0, y: -0}",90,0,0,2,0,1,0
LevelManager,Assets/GameObject/LevelManager.prefab,LeTai.TrueShadow,1fa22c2b5ebef5f8f09692d9ba1e5baa,-248771874,0,[],1,"{r: 0.47770557, g: 0.8962264, b: 0.56048983, a: 1}",2,0,0,0,1,1,{fileID: 0},0,0,1,{fileID: 1029951601615072},1029951601615072,0,{fileID: 0},0,{fileID: 0},0,"{fileID: -248771874, guid: 1fa22c2b5ebef5f8f09692d9ba1e5baa, type: 3}",-248771874,1fa22c2b5ebef5f8f09692d9ba1e5baa,Assets/Plugins/LeTai.TrueShadow.dll,0,"{x: 0, y: -0}",90,0,0,15,0,0,0
LevelManager,Assets/GameObject/LevelManager.prefab,LeTai.TrueShadow,1fa22c2b5ebef5f8f09692d9ba1e5baa,-248771874,0,[],0,"{r: 0, g: 0, b: 0, a: 0.6}",2,0,0,0,0,0,{fileID: 0},0,0,1,{fileID: 1577752527093182},1577752527093182,0,{fileID: 0},0,{fileID: 0},0,"{fileID: -248771874, guid: 1fa22c2b5ebef5f8f09692d9ba1e5baa, type: 3}",-248771874,1fa22c2b5ebef5f8f09692d9ba1e5baa,Assets/Plugins/LeTai.TrueShadow.dll,0,"{x: 1.4142134, y: -1.4142137}",45,2,0,8,0,1,0
LevelManager,Assets/GameObject/LevelManager.prefab,LeTai.TrueShadow,1fa22c2b5ebef5f8f09692d9ba1e5baa,-248771874,0,[],0,"{r: 0, g: 0, b: 0, a: 0.72156864}",2,0,0,1,1,0,{fileID: 0},0,0,1,{fileID: 1350002069406265},1350002069406265,0,{fileID: 0},0,{fileID: 0},0,"{fileID: -248771874, guid: 1fa22c2b5ebef5f8f09692d9ba1e5baa, type: 3}",-248771874,1fa22c2b5ebef5f8f09692d9ba1e5baa,Assets/Plugins/LeTai.TrueShadow.dll,0,"{x: 5.9195232, y: -5.38138}",42.273666,8,0,3,0.5,1,0
LevelManager,Assets/GameObject/LevelManager.prefab,LeTai.TrueShadow,1fa22c2b5ebef5f8f09692d9ba1e5baa,-248771874,0,[],0,"{r: 1, g: 1, b: 1, a: 1}",2,0,0,1,0,0,{fileID: 0},0,0,1,{fileID: 1360580727956330},1360580727956330,0,{fileID: 0},0,{fileID: 0},0,"{fileID: -248771874, guid: 1fa22c2b5ebef5f8f09692d9ba1e5baa, type: 3}",-248771874,1fa22c2b5ebef5f8f09692d9ba1e5baa,Assets/Plugins/LeTai.TrueShadow.dll,0,"{x: 0, y: -0}",90,0,0,1,0,1,0
LevelManager,Assets/GameObject/LevelManager.prefab,LeTai.TrueShadow,1fa22c2b5ebef5f8f09692d9ba1e5baa,-248771874,0,[],0,"{r: 1, g: 1, b: 1, a: 0.6}",2,0,0,0,0,0,{fileID: 0},0,0,1,{fileID: 1736483220815175},1736483220815175,0,{fileID: 0},0,{fileID: 0},0,"{fileID: -248771874, guid: 1fa22c2b5ebef5f8f09692d9ba1e5baa, type: 3}",-248771874,1fa22c2b5ebef5f8f09692d9ba1e5baa,Assets/Plugins/LeTai.TrueShadow.dll,0,"{x: 0, y: -0}",90,0,0,2,0,1,0
LevelManager,Assets/GameObject/LevelManager.prefab,LeTai.TrueShadow,1fa22c2b5ebef5f8f09692d9ba1e5baa,-248771874,0,[],0,"{r: 1, g: 1, b: 1, a: 0.6}",2,0,0,0,0,0,{fileID: 0},0,0,1,{fileID: 1133042928255525},1133042928255525,0,{fileID: 0},0,{fileID: 0},0,"{fileID: -248771874, guid: 1fa22c2b5ebef5f8f09692d9ba1e5baa, type: 3}",-248771874,1fa22c2b5ebef5f8f09692d9ba1e5baa,Assets/Plugins/LeTai.TrueShadow.dll,0,"{x: 0, y: -0}",90,0,0,2,0,1,0
LevelManager,Assets/GameObject/LevelManager.prefab,LeTai.TrueShadow,1fa22c2b5ebef5f8f09692d9ba1e5baa,-248771874,0,[],0,"{r: 1, g: 1, b: 1, a: 0.6}",2,0,0,0,0,0,{fileID: 0},0,0,1,{fileID: 1593114637556289},1593114637556289,0,{fileID: 0},0,{fileID: 0},0,"{fileID: -248771874, guid: 1fa22c2b5ebef5f8f09692d9ba1e5baa, type: 3}",-248771874,1fa22c2b5ebef5f8f09692d9ba1e5baa,Assets/Plugins/LeTai.TrueShadow.dll,0,"{x: 0, y: -0}",90,0,0,2,0,1,0
LevelManager,Assets/GameObject/LevelManager.prefab,LeTai.TrueShadow,1fa22c2b5ebef5f8f09692d9ba1e5baa,-248771874,0,[],0,"{r: 0, g: 0, b: 0, a: 0.6}",2,0,0,0,0,0,{fileID: 0},0,0,1,{fileID: 1975342401641982},1975342401641982,0,{fileID: 0},0,{fileID: 0},0,"{fileID: -248771874, guid: 1fa22c2b5ebef5f8f09692d9ba1e5baa, type: 3}",-248771874,1fa22c2b5ebef5f8f09692d9ba1e5baa,Assets/Plugins/LeTai.TrueShadow.dll,0,"{x: 1.7881396E-07, y: -3}",90,3,0,6,0,1,0
LevelManager,Assets/GameObject/LevelManager.prefab,LeTai.TrueShadow,1fa22c2b5ebef5f8f09692d9ba1e5baa,-248771874,0,[],0,"{r: 1, g: 1, b: 1, a: 0.6}",2,0,0,0,0,0,{fileID: 0},0,0,1,{fileID: 1029827100806250},1029827100806250,0,{fileID: 0},0,{fileID: 0},0,"{fileID: -248771874, guid: 1fa22c2b5ebef5f8f09692d9ba1e5baa, type: 3}",-248771874,1fa22c2b5ebef5f8f09692d9ba1e5baa,Assets/Plugins/LeTai.TrueShadow.dll,0,"{x: 0, y: -0}",90,0,0,2,0,1,0
LevelManager,Assets/GameObject/LevelManager.prefab,LeTai.TrueShadow,1fa22c2b5ebef5f8f09692d9ba1e5baa,-248771874,0,[],1,"{r: 0.47770557, g: 0.8962264, b: 0.56048983, a: 1}",2,0,0,0,1,1,{fileID: 0},0,0,1,{fileID: 1663205139974105},1663205139974105,0,{fileID: 0},0,{fileID: 0},0,"{fileID: -248771874, guid: 1fa22c2b5ebef5f8f09692d9ba1e5baa, type: 3}",-248771874,1fa22c2b5ebef5f8f09692d9ba1e5baa,Assets/Plugins/LeTai.TrueShadow.dll,0,"{x: 0, y: -0}",90,0,0,15,0,0,0
LevelManager,Assets/GameObject/LevelManager.prefab,LeTai.TrueShadow,1fa22c2b5ebef5f8f09692d9ba1e5baa,-248771874,0,[],0,"{r: 0, g: 0, b: 0, a: 0.6}",2,0,0,0,0,0,{fileID: 0},0,0,1,{fileID: 1153180304092138},1153180304092138,0,{fileID: 0},0,{fileID: 0},0,"{fileID: -248771874, guid: 1fa22c2b5ebef5f8f09692d9ba1e5baa, type: 3}",-248771874,1fa22c2b5ebef5f8f09692d9ba1e5baa,Assets/Plugins/LeTai.TrueShadow.dll,0,"{x: 1.4142134, y: -1.4142137}",45,2,0,8,0,1,0
LevelManager,Assets/GameObject/LevelManager.prefab,LeTai.TrueShadow,1fa22c2b5ebef5f8f09692d9ba1e5baa,-248771874,0,[],0,"{r: 0, g: 0, b: 0, a: 0.72156864}",2,0,0,1,1,0,{fileID: 0},0,0,1,{fileID: 1365494706031923},1365494706031923,0,{fileID: 0},0,{fileID: 0},0,"{fileID: -248771874, guid: 1fa22c2b5ebef5f8f09692d9ba1e5baa, type: 3}",-248771874,1fa22c2b5ebef5f8f09692d9ba1e5baa,Assets/Plugins/LeTai.TrueShadow.dll,0,"{x: 5.9195232, y: -5.38138}",42.273666,8,0,3,0.5,1,0
LevelManager,Assets/GameObject/LevelManager.prefab,LeTai.TrueShadow,1fa22c2b5ebef5f8f09692d9ba1e5baa,-248771874,0,[],0,"{r: 1, g: 1, b: 1, a: 1}",2,0,0,1,0,0,{fileID: 0},0,0,1,{fileID: 1328635944483472},1328635944483472,0,{fileID: 0},0,{fileID: 0},0,"{fileID: -248771874, guid: 1fa22c2b5ebef5f8f09692d9ba1e5baa, type: 3}",-248771874,1fa22c2b5ebef5f8f09692d9ba1e5baa,Assets/Plugins/LeTai.TrueShadow.dll,0,"{x: 0, y: -0}",90,0,0,1,0,1,0
LevelManager,Assets/GameObject/LevelManager.prefab,LeTai.TrueShadow,1fa22c2b5ebef5f8f09692d9ba1e5baa,-248771874,0,[],0,"{r: 1, g: 1, b: 1, a: 0.6}",2,0,0,0,0,0,{fileID: 0},0,0,1,{fileID: 1659383125573001},1659383125573001,0,{fileID: 0},0,{fileID: 0},0,"{fileID: -248771874, guid: 1fa22c2b5ebef5f8f09692d9ba1e5baa, type: 3}",-248771874,1fa22c2b5ebef5f8f09692d9ba1e5baa,Assets/Plugins/LeTai.TrueShadow.dll,0,"{x: 0, y: -0}",90,0,0,2,0,1,0
LevelManager,Assets/GameObject/LevelManager.prefab,LeTai.TrueShadow,1fa22c2b5ebef5f8f09692d9ba1e5baa,-248771874,0,[],0,"{r: 1, g: 1, b: 1, a: 0.6}",2,0,0,0,0,0,{fileID: 0},0,0,1,{fileID: 1417488942347712},1417488942347712,0,{fileID: 0},0,{fileID: 0},0,"{fileID: -248771874, guid: 1fa22c2b5ebef5f8f09692d9ba1e5baa, type: 3}",-248771874,1fa22c2b5ebef5f8f09692d9ba1e5baa,Assets/Plugins/LeTai.TrueShadow.dll,0,"{x: 0, y: -0}",90,0,0,2,0,1,0
LevelManager,Assets/GameObject/LevelManager.prefab,LeTai.TrueShadow,1fa22c2b5ebef5f8f09692d9ba1e5baa,-248771874,0,[],0,"{r: 1, g: 1, b: 1, a: 0.6}",2,0,0,0,0,0,{fileID: 0},0,0,1,{fileID: 1883270603516318},1883270603516318,0,{fileID: 0},0,{fileID: 0},0,"{fileID: -248771874, guid: 1fa22c2b5ebef5f8f09692d9ba1e5baa, type: 3}",-248771874,1fa22c2b5ebef5f8f09692d9ba1e5baa,Assets/Plugins/LeTai.TrueShadow.dll,0,"{x: 0, y: -0}",90,0,0,2,0,1,0
LevelManager,Assets/GameObject/LevelManager.prefab,LeTai.TrueShadow,1fa22c2b5ebef5f8f09692d9ba1e5baa,-248771874,0,[],0,"{r: 0, g: 0, b: 0, a: 0.6}",2,0,0,0,0,0,{fileID: 0},0,0,1,{fileID: 1562530183853459},1562530183853459,0,{fileID: 0},0,{fileID: 0},0,"{fileID: -248771874, guid: 1fa22c2b5ebef5f8f09692d9ba1e5baa, type: 3}",-248771874,1fa22c2b5ebef5f8f09692d9ba1e5baa,Assets/Plugins/LeTai.TrueShadow.dll,0,"{x: 1.7881396E-07, y: -3}",90,3,0,6,0,1,0
LevelManager,Assets/GameObject/LevelManager.prefab,LeTai.TrueShadow,1fa22c2b5ebef5f8f09692d9ba1e5baa,-248771874,0,[],0,"{r: 1, g: 1, b: 1, a: 0.6}",2,0,0,0,0,0,{fileID: 0},0,0,1,{fileID: 1100775987681077},1100775987681077,0,{fileID: 0},0,{fileID: 0},0,"{fileID: -248771874, guid: 1fa22c2b5ebef5f8f09692d9ba1e5baa, type: 3}",-248771874,1fa22c2b5ebef5f8f09692d9ba1e5baa,Assets/Plugins/LeTai.TrueShadow.dll,0,"{x: 0, y: -0}",90,0,0,2,0,1,0
LevelManager,Assets/GameObject/LevelManager.prefab,LeTai.TrueShadow,1fa22c2b5ebef5f8f09692d9ba1e5baa,-248771874,0,[],1,"{r: 0.47770557, g: 0.8962264, b: 0.56048983, a: 1}",2,0,0,0,1,1,{fileID: 0},0,0,1,{fileID: 1235941815086732},1235941815086732,0,{fileID: 0},0,{fileID: 0},0,"{fileID: -248771874, guid: 1fa22c2b5ebef5f8f09692d9ba1e5baa, type: 3}",-248771874,1fa22c2b5ebef5f8f09692d9ba1e5baa,Assets/Plugins/LeTai.TrueShadow.dll,0,"{x: 0, y: -0}",90,0,0,15,0,0,0
LevelManager,Assets/GameObject/LevelManager.prefab,LeTai.TrueShadow,1fa22c2b5ebef5f8f09692d9ba1e5baa,-248771874,0,[],0,"{r: 0, g: 0, b: 0, a: 0.6}",2,0,0,0,0,0,{fileID: 0},0,0,1,{fileID: 1510044186443780},1510044186443780,0,{fileID: 0},0,{fileID: 0},0,"{fileID: -248771874, guid: 1fa22c2b5ebef5f8f09692d9ba1e5baa, type: 3}",-248771874,1fa22c2b5ebef5f8f09692d9ba1e5baa,Assets/Plugins/LeTai.TrueShadow.dll,0,"{x: 1.4142134, y: -1.4142137}",45,2,0,8,0,1,0
LevelManager,Assets/GameObject/LevelManager.prefab,LeTai.TrueShadow,1fa22c2b5ebef5f8f09692d9ba1e5baa,-248771874,0,[],0,"{r: 0, g: 0, b: 0, a: 0.72156864}",2,0,0,1,1,0,{fileID: 0},0,0,1,{fileID: 1289483102285497},1289483102285497,0,{fileID: 0},0,{fileID: 0},0,"{fileID: -248771874, guid: 1fa22c2b5ebef5f8f09692d9ba1e5baa, type: 3}",-248771874,1fa22c2b5ebef5f8f09692d9ba1e5baa,Assets/Plugins/LeTai.TrueShadow.dll,0,"{x: 5.9195232, y: -5.38138}",42.273666,8,0,3,0.5,1,0
LevelManager,Assets/GameObject/LevelManager.prefab,LeTai.TrueShadow,1fa22c2b5ebef5f8f09692d9ba1e5baa,-248771874,0,[],0,"{r: 1, g: 1, b: 1, a: 1}",2,0,0,1,0,0,{fileID: 0},0,0,1,{fileID: 1701201121037427},1701201121037427,0,{fileID: 0},0,{fileID: 0},0,"{fileID: -248771874, guid: 1fa22c2b5ebef5f8f09692d9ba1e5baa, type: 3}",-248771874,1fa22c2b5ebef5f8f09692d9ba1e5baa,Assets/Plugins/LeTai.TrueShadow.dll,0,"{x: 0, y: -0}",90,0,0,1,0,1,0
LevelManager,Assets/GameObject/LevelManager.prefab,LeTai.TrueShadow,1fa22c2b5ebef5f8f09692d9ba1e5baa,-248771874,0,[],0,"{r: 1, g: 1, b: 1, a: 0.6}",2,0,0,0,0,0,{fileID: 0},0,0,1,{fileID: 1932466684619261},1932466684619261,0,{fileID: 0},0,{fileID: 0},0,"{fileID: -248771874, guid: 1fa22c2b5ebef5f8f09692d9ba1e5baa, type: 3}",-248771874,1fa22c2b5ebef5f8f09692d9ba1e5baa,Assets/Plugins/LeTai.TrueShadow.dll,0,"{x: 0, y: -0}",90,0,0,2,0,1,0
LevelManager,Assets/GameObject/LevelManager.prefab,LeTai.TrueShadow,1fa22c2b5ebef5f8f09692d9ba1e5baa,-248771874,0,[],0,"{r: 1, g: 1, b: 1, a: 0.6}",2,0,0,0,0,0,{fileID: 0},0,0,1,{fileID: 1472836727888625},1472836727888625,0,{fileID: 0},0,{fileID: 0},0,"{fileID: -248771874, guid: 1fa22c2b5ebef5f8f09692d9ba1e5baa, type: 3}",-248771874,1fa22c2b5ebef5f8f09692d9ba1e5baa,Assets/Plugins/LeTai.TrueShadow.dll,0,"{x: 0, y: -0}",90,0,0,2,0,1,0
LevelManager,Assets/GameObject/LevelManager.prefab,LeTai.TrueShadow,1fa22c2b5ebef5f8f09692d9ba1e5baa,-248771874,0,[],0,"{r: 1, g: 1, b: 1, a: 0.6}",2,0,0,0,0,0,{fileID: 0},0,0,1,{fileID: 1557953087315608},1557953087315608,0,{fileID: 0},0,{fileID: 0},0,"{fileID: -248771874, guid: 1fa22c2b5ebef5f8f09692d9ba1e5baa, type: 3}",-248771874,1fa22c2b5ebef5f8f09692d9ba1e5baa,Assets/Plugins/LeTai.TrueShadow.dll,0,"{x: 0, y: -0}",90,0,0,2,0,1,0
LevelManager,Assets/GameObject/LevelManager.prefab,LeTai.TrueShadow,1fa22c2b5ebef5f8f09692d9ba1e5baa,-248771874,0,[],0,"{r: 0, g: 0, b: 0, a: 0.6}",2,0,0,0,0,0,{fileID: 0},0,0,1,{fileID: 1520689976196056},1520689976196056,0,{fileID: 0},0,{fileID: 0},0,"{fileID: -248771874, guid: 1fa22c2b5ebef5f8f09692d9ba1e5baa, type: 3}",-248771874,1fa22c2b5ebef5f8f09692d9ba1e5baa,Assets/Plugins/LeTai.TrueShadow.dll,0,"{x: 1.7881396E-07, y: -3}",90,3,0,6,0,1,0
LevelManager,Assets/GameObject/LevelManager.prefab,LeTai.TrueShadow,1fa22c2b5ebef5f8f09692d9ba1e5baa,-248771874,0,[],0,"{r: 1, g: 1, b: 1, a: 0.6}",2,0,0,0,0,0,{fileID: 0},0,0,1,{fileID: 1504217678251961},1504217678251961,0,{fileID: 0},0,{fileID: 0},0,"{fileID: -248771874, guid: 1fa22c2b5ebef5f8f09692d9ba1e5baa, type: 3}",-248771874,1fa22c2b5ebef5f8f09692d9ba1e5baa,Assets/Plugins/LeTai.TrueShadow.dll,0,"{x: 0, y: -0}",90,0,0,2,0,1,0
LevelManager,Assets/GameObject/LevelManager.prefab,LeTai.TrueShadow,1fa22c2b5ebef5f8f09692d9ba1e5baa,-248771874,0,[],1,"{r: 0.47770557, g: 0.8962264, b: 0.56048983, a: 1}",2,0,0,0,1,1,{fileID: 0},0,0,1,{fileID: 1220881536879696},1220881536879696,0,{fileID: 0},0,{fileID: 0},0,"{fileID: -248771874, guid: 1fa22c2b5ebef5f8f09692d9ba1e5baa, type: 3}",-248771874,1fa22c2b5ebef5f8f09692d9ba1e5baa,Assets/Plugins/LeTai.TrueShadow.dll,0,"{x: 0, y: -0}",90,0,0,15,0,0,0
LevelManager,Assets/GameObject/LevelManager.prefab,LeTai.TrueShadow,1fa22c2b5ebef5f8f09692d9ba1e5baa,-248771874,0,[],0,"{r: 0, g: 0, b: 0, a: 0.6}",2,0,0,0,0,0,{fileID: 0},0,0,1,{fileID: 1662338584343452},1662338584343452,0,{fileID: 0},0,{fileID: 0},0,"{fileID: -248771874, guid: 1fa22c2b5ebef5f8f09692d9ba1e5baa, type: 3}",-248771874,1fa22c2b5ebef5f8f09692d9ba1e5baa,Assets/Plugins/LeTai.TrueShadow.dll,0,"{x: 1.4142134, y: -1.4142137}",45,2,0,8,0,1,0
LevelManager,Assets/GameObject/LevelManager.prefab,LeTai.TrueShadow,1fa22c2b5ebef5f8f09692d9ba1e5baa,-248771874,0,[],0,"{r: 0, g: 0, b: 0, a: 0.72156864}",2,0,0,1,1,0,{fileID: 0},0,0,1,{fileID: 1358344145370633},1358344145370633,0,{fileID: 0},0,{fileID: 0},0,"{fileID: -248771874, guid: 1fa22c2b5ebef5f8f09692d9ba1e5baa, type: 3}",-248771874,1fa22c2b5ebef5f8f09692d9ba1e5baa,Assets/Plugins/LeTai.TrueShadow.dll,0,"{x: 5.9195232, y: -5.38138}",42.273666,8,0,3,0.5,1,0
LevelManager,Assets/GameObject/LevelManager.prefab,LeTai.TrueShadow,1fa22c2b5ebef5f8f09692d9ba1e5baa,-248771874,0,[],0,"{r: 1, g: 1, b: 1, a: 1}",2,0,0,1,0,0,{fileID: 0},0,0,1,{fileID: 1842965290446528},1842965290446528,0,{fileID: 0},0,{fileID: 0},0,"{fileID: -248771874, guid: 1fa22c2b5ebef5f8f09692d9ba1e5baa, type: 3}",-248771874,1fa22c2b5ebef5f8f09692d9ba1e5baa,Assets/Plugins/LeTai.TrueShadow.dll,0,"{x: 0, y: -0}",90,0,0,1,0,1,0
LevelManager,Assets/GameObject/LevelManager.prefab,LeTai.TrueShadow,1fa22c2b5ebef5f8f09692d9ba1e5baa,-248771874,0,[],0,"{r: 1, g: 1, b: 1, a: 0.6}",2,0,0,0,0,0,{fileID: 0},0,0,1,{fileID: 1148686297439086},1148686297439086,0,{fileID: 0},0,{fileID: 0},0,"{fileID: -248771874, guid: 1fa22c2b5ebef5f8f09692d9ba1e5baa, type: 3}",-248771874,1fa22c2b5ebef5f8f09692d9ba1e5baa,Assets/Plugins/LeTai.TrueShadow.dll,0,"{x: 0, y: -0}",90,0,0,2,0,1,0
LevelManager,Assets/GameObject/LevelManager.prefab,LeTai.TrueShadow,1fa22c2b5ebef5f8f09692d9ba1e5baa,-248771874,0,[],0,"{r: 1, g: 1, b: 1, a: 0.6}",2,0,0,0,0,0,{fileID: 0},0,0,1,{fileID: 1271700063129058},1271700063129058,0,{fileID: 0},0,{fileID: 0},0,"{fileID: -248771874, guid: 1fa22c2b5ebef5f8f09692d9ba1e5baa, type: 3}",-248771874,1fa22c2b5ebef5f8f09692d9ba1e5baa,Assets/Plugins/LeTai.TrueShadow.dll,0,"{x: 0, y: -0}",90,0,0,2,0,1,0
LevelManager,Assets/GameObject/LevelManager.prefab,LeTai.TrueShadow,1fa22c2b5ebef5f8f09692d9ba1e5baa,-248771874,0,[],0,"{r: 1, g: 1, b: 1, a: 0.6}",2,0,0,0,0,0,{fileID: 0},0,0,1,{fileID: 1842567507067026},1842567507067026,0,{fileID: 0},0,{fileID: 0},0,"{fileID: -248771874, guid: 1fa22c2b5ebef5f8f09692d9ba1e5baa, type: 3}",-248771874,1fa22c2b5ebef5f8f09692d9ba1e5baa,Assets/Plugins/LeTai.TrueShadow.dll,0,"{x: 0, y: -0}",90,0,0,2,0,1,0
LevelManager,Assets/GameObject/LevelManager.prefab,LeTai.TrueShadow,1fa22c2b5ebef5f8f09692d9ba1e5baa,-248771874,0,[],0,"{r: 0, g: 0, b: 0, a: 0.6}",2,0,0,0,0,0,{fileID: 0},0,0,1,{fileID: 1411059194455118},1411059194455118,0,{fileID: 0},0,{fileID: 0},0,"{fileID: -248771874, guid: 1fa22c2b5ebef5f8f09692d9ba1e5baa, type: 3}",-248771874,1fa22c2b5ebef5f8f09692d9ba1e5baa,Assets/Plugins/LeTai.TrueShadow.dll,0,"{x: 1.7881396E-07, y: -3}",90,3,0,6,0,1,0
LevelManager,Assets/GameObject/LevelManager.prefab,LeTai.TrueShadow,1fa22c2b5ebef5f8f09692d9ba1e5baa,-248771874,0,[],0,"{r: 1, g: 1, b: 1, a: 0.6}",2,0,0,0,0,0,{fileID: 0},0,0,1,{fileID: 1786070866753370},1786070866753370,0,{fileID: 0},0,{fileID: 0},0,"{fileID: -248771874, guid: 1fa22c2b5ebef5f8f09692d9ba1e5baa, type: 3}",-248771874,1fa22c2b5ebef5f8f09692d9ba1e5baa,Assets/Plugins/LeTai.TrueShadow.dll,0,"{x: 0, y: -0}",90,0,0,2,0,1,0
LevelManager,Assets/GameObject/LevelManager.prefab,LeTai.TrueShadow,1fa22c2b5ebef5f8f09692d9ba1e5baa,-248771874,0,[],1,"{r: 0.47770557, g: 0.8962264, b: 0.56048983, a: 1}",2,0,0,0,1,1,{fileID: 0},0,0,1,{fileID: 1371064341635670},1371064341635670,0,{fileID: 0},0,{fileID: 0},0,"{fileID: -248771874, guid: 1fa22c2b5ebef5f8f09692d9ba1e5baa, type: 3}",-248771874,1fa22c2b5ebef5f8f09692d9ba1e5baa,Assets/Plugins/LeTai.TrueShadow.dll,0,"{x: 0, y: -0}",90,0,0,15,0,0,0
LevelManager,Assets/GameObject/LevelManager.prefab,LeTai.TrueShadow,1fa22c2b5ebef5f8f09692d9ba1e5baa,-248771874,0,[],0,"{r: 0, g: 0, b: 0, a: 0.6}",2,0,0,0,0,0,{fileID: 0},0,0,1,{fileID: 1483258020515451},1483258020515451,0,{fileID: 0},0,{fileID: 0},0,"{fileID: -248771874, guid: 1fa22c2b5ebef5f8f09692d9ba1e5baa, type: 3}",-248771874,1fa22c2b5ebef5f8f09692d9ba1e5baa,Assets/Plugins/LeTai.TrueShadow.dll,0,"{x: 1.4142134, y: -1.4142137}",45,2,0,8,0,1,0
LevelManager,Assets/GameObject/LevelManager.prefab,LeTai.TrueShadow,1fa22c2b5ebef5f8f09692d9ba1e5baa,-248771874,0,[],0,"{r: 0, g: 0, b: 0, a: 0.72156864}",2,0,0,1,1,0,{fileID: 0},0,0,1,{fileID: 1190813026019803},1190813026019803,0,{fileID: 0},0,{fileID: 0},0,"{fileID: -248771874, guid: 1fa22c2b5ebef5f8f09692d9ba1e5baa, type: 3}",-248771874,1fa22c2b5ebef5f8f09692d9ba1e5baa,Assets/Plugins/LeTai.TrueShadow.dll,0,"{x: 5.9195232, y: -5.38138}",42.273666,8,0,3,0.5,1,0
LevelManager,Assets/GameObject/LevelManager.prefab,LeTai.TrueShadow,1fa22c2b5ebef5f8f09692d9ba1e5baa,-248771874,0,[],0,"{r: 1, g: 1, b: 1, a: 1}",2,0,0,1,0,0,{fileID: 0},0,0,1,{fileID: 1197571966979580},1197571966979580,0,{fileID: 0},0,{fileID: 0},0,"{fileID: -248771874, guid: 1fa22c2b5ebef5f8f09692d9ba1e5baa, type: 3}",-248771874,1fa22c2b5ebef5f8f09692d9ba1e5baa,Assets/Plugins/LeTai.TrueShadow.dll,0,"{x: 0, y: -0}",90,0,0,1,0,1,0
LevelManager,Assets/GameObject/LevelManager.prefab,LeTai.TrueShadow,1fa22c2b5ebef5f8f09692d9ba1e5baa,-248771874,0,[],0,"{r: 1, g: 1, b: 1, a: 0.6}",2,0,0,0,0,0,{fileID: 0},0,0,1,{fileID: 1000395603211203},1000395603211203,0,{fileID: 0},0,{fileID: 0},0,"{fileID: -248771874, guid: 1fa22c2b5ebef5f8f09692d9ba1e5baa, type: 3}",-248771874,1fa22c2b5ebef5f8f09692d9ba1e5baa,Assets/Plugins/LeTai.TrueShadow.dll,0,"{x: 0, y: -0}",90,0,0,2,0,1,0
LevelManager,Assets/GameObject/LevelManager.prefab,LeTai.TrueShadow,1fa22c2b5ebef5f8f09692d9ba1e5baa,-248771874,0,[],0,"{r: 1, g: 1, b: 1, a: 0.6}",2,0,0,0,0,0,{fileID: 0},0,0,1,{fileID: 1149827036483849},1149827036483849,0,{fileID: 0},0,{fileID: 0},0,"{fileID: -248771874, guid: 1fa22c2b5ebef5f8f09692d9ba1e5baa, type: 3}",-248771874,1fa22c2b5ebef5f8f09692d9ba1e5baa,Assets/Plugins/LeTai.TrueShadow.dll,0,"{x: 0, y: -0}",90,0,0,2,0,1,0
LevelManager,Assets/GameObject/LevelManager.prefab,LeTai.TrueShadow,1fa22c2b5ebef5f8f09692d9ba1e5baa,-248771874,0,[],0,"{r: 1, g: 1, b: 1, a: 0.6}",2,0,0,0,0,0,{fileID: 0},0,0,1,{fileID: 1036353297752698},1036353297752698,0,{fileID: 0},0,{fileID: 0},0,"{fileID: -248771874, guid: 1fa22c2b5ebef5f8f09692d9ba1e5baa, type: 3}",-248771874,1fa22c2b5ebef5f8f09692d9ba1e5baa,Assets/Plugins/LeTai.TrueShadow.dll,0,"{x: 0, y: -0}",90,0,0,2,0,1,0
LevelManager,Assets/GameObject/LevelManager.prefab,LeTai.TrueShadow,1fa22c2b5ebef5f8f09692d9ba1e5baa,-248771874,0,[],0,"{r: 0, g: 0, b: 0, a: 0.6}",2,0,0,0,0,0,{fileID: 0},0,0,1,{fileID: 1335216285243217},1335216285243217,0,{fileID: 0},0,{fileID: 0},0,"{fileID: -248771874, guid: 1fa22c2b5ebef5f8f09692d9ba1e5baa, type: 3}",-248771874,1fa22c2b5ebef5f8f09692d9ba1e5baa,Assets/Plugins/LeTai.TrueShadow.dll,0,"{x: 1.7881396E-07, y: -3}",90,3,0,6,0,1,0
LevelManager,Assets/GameObject/LevelManager.prefab,LeTai.TrueShadow,1fa22c2b5ebef5f8f09692d9ba1e5baa,-248771874,0,[],0,"{r: 1, g: 1, b: 1, a: 0.6}",2,0,0,0,0,0,{fileID: 0},0,0,1,{fileID: 1082642243999803},1082642243999803,0,{fileID: 0},0,{fileID: 0},0,"{fileID: -248771874, guid: 1fa22c2b5ebef5f8f09692d9ba1e5baa, type: 3}",-248771874,1fa22c2b5ebef5f8f09692d9ba1e5baa,Assets/Plugins/LeTai.TrueShadow.dll,0,"{x: 0, y: -0}",90,0,0,2,0,1,0
LevelManager,Assets/GameObject/LevelManager.prefab,LeTai.TrueShadow,1fa22c2b5ebef5f8f09692d9ba1e5baa,-248771874,0,[],1,"{r: 0.47770557, g: 0.8962264, b: 0.56048983, a: 1}",2,0,0,0,1,1,{fileID: 0},0,0,1,{fileID: 1961726966963295},1961726966963295,0,{fileID: 0},0,{fileID: 0},0,"{fileID: -248771874, guid: 1fa22c2b5ebef5f8f09692d9ba1e5baa, type: 3}",-248771874,1fa22c2b5ebef5f8f09692d9ba1e5baa,Assets/Plugins/LeTai.TrueShadow.dll,0,"{x: 0, y: -0}",90,0,0,15,0,0,0
LevelManager,Assets/GameObject/LevelManager.prefab,LeTai.TrueShadow,1fa22c2b5ebef5f8f09692d9ba1e5baa,-248771874,0,[],0,"{r: 0, g: 0, b: 0, a: 0.6}",2,0,0,0,0,0,{fileID: 0},0,0,1,{fileID: 1992648385080945},1992648385080945,0,{fileID: 0},0,{fileID: 0},0,"{fileID: -248771874, guid: 1fa22c2b5ebef5f8f09692d9ba1e5baa, type: 3}",-248771874,1fa22c2b5ebef5f8f09692d9ba1e5baa,Assets/Plugins/LeTai.TrueShadow.dll,0,"{x: 1.4142134, y: -1.4142137}",45,2,0,8,0,1,0
LevelManager,Assets/GameObject/LevelManager.prefab,LeTai.TrueShadow,1fa22c2b5ebef5f8f09692d9ba1e5baa,-248771874,0,[],0,"{r: 0, g: 0, b: 0, a: 0.72156864}",2,0,0,1,1,0,{fileID: 0},0,0,1,{fileID: 1456642555026454},1456642555026454,0,{fileID: 0},0,{fileID: 0},0,"{fileID: -248771874, guid: 1fa22c2b5ebef5f8f09692d9ba1e5baa, type: 3}",-248771874,1fa22c2b5ebef5f8f09692d9ba1e5baa,Assets/Plugins/LeTai.TrueShadow.dll,0,"{x: 5.9195232, y: -5.38138}",42.273666,8,0,3,0.5,1,0
LevelManager,Assets/GameObject/LevelManager.prefab,LeTai.TrueShadow,1fa22c2b5ebef5f8f09692d9ba1e5baa,-248771874,0,[],0,"{r: 1, g: 1, b: 1, a: 1}",2,0,0,1,0,0,{fileID: 0},0,0,1,{fileID: 1701530892342935},1701530892342935,0,{fileID: 0},0,{fileID: 0},0,"{fileID: -248771874, guid: 1fa22c2b5ebef5f8f09692d9ba1e5baa, type: 3}",-248771874,1fa22c2b5ebef5f8f09692d9ba1e5baa,Assets/Plugins/LeTai.TrueShadow.dll,0,"{x: 0, y: -0}",90,0,0,1,0,1,0
LevelManager,Assets/GameObject/LevelManager.prefab,LeTai.TrueShadow,1fa22c2b5ebef5f8f09692d9ba1e5baa,-248771874,0,[],0,"{r: 1, g: 1, b: 1, a: 0.6}",2,0,0,0,0,0,{fileID: 0},0,0,1,{fileID: 1906461586651796},1906461586651796,0,{fileID: 0},0,{fileID: 0},0,"{fileID: -248771874, guid: 1fa22c2b5ebef5f8f09692d9ba1e5baa, type: 3}",-248771874,1fa22c2b5ebef5f8f09692d9ba1e5baa,Assets/Plugins/LeTai.TrueShadow.dll,0,"{x: 0, y: -0}",90,0,0,2,0,1,0
LevelManager,Assets/GameObject/LevelManager.prefab,LeTai.TrueShadow,1fa22c2b5ebef5f8f09692d9ba1e5baa,-248771874,0,[],0,"{r: 1, g: 1, b: 1, a: 0.6}",2,0,0,0,0,0,{fileID: 0},0,0,1,{fileID: 1508623406678129},1508623406678129,0,{fileID: 0},0,{fileID: 0},0,"{fileID: -248771874, guid: 1fa22c2b5ebef5f8f09692d9ba1e5baa, type: 3}",-248771874,1fa22c2b5ebef5f8f09692d9ba1e5baa,Assets/Plugins/LeTai.TrueShadow.dll,0,"{x: 0, y: -0}",90,0,0,2,0,1,0
LevelManager,Assets/GameObject/LevelManager.prefab,LeTai.TrueShadow,1fa22c2b5ebef5f8f09692d9ba1e5baa,-248771874,0,[],0,"{r: 1, g: 1, b: 1, a: 0.6}",2,0,0,0,0,0,{fileID: 0},0,0,1,{fileID: 1628120283086553},1628120283086553,0,{fileID: 0},0,{fileID: 0},0,"{fileID: -248771874, guid: 1fa22c2b5ebef5f8f09692d9ba1e5baa, type: 3}",-248771874,1fa22c2b5ebef5f8f09692d9ba1e5baa,Assets/Plugins/LeTai.TrueShadow.dll,0,"{x: 0, y: -0}",90,0,0,2,0,1,0
LevelManager,Assets/GameObject/LevelManager.prefab,LeTai.TrueShadow,1fa22c2b5ebef5f8f09692d9ba1e5baa,-248771874,0,[],0,"{r: 0, g: 0, b: 0, a: 0.6}",2,0,0,0,0,0,{fileID: 0},0,0,1,{fileID: 1515446072764595},1515446072764595,0,{fileID: 0},0,{fileID: 0},0,"{fileID: -248771874, guid: 1fa22c2b5ebef5f8f09692d9ba1e5baa, type: 3}",-248771874,1fa22c2b5ebef5f8f09692d9ba1e5baa,Assets/Plugins/LeTai.TrueShadow.dll,0,"{x: 1.7881396E-07, y: -3}",90,3,0,6,0,1,0
LevelManager,Assets/GameObject/LevelManager.prefab,LeTai.TrueShadow,1fa22c2b5ebef5f8f09692d9ba1e5baa,-248771874,0,[],0,"{r: 1, g: 1, b: 1, a: 0.6}",2,0,0,0,0,0,{fileID: 0},0,0,1,{fileID: 1298467630170899},1298467630170899,0,{fileID: 0},0,{fileID: 0},0,"{fileID: -248771874, guid: 1fa22c2b5ebef5f8f09692d9ba1e5baa, type: 3}",-248771874,1fa22c2b5ebef5f8f09692d9ba1e5baa,Assets/Plugins/LeTai.TrueShadow.dll,0,"{x: 0, y: -0}",90,0,0,2,0,1,0
LevelManager,Assets/GameObject/LevelManager.prefab,LeTai.TrueShadow,1fa22c2b5ebef5f8f09692d9ba1e5baa,-248771874,0,[],1,"{r: 0.47770557, g: 0.8962264, b: 0.56048983, a: 1}",2,0,0,0,1,1,{fileID: 0},0,0,1,{fileID: 1200909689104577},1200909689104577,0,{fileID: 0},0,{fileID: 0},0,"{fileID: -248771874, guid: 1fa22c2b5ebef5f8f09692d9ba1e5baa, type: 3}",-248771874,1fa22c2b5ebef5f8f09692d9ba1e5baa,Assets/Plugins/LeTai.TrueShadow.dll,0,"{x: 0, y: -0}",90,0,0,15,0,0,0
LevelManager,Assets/GameObject/LevelManager.prefab,LeTai.TrueShadow,1fa22c2b5ebef5f8f09692d9ba1e5baa,-248771874,0,[],0,"{r: 0, g: 0, b: 0, a: 0.6}",2,0,0,0,0,0,{fileID: 0},0,0,1,{fileID: 1548513336549308},1548513336549308,0,{fileID: 0},0,{fileID: 0},0,"{fileID: -248771874, guid: 1fa22c2b5ebef5f8f09692d9ba1e5baa, type: 3}",-248771874,1fa22c2b5ebef5f8f09692d9ba1e5baa,Assets/Plugins/LeTai.TrueShadow.dll,0,"{x: 1.4142134, y: -1.4142137}",45,2,0,8,0,1,0
LevelManager,Assets/GameObject/LevelManager.prefab,LeTai.TrueShadow,1fa22c2b5ebef5f8f09692d9ba1e5baa,-248771874,0,[],0,"{r: 0, g: 0, b: 0, a: 0.72156864}",2,0,0,1,1,0,{fileID: 0},0,0,1,{fileID: 1352840438110892},1352840438110892,0,{fileID: 0},0,{fileID: 0},0,"{fileID: -248771874, guid: 1fa22c2b5ebef5f8f09692d9ba1e5baa, type: 3}",-248771874,1fa22c2b5ebef5f8f09692d9ba1e5baa,Assets/Plugins/LeTai.TrueShadow.dll,0,"{x: 5.9195232, y: -5.38138}",42.273666,8,0,3,0.5,1,0
LevelManager,Assets/GameObject/LevelManager.prefab,LeTai.TrueShadow,1fa22c2b5ebef5f8f09692d9ba1e5baa,-248771874,0,[],0,"{r: 1, g: 1, b: 1, a: 1}",2,0,0,1,0,0,{fileID: 0},0,0,1,{fileID: 1420092271067880},1420092271067880,0,{fileID: 0},0,{fileID: 0},0,"{fileID: -248771874, guid: 1fa22c2b5ebef5f8f09692d9ba1e5baa, type: 3}",-248771874,1fa22c2b5ebef5f8f09692d9ba1e5baa,Assets/Plugins/LeTai.TrueShadow.dll,0,"{x: 0, y: -0}",90,0,0,1,0,1,0
LevelManager,Assets/GameObject/LevelManager.prefab,LeTai.TrueShadow,1fa22c2b5ebef5f8f09692d9ba1e5baa,-248771874,0,[],0,"{r: 1, g: 1, b: 1, a: 0.6}",2,0,0,0,0,0,{fileID: 0},0,0,1,{fileID: 1567962347579971},1567962347579971,0,{fileID: 0},0,{fileID: 0},0,"{fileID: -248771874, guid: 1fa22c2b5ebef5f8f09692d9ba1e5baa, type: 3}",-248771874,1fa22c2b5ebef5f8f09692d9ba1e5baa,Assets/Plugins/LeTai.TrueShadow.dll,0,"{x: 0, y: -0}",90,0,0,2,0,1,0
LevelManager,Assets/GameObject/LevelManager.prefab,LeTai.TrueShadow,1fa22c2b5ebef5f8f09692d9ba1e5baa,-248771874,0,[],0,"{r: 1, g: 1, b: 1, a: 0.6}",2,0,0,0,0,0,{fileID: 0},0,0,1,{fileID: 1129820632699390},1129820632699390,0,{fileID: 0},0,{fileID: 0},0,"{fileID: -248771874, guid: 1fa22c2b5ebef5f8f09692d9ba1e5baa, type: 3}",-248771874,1fa22c2b5ebef5f8f09692d9ba1e5baa,Assets/Plugins/LeTai.TrueShadow.dll,0,"{x: 0, y: -0}",90,0,0,2,0,1,0
LevelManager,Assets/GameObject/LevelManager.prefab,LeTai.TrueShadow,1fa22c2b5ebef5f8f09692d9ba1e5baa,-248771874,0,[],0,"{r: 1, g: 1, b: 1, a: 0.6}",2,0,0,0,0,0,{fileID: 0},0,0,1,{fileID: 1768253633646490},1768253633646490,0,{fileID: 0},0,{fileID: 0},0,"{fileID: -248771874, guid: 1fa22c2b5ebef5f8f09692d9ba1e5baa, type: 3}",-248771874,1fa22c2b5ebef5f8f09692d9ba1e5baa,Assets/Plugins/LeTai.TrueShadow.dll,0,"{x: 0, y: -0}",90,0,0,2,0,1,0
LevelManager,Assets/GameObject/LevelManager.prefab,LeTai.TrueShadow,1fa22c2b5ebef5f8f09692d9ba1e5baa,-248771874,0,[],0,"{r: 0, g: 0, b: 0, a: 0.6}",2,0,0,0,0,0,{fileID: 0},0,0,1,{fileID: 1820581540334325},1820581540334325,0,{fileID: 0},0,{fileID: 0},0,"{fileID: -248771874, guid: 1fa22c2b5ebef5f8f09692d9ba1e5baa, type: 3}",-248771874,1fa22c2b5ebef5f8f09692d9ba1e5baa,Assets/Plugins/LeTai.TrueShadow.dll,0,"{x: 1.7881396E-07, y: -3}",90,3,0,6,0,1,0
LevelManager,Assets/GameObject/LevelManager.prefab,LeTai.TrueShadow,1fa22c2b5ebef5f8f09692d9ba1e5baa,-248771874,0,[],0,"{r: 1, g: 1, b: 1, a: 0.6}",2,0,0,0,0,0,{fileID: 0},0,0,1,{fileID: 1909544240072091},1909544240072091,0,{fileID: 0},0,{fileID: 0},0,"{fileID: -248771874, guid: 1fa22c2b5ebef5f8f09692d9ba1e5baa, type: 3}",-248771874,1fa22c2b5ebef5f8f09692d9ba1e5baa,Assets/Plugins/LeTai.TrueShadow.dll,0,"{x: 0, y: -0}",90,0,0,2,0,1,0
LevelManager,Assets/GameObject/LevelManager.prefab,LeTai.TrueShadow,1fa22c2b5ebef5f8f09692d9ba1e5baa,-248771874,0,[],0,"{r: 1, g: 1, b: 1, a: 1}",2,0,0,0,0,0,{fileID: 0},0,0,1,{fileID: 1844233289644417},1844233289644417,0,{fileID: 0},0,{fileID: 0},0,"{fileID: -248771874, guid: 1fa22c2b5ebef5f8f09692d9ba1e5baa, type: 3}",-248771874,1fa22c2b5ebef5f8f09692d9ba1e5baa,Assets/Plugins/LeTai.TrueShadow.dll,0,"{x: 1.192093E-07, y: -2}",90,2,0,3.4,0.197,1,0
LevelManager,Assets/GameObject/LevelManager.prefab,LeTai.TrueShadow,1fa22c2b5ebef5f8f09692d9ba1e5baa,-248771874,0,[],0,"{r: 1, g: 1, b: 1, a: 1}",2,0,0,0,0,0,{fileID: 0},0,0,1,{fileID: 1032692585078930},1032692585078930,0,{fileID: 0},0,{fileID: 0},0,"{fileID: -248771874, guid: 1fa22c2b5ebef5f8f09692d9ba1e5baa, type: 3}",-248771874,1fa22c2b5ebef5f8f09692d9ba1e5baa,Assets/Plugins/LeTai.TrueShadow.dll,0,"{x: 1.192093E-07, y: 2}",270,2,0,3.4,0.197,1,0
LevelManager,Assets/GameObject/LevelManager.prefab,LeTai.TrueShadow,1fa22c2b5ebef5f8f09692d9ba1e5baa,-248771874,0,[],0,"{r: 0, g: 0, b: 0, a: 0.5686275}",2,0,0,0,0,1,{fileID: 0},0,0,1,{fileID: 1143804267052661},1143804267052661,0,{fileID: 0},0,{fileID: 0},0,"{fileID: -248771874, guid: 1fa22c2b5ebef5f8f09692d9ba1e5baa, type: 3}",-248771874,1fa22c2b5ebef5f8f09692d9ba1e5baa,Assets/Plugins/LeTai.TrueShadow.dll,0,"{x: 0.27349573, y: -1.4951923}",79.63423,1.52,0,2,0,0,0
LevelManager,Assets/GameObject/LevelManager.prefab,LeTai.TrueShadow,1fa22c2b5ebef5f8f09692d9ba1e5baa,-248771874,0,[],0,"{r: 0, g: 0, b: 0, a: 1}",2,0,0,0,0,0,{fileID: 0},0,0,1,{fileID: 1759820210922927},1759820210922927,0,{fileID: 0},0,{fileID: 0},0,"{fileID: -248771874, guid: 1fa22c2b5ebef5f8f09692d9ba1e5baa, type: 3}",-248771874,1fa22c2b5ebef5f8f09692d9ba1e5baa,Assets/Plugins/LeTai.TrueShadow.dll,0,"{x: 0, y: -0}",90,0,0,5,0,1,0
LevelManager,Assets/GameObject/LevelManager.prefab,LeTai.TrueShadow,1fa22c2b5ebef5f8f09692d9ba1e5baa,-248771874,0,[],0,"{r: 0, g: 0, b: 0, a: 0.8156863}",2,0,0,0,0,0,{fileID: 0},0,0,1,{fileID: 1030255041847800},1030255041847800,0,{fileID: 0},0,{fileID: 0},0,"{fileID: -248771874, guid: 1fa22c2b5ebef5f8f09692d9ba1e5baa, type: 3}",-248771874,1fa22c2b5ebef5f8f09692d9ba1e5baa,Assets/Plugins/LeTai.TrueShadow.dll,0,"{x: 2.1213202, y: -2.1213205}",45,3,0,5,0,1,0
LevelManager,Assets/GameObject/LevelManager.prefab,LeTai.TrueShadow,1fa22c2b5ebef5f8f09692d9ba1e5baa,-248771874,0,[],0,"{r: 0, g: 0, b: 0, a: 0.6}",2,0,0,0,0,0,{fileID: 0},0,0,1,{fileID: 1663824038000985},1663824038000985,0,{fileID: 0},0,{fileID: 0},0,"{fileID: -248771874, guid: 1fa22c2b5ebef5f8f09692d9ba1e5baa, type: 3}",-248771874,1fa22c2b5ebef5f8f09692d9ba1e5baa,Assets/Plugins/LeTai.TrueShadow.dll,0,"{x: 5.6568537, y: -5.6568546}",45,8,0,8,0,1,0
LevelManager,Assets/GameObject/LevelManager.prefab,LeTai.TrueShadow,1fa22c2b5ebef5f8f09692d9ba1e5baa,-248771874,0,[],0,"{r: 0, g: 0, b: 0, a: 0.6}",2,0,0,0,0,0,{fileID: 0},0,0,1,{fileID: 1080396033689761},1080396033689761,0,{fileID: 0},0,{fileID: 0},0,"{fileID: -248771874, guid: 1fa22c2b5ebef5f8f09692d9ba1e5baa, type: 3}",-248771874,1fa22c2b5ebef5f8f09692d9ba1e5baa,Assets/Plugins/LeTai.TrueShadow.dll,0,"{x: 1.4142134, y: -1.4142137}",45,2,0,8,0,1,0
LevelManager,Assets/GameObject/LevelManager.prefab,LeTai.TrueShadow,1fa22c2b5ebef5f8f09692d9ba1e5baa,-248771874,0,[],0,"{r: 0, g: 0, b: 0, a: 0.6}",2,0,0,0,0,0,{fileID: 0},0,0,0,{fileID: 1121766835591469},1121766835591469,0,{fileID: 0},0,{fileID: 0},0,"{fileID: -248771874, guid: 1fa22c2b5ebef5f8f09692d9ba1e5baa, type: 3}",-248771874,1fa22c2b5ebef5f8f09692d9ba1e5baa,Assets/Plugins/LeTai.TrueShadow.dll,0,"{x: 1.4142134, y: -1.4142137}",45,2,0,8,0,1,0
LevelManager,Assets/GameObject/LevelManager.prefab,LeTai.TrueShadow,1fa22c2b5ebef5f8f09692d9ba1e5baa,-248771874,0,[],0,"{r: 0, g: 0, b: 0, a: 0.72156864}",2,0,0,1,1,0,{fileID: 0},0,0,0,{fileID: 1190976831137820},1190976831137820,0,{fileID: 0},0,{fileID: 0},0,"{fileID: -248771874, guid: 1fa22c2b5ebef5f8f09692d9ba1e5baa, type: 3}",-248771874,1fa22c2b5ebef5f8f09692d9ba1e5baa,Assets/Plugins/LeTai.TrueShadow.dll,0,"{x: 5.9195232, y: -5.38138}",42.273666,8,0,3,0.5,1,0
LevelManager,Assets/GameObject/LevelManager.prefab,LeTai.TrueShadow,1fa22c2b5ebef5f8f09692d9ba1e5baa,-248771874,0,[],0,"{r: 1, g: 1, b: 1, a: 1}",2,0,0,1,0,0,{fileID: 0},0,0,0,{fileID: 1282120956205894},1282120956205894,0,{fileID: 0},0,{fileID: 0},0,"{fileID: -248771874, guid: 1fa22c2b5ebef5f8f09692d9ba1e5baa, type: 3}",-248771874,1fa22c2b5ebef5f8f09692d9ba1e5baa,Assets/Plugins/LeTai.TrueShadow.dll,0,"{x: 0, y: -0}",90,0,0,1,0,1,0
LevelManager,Assets/GameObject/LevelManager.prefab,LeTai.TrueShadow,1fa22c2b5ebef5f8f09692d9ba1e5baa,-248771874,0,[],0,"{r: 1, g: 1, b: 1, a: 0.6}",2,0,0,0,0,0,{fileID: 0},0,0,1,{fileID: 1865387956854487},1865387956854487,0,{fileID: 0},0,{fileID: 0},0,"{fileID: -248771874, guid: 1fa22c2b5ebef5f8f09692d9ba1e5baa, type: 3}",-248771874,1fa22c2b5ebef5f8f09692d9ba1e5baa,Assets/Plugins/LeTai.TrueShadow.dll,0,"{x: 0, y: -0}",90,0,0,2,0,1,0
LevelManager,Assets/GameObject/LevelManager.prefab,LeTai.TrueShadow,1fa22c2b5ebef5f8f09692d9ba1e5baa,-248771874,0,[],0,"{r: 1, g: 1, b: 1, a: 0.6}",2,0,0,0,0,0,{fileID: 0},0,0,1,{fileID: 1189926354775564},1189926354775564,0,{fileID: 0},0,{fileID: 0},0,"{fileID: -248771874, guid: 1fa22c2b5ebef5f8f09692d9ba1e5baa, type: 3}",-248771874,1fa22c2b5ebef5f8f09692d9ba1e5baa,Assets/Plugins/LeTai.TrueShadow.dll,0,"{x: 0, y: -0}",90,0,0,2,0,1,0
LevelManager,Assets/GameObject/LevelManager.prefab,LeTai.TrueShadow,1fa22c2b5ebef5f8f09692d9ba1e5baa,-248771874,0,[],0,"{r: 1, g: 1, b: 1, a: 0.6}",2,0,0,0,0,0,{fileID: 0},0,0,1,{fileID: 1000458718657673},1000458718657673,0,{fileID: 0},0,{fileID: 0},0,"{fileID: -248771874, guid: 1fa22c2b5ebef5f8f09692d9ba1e5baa, type: 3}",-248771874,1fa22c2b5ebef5f8f09692d9ba1e5baa,Assets/Plugins/LeTai.TrueShadow.dll,0,"{x: 0, y: -0}",90,0,0,2,0,1,0
LevelManager,Assets/GameObject/LevelManager.prefab,LeTai.TrueShadow,1fa22c2b5ebef5f8f09692d9ba1e5baa,-248771874,0,[],0,"{r: 0, g: 0, b: 0, a: 0.6}",2,0,0,0,0,0,{fileID: 0},0,0,0,{fileID: 1884469774914441},1884469774914441,0,{fileID: 0},0,{fileID: 0},0,"{fileID: -248771874, guid: 1fa22c2b5ebef5f8f09692d9ba1e5baa, type: 3}",-248771874,1fa22c2b5ebef5f8f09692d9ba1e5baa,Assets/Plugins/LeTai.TrueShadow.dll,0,"{x: 1.7881396E-07, y: -3}",90,3,0,6,0,1,0
LevelManager,Assets/GameObject/LevelManager.prefab,LeTai.TrueShadow,1fa22c2b5ebef5f8f09692d9ba1e5baa,-248771874,0,[],0,"{r: 1, g: 1, b: 1, a: 1}",2,0,0,0,0,0,{fileID: 0},0,0,1,{fileID: 1955484034312657},1955484034312657,0,{fileID: 0},0,{fileID: 0},0,"{fileID: -248771874, guid: 1fa22c2b5ebef5f8f09692d9ba1e5baa, type: 3}",-248771874,1fa22c2b5ebef5f8f09692d9ba1e5baa,Assets/Plugins/LeTai.TrueShadow.dll,0,"{x: 1.192093E-07, y: -2}",90,2,0,3.4,0.197,1,0
LevelManager,Assets/GameObject/LevelManager.prefab,LeTai.TrueShadow,1fa22c2b5ebef5f8f09692d9ba1e5baa,-248771874,0,[],0,"{r: 1, g: 1, b: 1, a: 1}",2,0,0,0,0,0,{fileID: 0},0,0,1,{fileID: 1211971489873860},1211971489873860,0,{fileID: 0},0,{fileID: 0},0,"{fileID: -248771874, guid: 1fa22c2b5ebef5f8f09692d9ba1e5baa, type: 3}",-248771874,1fa22c2b5ebef5f8f09692d9ba1e5baa,Assets/Plugins/LeTai.TrueShadow.dll,0,"{x: 1.192093E-07, y: 2}",270,2,0,3.4,0.197,1,0
LevelManager,Assets/GameObject/LevelManager.prefab,LeTai.TrueShadow,1fa22c2b5ebef5f8f09692d9ba1e5baa,-248771874,0,[],0,"{r: 0, g: 0, b: 0, a: 0.5686275}",2,0,0,0,0,1,{fileID: 0},0,0,1,{fileID: 1568871851213783},1568871851213783,0,{fileID: 0},0,{fileID: 0},0,"{fileID: -248771874, guid: 1fa22c2b5ebef5f8f09692d9ba1e5baa, type: 3}",-248771874,1fa22c2b5ebef5f8f09692d9ba1e5baa,Assets/Plugins/LeTai.TrueShadow.dll,0,"{x: 0.27349573, y: -1.4951923}",79.63423,1.52,0,2,0,0,0
LevelManager,Assets/GameObject/LevelManager.prefab,LeTai.TrueShadow,1fa22c2b5ebef5f8f09692d9ba1e5baa,-248771874,0,[],0,"{r: 0, g: 0, b: 0, a: 1}",2,0,0,0,0,0,{fileID: 0},0,0,1,{fileID: 1581721983199291},1581721983199291,0,{fileID: 0},0,{fileID: 0},0,"{fileID: -248771874, guid: 1fa22c2b5ebef5f8f09692d9ba1e5baa, type: 3}",-248771874,1fa22c2b5ebef5f8f09692d9ba1e5baa,Assets/Plugins/LeTai.TrueShadow.dll,0,"{x: 0, y: -0}",90,0,0,5,0,1,0
LevelManager,Assets/GameObject/LevelManager.prefab,LeTai.TrueShadow,1fa22c2b5ebef5f8f09692d9ba1e5baa,-248771874,0,[],0,"{r: 0, g: 0, b: 0, a: 0.6}",2,0,0,0,0,0,{fileID: 0},0,0,0,{fileID: 1181308637411254},1181308637411254,0,{fileID: 0},0,{fileID: 0},0,"{fileID: -248771874, guid: 1fa22c2b5ebef5f8f09692d9ba1e5baa, type: 3}",-248771874,1fa22c2b5ebef5f8f09692d9ba1e5baa,Assets/Plugins/LeTai.TrueShadow.dll,0,"{x: 5.6568537, y: -5.6568546}",45,8,0,8,0,1,0
LevelManager,Assets/GameObject/LevelManager.prefab,LeTai.TrueShadow,1fa22c2b5ebef5f8f09692d9ba1e5baa,-248771874,0,[],0,"{r: 0, g: 0, b: 0, a: 0.72156864}",2,0,0,0,0,0,{fileID: 0},0,0,0,{fileID: 1915974159967361},1915974159967361,0,{fileID: 0},0,{fileID: 0},0,"{fileID: -248771874, guid: 1fa22c2b5ebef5f8f09692d9ba1e5baa, type: 3}",-248771874,1fa22c2b5ebef5f8f09692d9ba1e5baa,Assets/Plugins/LeTai.TrueShadow.dll,0,"{x: 5.9195232, y: -5.38138}",42.273666,8,0,15,0,1,0
LevelManager,Assets/GameObject/LevelManager.prefab,LeTai.TrueShadow,1fa22c2b5ebef5f8f09692d9ba1e5baa,-248771874,0,[],0,"{r: 1, g: 1, b: 1, a: 1}",2,0,0,0,0,0,{fileID: 0},0,0,0,{fileID: 1187957270216352},1187957270216352,0,{fileID: 0},0,{fileID: 0},0,"{fileID: -248771874, guid: 1fa22c2b5ebef5f8f09692d9ba1e5baa, type: 3}",-248771874,1fa22c2b5ebef5f8f09692d9ba1e5baa,Assets/Plugins/LeTai.TrueShadow.dll,0,"{x: 1.192093E-07, y: -2}",90,2,0,3.4,0.197,1,0
LevelManager,Assets/GameObject/LevelManager.prefab,LeTai.TrueShadow,1fa22c2b5ebef5f8f09692d9ba1e5baa,-248771874,0,[],0,"{r: 1, g: 1, b: 1, a: 1}",2,0,0,0,0,0,{fileID: 0},0,0,0,{fileID: 1791936610453026},1791936610453026,0,{fileID: 0},0,{fileID: 0},0,"{fileID: -248771874, guid: 1fa22c2b5ebef5f8f09692d9ba1e5baa, type: 3}",-248771874,1fa22c2b5ebef5f8f09692d9ba1e5baa,Assets/Plugins/LeTai.TrueShadow.dll,0,"{x: 1.192093E-07, y: 2}",270,2,0,3.4,0.197,1,0
LevelManager,Assets/GameObject/LevelManager.prefab,LeTai.TrueShadow,1fa22c2b5ebef5f8f09692d9ba1e5baa,-248771874,0,[],0,"{r: 0, g: 0, b: 0, a: 0.5686275}",2,0,0,0,0,1,{fileID: 0},0,0,1,{fileID: 1742434394900550},1742434394900550,0,{fileID: 0},0,{fileID: 0},0,"{fileID: -248771874, guid: 1fa22c2b5ebef5f8f09692d9ba1e5baa, type: 3}",-248771874,1fa22c2b5ebef5f8f09692d9ba1e5baa,Assets/Plugins/LeTai.TrueShadow.dll,0,"{x: 0.27349573, y: -1.4951923}",79.63423,1.52,0,2,0,0,0
LevelManager,Assets/GameObject/LevelManager.prefab,LeTai.TrueShadow,1fa22c2b5ebef5f8f09692d9ba1e5baa,-248771874,0,[],0,"{r: 0, g: 0, b: 0, a: 1}",2,0,0,0,0,0,{fileID: 0},0,0,1,{fileID: 1014109464601976},1014109464601976,0,{fileID: 0},0,{fileID: 0},0,"{fileID: -248771874, guid: 1fa22c2b5ebef5f8f09692d9ba1e5baa, type: 3}",-248771874,1fa22c2b5ebef5f8f09692d9ba1e5baa,Assets/Plugins/LeTai.TrueShadow.dll,0,"{x: 0, y: -0}",90,0,0,5,0,1,0
LevelManager,Assets/GameObject/LevelManager.prefab,LeTai.TrueShadow,1fa22c2b5ebef5f8f09692d9ba1e5baa,-248771874,0,[],1,"{r: 0.4764151, g: 1, b: 0.62022334, a: 1}",2,0,0,1,1,1,{fileID: 0},0,0,1,{fileID: 1945381523490680},1945381523490680,0,{fileID: 0},0,{fileID: 0},0,"{fileID: -248771874, guid: 1fa22c2b5ebef5f8f09692d9ba1e5baa, type: 3}",-248771874,1fa22c2b5ebef5f8f09692d9ba1e5baa,Assets/Plugins/LeTai.TrueShadow.dll,0,"{x: 0, y: -0}",90,0,0,17.85,0,0,0
LevelManager,Assets/GameObject/LevelManager.prefab,LeTai.TrueShadow,1fa22c2b5ebef5f8f09692d9ba1e5baa,-248771874,0,[],0,"{r: 0, g: 0, b: 0, a: 0.6}",2,0,0,0,0,0,{fileID: 0},0,0,0,{fileID: 1615827431173729},1615827431173729,0,{fileID: 0},0,{fileID: 0},0,"{fileID: -248771874, guid: 1fa22c2b5ebef5f8f09692d9ba1e5baa, type: 3}",-248771874,1fa22c2b5ebef5f8f09692d9ba1e5baa,Assets/Plugins/LeTai.TrueShadow.dll,0,"{x: 1.4142134, y: -1.4142137}",45,2,0,8,0,1,0
LevelManager,Assets/GameObject/LevelManager.prefab,LeTai.TrueShadow,1fa22c2b5ebef5f8f09692d9ba1e5baa,-248771874,0,[],0,"{r: 0, g: 0, b: 0, a: 0.72156864}",2,0,0,1,1,0,{fileID: 0},0,0,1,{fileID: 1107520682526632},1107520682526632,0,{fileID: 0},0,{fileID: 0},0,"{fileID: -248771874, guid: 1fa22c2b5ebef5f8f09692d9ba1e5baa, type: 3}",-248771874,1fa22c2b5ebef5f8f09692d9ba1e5baa,Assets/Plugins/LeTai.TrueShadow.dll,0,"{x: 5.9195232, y: -5.38138}",42.273666,8,0,3,0.5,1,0
LevelManager,Assets/GameObject/LevelManager.prefab,LeTai.TrueShadow,1fa22c2b5ebef5f8f09692d9ba1e5baa,-248771874,0,[],0,"{r: 1, g: 1, b: 1, a: 1}",2,0,0,1,0,0,{fileID: 0},0,0,0,{fileID: 1056403778484054},1056403778484054,0,{fileID: 0},0,{fileID: 0},0,"{fileID: -248771874, guid: 1fa22c2b5ebef5f8f09692d9ba1e5baa, type: 3}",-248771874,1fa22c2b5ebef5f8f09692d9ba1e5baa,Assets/Plugins/LeTai.TrueShadow.dll,0,"{x: 0, y: -0}",90,0,0,1,0,1,0
LevelManager,Assets/GameObject/LevelManager.prefab,LeTai.TrueShadow,1fa22c2b5ebef5f8f09692d9ba1e5baa,-248771874,0,[],0,"{r: 1, g: 1, b: 1, a: 0.6}",2,0,0,0,0,0,{fileID: 0},0,0,1,{fileID: 1685862778094368},1685862778094368,0,{fileID: 0},0,{fileID: 0},0,"{fileID: -248771874, guid: 1fa22c2b5ebef5f8f09692d9ba1e5baa, type: 3}",-248771874,1fa22c2b5ebef5f8f09692d9ba1e5baa,Assets/Plugins/LeTai.TrueShadow.dll,0,"{x: 0, y: -0}",90,0,0,2,0,1,0
LevelManager,Assets/GameObject/LevelManager.prefab,LeTai.TrueShadow,1fa22c2b5ebef5f8f09692d9ba1e5baa,-248771874,0,[],0,"{r: 1, g: 1, b: 1, a: 0.6}",2,0,0,0,0,0,{fileID: 0},0,0,1,{fileID: 1202172442840834},1202172442840834,0,{fileID: 0},0,{fileID: 0},0,"{fileID: -248771874, guid: 1fa22c2b5ebef5f8f09692d9ba1e5baa, type: 3}",-248771874,1fa22c2b5ebef5f8f09692d9ba1e5baa,Assets/Plugins/LeTai.TrueShadow.dll,0,"{x: 0, y: -0}",90,0,0,2,0,1,0
LevelManager,Assets/GameObject/LevelManager.prefab,LeTai.TrueShadow,1fa22c2b5ebef5f8f09692d9ba1e5baa,-248771874,0,[],0,"{r: 1, g: 1, b: 1, a: 0.6}",2,0,0,0,0,0,{fileID: 0},0,0,1,{fileID: 1497805255371354},1497805255371354,0,{fileID: 0},0,{fileID: 0},0,"{fileID: -248771874, guid: 1fa22c2b5ebef5f8f09692d9ba1e5baa, type: 3}",-248771874,1fa22c2b5ebef5f8f09692d9ba1e5baa,Assets/Plugins/LeTai.TrueShadow.dll,0,"{x: 0, y: -0}",90,0,0,2,0,1,0
LevelManager,Assets/GameObject/LevelManager.prefab,LeTai.TrueShadow,1fa22c2b5ebef5f8f09692d9ba1e5baa,-248771874,0,[],0,"{r: 0, g: 0, b: 0, a: 0.6}",2,0,0,0,0,0,{fileID: 0},0,0,0,{fileID: 1718403280364802},1718403280364802,0,{fileID: 0},0,{fileID: 0},0,"{fileID: -248771874, guid: 1fa22c2b5ebef5f8f09692d9ba1e5baa, type: 3}",-248771874,1fa22c2b5ebef5f8f09692d9ba1e5baa,Assets/Plugins/LeTai.TrueShadow.dll,0,"{x: 1.7881396E-07, y: -3}",90,3,0,6,0,1,0
LevelManager,Assets/GameObject/LevelManager.prefab,LeTai.TrueShadow,1fa22c2b5ebef5f8f09692d9ba1e5baa,-248771874,0,[],1,"{r: 0.4764151, g: 1, b: 0.62022334, a: 1}",2,0,0,1,1,1,{fileID: 0},0,0,1,{fileID: 1793030084723513},1793030084723513,0,{fileID: 0},0,{fileID: 0},0,"{fileID: -248771874, guid: 1fa22c2b5ebef5f8f09692d9ba1e5baa, type: 3}",-248771874,1fa22c2b5ebef5f8f09692d9ba1e5baa,Assets/Plugins/LeTai.TrueShadow.dll,0,"{x: 0, y: -0}",90,0,0,17.85,0,0,0
LevelManager,Assets/GameObject/LevelManager.prefab,LeTai.TrueShadow,1fa22c2b5ebef5f8f09692d9ba1e5baa,-248771874,0,[],0,"{r: 0, g: 0, b: 0, a: 0.6}",2,0,0,0,0,0,{fileID: 0},0,0,0,{fileID: 1955834944261444},1955834944261444,0,{fileID: 0},0,{fileID: 0},0,"{fileID: -248771874, guid: 1fa22c2b5ebef5f8f09692d9ba1e5baa, type: 3}",-248771874,1fa22c2b5ebef5f8f09692d9ba1e5baa,Assets/Plugins/LeTai.TrueShadow.dll,0,"{x: 1.4142134, y: -1.4142137}",45,2,0,8,0,1,0
LevelManager,Assets/GameObject/LevelManager.prefab,LeTai.TrueShadow,1fa22c2b5ebef5f8f09692d9ba1e5baa,-248771874,0,[],0,"{r: 0, g: 0, b: 0, a: 0.72156864}",2,0,0,1,1,0,{fileID: 0},0,0,1,{fileID: 1884361622347127},1884361622347127,0,{fileID: 0},0,{fileID: 0},0,"{fileID: -248771874, guid: 1fa22c2b5ebef5f8f09692d9ba1e5baa, type: 3}",-248771874,1fa22c2b5ebef5f8f09692d9ba1e5baa,Assets/Plugins/LeTai.TrueShadow.dll,0,"{x: 5.9195232, y: -5.38138}",42.273666,8,0,3,0.5,1,0
LevelManager,Assets/GameObject/LevelManager.prefab,LeTai.TrueShadow,1fa22c2b5ebef5f8f09692d9ba1e5baa,-248771874,0,[],0,"{r: 1, g: 1, b: 1, a: 1}",2,0,0,1,0,0,{fileID: 0},0,0,0,{fileID: 1614663028677149},1614663028677149,0,{fileID: 0},0,{fileID: 0},0,"{fileID: -248771874, guid: 1fa22c2b5ebef5f8f09692d9ba1e5baa, type: 3}",-248771874,1fa22c2b5ebef5f8f09692d9ba1e5baa,Assets/Plugins/LeTai.TrueShadow.dll,0,"{x: 0, y: -0}",90,0,0,1,0,1,0
LevelManager,Assets/GameObject/LevelManager.prefab,LeTai.TrueShadow,1fa22c2b5ebef5f8f09692d9ba1e5baa,-248771874,0,[],0,"{r: 1, g: 1, b: 1, a: 0.6}",2,0,0,0,0,0,{fileID: 0},0,0,1,{fileID: 1662400528489213},1662400528489213,0,{fileID: 0},0,{fileID: 0},0,"{fileID: -248771874, guid: 1fa22c2b5ebef5f8f09692d9ba1e5baa, type: 3}",-248771874,1fa22c2b5ebef5f8f09692d9ba1e5baa,Assets/Plugins/LeTai.TrueShadow.dll,0,"{x: 0, y: -0}",90,0,0,2,0,1,0
LevelManager,Assets/GameObject/LevelManager.prefab,LeTai.TrueShadow,1fa22c2b5ebef5f8f09692d9ba1e5baa,-248771874,0,[],0,"{r: 1, g: 1, b: 1, a: 0.6}",2,0,0,0,0,0,{fileID: 0},0,0,1,{fileID: 1422233774513678},1422233774513678,0,{fileID: 0},0,{fileID: 0},0,"{fileID: -248771874, guid: 1fa22c2b5ebef5f8f09692d9ba1e5baa, type: 3}",-248771874,1fa22c2b5ebef5f8f09692d9ba1e5baa,Assets/Plugins/LeTai.TrueShadow.dll,0,"{x: 0, y: -0}",90,0,0,2,0,1,0
LevelManager,Assets/GameObject/LevelManager.prefab,LeTai.TrueShadow,1fa22c2b5ebef5f8f09692d9ba1e5baa,-248771874,0,[],0,"{r: 1, g: 1, b: 1, a: 0.6}",2,0,0,0,0,0,{fileID: 0},0,0,1,{fileID: 1123440092011080},1123440092011080,0,{fileID: 0},0,{fileID: 0},0,"{fileID: -248771874, guid: 1fa22c2b5ebef5f8f09692d9ba1e5baa, type: 3}",-248771874,1fa22c2b5ebef5f8f09692d9ba1e5baa,Assets/Plugins/LeTai.TrueShadow.dll,0,"{x: 0, y: -0}",90,0,0,2,0,1,0
LevelManager,Assets/GameObject/LevelManager.prefab,LeTai.TrueShadow,1fa22c2b5ebef5f8f09692d9ba1e5baa,-248771874,0,[],0,"{r: 0, g: 0, b: 0, a: 0.6}",2,0,0,0,0,0,{fileID: 0},0,0,0,{fileID: 1186913918196422},1186913918196422,0,{fileID: 0},0,{fileID: 0},0,"{fileID: -248771874, guid: 1fa22c2b5ebef5f8f09692d9ba1e5baa, type: 3}",-248771874,1fa22c2b5ebef5f8f09692d9ba1e5baa,Assets/Plugins/LeTai.TrueShadow.dll,0,"{x: 1.7881396E-07, y: -3}",90,3,0,6,0,1,0
LevelManager,Assets/GameObject/LevelManager.prefab,LeTai.TrueShadow,1fa22c2b5ebef5f8f09692d9ba1e5baa,-248771874,0,[],1,"{r: 0.4764151, g: 1, b: 0.62022334, a: 1}",2,0,0,1,1,1,{fileID: 0},0,0,1,{fileID: 1657593428491752},1657593428491752,0,{fileID: 0},0,{fileID: 0},0,"{fileID: -248771874, guid: 1fa22c2b5ebef5f8f09692d9ba1e5baa, type: 3}",-248771874,1fa22c2b5ebef5f8f09692d9ba1e5baa,Assets/Plugins/LeTai.TrueShadow.dll,0,"{x: 0, y: -0}",90,0,0,17.85,0,0,0
LevelManager,Assets/GameObject/LevelManager.prefab,LeTai.TrueShadow,1fa22c2b5ebef5f8f09692d9ba1e5baa,-248771874,0,[],0,"{r: 0, g: 0, b: 0, a: 0.6}",2,0,0,0,0,0,{fileID: 0},0,0,0,{fileID: 1210872425549293},1210872425549293,0,{fileID: 0},0,{fileID: 0},0,"{fileID: -248771874, guid: 1fa22c2b5ebef5f8f09692d9ba1e5baa, type: 3}",-248771874,1fa22c2b5ebef5f8f09692d9ba1e5baa,Assets/Plugins/LeTai.TrueShadow.dll,0,"{x: 1.4142134, y: -1.4142137}",45,2,0,8,0,1,0
LevelManager,Assets/GameObject/LevelManager.prefab,LeTai.TrueShadow,1fa22c2b5ebef5f8f09692d9ba1e5baa,-248771874,0,[],0,"{r: 0, g: 0, b: 0, a: 0.72156864}",2,0,0,1,1,0,{fileID: 0},0,0,1,{fileID: 1782571561950896},1782571561950896,0,{fileID: 0},0,{fileID: 0},0,"{fileID: -248771874, guid: 1fa22c2b5ebef5f8f09692d9ba1e5baa, type: 3}",-248771874,1fa22c2b5ebef5f8f09692d9ba1e5baa,Assets/Plugins/LeTai.TrueShadow.dll,0,"{x: 5.9195232, y: -5.38138}",42.273666,8,0,3,0.5,1,0
LevelManager,Assets/GameObject/LevelManager.prefab,LeTai.TrueShadow,1fa22c2b5ebef5f8f09692d9ba1e5baa,-248771874,0,[],0,"{r: 1, g: 1, b: 1, a: 1}",2,0,0,1,0,0,{fileID: 0},0,0,0,{fileID: 1848736583340779},1848736583340779,0,{fileID: 0},0,{fileID: 0},0,"{fileID: -248771874, guid: 1fa22c2b5ebef5f8f09692d9ba1e5baa, type: 3}",-248771874,1fa22c2b5ebef5f8f09692d9ba1e5baa,Assets/Plugins/LeTai.TrueShadow.dll,0,"{x: 0, y: -0}",90,0,0,1,0,1,0
LevelManager,Assets/GameObject/LevelManager.prefab,LeTai.TrueShadow,1fa22c2b5ebef5f8f09692d9ba1e5baa,-248771874,0,[],0,"{r: 1, g: 1, b: 1, a: 0.6}",2,0,0,0,0,0,{fileID: 0},0,0,1,{fileID: 1784105207620180},1784105207620180,0,{fileID: 0},0,{fileID: 0},0,"{fileID: -248771874, guid: 1fa22c2b5ebef5f8f09692d9ba1e5baa, type: 3}",-248771874,1fa22c2b5ebef5f8f09692d9ba1e5baa,Assets/Plugins/LeTai.TrueShadow.dll,0,"{x: 0, y: -0}",90,0,0,2,0,1,0
LevelManager,Assets/GameObject/LevelManager.prefab,LeTai.TrueShadow,1fa22c2b5ebef5f8f09692d9ba1e5baa,-248771874,0,[],0,"{r: 1, g: 1, b: 1, a: 0.6}",2,0,0,0,0,0,{fileID: 0},0,0,1,{fileID: 1090668622454256},1090668622454256,0,{fileID: 0},0,{fileID: 0},0,"{fileID: -248771874, guid: 1fa22c2b5ebef5f8f09692d9ba1e5baa, type: 3}",-248771874,1fa22c2b5ebef5f8f09692d9ba1e5baa,Assets/Plugins/LeTai.TrueShadow.dll,0,"{x: 0, y: -0}",90,0,0,2,0,1,0
LevelManager,Assets/GameObject/LevelManager.prefab,LeTai.TrueShadow,1fa22c2b5ebef5f8f09692d9ba1e5baa,-248771874,0,[],0,"{r: 1, g: 1, b: 1, a: 0.6}",2,0,0,0,0,0,{fileID: 0},0,0,1,{fileID: 1585318341353215},1585318341353215,0,{fileID: 0},0,{fileID: 0},0,"{fileID: -248771874, guid: 1fa22c2b5ebef5f8f09692d9ba1e5baa, type: 3}",-248771874,1fa22c2b5ebef5f8f09692d9ba1e5baa,Assets/Plugins/LeTai.TrueShadow.dll,0,"{x: 0, y: -0}",90,0,0,2,0,1,0
LevelManager,Assets/GameObject/LevelManager.prefab,LeTai.TrueShadow,1fa22c2b5ebef5f8f09692d9ba1e5baa,-248771874,0,[],0,"{r: 0, g: 0, b: 0, a: 0.6}",2,0,0,0,0,0,{fileID: 0},0,0,0,{fileID: 1578589927509842},1578589927509842,0,{fileID: 0},0,{fileID: 0},0,"{fileID: -248771874, guid: 1fa22c2b5ebef5f8f09692d9ba1e5baa, type: 3}",-248771874,1fa22c2b5ebef5f8f09692d9ba1e5baa,Assets/Plugins/LeTai.TrueShadow.dll,0,"{x: 1.7881396E-07, y: -3}",90,3,0,6,0,1,0
LevelManager,Assets/GameObject/LevelManager.prefab,LeTai.TrueShadow,1fa22c2b5ebef5f8f09692d9ba1e5baa,-248771874,0,[],1,"{r: 0.4764151, g: 1, b: 0.62022334, a: 1}",2,0,0,1,1,1,{fileID: 0},0,0,1,{fileID: 1385674180009846},1385674180009846,0,{fileID: 0},0,{fileID: 0},0,"{fileID: -248771874, guid: 1fa22c2b5ebef5f8f09692d9ba1e5baa, type: 3}",-248771874,1fa22c2b5ebef5f8f09692d9ba1e5baa,Assets/Plugins/LeTai.TrueShadow.dll,0,"{x: 0, y: -0}",90,0,0,17.85,0,0,0
LevelManager,Assets/GameObject/LevelManager.prefab,LeTai.TrueShadow,1fa22c2b5ebef5f8f09692d9ba1e5baa,-248771874,0,[],0,"{r: 0, g: 0, b: 0, a: 0.6}",2,0,0,0,0,0,{fileID: 0},0,0,0,{fileID: 1671126401535714},1671126401535714,0,{fileID: 0},0,{fileID: 0},0,"{fileID: -248771874, guid: 1fa22c2b5ebef5f8f09692d9ba1e5baa, type: 3}",-248771874,1fa22c2b5ebef5f8f09692d9ba1e5baa,Assets/Plugins/LeTai.TrueShadow.dll,0,"{x: 1.4142134, y: -1.4142137}",45,2,0,8,0,1,0
LevelManager,Assets/GameObject/LevelManager.prefab,LeTai.TrueShadow,1fa22c2b5ebef5f8f09692d9ba1e5baa,-248771874,0,[],0,"{r: 0, g: 0, b: 0, a: 0.72156864}",2,0,0,1,1,0,{fileID: 0},0,0,1,{fileID: 1293552321778364},1293552321778364,0,{fileID: 0},0,{fileID: 0},0,"{fileID: -248771874, guid: 1fa22c2b5ebef5f8f09692d9ba1e5baa, type: 3}",-248771874,1fa22c2b5ebef5f8f09692d9ba1e5baa,Assets/Plugins/LeTai.TrueShadow.dll,0,"{x: 5.9195232, y: -5.38138}",42.273666,8,0,3,0.5,1,0
LevelManager,Assets/GameObject/LevelManager.prefab,LeTai.TrueShadow,1fa22c2b5ebef5f8f09692d9ba1e5baa,-248771874,0,[],0,"{r: 1, g: 1, b: 1, a: 1}",2,0,0,1,0,0,{fileID: 0},0,0,0,{fileID: 1457536264820522},1457536264820522,0,{fileID: 0},0,{fileID: 0},0,"{fileID: -248771874, guid: 1fa22c2b5ebef5f8f09692d9ba1e5baa, type: 3}",-248771874,1fa22c2b5ebef5f8f09692d9ba1e5baa,Assets/Plugins/LeTai.TrueShadow.dll,0,"{x: 0, y: -0}",90,0,0,1,0,1,0
LevelManager,Assets/GameObject/LevelManager.prefab,LeTai.TrueShadow,1fa22c2b5ebef5f8f09692d9ba1e5baa,-248771874,0,[],0,"{r: 1, g: 1, b: 1, a: 0.6}",2,0,0,0,0,0,{fileID: 0},0,0,1,{fileID: 1376118080494562},1376118080494562,0,{fileID: 0},0,{fileID: 0},0,"{fileID: -248771874, guid: 1fa22c2b5ebef5f8f09692d9ba1e5baa, type: 3}",-248771874,1fa22c2b5ebef5f8f09692d9ba1e5baa,Assets/Plugins/LeTai.TrueShadow.dll,0,"{x: 0, y: -0}",90,0,0,2,0,1,0
LevelManager,Assets/GameObject/LevelManager.prefab,LeTai.TrueShadow,1fa22c2b5ebef5f8f09692d9ba1e5baa,-248771874,0,[],0,"{r: 1, g: 1, b: 1, a: 0.6}",2,0,0,0,0,0,{fileID: 0},0,0,1,{fileID: 1028618756608119},1028618756608119,0,{fileID: 0},0,{fileID: 0},0,"{fileID: -248771874, guid: 1fa22c2b5ebef5f8f09692d9ba1e5baa, type: 3}",-248771874,1fa22c2b5ebef5f8f09692d9ba1e5baa,Assets/Plugins/LeTai.TrueShadow.dll,0,"{x: 0, y: -0}",90,0,0,2,0,1,0
LevelManager,Assets/GameObject/LevelManager.prefab,LeTai.TrueShadow,1fa22c2b5ebef5f8f09692d9ba1e5baa,-248771874,0,[],0,"{r: 1, g: 1, b: 1, a: 0.6}",2,0,0,0,0,0,{fileID: 0},0,0,1,{fileID: 1577082001322561},1577082001322561,0,{fileID: 0},0,{fileID: 0},0,"{fileID: -248771874, guid: 1fa22c2b5ebef5f8f09692d9ba1e5baa, type: 3}",-248771874,1fa22c2b5ebef5f8f09692d9ba1e5baa,Assets/Plugins/LeTai.TrueShadow.dll,0,"{x: 0, y: -0}",90,0,0,2,0,1,0
LevelManager,Assets/GameObject/LevelManager.prefab,LeTai.TrueShadow,1fa22c2b5ebef5f8f09692d9ba1e5baa,-248771874,0,[],0,"{r: 0, g: 0, b: 0, a: 0.6}",2,0,0,0,0,0,{fileID: 0},0,0,0,{fileID: 1177489404962421},1177489404962421,0,{fileID: 0},0,{fileID: 0},0,"{fileID: -248771874, guid: 1fa22c2b5ebef5f8f09692d9ba1e5baa, type: 3}",-248771874,1fa22c2b5ebef5f8f09692d9ba1e5baa,Assets/Plugins/LeTai.TrueShadow.dll,0,"{x: 1.7881396E-07, y: -3}",90,3,0,6,0,1,0
LevelManager,Assets/GameObject/LevelManager.prefab,LeTai.TrueShadow,1fa22c2b5ebef5f8f09692d9ba1e5baa,-248771874,0,[],1,"{r: 0.4764151, g: 1, b: 0.62022334, a: 1}",2,0,0,1,1,1,{fileID: 0},0,0,1,{fileID: 1234683378531966},1234683378531966,0,{fileID: 0},0,{fileID: 0},0,"{fileID: -248771874, guid: 1fa22c2b5ebef5f8f09692d9ba1e5baa, type: 3}",-248771874,1fa22c2b5ebef5f8f09692d9ba1e5baa,Assets/Plugins/LeTai.TrueShadow.dll,0,"{x: 0, y: -0}",90,0,0,17.85,0,0,0
LevelManager,Assets/GameObject/LevelManager.prefab,LeTai.TrueShadow,1fa22c2b5ebef5f8f09692d9ba1e5baa,-248771874,0,[],0,"{r: 0, g: 0, b: 0, a: 0.6}",2,0,0,0,0,0,{fileID: 0},0,0,0,{fileID: 1111093950074912},1111093950074912,0,{fileID: 0},0,{fileID: 0},0,"{fileID: -248771874, guid: 1fa22c2b5ebef5f8f09692d9ba1e5baa, type: 3}",-248771874,1fa22c2b5ebef5f8f09692d9ba1e5baa,Assets/Plugins/LeTai.TrueShadow.dll,0,"{x: 1.4142134, y: -1.4142137}",45,2,0,8,0,1,0
LevelManager,Assets/GameObject/LevelManager.prefab,LeTai.TrueShadow,1fa22c2b5ebef5f8f09692d9ba1e5baa,-248771874,0,[],0,"{r: 0, g: 0, b: 0, a: 0.72156864}",2,0,0,1,1,0,{fileID: 0},0,0,1,{fileID: 1194853709666045},1194853709666045,0,{fileID: 0},0,{fileID: 0},0,"{fileID: -248771874, guid: 1fa22c2b5ebef5f8f09692d9ba1e5baa, type: 3}",-248771874,1fa22c2b5ebef5f8f09692d9ba1e5baa,Assets/Plugins/LeTai.TrueShadow.dll,0,"{x: 5.9195232, y: -5.38138}",42.273666,8,0,3,0.5,1,0
LevelManager,Assets/GameObject/LevelManager.prefab,LeTai.TrueShadow,1fa22c2b5ebef5f8f09692d9ba1e5baa,-248771874,0,[],0,"{r: 1, g: 1, b: 1, a: 1}",2,0,0,1,0,0,{fileID: 0},0,0,0,{fileID: 1338414982471579},1338414982471579,0,{fileID: 0},0,{fileID: 0},0,"{fileID: -248771874, guid: 1fa22c2b5ebef5f8f09692d9ba1e5baa, type: 3}",-248771874,1fa22c2b5ebef5f8f09692d9ba1e5baa,Assets/Plugins/LeTai.TrueShadow.dll,0,"{x: 0, y: -0}",90,0,0,1,0,1,0
LevelManager,Assets/GameObject/LevelManager.prefab,LeTai.TrueShadow,1fa22c2b5ebef5f8f09692d9ba1e5baa,-248771874,0,[],0,"{r: 1, g: 1, b: 1, a: 0.6}",2,0,0,0,0,0,{fileID: 0},0,0,1,{fileID: 1823823792102536},1823823792102536,0,{fileID: 0},0,{fileID: 0},0,"{fileID: -248771874, guid: 1fa22c2b5ebef5f8f09692d9ba1e5baa, type: 3}",-248771874,1fa22c2b5ebef5f8f09692d9ba1e5baa,Assets/Plugins/LeTai.TrueShadow.dll,0,"{x: 0, y: -0}",90,0,0,2,0,1,0
LevelManager,Assets/GameObject/LevelManager.prefab,LeTai.TrueShadow,1fa22c2b5ebef5f8f09692d9ba1e5baa,-248771874,0,[],0,"{r: 1, g: 1, b: 1, a: 0.6}",2,0,0,0,0,0,{fileID: 0},0,0,1,{fileID: 1329695161449512},1329695161449512,0,{fileID: 0},0,{fileID: 0},0,"{fileID: -248771874, guid: 1fa22c2b5ebef5f8f09692d9ba1e5baa, type: 3}",-248771874,1fa22c2b5ebef5f8f09692d9ba1e5baa,Assets/Plugins/LeTai.TrueShadow.dll,0,"{x: 0, y: -0}",90,0,0,2,0,1,0
LevelManager,Assets/GameObject/LevelManager.prefab,LeTai.TrueShadow,1fa22c2b5ebef5f8f09692d9ba1e5baa,-248771874,0,[],0,"{r: 1, g: 1, b: 1, a: 0.6}",2,0,0,0,0,0,{fileID: 0},0,0,1,{fileID: 1689485937459321},1689485937459321,0,{fileID: 0},0,{fileID: 0},0,"{fileID: -248771874, guid: 1fa22c2b5ebef5f8f09692d9ba1e5baa, type: 3}",-248771874,1fa22c2b5ebef5f8f09692d9ba1e5baa,Assets/Plugins/LeTai.TrueShadow.dll,0,"{x: 0, y: -0}",90,0,0,2,0,1,0
LevelManager,Assets/GameObject/LevelManager.prefab,LeTai.TrueShadow,1fa22c2b5ebef5f8f09692d9ba1e5baa,-248771874,0,[],0,"{r: 0, g: 0, b: 0, a: 0.6}",2,0,0,0,0,0,{fileID: 0},0,0,0,{fileID: 1064591740339859},1064591740339859,0,{fileID: 0},0,{fileID: 0},0,"{fileID: -248771874, guid: 1fa22c2b5ebef5f8f09692d9ba1e5baa, type: 3}",-248771874,1fa22c2b5ebef5f8f09692d9ba1e5baa,Assets/Plugins/LeTai.TrueShadow.dll,0,"{x: 1.7881396E-07, y: -3}",90,3,0,6,0,1,0
LevelManager,Assets/GameObject/LevelManager.prefab,LeTai.TrueShadow,1fa22c2b5ebef5f8f09692d9ba1e5baa,-248771874,0,[],0,"{r: 1, g: 1, b: 1, a: 1}",2,0,0,0,0,0,{fileID: 0},0,0,0,{fileID: 1406133652111850},1406133652111850,0,{fileID: 0},0,{fileID: 0},0,"{fileID: -248771874, guid: 1fa22c2b5ebef5f8f09692d9ba1e5baa, type: 3}",-248771874,1fa22c2b5ebef5f8f09692d9ba1e5baa,Assets/Plugins/LeTai.TrueShadow.dll,0,"{x: 1.192093E-07, y: -2}",90,2,0,3.4,0.197,1,0
LevelManager,Assets/GameObject/LevelManager.prefab,LeTai.TrueShadow,1fa22c2b5ebef5f8f09692d9ba1e5baa,-248771874,0,[],0,"{r: 1, g: 1, b: 1, a: 1}",2,0,0,0,0,0,{fileID: 0},0,0,0,{fileID: 1110128925655152},1110128925655152,0,{fileID: 0},0,{fileID: 0},0,"{fileID: -248771874, guid: 1fa22c2b5ebef5f8f09692d9ba1e5baa, type: 3}",-248771874,1fa22c2b5ebef5f8f09692d9ba1e5baa,Assets/Plugins/LeTai.TrueShadow.dll,0,"{x: 1.192093E-07, y: 2}",270,2,0,3.4,0.197,1,0
LevelManager,Assets/GameObject/LevelManager.prefab,LeTai.TrueShadow,1fa22c2b5ebef5f8f09692d9ba1e5baa,-248771874,0,[],0,"{r: 0, g: 0, b: 0, a: 0.5686275}",2,0,0,0,0,1,{fileID: 0},0,0,1,{fileID: 1547970972483074},1547970972483074,0,{fileID: 0},0,{fileID: 0},0,"{fileID: -248771874, guid: 1fa22c2b5ebef5f8f09692d9ba1e5baa, type: 3}",-248771874,1fa22c2b5ebef5f8f09692d9ba1e5baa,Assets/Plugins/LeTai.TrueShadow.dll,0,"{x: 0.27349573, y: -1.4951923}",79.63423,1.52,0,2,0,0,0
LevelManager,Assets/GameObject/LevelManager.prefab,LeTai.TrueShadow,1fa22c2b5ebef5f8f09692d9ba1e5baa,-248771874,0,[],0,"{r: 0, g: 0, b: 0, a: 1}",2,0,0,0,0,0,{fileID: 0},0,0,1,{fileID: 1827561122320620},1827561122320620,0,{fileID: 0},0,{fileID: 0},0,"{fileID: -248771874, guid: 1fa22c2b5ebef5f8f09692d9ba1e5baa, type: 3}",-248771874,1fa22c2b5ebef5f8f09692d9ba1e5baa,Assets/Plugins/LeTai.TrueShadow.dll,0,"{x: 0, y: -0}",90,0,0,5,0,1,0
LevelManager,Assets/GameObject/LevelManager.prefab,LeTai.TrueShadow,1fa22c2b5ebef5f8f09692d9ba1e5baa,-248771874,0,[],0,"{r: 0, g: 0, b: 0, a: 0.6}",2,0,0,0,0,0,{fileID: 0},0,0,0,{fileID: 1198320959315996},1198320959315996,0,{fileID: 0},0,{fileID: 0},0,"{fileID: -248771874, guid: 1fa22c2b5ebef5f8f09692d9ba1e5baa, type: 3}",-248771874,1fa22c2b5ebef5f8f09692d9ba1e5baa,Assets/Plugins/LeTai.TrueShadow.dll,0,"{x: 5.6568537, y: -5.6568546}",45,8,0,8,0,1,0
LevelManager,Assets/GameObject/LevelManager.prefab,LeTai.TrueShadow,1fa22c2b5ebef5f8f09692d9ba1e5baa,-248771874,0,[],0,"{r: 1, g: 0.61960787, b: 0.227451, a: 1}",2,0,0,0,0,0,{fileID: 0},0,0,0,{fileID: 1516198249194844},1516198249194844,0,{fileID: 0},0,{fileID: 0},0,"{fileID: -248771874, guid: 1fa22c2b5ebef5f8f09692d9ba1e5baa, type: 3}",-248771874,1fa22c2b5ebef5f8f09692d9ba1e5baa,Assets/Plugins/LeTai.TrueShadow.dll,0,"{x: 0, y: -0}",90,0,0,16,0,1,0
LevelManager,Assets/GameObject/LevelManager.prefab,LeTai.TrueShadow,1fa22c2b5ebef5f8f09692d9ba1e5baa,-248771874,0,[],0,"{r: 1, g: 0.61960787, b: 0.227451, a: 1}",2,0,0,0,0,0,{fileID: 0},0,0,0,{fileID: 1029091364146782},1029091364146782,0,{fileID: 0},0,{fileID: 0},0,"{fileID: -248771874, guid: 1fa22c2b5ebef5f8f09692d9ba1e5baa, type: 3}",-248771874,1fa22c2b5ebef5f8f09692d9ba1e5baa,Assets/Plugins/LeTai.TrueShadow.dll,0,"{x: 0, y: -0}",90,0,0,16,0,1,0
LevelManager,Assets/GameObject/LevelManager.prefab,LeTai.TrueShadow,1fa22c2b5ebef5f8f09692d9ba1e5baa,-248771874,0,[],0,"{r: 1, g: 0.61960787, b: 0.227451, a: 1}",2,0,0,0,0,0,{fileID: 0},0,0,0,{fileID: 1190818098392008},1190818098392008,0,{fileID: 0},0,{fileID: 0},0,"{fileID: -248771874, guid: 1fa22c2b5ebef5f8f09692d9ba1e5baa, type: 3}",-248771874,1fa22c2b5ebef5f8f09692d9ba1e5baa,Assets/Plugins/LeTai.TrueShadow.dll,0,"{x: 0, y: -0}",90,0,0,16,0,1,0
LevelManager,Assets/GameObject/LevelManager.prefab,LeTai.TrueShadow,1fa22c2b5ebef5f8f09692d9ba1e5baa,-248771874,0,[],0,"{r: 1, g: 1, b: 1, a: 1}",2,0,0,0,0,0,{fileID: 0},0,0,0,{fileID: 1912796384169730},1912796384169730,0,{fileID: 0},0,{fileID: 0},0,"{fileID: -248771874, guid: 1fa22c2b5ebef5f8f09692d9ba1e5baa, type: 3}",-248771874,1fa22c2b5ebef5f8f09692d9ba1e5baa,Assets/Plugins/LeTai.TrueShadow.dll,0,"{x: 1.192093E-07, y: -2}",90,2,0,3.4,0.197,1,0
LevelManager,Assets/GameObject/LevelManager.prefab,LeTai.TrueShadow,1fa22c2b5ebef5f8f09692d9ba1e5baa,-248771874,0,[],0,"{r: 1, g: 1, b: 1, a: 1}",2,0,0,0,0,0,{fileID: 0},0,0,0,{fileID: 1035369802192254},1035369802192254,0,{fileID: 0},0,{fileID: 0},0,"{fileID: -248771874, guid: 1fa22c2b5ebef5f8f09692d9ba1e5baa, type: 3}",-248771874,1fa22c2b5ebef5f8f09692d9ba1e5baa,Assets/Plugins/LeTai.TrueShadow.dll,0,"{x: 1.192093E-07, y: 2}",270,2,0,3.4,0.197,1,0
LevelManager,Assets/GameObject/LevelManager.prefab,LeTai.TrueShadow,1fa22c2b5ebef5f8f09692d9ba1e5baa,-248771874,0,[],0,"{r: 0, g: 0, b: 0, a: 0.5686275}",2,0,0,0,0,1,{fileID: 0},0,0,1,{fileID: 1977688353823349},1977688353823349,0,{fileID: 0},0,{fileID: 0},0,"{fileID: -248771874, guid: 1fa22c2b5ebef5f8f09692d9ba1e5baa, type: 3}",-248771874,1fa22c2b5ebef5f8f09692d9ba1e5baa,Assets/Plugins/LeTai.TrueShadow.dll,0,"{x: 0.27349573, y: -1.4951923}",79.63423,1.52,0,2,0,0,0
LevelManager,Assets/GameObject/LevelManager.prefab,LeTai.TrueShadow,1fa22c2b5ebef5f8f09692d9ba1e5baa,-248771874,0,[],0,"{r: 0, g: 0, b: 0, a: 1}",2,0,0,0,0,0,{fileID: 0},0,0,1,{fileID: 1702375574738298},1702375574738298,0,{fileID: 0},0,{fileID: 0},0,"{fileID: -248771874, guid: 1fa22c2b5ebef5f8f09692d9ba1e5baa, type: 3}",-248771874,1fa22c2b5ebef5f8f09692d9ba1e5baa,Assets/Plugins/LeTai.TrueShadow.dll,0,"{x: 0, y: -0}",90,0,0,5,0,1,0
LevelManager,Assets/GameObject/LevelManager.prefab,LeTai.TrueShadow,1fa22c2b5ebef5f8f09692d9ba1e5baa,-248771874,0,[],0,"{r: 0, g: 0, b: 0, a: 0.34117648}",2,0,0,0,0,0,{fileID: 0},0,0,1,{fileID: 1350741143662602},1350741143662602,0,{fileID: 0},0,{fileID: 0},0,"{fileID: -248771874, guid: 1fa22c2b5ebef5f8f09692d9ba1e5baa, type: 3}",-248771874,1fa22c2b5ebef5f8f09692d9ba1e5baa,Assets/Plugins/LeTai.TrueShadow.dll,0,"{x: 3.5355334, y: -3.5355341}",45,5,0,20,0,1,0
LevelManager,Assets/GameObject/LevelManager.prefab,LeTai.TrueShadow,1fa22c2b5ebef5f8f09692d9ba1e5baa,-248771874,0,[],0,"{r: 0, g: 0, b: 0, a: 0.6}",2,0,0,0,0,0,{fileID: 0},0,0,1,{fileID: 1816001175895108},1816001175895108,0,{fileID: 0},0,{fileID: 0},0,"{fileID: -248771874, guid: 1fa22c2b5ebef5f8f09692d9ba1e5baa, type: 3}",-248771874,1fa22c2b5ebef5f8f09692d9ba1e5baa,Assets/Plugins/LeTai.TrueShadow.dll,0,"{x: 4.228498, y: -4.228499}",45,5.98,0,16,0,1,0
LevelManager,Assets/GameObject/LevelManager.prefab,LeTai.TrueShadow,1fa22c2b5ebef5f8f09692d9ba1e5baa,-248771874,0,[],0,"{r: 1, g: 1, b: 1, a: 1}",2,0,0,0,0,0,{fileID: 0},0,0,0,{fileID: 1221390818724455},1221390818724455,0,{fileID: 0},0,{fileID: 0},0,"{fileID: -248771874, guid: 1fa22c2b5ebef5f8f09692d9ba1e5baa, type: 3}",-248771874,1fa22c2b5ebef5f8f09692d9ba1e5baa,Assets/Plugins/LeTai.TrueShadow.dll,0,"{x: 1.192093E-07, y: -2}",90,2,0,3.4,0.197,1,0
LevelManager,Assets/GameObject/LevelManager.prefab,LeTai.TrueShadow,1fa22c2b5ebef5f8f09692d9ba1e5baa,-248771874,0,[],0,"{r: 1, g: 1, b: 1, a: 1}",2,0,0,0,0,0,{fileID: 0},0,0,0,{fileID: 1207079688689772},1207079688689772,0,{fileID: 0},0,{fileID: 0},0,"{fileID: -248771874, guid: 1fa22c2b5ebef5f8f09692d9ba1e5baa, type: 3}",-248771874,1fa22c2b5ebef5f8f09692d9ba1e5baa,Assets/Plugins/LeTai.TrueShadow.dll,0,"{x: 1.192093E-07, y: 2}",270,2,0,3.4,0.197,1,0
LevelManager,Assets/GameObject/LevelManager.prefab,LeTai.TrueShadow,1fa22c2b5ebef5f8f09692d9ba1e5baa,-248771874,0,[],0,"{r: 0, g: 0, b: 0, a: 0.5686275}",2,0,0,0,0,1,{fileID: 0},0,0,1,{fileID: 1919135531089401},1919135531089401,0,{fileID: 0},0,{fileID: 0},0,"{fileID: -248771874, guid: 1fa22c2b5ebef5f8f09692d9ba1e5baa, type: 3}",-248771874,1fa22c2b5ebef5f8f09692d9ba1e5baa,Assets/Plugins/LeTai.TrueShadow.dll,0,"{x: 0.27349573, y: -1.4951923}",79.63423,1.52,0,2,0,0,0
LevelManager,Assets/GameObject/LevelManager.prefab,LeTai.TrueShadow,1fa22c2b5ebef5f8f09692d9ba1e5baa,-248771874,0,[],0,"{r: 0, g: 0, b: 0, a: 1}",2,0,0,0,0,0,{fileID: 0},0,0,1,{fileID: 1481241685386383},1481241685386383,0,{fileID: 0},0,{fileID: 0},0,"{fileID: -248771874, guid: 1fa22c2b5ebef5f8f09692d9ba1e5baa, type: 3}",-248771874,1fa22c2b5ebef5f8f09692d9ba1e5baa,Assets/Plugins/LeTai.TrueShadow.dll,0,"{x: 0, y: -0}",90,0,0,5,0,1,0
LevelManager,Assets/GameObject/LevelManager.prefab,LeTai.TrueShadow,1fa22c2b5ebef5f8f09692d9ba1e5baa,-248771874,0,[],0,"{r: 0, g: 0, b: 0, a: 0.6}",2,0,0,0,0,0,{fileID: 0},0,0,0,{fileID: 1874868027532525},1874868027532525,0,{fileID: 0},0,{fileID: 0},0,"{fileID: -248771874, guid: 1fa22c2b5ebef5f8f09692d9ba1e5baa, type: 3}",-248771874,1fa22c2b5ebef5f8f09692d9ba1e5baa,Assets/Plugins/LeTai.TrueShadow.dll,0,"{x: 7.1525585E-07, y: -12}",90,12,0,32,0,1,0
LevelManager,Assets/GameObject/LevelManager.prefab,LeTai.TrueShadow,1fa22c2b5ebef5f8f09692d9ba1e5baa,-248771874,0,[],0,"{r: 1, g: 0.4198113, b: 0.4198113, a: 0.49803922}",2,0,0,1,0,0,{fileID: 0},0,0,0,{fileID: 1672551642584618},1672551642584618,0,{fileID: 0},0,{fileID: 0},0,"{fileID: -248771874, guid: 1fa22c2b5ebef5f8f09692d9ba1e5baa, type: 3}",-248771874,1fa22c2b5ebef5f8f09692d9ba1e5baa,Assets/Plugins/LeTai.TrueShadow.dll,0,"{x: 0, y: -0}",45,0,0,10,0,1,0
LevelManager,Assets/GameObject/LevelManager.prefab,LeTai.TrueShadow,1fa22c2b5ebef5f8f09692d9ba1e5baa,-248771874,0,[],0,"{r: 1, g: 1, b: 1, a: 0.25490198}",2,0,0,0,0,0,{fileID: 0},0,0,0,{fileID: 1316410768083714},1316410768083714,0,{fileID: 0},0,{fileID: 0},0,"{fileID: -248771874, guid: 1fa22c2b5ebef5f8f09692d9ba1e5baa, type: 3}",-248771874,1fa22c2b5ebef5f8f09692d9ba1e5baa,Assets/Plugins/LeTai.TrueShadow.dll,0,"{x: 2.835498, y: -2.8354986}",45,4.01,0,3,0,1,0
LevelManager,Assets/GameObject/LevelManager.prefab,LeTai.TrueShadow,1fa22c2b5ebef5f8f09692d9ba1e5baa,-248771874,0,[],0,"{r: 0, g: 0, b: 0, a: 0.6}",2,0,0,0,0,0,{fileID: 0},0,0,0,{fileID: 1530655042602453},1530655042602453,0,{fileID: 0},0,{fileID: 0},0,"{fileID: -248771874, guid: 1fa22c2b5ebef5f8f09692d9ba1e5baa, type: 3}",-248771874,1fa22c2b5ebef5f8f09692d9ba1e5baa,Assets/Plugins/LeTai.TrueShadow.dll,0,"{x: 7.1525585E-07, y: -12}",90,12,0,32,0,1,0
LevelManager,Assets/GameObject/LevelManager.prefab,LeTai.TrueShadow,1fa22c2b5ebef5f8f09692d9ba1e5baa,-248771874,0,[],0,"{r: 0, g: 0, b: 0, a: 0.6}",2,0,0,0,0,1,{fileID: 0},0,0,1,{fileID: 1038052231626412},1038052231626412,0,{fileID: 0},0,{fileID: 0},0,"{fileID: -248771874, guid: 1fa22c2b5ebef5f8f09692d9ba1e5baa, type: 3}",-248771874,1fa22c2b5ebef5f8f09692d9ba1e5baa,Assets/Plugins/LeTai.TrueShadow.dll,0,"{x: 0, y: -0}",90,0,0,28,0,1,0
LevelManager,Assets/GameObject/LevelManager.prefab,LeTai.TrueShadow,1fa22c2b5ebef5f8f09692d9ba1e5baa,-248771874,0,[],0,"{r: 0, g: 0, b: 0, a: 0.6}",2,0,0,0,0,0,{fileID: 0},0,0,1,{fileID: 1517239783631251},1517239783631251,0,{fileID: 0},0,{fileID: 0},0,"{fileID: -248771874, guid: 1fa22c2b5ebef5f8f09692d9ba1e5baa, type: 3}",-248771874,1fa22c2b5ebef5f8f09692d9ba1e5baa,Assets/Plugins/LeTai.TrueShadow.dll,0,"{x: 3.6769547, y: -3.6769555}",45,5.2,0,15,0,1,0
LevelManager,Assets/GameObject/LevelManager.prefab,LeTai.TrueShadow,1fa22c2b5ebef5f8f09692d9ba1e5baa,-248771874,0,[],0,"{r: 0, g: 0, b: 0, a: 0.6}",2,0,0,0,0,1,{fileID: 0},0,0,1,{fileID: 1997425102380955},1997425102380955,0,{fileID: 0},0,{fileID: 0},0,"{fileID: -248771874, guid: 1fa22c2b5ebef5f8f09692d9ba1e5baa, type: 3}",-248771874,1fa22c2b5ebef5f8f09692d9ba1e5baa,Assets/Plugins/LeTai.TrueShadow.dll,0,"{x: 0, y: -0}",90,0,0,23.9,0,1,0
LevelManager,Assets/GameObject/LevelManager.prefab,LeTai.TrueShadow,1fa22c2b5ebef5f8f09692d9ba1e5baa,-248771874,0,[],0,"{r: 0, g: 0, b: 0, a: 0.6}",2,0,0,0,0,0,{fileID: 0},0,0,1,{fileID: 1663643080941048},1663643080941048,0,{fileID: 0},0,{fileID: 0},0,"{fileID: -248771874, guid: 1fa22c2b5ebef5f8f09692d9ba1e5baa, type: 3}",-248771874,1fa22c2b5ebef5f8f09692d9ba1e5baa,Assets/Plugins/LeTai.TrueShadow.dll,0,"{x: 4.2426405, y: -4.242641}",45,6,0,16.5,0,1,0
LevelManager,Assets/GameObject/LevelManager.prefab,LeTai.TrueShadow,1fa22c2b5ebef5f8f09692d9ba1e5baa,-248771874,0,[],0,"{r: 0, g: 0, b: 0, a: 0.6}",2,0,0,0,0,0,{fileID: 0},0,0,0,{fileID: 1303301176190768},1303301176190768,0,{fileID: 0},0,{fileID: 0},0,"{fileID: -248771874, guid: 1fa22c2b5ebef5f8f09692d9ba1e5baa, type: 3}",-248771874,1fa22c2b5ebef5f8f09692d9ba1e5baa,Assets/Plugins/LeTai.TrueShadow.dll,0,"{x: 5.6568537, y: -5.6568546}",45,8,0,8,0,1,0
LevelManager,Assets/GameObject/LevelManager.prefab,LeTai.TrueShadow,1fa22c2b5ebef5f8f09692d9ba1e5baa,-248771874,0,[],0,"{r: 1, g: 1, b: 1, a: 1}",2,0,0,0,0,0,{fileID: 0},0,0,0,{fileID: 1444111939088059},1444111939088059,0,{fileID: 0},0,{fileID: 0},0,"{fileID: -248771874, guid: 1fa22c2b5ebef5f8f09692d9ba1e5baa, type: 3}",-248771874,1fa22c2b5ebef5f8f09692d9ba1e5baa,Assets/Plugins/LeTai.TrueShadow.dll,0,"{x: 1.192093E-07, y: -2}",90,2,0,3.4,0.197,1,0
LevelManager,Assets/GameObject/LevelManager.prefab,LeTai.TrueShadow,1fa22c2b5ebef5f8f09692d9ba1e5baa,-248771874,0,[],0,"{r: 1, g: 1, b: 1, a: 1}",2,0,0,0,0,0,{fileID: 0},0,0,0,{fileID: 1563458042289140},1563458042289140,0,{fileID: 0},0,{fileID: 0},0,"{fileID: -248771874, guid: 1fa22c2b5ebef5f8f09692d9ba1e5baa, type: 3}",-248771874,1fa22c2b5ebef5f8f09692d9ba1e5baa,Assets/Plugins/LeTai.TrueShadow.dll,0,"{x: 1.192093E-07, y: 2}",270,2,0,3.4,0.197,1,0
LevelManager,Assets/GameObject/LevelManager.prefab,LeTai.TrueShadow,1fa22c2b5ebef5f8f09692d9ba1e5baa,-248771874,0,[],0,"{r: 0, g: 0, b: 0, a: 0.5686275}",2,0,0,0,0,1,{fileID: 0},0,0,1,{fileID: 1461366559568646},1461366559568646,0,{fileID: 0},0,{fileID: 0},0,"{fileID: -248771874, guid: 1fa22c2b5ebef5f8f09692d9ba1e5baa, type: 3}",-248771874,1fa22c2b5ebef5f8f09692d9ba1e5baa,Assets/Plugins/LeTai.TrueShadow.dll,0,"{x: 0.27349573, y: -1.4951923}",79.63423,1.52,0,2,0,0,0
LevelManager,Assets/GameObject/LevelManager.prefab,LeTai.TrueShadow,1fa22c2b5ebef5f8f09692d9ba1e5baa,-248771874,0,[],0,"{r: 0, g: 0, b: 0, a: 1}",2,0,0,0,0,0,{fileID: 0},0,0,1,{fileID: 1022200268332711},1022200268332711,0,{fileID: 0},0,{fileID: 0},0,"{fileID: -248771874, guid: 1fa22c2b5ebef5f8f09692d9ba1e5baa, type: 3}",-248771874,1fa22c2b5ebef5f8f09692d9ba1e5baa,Assets/Plugins/LeTai.TrueShadow.dll,0,"{x: 0, y: -0}",90,0,0,5,0,1,0
LevelManager,Assets/GameObject/LevelManager.prefab,LeTai.TrueShadow,1fa22c2b5ebef5f8f09692d9ba1e5baa,-248771874,0,[],0,"{r: 1, g: 0.4198113, b: 0.4198113, a: 0.49803922}",2,0,0,1,0,0,{fileID: 0},0,0,0,{fileID: 1881432172845100},1881432172845100,0,{fileID: 0},0,{fileID: 0},0,"{fileID: -248771874, guid: 1fa22c2b5ebef5f8f09692d9ba1e5baa, type: 3}",-248771874,1fa22c2b5ebef5f8f09692d9ba1e5baa,Assets/Plugins/LeTai.TrueShadow.dll,0,"{x: 0, y: -0}",45,0,0,10,0,1,0
LevelManager,Assets/GameObject/LevelManager.prefab,LeTai.TrueShadow,1fa22c2b5ebef5f8f09692d9ba1e5baa,-248771874,0,[],0,"{r: 1, g: 1, b: 1, a: 0.25490198}",2,0,0,0,0,0,{fileID: 0},0,0,0,{fileID: 1326577025884063},1326577025884063,0,{fileID: 0},0,{fileID: 0},0,"{fileID: -248771874, guid: 1fa22c2b5ebef5f8f09692d9ba1e5baa, type: 3}",-248771874,1fa22c2b5ebef5f8f09692d9ba1e5baa,Assets/Plugins/LeTai.TrueShadow.dll,0,"{x: 2.835498, y: -2.8354986}",45,4.01,0,3,0,1,0
LevelManager,Assets/GameObject/LevelManager.prefab,LeTai.TrueShadow,1fa22c2b5ebef5f8f09692d9ba1e5baa,-248771874,0,[],0,"{r: 0, g: 0, b: 0, a: 1}",2,0,0,0,0,0,{fileID: 0},0,0,0,{fileID: 1939041224046825},1939041224046825,0,{fileID: 0},0,{fileID: 0},0,"{fileID: -248771874, guid: 1fa22c2b5ebef5f8f09692d9ba1e5baa, type: 3}",-248771874,1fa22c2b5ebef5f8f09692d9ba1e5baa,Assets/Plugins/LeTai.TrueShadow.dll,0,"{x: 4.101219, y: -4.1012197}",45,5.8,0,8.8,0.142,1,0
LevelManager,Assets/GameObject/LevelManager.prefab,LeTai.TrueShadow,1fa22c2b5ebef5f8f09692d9ba1e5baa,-248771874,0,[],0,"{r: 0, g: 0, b: 0, a: 0.6}",2,0,0,0,0,0,{fileID: 0},0,0,0,{fileID: 1644711414599271},1644711414599271,0,{fileID: 0},0,{fileID: 0},0,"{fileID: -248771874, guid: 1fa22c2b5ebef5f8f09692d9ba1e5baa, type: 3}",-248771874,1fa22c2b5ebef5f8f09692d9ba1e5baa,Assets/Plugins/LeTai.TrueShadow.dll,0,"{x: 7.1525585E-07, y: -12}",90,12,0,32,0,1,0
LevelManager,Assets/GameObject/LevelManager.prefab,LeTai.TrueShadow,1fa22c2b5ebef5f8f09692d9ba1e5baa,-248771874,0,[],0,"{r: 0, g: 0, b: 0, a: 0.6}",2,0,0,0,0,0,{fileID: 0},0,0,0,{fileID: 1963683805502239},1963683805502239,0,{fileID: 0},0,{fileID: 0},0,"{fileID: -248771874, guid: 1fa22c2b5ebef5f8f09692d9ba1e5baa, type: 3}",-248771874,1fa22c2b5ebef5f8f09692d9ba1e5baa,Assets/Plugins/LeTai.TrueShadow.dll,0,"{x: 5.6568537, y: -5.6568546}",45,8,0,8,0,1,0
LevelManager,Assets/GameObject/LevelManager.prefab,LeTai.TrueShadow,1fa22c2b5ebef5f8f09692d9ba1e5baa,-248771874,0,[],1,"{r: 0.4764151, g: 1, b: 0.62022334, a: 1}",2,0,0,1,1,1,{fileID: 0},0,0,1,{fileID: 1695524118240672},1695524118240672,0,{fileID: 0},0,{fileID: 0},0,"{fileID: -248771874, guid: 1fa22c2b5ebef5f8f09692d9ba1e5baa, type: 3}",-248771874,1fa22c2b5ebef5f8f09692d9ba1e5baa,Assets/Plugins/LeTai.TrueShadow.dll,0,"{x: 0, y: -0}",90,0,0,17.85,0,0,0
LevelManager,Assets/GameObject/LevelManager.prefab,LeTai.TrueShadow,1fa22c2b5ebef5f8f09692d9ba1e5baa,-248771874,0,[],0,"{r: 0, g: 0, b: 0, a: 0.6}",2,0,0,0,0,0,{fileID: 0},0,0,0,{fileID: 1489671298620680},1489671298620680,0,{fileID: 0},0,{fileID: 0},0,"{fileID: -248771874, guid: 1fa22c2b5ebef5f8f09692d9ba1e5baa, type: 3}",-248771874,1fa22c2b5ebef5f8f09692d9ba1e5baa,Assets/Plugins/LeTai.TrueShadow.dll,0,"{x: 1.4142134, y: -1.4142137}",45,2,0,8,0,1,0
LevelManager,Assets/GameObject/LevelManager.prefab,LeTai.TrueShadow,1fa22c2b5ebef5f8f09692d9ba1e5baa,-248771874,0,[],0,"{r: 0, g: 0, b: 0, a: 0.72156864}",2,0,0,1,1,0,{fileID: 0},0,0,1,{fileID: 1262631992348966},1262631992348966,0,{fileID: 0},0,{fileID: 0},0,"{fileID: -248771874, guid: 1fa22c2b5ebef5f8f09692d9ba1e5baa, type: 3}",-248771874,1fa22c2b5ebef5f8f09692d9ba1e5baa,Assets/Plugins/LeTai.TrueShadow.dll,0,"{x: 5.9195232, y: -5.38138}",42.273666,8,0,3,0.5,1,0
LevelManager,Assets/GameObject/LevelManager.prefab,LeTai.TrueShadow,1fa22c2b5ebef5f8f09692d9ba1e5baa,-248771874,0,[],0,"{r: 1, g: 1, b: 1, a: 1}",2,0,0,1,0,0,{fileID: 0},0,0,0,{fileID: 1852147328420397},1852147328420397,0,{fileID: 0},0,{fileID: 0},0,"{fileID: -248771874, guid: 1fa22c2b5ebef5f8f09692d9ba1e5baa, type: 3}",-248771874,1fa22c2b5ebef5f8f09692d9ba1e5baa,Assets/Plugins/LeTai.TrueShadow.dll,0,"{x: 0, y: -0}",90,0,0,1,0,1,0
LevelManager,Assets/GameObject/LevelManager.prefab,LeTai.TrueShadow,1fa22c2b5ebef5f8f09692d9ba1e5baa,-248771874,0,[],0,"{r: 1, g: 1, b: 1, a: 0.6}",2,0,0,0,0,0,{fileID: 0},0,0,1,{fileID: 1540307080671466},1540307080671466,0,{fileID: 0},0,{fileID: 0},0,"{fileID: -248771874, guid: 1fa22c2b5ebef5f8f09692d9ba1e5baa, type: 3}",-248771874,1fa22c2b5ebef5f8f09692d9ba1e5baa,Assets/Plugins/LeTai.TrueShadow.dll,0,"{x: 0, y: -0}",90,0,0,2,0,1,0
LevelManager,Assets/GameObject/LevelManager.prefab,LeTai.TrueShadow,1fa22c2b5ebef5f8f09692d9ba1e5baa,-248771874,0,[],0,"{r: 1, g: 1, b: 1, a: 0.6}",2,0,0,0,0,0,{fileID: 0},0,0,1,{fileID: 1275247359909510},1275247359909510,0,{fileID: 0},0,{fileID: 0},0,"{fileID: -248771874, guid: 1fa22c2b5ebef5f8f09692d9ba1e5baa, type: 3}",-248771874,1fa22c2b5ebef5f8f09692d9ba1e5baa,Assets/Plugins/LeTai.TrueShadow.dll,0,"{x: 0, y: -0}",90,0,0,2,0,1,0
LevelManager,Assets/GameObject/LevelManager.prefab,LeTai.TrueShadow,1fa22c2b5ebef5f8f09692d9ba1e5baa,-248771874,0,[],0,"{r: 1, g: 1, b: 1, a: 0.6}",2,0,0,0,0,0,{fileID: 0},0,0,1,{fileID: 1502989781238287},1502989781238287,0,{fileID: 0},0,{fileID: 0},0,"{fileID: -248771874, guid: 1fa22c2b5ebef5f8f09692d9ba1e5baa, type: 3}",-248771874,1fa22c2b5ebef5f8f09692d9ba1e5baa,Assets/Plugins/LeTai.TrueShadow.dll,0,"{x: 0, y: -0}",90,0,0,2,0,1,0
LevelManager,Assets/GameObject/LevelManager.prefab,LeTai.TrueShadow,1fa22c2b5ebef5f8f09692d9ba1e5baa,-248771874,0,[],0,"{r: 0, g: 0, b: 0, a: 0.6}",2,0,0,0,0,0,{fileID: 0},0,0,0,{fileID: 1149679458452749},1149679458452749,0,{fileID: 0},0,{fileID: 0},0,"{fileID: -248771874, guid: 1fa22c2b5ebef5f8f09692d9ba1e5baa, type: 3}",-248771874,1fa22c2b5ebef5f8f09692d9ba1e5baa,Assets/Plugins/LeTai.TrueShadow.dll,0,"{x: 1.7881396E-07, y: -3}",90,3,0,6,0,1,0
LevelManager,Assets/GameObject/LevelManager.prefab,LeTai.TrueShadow,1fa22c2b5ebef5f8f09692d9ba1e5baa,-248771874,0,[],1,"{r: 0.4764151, g: 1, b: 0.62022334, a: 1}",2,0,0,1,1,1,{fileID: 0},0,0,1,{fileID: 1004876687247548},1004876687247548,0,{fileID: 0},0,{fileID: 0},0,"{fileID: -248771874, guid: 1fa22c2b5ebef5f8f09692d9ba1e5baa, type: 3}",-248771874,1fa22c2b5ebef5f8f09692d9ba1e5baa,Assets/Plugins/LeTai.TrueShadow.dll,0,"{x: 0, y: -0}",90,0,0,17.85,0,0,0
LevelManager,Assets/GameObject/LevelManager.prefab,LeTai.TrueShadow,1fa22c2b5ebef5f8f09692d9ba1e5baa,-248771874,0,[],0,"{r: 0, g: 0, b: 0, a: 0.6}",2,0,0,0,0,0,{fileID: 0},0,0,0,{fileID: 1231141480358041},1231141480358041,0,{fileID: 0},0,{fileID: 0},0,"{fileID: -248771874, guid: 1fa22c2b5ebef5f8f09692d9ba1e5baa, type: 3}",-248771874,1fa22c2b5ebef5f8f09692d9ba1e5baa,Assets/Plugins/LeTai.TrueShadow.dll,0,"{x: 1.4142134, y: -1.4142137}",45,2,0,8,0,1,0
LevelManager,Assets/GameObject/LevelManager.prefab,LeTai.TrueShadow,1fa22c2b5ebef5f8f09692d9ba1e5baa,-248771874,0,[],0,"{r: 0, g: 0, b: 0, a: 0.72156864}",2,0,0,1,1,0,{fileID: 0},0,0,1,{fileID: 1391634862259619},1391634862259619,0,{fileID: 0},0,{fileID: 0},0,"{fileID: -248771874, guid: 1fa22c2b5ebef5f8f09692d9ba1e5baa, type: 3}",-248771874,1fa22c2b5ebef5f8f09692d9ba1e5baa,Assets/Plugins/LeTai.TrueShadow.dll,0,"{x: 5.9195232, y: -5.38138}",42.273666,8,0,3,0.5,1,0
LevelManager,Assets/GameObject/LevelManager.prefab,LeTai.TrueShadow,1fa22c2b5ebef5f8f09692d9ba1e5baa,-248771874,0,[],0,"{r: 1, g: 1, b: 1, a: 1}",2,0,0,1,0,0,{fileID: 0},0,0,0,{fileID: 1341733043036676},1341733043036676,0,{fileID: 0},0,{fileID: 0},0,"{fileID: -248771874, guid: 1fa22c2b5ebef5f8f09692d9ba1e5baa, type: 3}",-248771874,1fa22c2b5ebef5f8f09692d9ba1e5baa,Assets/Plugins/LeTai.TrueShadow.dll,0,"{x: 0, y: -0}",90,0,0,1,0,1,0
LevelManager,Assets/GameObject/LevelManager.prefab,LeTai.TrueShadow,1fa22c2b5ebef5f8f09692d9ba1e5baa,-248771874,0,[],0,"{r: 1, g: 1, b: 1, a: 0.6}",2,0,0,0,0,0,{fileID: 0},0,0,1,{fileID: 1146404577142220},1146404577142220,0,{fileID: 0},0,{fileID: 0},0,"{fileID: -248771874, guid: 1fa22c2b5ebef5f8f09692d9ba1e5baa, type: 3}",-248771874,1fa22c2b5ebef5f8f09692d9ba1e5baa,Assets/Plugins/LeTai.TrueShadow.dll,0,"{x: 0, y: -0}",90,0,0,2,0,1,0
LevelManager,Assets/GameObject/LevelManager.prefab,LeTai.TrueShadow,1fa22c2b5ebef5f8f09692d9ba1e5baa,-248771874,0,[],0,"{r: 1, g: 1, b: 1, a: 0.6}",2,0,0,0,0,0,{fileID: 0},0,0,1,{fileID: 1402201436115828},1402201436115828,0,{fileID: 0},0,{fileID: 0},0,"{fileID: -248771874, guid: 1fa22c2b5ebef5f8f09692d9ba1e5baa, type: 3}",-248771874,1fa22c2b5ebef5f8f09692d9ba1e5baa,Assets/Plugins/LeTai.TrueShadow.dll,0,"{x: 0, y: -0}",90,0,0,2,0,1,0
LevelManager,Assets/GameObject/LevelManager.prefab,LeTai.TrueShadow,1fa22c2b5ebef5f8f09692d9ba1e5baa,-248771874,0,[],0,"{r: 1, g: 1, b: 1, a: 0.6}",2,0,0,0,0,0,{fileID: 0},0,0,1,{fileID: 1956695432322732},1956695432322732,0,{fileID: 0},0,{fileID: 0},0,"{fileID: -248771874, guid: 1fa22c2b5ebef5f8f09692d9ba1e5baa, type: 3}",-248771874,1fa22c2b5ebef5f8f09692d9ba1e5baa,Assets/Plugins/LeTai.TrueShadow.dll,0,"{x: 0, y: -0}",90,0,0,2,0,1,0
LevelManager,Assets/GameObject/LevelManager.prefab,LeTai.TrueShadow,1fa22c2b5ebef5f8f09692d9ba1e5baa,-248771874,0,[],0,"{r: 0, g: 0, b: 0, a: 0.6}",2,0,0,0,0,0,{fileID: 0},0,0,0,{fileID: 1493707567313022},1493707567313022,0,{fileID: 0},0,{fileID: 0},0,"{fileID: -248771874, guid: 1fa22c2b5ebef5f8f09692d9ba1e5baa, type: 3}",-248771874,1fa22c2b5ebef5f8f09692d9ba1e5baa,Assets/Plugins/LeTai.TrueShadow.dll,0,"{x: 1.7881396E-07, y: -3}",90,3,0,6,0,1,0
LevelManager,Assets/GameObject/LevelManager.prefab,LeTai.TrueShadow,1fa22c2b5ebef5f8f09692d9ba1e5baa,-248771874,0,[],1,"{r: 0.4764151, g: 1, b: 0.62022334, a: 1}",2,0,0,1,1,1,{fileID: 0},0,0,1,{fileID: 1507111740466346},1507111740466346,0,{fileID: 0},0,{fileID: 0},0,"{fileID: -248771874, guid: 1fa22c2b5ebef5f8f09692d9ba1e5baa, type: 3}",-248771874,1fa22c2b5ebef5f8f09692d9ba1e5baa,Assets/Plugins/LeTai.TrueShadow.dll,0,"{x: 0, y: -0}",90,0,0,17.85,0,0,0
LevelManager,Assets/GameObject/LevelManager.prefab,LeTai.TrueShadow,1fa22c2b5ebef5f8f09692d9ba1e5baa,-248771874,0,[],0,"{r: 0, g: 0, b: 0, a: 0.6}",2,0,0,0,0,0,{fileID: 0},0,0,0,{fileID: 1416088267495895},1416088267495895,0,{fileID: 0},0,{fileID: 0},0,"{fileID: -248771874, guid: 1fa22c2b5ebef5f8f09692d9ba1e5baa, type: 3}",-248771874,1fa22c2b5ebef5f8f09692d9ba1e5baa,Assets/Plugins/LeTai.TrueShadow.dll,0,"{x: 1.4142134, y: -1.4142137}",45,2,0,8,0,1,0
LevelManager,Assets/GameObject/LevelManager.prefab,LeTai.TrueShadow,1fa22c2b5ebef5f8f09692d9ba1e5baa,-248771874,0,[],0,"{r: 0, g: 0, b: 0, a: 0.72156864}",2,0,0,1,1,0,{fileID: 0},0,0,1,{fileID: 1466353012228266},1466353012228266,0,{fileID: 0},0,{fileID: 0},0,"{fileID: -248771874, guid: 1fa22c2b5ebef5f8f09692d9ba1e5baa, type: 3}",-248771874,1fa22c2b5ebef5f8f09692d9ba1e5baa,Assets/Plugins/LeTai.TrueShadow.dll,0,"{x: 5.9195232, y: -5.38138}",42.273666,8,0,3,0.5,1,0
LevelManager,Assets/GameObject/LevelManager.prefab,LeTai.TrueShadow,1fa22c2b5ebef5f8f09692d9ba1e5baa,-248771874,0,[],0,"{r: 1, g: 1, b: 1, a: 1}",2,0,0,1,0,0,{fileID: 0},0,0,0,{fileID: 1335592325161395},1335592325161395,0,{fileID: 0},0,{fileID: 0},0,"{fileID: -248771874, guid: 1fa22c2b5ebef5f8f09692d9ba1e5baa, type: 3}",-248771874,1fa22c2b5ebef5f8f09692d9ba1e5baa,Assets/Plugins/LeTai.TrueShadow.dll,0,"{x: 0, y: -0}",90,0,0,1,0,1,0
LevelManager,Assets/GameObject/LevelManager.prefab,LeTai.TrueShadow,1fa22c2b5ebef5f8f09692d9ba1e5baa,-248771874,0,[],0,"{r: 1, g: 1, b: 1, a: 0.6}",2,0,0,0,0,0,{fileID: 0},0,0,1,{fileID: 1589113143586543},1589113143586543,0,{fileID: 0},0,{fileID: 0},0,"{fileID: -248771874, guid: 1fa22c2b5ebef5f8f09692d9ba1e5baa, type: 3}",-248771874,1fa22c2b5ebef5f8f09692d9ba1e5baa,Assets/Plugins/LeTai.TrueShadow.dll,0,"{x: 0, y: -0}",90,0,0,2,0,1,0
LevelManager,Assets/GameObject/LevelManager.prefab,LeTai.TrueShadow,1fa22c2b5ebef5f8f09692d9ba1e5baa,-248771874,0,[],0,"{r: 1, g: 1, b: 1, a: 0.6}",2,0,0,0,0,0,{fileID: 0},0,0,1,{fileID: 1792423379344036},1792423379344036,0,{fileID: 0},0,{fileID: 0},0,"{fileID: -248771874, guid: 1fa22c2b5ebef5f8f09692d9ba1e5baa, type: 3}",-248771874,1fa22c2b5ebef5f8f09692d9ba1e5baa,Assets/Plugins/LeTai.TrueShadow.dll,0,"{x: 0, y: -0}",90,0,0,2,0,1,0
LevelManager,Assets/GameObject/LevelManager.prefab,LeTai.TrueShadow,1fa22c2b5ebef5f8f09692d9ba1e5baa,-248771874,0,[],0,"{r: 1, g: 1, b: 1, a: 0.6}",2,0,0,0,0,0,{fileID: 0},0,0,1,{fileID: 1031360495579734},1031360495579734,0,{fileID: 0},0,{fileID: 0},0,"{fileID: -248771874, guid: 1fa22c2b5ebef5f8f09692d9ba1e5baa, type: 3}",-248771874,1fa22c2b5ebef5f8f09692d9ba1e5baa,Assets/Plugins/LeTai.TrueShadow.dll,0,"{x: 0, y: -0}",90,0,0,2,0,1,0
LevelManager,Assets/GameObject/LevelManager.prefab,LeTai.TrueShadow,1fa22c2b5ebef5f8f09692d9ba1e5baa,-248771874,0,[],0,"{r: 0, g: 0, b: 0, a: 0.6}",2,0,0,0,0,0,{fileID: 0},0,0,0,{fileID: 1975668136022736},1975668136022736,0,{fileID: 0},0,{fileID: 0},0,"{fileID: -248771874, guid: 1fa22c2b5ebef5f8f09692d9ba1e5baa, type: 3}",-248771874,1fa22c2b5ebef5f8f09692d9ba1e5baa,Assets/Plugins/LeTai.TrueShadow.dll,0,"{x: 1.7881396E-07, y: -3}",90,3,0,6,0,1,0
LevelManager,Assets/GameObject/LevelManager.prefab,LeTai.TrueShadow,1fa22c2b5ebef5f8f09692d9ba1e5baa,-248771874,0,[],1,"{r: 0.4764151, g: 1, b: 0.62022334, a: 1}",2,0,0,1,1,1,{fileID: 0},0,0,1,{fileID: 1751012761880616},1751012761880616,0,{fileID: 0},0,{fileID: 0},0,"{fileID: -248771874, guid: 1fa22c2b5ebef5f8f09692d9ba1e5baa, type: 3}",-248771874,1fa22c2b5ebef5f8f09692d9ba1e5baa,Assets/Plugins/LeTai.TrueShadow.dll,0,"{x: 0, y: -0}",90,0,0,17.85,0,0,0
LevelManager,Assets/GameObject/LevelManager.prefab,LeTai.TrueShadow,1fa22c2b5ebef5f8f09692d9ba1e5baa,-248771874,0,[],0,"{r: 0, g: 0, b: 0, a: 0.6}",2,0,0,0,0,0,{fileID: 0},0,0,0,{fileID: 1572108696650374},1572108696650374,0,{fileID: 0},0,{fileID: 0},0,"{fileID: -248771874, guid: 1fa22c2b5ebef5f8f09692d9ba1e5baa, type: 3}",-248771874,1fa22c2b5ebef5f8f09692d9ba1e5baa,Assets/Plugins/LeTai.TrueShadow.dll,0,"{x: 1.4142134, y: -1.4142137}",45,2,0,8,0,1,0
LevelManager,Assets/GameObject/LevelManager.prefab,LeTai.TrueShadow,1fa22c2b5ebef5f8f09692d9ba1e5baa,-248771874,0,[],0,"{r: 0, g: 0, b: 0, a: 0.72156864}",2,0,0,1,1,0,{fileID: 0},0,0,1,{fileID: 1108499104097989},1108499104097989,0,{fileID: 0},0,{fileID: 0},0,"{fileID: -248771874, guid: 1fa22c2b5ebef5f8f09692d9ba1e5baa, type: 3}",-248771874,1fa22c2b5ebef5f8f09692d9ba1e5baa,Assets/Plugins/LeTai.TrueShadow.dll,0,"{x: 5.9195232, y: -5.38138}",42.273666,8,0,3,0.5,1,0
LevelManager,Assets/GameObject/LevelManager.prefab,LeTai.TrueShadow,1fa22c2b5ebef5f8f09692d9ba1e5baa,-248771874,0,[],0,"{r: 1, g: 1, b: 1, a: 1}",2,0,0,1,0,0,{fileID: 0},0,0,0,{fileID: 1620461528699263},1620461528699263,0,{fileID: 0},0,{fileID: 0},0,"{fileID: -248771874, guid: 1fa22c2b5ebef5f8f09692d9ba1e5baa, type: 3}",-248771874,1fa22c2b5ebef5f8f09692d9ba1e5baa,Assets/Plugins/LeTai.TrueShadow.dll,0,"{x: 0, y: -0}",90,0,0,1,0,1,0
LevelManager,Assets/GameObject/LevelManager.prefab,LeTai.TrueShadow,1fa22c2b5ebef5f8f09692d9ba1e5baa,-248771874,0,[],0,"{r: 1, g: 1, b: 1, a: 0.6}",2,0,0,0,0,0,{fileID: 0},0,0,1,{fileID: 1920391946776995},1920391946776995,0,{fileID: 0},0,{fileID: 0},0,"{fileID: -248771874, guid: 1fa22c2b5ebef5f8f09692d9ba1e5baa, type: 3}",-248771874,1fa22c2b5ebef5f8f09692d9ba1e5baa,Assets/Plugins/LeTai.TrueShadow.dll,0,"{x: 0, y: -0}",90,0,0,2,0,1,0
LevelManager,Assets/GameObject/LevelManager.prefab,LeTai.TrueShadow,1fa22c2b5ebef5f8f09692d9ba1e5baa,-248771874,0,[],0,"{r: 1, g: 1, b: 1, a: 0.6}",2,0,0,0,0,0,{fileID: 0},0,0,1,{fileID: 1459238421442300},1459238421442300,0,{fileID: 0},0,{fileID: 0},0,"{fileID: -248771874, guid: 1fa22c2b5ebef5f8f09692d9ba1e5baa, type: 3}",-248771874,1fa22c2b5ebef5f8f09692d9ba1e5baa,Assets/Plugins/LeTai.TrueShadow.dll,0,"{x: 0, y: -0}",90,0,0,2,0,1,0
LevelManager,Assets/GameObject/LevelManager.prefab,LeTai.TrueShadow,1fa22c2b5ebef5f8f09692d9ba1e5baa,-248771874,0,[],0,"{r: 1, g: 1, b: 1, a: 0.6}",2,0,0,0,0,0,{fileID: 0},0,0,1,{fileID: 1483534955064880},1483534955064880,0,{fileID: 0},0,{fileID: 0},0,"{fileID: -248771874, guid: 1fa22c2b5ebef5f8f09692d9ba1e5baa, type: 3}",-248771874,1fa22c2b5ebef5f8f09692d9ba1e5baa,Assets/Plugins/LeTai.TrueShadow.dll,0,"{x: 0, y: -0}",90,0,0,2,0,1,0
LevelManager,Assets/GameObject/LevelManager.prefab,LeTai.TrueShadow,1fa22c2b5ebef5f8f09692d9ba1e5baa,-248771874,0,[],0,"{r: 0, g: 0, b: 0, a: 0.6}",2,0,0,0,0,0,{fileID: 0},0,0,0,{fileID: 1989647213882961},1989647213882961,0,{fileID: 0},0,{fileID: 0},0,"{fileID: -248771874, guid: 1fa22c2b5ebef5f8f09692d9ba1e5baa, type: 3}",-248771874,1fa22c2b5ebef5f8f09692d9ba1e5baa,Assets/Plugins/LeTai.TrueShadow.dll,0,"{x: 1.7881396E-07, y: -3}",90,3,0,6,0,1,0
LevelManager,Assets/GameObject/LevelManager.prefab,LeTai.TrueShadow,1fa22c2b5ebef5f8f09692d9ba1e5baa,-248771874,0,[],1,"{r: 0.4764151, g: 1, b: 0.62022334, a: 1}",2,0,0,1,1,1,{fileID: 0},0,0,1,{fileID: 1063606080520817},1063606080520817,0,{fileID: 0},0,{fileID: 0},0,"{fileID: -248771874, guid: 1fa22c2b5ebef5f8f09692d9ba1e5baa, type: 3}",-248771874,1fa22c2b5ebef5f8f09692d9ba1e5baa,Assets/Plugins/LeTai.TrueShadow.dll,0,"{x: 0, y: -0}",90,0,0,17.85,0,0,0
LevelManager,Assets/GameObject/LevelManager.prefab,LeTai.TrueShadow,1fa22c2b5ebef5f8f09692d9ba1e5baa,-248771874,0,[],0,"{r: 0, g: 0, b: 0, a: 0.6}",2,0,0,0,0,0,{fileID: 0},0,0,0,{fileID: 1986325151819393},1986325151819393,0,{fileID: 0},0,{fileID: 0},0,"{fileID: -248771874, guid: 1fa22c2b5ebef5f8f09692d9ba1e5baa, type: 3}",-248771874,1fa22c2b5ebef5f8f09692d9ba1e5baa,Assets/Plugins/LeTai.TrueShadow.dll,0,"{x: 1.4142134, y: -1.4142137}",45,2,0,8,0,1,0
LevelManager,Assets/GameObject/LevelManager.prefab,LeTai.TrueShadow,1fa22c2b5ebef5f8f09692d9ba1e5baa,-248771874,0,[],0,"{r: 0, g: 0, b: 0, a: 0.72156864}",2,0,0,1,1,0,{fileID: 0},0,0,1,{fileID: 1005235036998901},1005235036998901,0,{fileID: 0},0,{fileID: 0},0,"{fileID: -248771874, guid: 1fa22c2b5ebef5f8f09692d9ba1e5baa, type: 3}",-248771874,1fa22c2b5ebef5f8f09692d9ba1e5baa,Assets/Plugins/LeTai.TrueShadow.dll,0,"{x: 5.9195232, y: -5.38138}",42.273666,8,0,3,0.5,1,0
LevelManager,Assets/GameObject/LevelManager.prefab,LeTai.TrueShadow,1fa22c2b5ebef5f8f09692d9ba1e5baa,-248771874,0,[],0,"{r: 1, g: 1, b: 1, a: 1}",2,0,0,1,0,0,{fileID: 0},0,0,0,{fileID: 1263088150767852},1263088150767852,0,{fileID: 0},0,{fileID: 0},0,"{fileID: -248771874, guid: 1fa22c2b5ebef5f8f09692d9ba1e5baa, type: 3}",-248771874,1fa22c2b5ebef5f8f09692d9ba1e5baa,Assets/Plugins/LeTai.TrueShadow.dll,0,"{x: 0, y: -0}",90,0,0,1,0,1,0
LevelManager,Assets/GameObject/LevelManager.prefab,LeTai.TrueShadow,1fa22c2b5ebef5f8f09692d9ba1e5baa,-248771874,0,[],0,"{r: 1, g: 1, b: 1, a: 0.6}",2,0,0,0,0,0,{fileID: 0},0,0,1,{fileID: 1830843810274120},1830843810274120,0,{fileID: 0},0,{fileID: 0},0,"{fileID: -248771874, guid: 1fa22c2b5ebef5f8f09692d9ba1e5baa, type: 3}",-248771874,1fa22c2b5ebef5f8f09692d9ba1e5baa,Assets/Plugins/LeTai.TrueShadow.dll,0,"{x: 0, y: -0}",90,0,0,2,0,1,0
LevelManager,Assets/GameObject/LevelManager.prefab,LeTai.TrueShadow,1fa22c2b5ebef5f8f09692d9ba1e5baa,-248771874,0,[],0,"{r: 1, g: 1, b: 1, a: 0.6}",2,0,0,0,0,0,{fileID: 0},0,0,1,{fileID: 1706183001419615},1706183001419615,0,{fileID: 0},0,{fileID: 0},0,"{fileID: -248771874, guid: 1fa22c2b5ebef5f8f09692d9ba1e5baa, type: 3}",-248771874,1fa22c2b5ebef5f8f09692d9ba1e5baa,Assets/Plugins/LeTai.TrueShadow.dll,0,"{x: 0, y: -0}",90,0,0,2,0,1,0
LevelManager,Assets/GameObject/LevelManager.prefab,LeTai.TrueShadow,1fa22c2b5ebef5f8f09692d9ba1e5baa,-248771874,0,[],0,"{r: 1, g: 1, b: 1, a: 0.6}",2,0,0,0,0,0,{fileID: 0},0,0,1,{fileID: 1758974028158255},1758974028158255,0,{fileID: 0},0,{fileID: 0},0,"{fileID: -248771874, guid: 1fa22c2b5ebef5f8f09692d9ba1e5baa, type: 3}",-248771874,1fa22c2b5ebef5f8f09692d9ba1e5baa,Assets/Plugins/LeTai.TrueShadow.dll,0,"{x: 0, y: -0}",90,0,0,2,0,1,0
LevelManager,Assets/GameObject/LevelManager.prefab,LeTai.TrueShadow,1fa22c2b5ebef5f8f09692d9ba1e5baa,-248771874,0,[],0,"{r: 0, g: 0, b: 0, a: 0.6}",2,0,0,0,0,0,{fileID: 0},0,0,0,{fileID: 1880316296893383},1880316296893383,0,{fileID: 0},0,{fileID: 0},0,"{fileID: -248771874, guid: 1fa22c2b5ebef5f8f09692d9ba1e5baa, type: 3}",-248771874,1fa22c2b5ebef5f8f09692d9ba1e5baa,Assets/Plugins/LeTai.TrueShadow.dll,0,"{x: 1.7881396E-07, y: -3}",90,3,0,6,0,1,0
LevelManager,Assets/GameObject/LevelManager.prefab,LeTai.TrueShadow,1fa22c2b5ebef5f8f09692d9ba1e5baa,-248771874,0,[],1,"{r: 0.22745097, g: 0.7221681, b: 1, a: 1}",2,0,0,0,0,0,{fileID: 0},0,0,1,{fileID: 1311611495840829},1311611495840829,0,{fileID: 0},0,{fileID: 0},0,"{fileID: -248771874, guid: 1fa22c2b5ebef5f8f09692d9ba1e5baa, type: 3}",-248771874,1fa22c2b5ebef5f8f09692d9ba1e5baa,Assets/Plugins/LeTai.TrueShadow.dll,0,"{x: 0, y: -0}",90,0,0,16,0,0,0
LevelManager,Assets/GameObject/LevelManager.prefab,LeTai.TrueShadow,1fa22c2b5ebef5f8f09692d9ba1e5baa,-248771874,0,[],0,"{r: 1, g: 1, b: 1, a: 1}",2,0,0,0,0,0,{fileID: 0},0,0,0,{fileID: 1073944250958497},1073944250958497,0,{fileID: 0},0,{fileID: 0},0,"{fileID: -248771874, guid: 1fa22c2b5ebef5f8f09692d9ba1e5baa, type: 3}",-248771874,1fa22c2b5ebef5f8f09692d9ba1e5baa,Assets/Plugins/LeTai.TrueShadow.dll,0,"{x: 1.192093E-07, y: -2}",90,2,0,3.4,0.197,1,0
LevelManager,Assets/GameObject/LevelManager.prefab,LeTai.TrueShadow,1fa22c2b5ebef5f8f09692d9ba1e5baa,-248771874,0,[],0,"{r: 1, g: 1, b: 1, a: 1}",2,0,0,0,0,0,{fileID: 0},0,0,0,{fileID: 1592663295970276},1592663295970276,0,{fileID: 0},0,{fileID: 0},0,"{fileID: -248771874, guid: 1fa22c2b5ebef5f8f09692d9ba1e5baa, type: 3}",-248771874,1fa22c2b5ebef5f8f09692d9ba1e5baa,Assets/Plugins/LeTai.TrueShadow.dll,0,"{x: 1.192093E-07, y: 2}",270,2,0,3.4,0.197,1,0
LevelManager,Assets/GameObject/LevelManager.prefab,LeTai.TrueShadow,1fa22c2b5ebef5f8f09692d9ba1e5baa,-248771874,0,[],0,"{r: 0, g: 0, b: 0, a: 0.5686275}",2,0,0,0,0,1,{fileID: 0},0,0,1,{fileID: 1049215119725418},1049215119725418,0,{fileID: 0},0,{fileID: 0},0,"{fileID: -248771874, guid: 1fa22c2b5ebef5f8f09692d9ba1e5baa, type: 3}",-248771874,1fa22c2b5ebef5f8f09692d9ba1e5baa,Assets/Plugins/LeTai.TrueShadow.dll,0,"{x: 0.27349573, y: -1.4951923}",79.63423,1.52,0,2,0,0,0
LevelManager,Assets/GameObject/LevelManager.prefab,LeTai.TrueShadow,1fa22c2b5ebef5f8f09692d9ba1e5baa,-248771874,0,[],0,"{r: 0, g: 0, b: 0, a: 1}",2,0,0,0,0,0,{fileID: 0},0,0,1,{fileID: 1179191480164170},1179191480164170,0,{fileID: 0},0,{fileID: 0},0,"{fileID: -248771874, guid: 1fa22c2b5ebef5f8f09692d9ba1e5baa, type: 3}",-248771874,1fa22c2b5ebef5f8f09692d9ba1e5baa,Assets/Plugins/LeTai.TrueShadow.dll,0,"{x: 0, y: -0}",90,0,0,5,0,1,0
LevelManager,Assets/GameObject/LevelManager.prefab,LeTai.TrueShadow,1fa22c2b5ebef5f8f09692d9ba1e5baa,-248771874,0,[],0,"{r: 0, g: 0, b: 0, a: 0.6}",2,0,0,0,0,0,{fileID: 0},0,0,0,{fileID: 1184067218241136},1184067218241136,0,{fileID: 0},0,{fileID: 0},0,"{fileID: -248771874, guid: 1fa22c2b5ebef5f8f09692d9ba1e5baa, type: 3}",-248771874,1fa22c2b5ebef5f8f09692d9ba1e5baa,Assets/Plugins/LeTai.TrueShadow.dll,0,"{x: 5.6568537, y: -5.6568546}",45,8,0,8,0,1,0
LevelManager,Assets/GameObject/LevelManager.prefab,LeTai.TrueShadow,1fa22c2b5ebef5f8f09692d9ba1e5baa,-248771874,0,[],0,"{r: 0, g: 0, b: 0, a: 0.72156864}",2,0,0,1,0,0,{fileID: 0},0,0,0,{fileID: 1930605094162656},1930605094162656,0,{fileID: 0},0,{fileID: 0},0,"{fileID: -248771874, guid: 1fa22c2b5ebef5f8f09692d9ba1e5baa, type: 3}",-248771874,1fa22c2b5ebef5f8f09692d9ba1e5baa,Assets/Plugins/LeTai.TrueShadow.dll,0,"{x: 5.9195232, y: -5.38138}",42.273666,8,0,3,0.5,1,0
LevelManager,Assets/GameObject/LevelManager.prefab,LeTai.TrueShadow,1fa22c2b5ebef5f8f09692d9ba1e5baa,-248771874,0,[],0,"{r: 1, g: 0, b: 0, a: 0.6}",2,0,0,0,0,0,{fileID: 0},0,0,0,{fileID: 1210738400102364},1210738400102364,0,{fileID: 0},0,{fileID: 0},0,"{fileID: -248771874, guid: 1fa22c2b5ebef5f8f09692d9ba1e5baa, type: 3}",-248771874,1fa22c2b5ebef5f8f09692d9ba1e5baa,Assets/Plugins/LeTai.TrueShadow.dll,0,"{x: 0, y: -0}",90,0,0,6.73,0,0,0
LevelManager,Assets/GameObject/LevelManager.prefab,LeTai.TrueShadow,1fa22c2b5ebef5f8f09692d9ba1e5baa,-248771874,0,[],2,"{r: 0.759434, g: 1, b: 0.8084906, a: 0.6}",2,0,0,0,0,0,{fileID: 0},0,0,0,{fileID: 1946722606751159},1946722606751159,0,{fileID: 0},0,{fileID: 0},0,"{fileID: -248771874, guid: 1fa22c2b5ebef5f8f09692d9ba1e5baa, type: 3}",-248771874,1fa22c2b5ebef5f8f09692d9ba1e5baa,Assets/Plugins/LeTai.TrueShadow.dll,0,"{x: 0, y: -0}",90,0,0,32,0,1,0
LevelManager,Assets/GameObject/LevelManager.prefab,LeTai.TrueShadow,1fa22c2b5ebef5f8f09692d9ba1e5baa,-248771874,0,[],0,"{r: 0, g: 0, b: 0, a: 0.6}",2,0,0,0,0,0,{fileID: 0},0,0,0,{fileID: 1267047563808946},1267047563808946,0,{fileID: 0},0,{fileID: 0},0,"{fileID: -248771874, guid: 1fa22c2b5ebef5f8f09692d9ba1e5baa, type: 3}",-248771874,1fa22c2b5ebef5f8f09692d9ba1e5baa,Assets/Plugins/LeTai.TrueShadow.dll,0,"{x: 7.1525585E-07, y: -12}",90,12,0,32,0,1,0
LevelManager,Assets/GameObject/LevelManager.prefab,LeTai.TrueShadow,1fa22c2b5ebef5f8f09692d9ba1e5baa,-248771874,0,[],0,"{r: 0, g: 0, b: 0, a: 0.6}",2,0,0,0,0,0,{fileID: 0},0,0,0,{fileID: 1749086320152498},1749086320152498,0,{fileID: 0},0,{fileID: 0},0,"{fileID: -248771874, guid: 1fa22c2b5ebef5f8f09692d9ba1e5baa, type: 3}",-248771874,1fa22c2b5ebef5f8f09692d9ba1e5baa,Assets/Plugins/LeTai.TrueShadow.dll,0,"{x: 5.6568537, y: -5.6568546}",45,8,0,8,0,1,0
LevelManager,Assets/GameObject/LevelManager.prefab,LeTai.TrueShadow,1fa22c2b5ebef5f8f09692d9ba1e5baa,-248771874,0,[],0,"{r: 0, g: 0, b: 0, a: 0.72156864}",2,0,0,0,0,0,{fileID: 0},0,0,0,{fileID: 1675612757629191},1675612757629191,0,{fileID: 0},0,{fileID: 0},0,"{fileID: -248771874, guid: 1fa22c2b5ebef5f8f09692d9ba1e5baa, type: 3}",-248771874,1fa22c2b5ebef5f8f09692d9ba1e5baa,Assets/Plugins/LeTai.TrueShadow.dll,0,"{x: 5.9195232, y: -5.38138}",42.273666,8,0,15,0,1,0
LevelManager,Assets/GameObject/LevelManager.prefab,LeTai.TrueShadow,1fa22c2b5ebef5f8f09692d9ba1e5baa,-248771874,0,[],0,"{r: 0, g: 0, b: 0, a: 0.6}",2,0,0,0,0,0,{fileID: 0},0,0,1,{fileID: 1765036843035193},1765036843035193,0,{fileID: 0},0,{fileID: 0},0,"{fileID: -248771874, guid: 1fa22c2b5ebef5f8f09692d9ba1e5baa, type: 3}",-248771874,1fa22c2b5ebef5f8f09692d9ba1e5baa,Assets/Plugins/LeTai.TrueShadow.dll,0,"{x: 3.5355334, y: -3.5355341}",45,5,0,5,0,1,0
LevelManager,Assets/GameObject/LevelManager.prefab,LeTai.TrueShadow,1fa22c2b5ebef5f8f09692d9ba1e5baa,-248771874,0,[],0,"{r: 1, g: 1, b: 1, a: 1}",2,0,0,0,0,0,{fileID: 0},0,0,0,{fileID: 1149857130340010},1149857130340010,0,{fileID: 0},0,{fileID: 0},0,"{fileID: -248771874, guid: 1fa22c2b5ebef5f8f09692d9ba1e5baa, type: 3}",-248771874,1fa22c2b5ebef5f8f09692d9ba1e5baa,Assets/Plugins/LeTai.TrueShadow.dll,0,"{x: 1.192093E-07, y: -2}",90,2,0,3.4,0.197,1,0
LevelManager,Assets/GameObject/LevelManager.prefab,LeTai.TrueShadow,1fa22c2b5ebef5f8f09692d9ba1e5baa,-248771874,0,[],0,"{r: 1, g: 1, b: 1, a: 1}",2,0,0,0,0,0,{fileID: 0},0,0,0,{fileID: 1327188546461564},1327188546461564,0,{fileID: 0},0,{fileID: 0},0,"{fileID: -248771874, guid: 1fa22c2b5ebef5f8f09692d9ba1e5baa, type: 3}",-248771874,1fa22c2b5ebef5f8f09692d9ba1e5baa,Assets/Plugins/LeTai.TrueShadow.dll,0,"{x: 1.192093E-07, y: 2}",270,2,0,3.4,0.197,1,0
LevelManager,Assets/GameObject/LevelManager.prefab,LeTai.TrueShadow,1fa22c2b5ebef5f8f09692d9ba1e5baa,-248771874,0,[],0,"{r: 0, g: 0, b: 0, a: 0.5686275}",2,0,0,0,0,1,{fileID: 0},0,0,1,{fileID: 1218087595979652},1218087595979652,0,{fileID: 0},0,{fileID: 0},0,"{fileID: -248771874, guid: 1fa22c2b5ebef5f8f09692d9ba1e5baa, type: 3}",-248771874,1fa22c2b5ebef5f8f09692d9ba1e5baa,Assets/Plugins/LeTai.TrueShadow.dll,0,"{x: 0.27349573, y: -1.4951923}",79.63423,1.52,0,2,0,0,0
LevelManager,Assets/GameObject/LevelManager.prefab,LeTai.TrueShadow,1fa22c2b5ebef5f8f09692d9ba1e5baa,-248771874,0,[],0,"{r: 0, g: 0, b: 0, a: 1}",2,0,0,0,0,0,{fileID: 0},0,0,1,{fileID: 1552889941493602},1552889941493602,0,{fileID: 0},0,{fileID: 0},0,"{fileID: -248771874, guid: 1fa22c2b5ebef5f8f09692d9ba1e5baa, type: 3}",-248771874,1fa22c2b5ebef5f8f09692d9ba1e5baa,Assets/Plugins/LeTai.TrueShadow.dll,0,"{x: 0, y: -0}",90,0,0,5,0,1,0
LevelManager,Assets/GameObject/LevelManager.prefab,LeTai.TrueShadow,1fa22c2b5ebef5f8f09692d9ba1e5baa,-248771874,0,[],0,"{r: 0, g: 0, b: 0, a: 0.6}",2,0,0,0,0,0,{fileID: 0},0,0,1,{fileID: 1656829102847330},1656829102847330,0,{fileID: 0},0,{fileID: 0},0,"{fileID: -248771874, guid: 1fa22c2b5ebef5f8f09692d9ba1e5baa, type: 3}",-248771874,1fa22c2b5ebef5f8f09692d9ba1e5baa,Assets/Plugins/LeTai.TrueShadow.dll,0,"{x: 3.5355334, y: -3.5355341}",45,5,0,10,0,1,0
LevelManager,Assets/GameObject/LevelManager.prefab,LeTai.TrueShadow,1fa22c2b5ebef5f8f09692d9ba1e5baa,-248771874,0,[],1,"{r: 0.4764151, g: 1, b: 0.62022334, a: 1}",2,0,0,1,1,1,{fileID: 0},0,0,1,{fileID: 1491694577240533},1491694577240533,0,{fileID: 0},0,{fileID: 0},0,"{fileID: -248771874, guid: 1fa22c2b5ebef5f8f09692d9ba1e5baa, type: 3}",-248771874,1fa22c2b5ebef5f8f09692d9ba1e5baa,Assets/Plugins/LeTai.TrueShadow.dll,0,"{x: 0, y: -0}",90,0,0,17.85,0,0,0
LevelManager,Assets/GameObject/LevelManager.prefab,LeTai.TrueShadow,1fa22c2b5ebef5f8f09692d9ba1e5baa,-248771874,0,[],0,"{r: 0, g: 0, b: 0, a: 0.6}",2,0,0,0,0,0,{fileID: 0},0,0,0,{fileID: 1117138530903489},1117138530903489,0,{fileID: 0},0,{fileID: 0},0,"{fileID: -248771874, guid: 1fa22c2b5ebef5f8f09692d9ba1e5baa, type: 3}",-248771874,1fa22c2b5ebef5f8f09692d9ba1e5baa,Assets/Plugins/LeTai.TrueShadow.dll,0,"{x: 1.4142134, y: -1.4142137}",45,2,0,8,0,1,0
LevelManager,Assets/GameObject/LevelManager.prefab,LeTai.TrueShadow,1fa22c2b5ebef5f8f09692d9ba1e5baa,-248771874,0,[],0,"{r: 0, g: 0, b: 0, a: 0.72156864}",2,0,0,1,1,0,{fileID: 0},0,0,1,{fileID: 1474928522192037},1474928522192037,0,{fileID: 0},0,{fileID: 0},0,"{fileID: -248771874, guid: 1fa22c2b5ebef5f8f09692d9ba1e5baa, type: 3}",-248771874,1fa22c2b5ebef5f8f09692d9ba1e5baa,Assets/Plugins/LeTai.TrueShadow.dll,0,"{x: 5.9195232, y: -5.38138}",42.273666,8,0,3,0.5,1,0
LevelManager,Assets/GameObject/LevelManager.prefab,LeTai.TrueShadow,1fa22c2b5ebef5f8f09692d9ba1e5baa,-248771874,0,[],0,"{r: 1, g: 1, b: 1, a: 1}",2,0,0,1,0,0,{fileID: 0},0,0,0,{fileID: 1741436455408222},1741436455408222,0,{fileID: 0},0,{fileID: 0},0,"{fileID: -248771874, guid: 1fa22c2b5ebef5f8f09692d9ba1e5baa, type: 3}",-248771874,1fa22c2b5ebef5f8f09692d9ba1e5baa,Assets/Plugins/LeTai.TrueShadow.dll,0,"{x: 0, y: -0}",90,0,0,1,0,1,0
LevelManager,Assets/GameObject/LevelManager.prefab,LeTai.TrueShadow,1fa22c2b5ebef5f8f09692d9ba1e5baa,-248771874,0,[],0,"{r: 1, g: 1, b: 1, a: 0.6}",2,0,0,0,0,0,{fileID: 0},0,0,1,{fileID: 1051262885596317},1051262885596317,0,{fileID: 0},0,{fileID: 0},0,"{fileID: -248771874, guid: 1fa22c2b5ebef5f8f09692d9ba1e5baa, type: 3}",-248771874,1fa22c2b5ebef5f8f09692d9ba1e5baa,Assets/Plugins/LeTai.TrueShadow.dll,0,"{x: 0, y: -0}",90,0,0,2,0,1,0
LevelManager,Assets/GameObject/LevelManager.prefab,LeTai.TrueShadow,1fa22c2b5ebef5f8f09692d9ba1e5baa,-248771874,0,[],0,"{r: 1, g: 1, b: 1, a: 0.6}",2,0,0,0,0,0,{fileID: 0},0,0,1,{fileID: 1377352315184923},1377352315184923,0,{fileID: 0},0,{fileID: 0},0,"{fileID: -248771874, guid: 1fa22c2b5ebef5f8f09692d9ba1e5baa, type: 3}",-248771874,1fa22c2b5ebef5f8f09692d9ba1e5baa,Assets/Plugins/LeTai.TrueShadow.dll,0,"{x: 0, y: -0}",90,0,0,2,0,1,0
LevelManager,Assets/GameObject/LevelManager.prefab,LeTai.TrueShadow,1fa22c2b5ebef5f8f09692d9ba1e5baa,-248771874,0,[],0,"{r: 1, g: 1, b: 1, a: 0.6}",2,0,0,0,0,0,{fileID: 0},0,0,1,{fileID: 1730630429738057},1730630429738057,0,{fileID: 0},0,{fileID: 0},0,"{fileID: -248771874, guid: 1fa22c2b5ebef5f8f09692d9ba1e5baa, type: 3}",-248771874,1fa22c2b5ebef5f8f09692d9ba1e5baa,Assets/Plugins/LeTai.TrueShadow.dll,0,"{x: 0, y: -0}",90,0,0,2,0,1,0
LevelManager,Assets/GameObject/LevelManager.prefab,LeTai.TrueShadow,1fa22c2b5ebef5f8f09692d9ba1e5baa,-248771874,0,[],0,"{r: 0, g: 0, b: 0, a: 0.6}",2,0,0,0,0,0,{fileID: 0},0,0,0,{fileID: 1353948632230123},1353948632230123,0,{fileID: 0},0,{fileID: 0},0,"{fileID: -248771874, guid: 1fa22c2b5ebef5f8f09692d9ba1e5baa, type: 3}",-248771874,1fa22c2b5ebef5f8f09692d9ba1e5baa,Assets/Plugins/LeTai.TrueShadow.dll,0,"{x: 1.7881396E-07, y: -3}",90,3,0,6,0,1,0
LevelManager,Assets/GameObject/LevelManager.prefab,LeTai.TrueShadow,1fa22c2b5ebef5f8f09692d9ba1e5baa,-248771874,0,[],1,"{r: 0.4764151, g: 1, b: 0.62022334, a: 1}",2,0,0,1,1,1,{fileID: 0},0,0,1,{fileID: 1374533948660058},1374533948660058,0,{fileID: 0},0,{fileID: 0},0,"{fileID: -248771874, guid: 1fa22c2b5ebef5f8f09692d9ba1e5baa, type: 3}",-248771874,1fa22c2b5ebef5f8f09692d9ba1e5baa,Assets/Plugins/LeTai.TrueShadow.dll,0,"{x: 0, y: -0}",90,0,0,17.85,0,0,0
LevelManager,Assets/GameObject/LevelManager.prefab,LeTai.TrueShadow,1fa22c2b5ebef5f8f09692d9ba1e5baa,-248771874,0,[],0,"{r: 0, g: 0, b: 0, a: 0.6}",2,0,0,0,0,0,{fileID: 0},0,0,0,{fileID: 1113388818673192},1113388818673192,0,{fileID: 0},0,{fileID: 0},0,"{fileID: -248771874, guid: 1fa22c2b5ebef5f8f09692d9ba1e5baa, type: 3}",-248771874,1fa22c2b5ebef5f8f09692d9ba1e5baa,Assets/Plugins/LeTai.TrueShadow.dll,0,"{x: 1.4142134, y: -1.4142137}",45,2,0,8,0,1,0
LevelManager,Assets/GameObject/LevelManager.prefab,LeTai.TrueShadow,1fa22c2b5ebef5f8f09692d9ba1e5baa,-248771874,0,[],0,"{r: 0, g: 0, b: 0, a: 0.72156864}",2,0,0,1,1,0,{fileID: 0},0,0,1,{fileID: 1552990405104418},1552990405104418,0,{fileID: 0},0,{fileID: 0},0,"{fileID: -248771874, guid: 1fa22c2b5ebef5f8f09692d9ba1e5baa, type: 3}",-248771874,1fa22c2b5ebef5f8f09692d9ba1e5baa,Assets/Plugins/LeTai.TrueShadow.dll,0,"{x: 5.9195232, y: -5.38138}",42.273666,8,0,3,0.5,1,0
LevelManager,Assets/GameObject/LevelManager.prefab,LeTai.TrueShadow,1fa22c2b5ebef5f8f09692d9ba1e5baa,-248771874,0,[],0,"{r: 1, g: 1, b: 1, a: 1}",2,0,0,1,0,0,{fileID: 0},0,0,0,{fileID: 1429718025238289},1429718025238289,0,{fileID: 0},0,{fileID: 0},0,"{fileID: -248771874, guid: 1fa22c2b5ebef5f8f09692d9ba1e5baa, type: 3}",-248771874,1fa22c2b5ebef5f8f09692d9ba1e5baa,Assets/Plugins/LeTai.TrueShadow.dll,0,"{x: 0, y: -0}",90,0,0,1,0,1,0
LevelManager,Assets/GameObject/LevelManager.prefab,LeTai.TrueShadow,1fa22c2b5ebef5f8f09692d9ba1e5baa,-248771874,0,[],0,"{r: 1, g: 1, b: 1, a: 0.6}",2,0,0,0,0,0,{fileID: 0},0,0,1,{fileID: 1429992738580346},1429992738580346,0,{fileID: 0},0,{fileID: 0},0,"{fileID: -248771874, guid: 1fa22c2b5ebef5f8f09692d9ba1e5baa, type: 3}",-248771874,1fa22c2b5ebef5f8f09692d9ba1e5baa,Assets/Plugins/LeTai.TrueShadow.dll,0,"{x: 0, y: -0}",90,0,0,2,0,1,0
LevelManager,Assets/GameObject/LevelManager.prefab,LeTai.TrueShadow,1fa22c2b5ebef5f8f09692d9ba1e5baa,-248771874,0,[],0,"{r: 1, g: 1, b: 1, a: 0.6}",2,0,0,0,0,0,{fileID: 0},0,0,1,{fileID: 1047957333142744},1047957333142744,0,{fileID: 0},0,{fileID: 0},0,"{fileID: -248771874, guid: 1fa22c2b5ebef5f8f09692d9ba1e5baa, type: 3}",-248771874,1fa22c2b5ebef5f8f09692d9ba1e5baa,Assets/Plugins/LeTai.TrueShadow.dll,0,"{x: 0, y: -0}",90,0,0,2,0,1,0
LevelManager,Assets/GameObject/LevelManager.prefab,LeTai.TrueShadow,1fa22c2b5ebef5f8f09692d9ba1e5baa,-248771874,0,[],0,"{r: 1, g: 1, b: 1, a: 0.6}",2,0,0,0,0,0,{fileID: 0},0,0,1,{fileID: 1840126889805473},1840126889805473,0,{fileID: 0},0,{fileID: 0},0,"{fileID: -248771874, guid: 1fa22c2b5ebef5f8f09692d9ba1e5baa, type: 3}",-248771874,1fa22c2b5ebef5f8f09692d9ba1e5baa,Assets/Plugins/LeTai.TrueShadow.dll,0,"{x: 0, y: -0}",90,0,0,2,0,1,0
LevelManager,Assets/GameObject/LevelManager.prefab,LeTai.TrueShadow,1fa22c2b5ebef5f8f09692d9ba1e5baa,-248771874,0,[],0,"{r: 0, g: 0, b: 0, a: 0.6}",2,0,0,0,0,0,{fileID: 0},0,0,0,{fileID: 1464399500491290},1464399500491290,0,{fileID: 0},0,{fileID: 0},0,"{fileID: -248771874, guid: 1fa22c2b5ebef5f8f09692d9ba1e5baa, type: 3}",-248771874,1fa22c2b5ebef5f8f09692d9ba1e5baa,Assets/Plugins/LeTai.TrueShadow.dll,0,"{x: 1.7881396E-07, y: -3}",90,3,0,6,0,1,0
LevelManager,Assets/GameObject/LevelManager.prefab,LeTai.TrueShadow,1fa22c2b5ebef5f8f09692d9ba1e5baa,-248771874,0,[],1,"{r: 0.4764151, g: 1, b: 0.62022334, a: 1}",2,0,0,1,1,1,{fileID: 0},0,0,1,{fileID: 1218619460975207},1218619460975207,0,{fileID: 0},0,{fileID: 0},0,"{fileID: -248771874, guid: 1fa22c2b5ebef5f8f09692d9ba1e5baa, type: 3}",-248771874,1fa22c2b5ebef5f8f09692d9ba1e5baa,Assets/Plugins/LeTai.TrueShadow.dll,0,"{x: 0, y: -0}",90,0,0,17.85,0,0,0
LevelManager,Assets/GameObject/LevelManager.prefab,LeTai.TrueShadow,1fa22c2b5ebef5f8f09692d9ba1e5baa,-248771874,0,[],0,"{r: 0, g: 0, b: 0, a: 0.6}",2,0,0,0,0,0,{fileID: 0},0,0,0,{fileID: 1114452548135500},1114452548135500,0,{fileID: 0},0,{fileID: 0},0,"{fileID: -248771874, guid: 1fa22c2b5ebef5f8f09692d9ba1e5baa, type: 3}",-248771874,1fa22c2b5ebef5f8f09692d9ba1e5baa,Assets/Plugins/LeTai.TrueShadow.dll,0,"{x: 1.4142134, y: -1.4142137}",45,2,0,8,0,1,0
LevelManager,Assets/GameObject/LevelManager.prefab,LeTai.TrueShadow,1fa22c2b5ebef5f8f09692d9ba1e5baa,-248771874,0,[],0,"{r: 0, g: 0, b: 0, a: 0.72156864}",2,0,0,1,1,0,{fileID: 0},0,0,1,{fileID: 1599642698928127},1599642698928127,0,{fileID: 0},0,{fileID: 0},0,"{fileID: -248771874, guid: 1fa22c2b5ebef5f8f09692d9ba1e5baa, type: 3}",-248771874,1fa22c2b5ebef5f8f09692d9ba1e5baa,Assets/Plugins/LeTai.TrueShadow.dll,0,"{x: 5.9195232, y: -5.38138}",42.273666,8,0,3,0.5,1,0
LevelManager,Assets/GameObject/LevelManager.prefab,LeTai.TrueShadow,1fa22c2b5ebef5f8f09692d9ba1e5baa,-248771874,0,[],0,"{r: 1, g: 1, b: 1, a: 1}",2,0,0,1,0,0,{fileID: 0},0,0,0,{fileID: 1438607487509575},1438607487509575,0,{fileID: 0},0,{fileID: 0},0,"{fileID: -248771874, guid: 1fa22c2b5ebef5f8f09692d9ba1e5baa, type: 3}",-248771874,1fa22c2b5ebef5f8f09692d9ba1e5baa,Assets/Plugins/LeTai.TrueShadow.dll,0,"{x: 0, y: -0}",90,0,0,1,0,1,0
LevelManager,Assets/GameObject/LevelManager.prefab,LeTai.TrueShadow,1fa22c2b5ebef5f8f09692d9ba1e5baa,-248771874,0,[],0,"{r: 1, g: 1, b: 1, a: 0.6}",2,0,0,0,0,0,{fileID: 0},0,0,1,{fileID: 1573653510544285},1573653510544285,0,{fileID: 0},0,{fileID: 0},0,"{fileID: -248771874, guid: 1fa22c2b5ebef5f8f09692d9ba1e5baa, type: 3}",-248771874,1fa22c2b5ebef5f8f09692d9ba1e5baa,Assets/Plugins/LeTai.TrueShadow.dll,0,"{x: 0, y: -0}",90,0,0,2,0,1,0
LevelManager,Assets/GameObject/LevelManager.prefab,LeTai.TrueShadow,1fa22c2b5ebef5f8f09692d9ba1e5baa,-248771874,0,[],0,"{r: 1, g: 1, b: 1, a: 0.6}",2,0,0,0,0,0,{fileID: 0},0,0,1,{fileID: 1357640015619126},1357640015619126,0,{fileID: 0},0,{fileID: 0},0,"{fileID: -248771874, guid: 1fa22c2b5ebef5f8f09692d9ba1e5baa, type: 3}",-248771874,1fa22c2b5ebef5f8f09692d9ba1e5baa,Assets/Plugins/LeTai.TrueShadow.dll,0,"{x: 0, y: -0}",90,0,0,2,0,1,0
LevelManager,Assets/GameObject/LevelManager.prefab,LeTai.TrueShadow,1fa22c2b5ebef5f8f09692d9ba1e5baa,-248771874,0,[],0,"{r: 1, g: 1, b: 1, a: 0.6}",2,0,0,0,0,0,{fileID: 0},0,0,1,{fileID: 1783913636766851},1783913636766851,0,{fileID: 0},0,{fileID: 0},0,"{fileID: -248771874, guid: 1fa22c2b5ebef5f8f09692d9ba1e5baa, type: 3}",-248771874,1fa22c2b5ebef5f8f09692d9ba1e5baa,Assets/Plugins/LeTai.TrueShadow.dll,0,"{x: 0, y: -0}",90,0,0,2,0,1,0
LevelManager,Assets/GameObject/LevelManager.prefab,LeTai.TrueShadow,1fa22c2b5ebef5f8f09692d9ba1e5baa,-248771874,0,[],0,"{r: 0, g: 0, b: 0, a: 0.6}",2,0,0,0,0,0,{fileID: 0},0,0,0,{fileID: 1895828843980319},1895828843980319,0,{fileID: 0},0,{fileID: 0},0,"{fileID: -248771874, guid: 1fa22c2b5ebef5f8f09692d9ba1e5baa, type: 3}",-248771874,1fa22c2b5ebef5f8f09692d9ba1e5baa,Assets/Plugins/LeTai.TrueShadow.dll,0,"{x: 1.7881396E-07, y: -3}",90,3,0,6,0,1,0
LevelManager,Assets/GameObject/LevelManager.prefab,LeTai.TrueShadow,1fa22c2b5ebef5f8f09692d9ba1e5baa,-248771874,0,[],1,"{r: 0.4764151, g: 1, b: 0.62022334, a: 1}",2,0,0,1,1,1,{fileID: 0},0,0,1,{fileID: 1943114733170613},1943114733170613,0,{fileID: 0},0,{fileID: 0},0,"{fileID: -248771874, guid: 1fa22c2b5ebef5f8f09692d9ba1e5baa, type: 3}",-248771874,1fa22c2b5ebef5f8f09692d9ba1e5baa,Assets/Plugins/LeTai.TrueShadow.dll,0,"{x: 0, y: -0}",90,0,0,17.85,0,0,0
LevelManager,Assets/GameObject/LevelManager.prefab,LeTai.TrueShadow,1fa22c2b5ebef5f8f09692d9ba1e5baa,-248771874,0,[],0,"{r: 0, g: 0, b: 0, a: 0.6}",2,0,0,0,0,0,{fileID: 0},0,0,0,{fileID: 1127667982105171},1127667982105171,0,{fileID: 0},0,{fileID: 0},0,"{fileID: -248771874, guid: 1fa22c2b5ebef5f8f09692d9ba1e5baa, type: 3}",-248771874,1fa22c2b5ebef5f8f09692d9ba1e5baa,Assets/Plugins/LeTai.TrueShadow.dll,0,"{x: 1.4142134, y: -1.4142137}",45,2,0,8,0,1,0
LevelManager,Assets/GameObject/LevelManager.prefab,LeTai.TrueShadow,1fa22c2b5ebef5f8f09692d9ba1e5baa,-248771874,0,[],0,"{r: 0, g: 0, b: 0, a: 0.72156864}",2,0,0,1,1,0,{fileID: 0},0,0,1,{fileID: 1280982425993837},1280982425993837,0,{fileID: 0},0,{fileID: 0},0,"{fileID: -248771874, guid: 1fa22c2b5ebef5f8f09692d9ba1e5baa, type: 3}",-248771874,1fa22c2b5ebef5f8f09692d9ba1e5baa,Assets/Plugins/LeTai.TrueShadow.dll,0,"{x: 5.9195232, y: -5.38138}",42.273666,8,0,3,0.5,1,0
LevelManager,Assets/GameObject/LevelManager.prefab,LeTai.TrueShadow,1fa22c2b5ebef5f8f09692d9ba1e5baa,-248771874,0,[],0,"{r: 1, g: 1, b: 1, a: 1}",2,0,0,1,0,0,{fileID: 0},0,0,0,{fileID: 1381458131794544},1381458131794544,0,{fileID: 0},0,{fileID: 0},0,"{fileID: -248771874, guid: 1fa22c2b5ebef5f8f09692d9ba1e5baa, type: 3}",-248771874,1fa22c2b5ebef5f8f09692d9ba1e5baa,Assets/Plugins/LeTai.TrueShadow.dll,0,"{x: 0, y: -0}",90,0,0,1,0,1,0
LevelManager,Assets/GameObject/LevelManager.prefab,LeTai.TrueShadow,1fa22c2b5ebef5f8f09692d9ba1e5baa,-248771874,0,[],0,"{r: 1, g: 1, b: 1, a: 0.6}",2,0,0,0,0,0,{fileID: 0},0,0,1,{fileID: 1233395449263632},1233395449263632,0,{fileID: 0},0,{fileID: 0},0,"{fileID: -248771874, guid: 1fa22c2b5ebef5f8f09692d9ba1e5baa, type: 3}",-248771874,1fa22c2b5ebef5f8f09692d9ba1e5baa,Assets/Plugins/LeTai.TrueShadow.dll,0,"{x: 0, y: -0}",90,0,0,2,0,1,0
LevelManager,Assets/GameObject/LevelManager.prefab,LeTai.TrueShadow,1fa22c2b5ebef5f8f09692d9ba1e5baa,-248771874,0,[],0,"{r: 1, g: 1, b: 1, a: 0.6}",2,0,0,0,0,0,{fileID: 0},0,0,1,{fileID: 1369053531060825},1369053531060825,0,{fileID: 0},0,{fileID: 0},0,"{fileID: -248771874, guid: 1fa22c2b5ebef5f8f09692d9ba1e5baa, type: 3}",-248771874,1fa22c2b5ebef5f8f09692d9ba1e5baa,Assets/Plugins/LeTai.TrueShadow.dll,0,"{x: 0, y: -0}",90,0,0,2,0,1,0
LevelManager,Assets/GameObject/LevelManager.prefab,LeTai.TrueShadow,1fa22c2b5ebef5f8f09692d9ba1e5baa,-248771874,0,[],0,"{r: 1, g: 1, b: 1, a: 0.6}",2,0,0,0,0,0,{fileID: 0},0,0,1,{fileID: 1772231986118654},1772231986118654,0,{fileID: 0},0,{fileID: 0},0,"{fileID: -248771874, guid: 1fa22c2b5ebef5f8f09692d9ba1e5baa, type: 3}",-248771874,1fa22c2b5ebef5f8f09692d9ba1e5baa,Assets/Plugins/LeTai.TrueShadow.dll,0,"{x: 0, y: -0}",90,0,0,2,0,1,0
LevelManager,Assets/GameObject/LevelManager.prefab,LeTai.TrueShadow,1fa22c2b5ebef5f8f09692d9ba1e5baa,-248771874,0,[],0,"{r: 0, g: 0, b: 0, a: 0.6}",2,0,0,0,0,0,{fileID: 0},0,0,0,{fileID: 1134130814811062},1134130814811062,0,{fileID: 0},0,{fileID: 0},0,"{fileID: -248771874, guid: 1fa22c2b5ebef5f8f09692d9ba1e5baa, type: 3}",-248771874,1fa22c2b5ebef5f8f09692d9ba1e5baa,Assets/Plugins/LeTai.TrueShadow.dll,0,"{x: 1.7881396E-07, y: -3}",90,3,0,6,0,1,0
LevelManager,Assets/GameObject/LevelManager.prefab,LeTai.TrueShadow,1fa22c2b5ebef5f8f09692d9ba1e5baa,-248771874,0,[],1,"{r: 0.4764151, g: 1, b: 0.62022334, a: 1}",2,0,0,1,1,1,{fileID: 0},0,0,1,{fileID: 1444348629605276},1444348629605276,0,{fileID: 0},0,{fileID: 0},0,"{fileID: -248771874, guid: 1fa22c2b5ebef5f8f09692d9ba1e5baa, type: 3}",-248771874,1fa22c2b5ebef5f8f09692d9ba1e5baa,Assets/Plugins/LeTai.TrueShadow.dll,0,"{x: 0, y: -0}",90,0,0,17.85,0,0,0
LevelManager,Assets/GameObject/LevelManager.prefab,LeTai.TrueShadow,1fa22c2b5ebef5f8f09692d9ba1e5baa,-248771874,0,[],0,"{r: 0, g: 0, b: 0, a: 0.6}",2,0,0,0,0,0,{fileID: 0},0,0,0,{fileID: 1265160426792676},1265160426792676,0,{fileID: 0},0,{fileID: 0},0,"{fileID: -248771874, guid: 1fa22c2b5ebef5f8f09692d9ba1e5baa, type: 3}",-248771874,1fa22c2b5ebef5f8f09692d9ba1e5baa,Assets/Plugins/LeTai.TrueShadow.dll,0,"{x: 1.4142134, y: -1.4142137}",45,2,0,8,0,1,0
LevelManager,Assets/GameObject/LevelManager.prefab,LeTai.TrueShadow,1fa22c2b5ebef5f8f09692d9ba1e5baa,-248771874,0,[],0,"{r: 0, g: 0, b: 0, a: 0.72156864}",2,0,0,1,1,0,{fileID: 0},0,0,1,{fileID: 1972255652850792},1972255652850792,0,{fileID: 0},0,{fileID: 0},0,"{fileID: -248771874, guid: 1fa22c2b5ebef5f8f09692d9ba1e5baa, type: 3}",-248771874,1fa22c2b5ebef5f8f09692d9ba1e5baa,Assets/Plugins/LeTai.TrueShadow.dll,0,"{x: 5.9195232, y: -5.38138}",42.273666,8,0,3,0.5,1,0
LevelManager,Assets/GameObject/LevelManager.prefab,LeTai.TrueShadow,1fa22c2b5ebef5f8f09692d9ba1e5baa,-248771874,0,[],0,"{r: 1, g: 1, b: 1, a: 1}",2,0,0,1,0,0,{fileID: 0},0,0,0,{fileID: 1109236302347418},1109236302347418,0,{fileID: 0},0,{fileID: 0},0,"{fileID: -248771874, guid: 1fa22c2b5ebef5f8f09692d9ba1e5baa, type: 3}",-248771874,1fa22c2b5ebef5f8f09692d9ba1e5baa,Assets/Plugins/LeTai.TrueShadow.dll,0,"{x: 0, y: -0}",90,0,0,1,0,1,0
LevelManager,Assets/GameObject/LevelManager.prefab,LeTai.TrueShadow,1fa22c2b5ebef5f8f09692d9ba1e5baa,-248771874,0,[],0,"{r: 1, g: 1, b: 1, a: 0.6}",2,0,0,0,0,0,{fileID: 0},0,0,1,{fileID: 1863537381175919},1863537381175919,0,{fileID: 0},0,{fileID: 0},0,"{fileID: -248771874, guid: 1fa22c2b5ebef5f8f09692d9ba1e5baa, type: 3}",-248771874,1fa22c2b5ebef5f8f09692d9ba1e5baa,Assets/Plugins/LeTai.TrueShadow.dll,0,"{x: 0, y: -0}",90,0,0,2,0,1,0
LevelManager,Assets/GameObject/LevelManager.prefab,LeTai.TrueShadow,1fa22c2b5ebef5f8f09692d9ba1e5baa,-248771874,0,[],0,"{r: 1, g: 1, b: 1, a: 0.6}",2,0,0,0,0,0,{fileID: 0},0,0,1,{fileID: 1793675299145704},1793675299145704,0,{fileID: 0},0,{fileID: 0},0,"{fileID: -248771874, guid: 1fa22c2b5ebef5f8f09692d9ba1e5baa, type: 3}",-248771874,1fa22c2b5ebef5f8f09692d9ba1e5baa,Assets/Plugins/LeTai.TrueShadow.dll,0,"{x: 0, y: -0}",90,0,0,2,0,1,0
LevelManager,Assets/GameObject/LevelManager.prefab,LeTai.TrueShadow,1fa22c2b5ebef5f8f09692d9ba1e5baa,-248771874,0,[],0,"{r: 1, g: 1, b: 1, a: 0.6}",2,0,0,0,0,0,{fileID: 0},0,0,1,{fileID: 1737795044051522},1737795044051522,0,{fileID: 0},0,{fileID: 0},0,"{fileID: -248771874, guid: 1fa22c2b5ebef5f8f09692d9ba1e5baa, type: 3}",-248771874,1fa22c2b5ebef5f8f09692d9ba1e5baa,Assets/Plugins/LeTai.TrueShadow.dll,0,"{x: 0, y: -0}",90,0,0,2,0,1,0
LevelManager,Assets/GameObject/LevelManager.prefab,LeTai.TrueShadow,1fa22c2b5ebef5f8f09692d9ba1e5baa,-248771874,0,[],0,"{r: 0, g: 0, b: 0, a: 0.6}",2,0,0,0,0,0,{fileID: 0},0,0,0,{fileID: 1719647656201201},1719647656201201,0,{fileID: 0},0,{fileID: 0},0,"{fileID: -248771874, guid: 1fa22c2b5ebef5f8f09692d9ba1e5baa, type: 3}",-248771874,1fa22c2b5ebef5f8f09692d9ba1e5baa,Assets/Plugins/LeTai.TrueShadow.dll,0,"{x: 1.7881396E-07, y: -3}",90,3,0,6,0,1,0
LevelManager,Assets/GameObject/LevelManager.prefab,LeTai.TrueShadow,1fa22c2b5ebef5f8f09692d9ba1e5baa,-248771874,0,[],0,"{r: 1, g: 1, b: 1, a: 1}",2,0,0,0,0,0,{fileID: 0},0,0,0,{fileID: 1560189535550333},1560189535550333,0,{fileID: 0},0,{fileID: 0},0,"{fileID: -248771874, guid: 1fa22c2b5ebef5f8f09692d9ba1e5baa, type: 3}",-248771874,1fa22c2b5ebef5f8f09692d9ba1e5baa,Assets/Plugins/LeTai.TrueShadow.dll,0,"{x: 1.192093E-07, y: -2}",90,2,0,3.4,0.197,1,0
LevelManager,Assets/GameObject/LevelManager.prefab,LeTai.TrueShadow,1fa22c2b5ebef5f8f09692d9ba1e5baa,-248771874,0,[],0,"{r: 1, g: 1, b: 1, a: 1}",2,0,0,0,0,0,{fileID: 0},0,0,0,{fileID: 1875789818567516},1875789818567516,0,{fileID: 0},0,{fileID: 0},0,"{fileID: -248771874, guid: 1fa22c2b5ebef5f8f09692d9ba1e5baa, type: 3}",-248771874,1fa22c2b5ebef5f8f09692d9ba1e5baa,Assets/Plugins/LeTai.TrueShadow.dll,0,"{x: 1.192093E-07, y: 2}",270,2,0,3.4,0.197,1,0
LevelManager,Assets/GameObject/LevelManager.prefab,LeTai.TrueShadow,1fa22c2b5ebef5f8f09692d9ba1e5baa,-248771874,0,[],0,"{r: 0, g: 0, b: 0, a: 0.5686275}",2,0,0,0,0,1,{fileID: 0},0,0,1,{fileID: 1532171197240663},1532171197240663,0,{fileID: 0},0,{fileID: 0},0,"{fileID: -248771874, guid: 1fa22c2b5ebef5f8f09692d9ba1e5baa, type: 3}",-248771874,1fa22c2b5ebef5f8f09692d9ba1e5baa,Assets/Plugins/LeTai.TrueShadow.dll,0,"{x: 0.27349573, y: -1.4951923}",79.63423,1.52,0,2,0,0,0
LevelManager,Assets/GameObject/LevelManager.prefab,LeTai.TrueShadow,1fa22c2b5ebef5f8f09692d9ba1e5baa,-248771874,0,[],0,"{r: 0, g: 0, b: 0, a: 1}",2,0,0,0,0,0,{fileID: 0},0,0,1,{fileID: 1432995468740337},1432995468740337,0,{fileID: 0},0,{fileID: 0},0,"{fileID: -248771874, guid: 1fa22c2b5ebef5f8f09692d9ba1e5baa, type: 3}",-248771874,1fa22c2b5ebef5f8f09692d9ba1e5baa,Assets/Plugins/LeTai.TrueShadow.dll,0,"{x: 0, y: -0}",90,0,0,5,0,1,0
LevelManager,Assets/GameObject/LevelManager.prefab,LeTai.TrueShadow,1fa22c2b5ebef5f8f09692d9ba1e5baa,-248771874,0,[],0,"{r: 1, g: 0.4198113, b: 0.4198113, a: 0.49803922}",2,0,0,1,0,0,{fileID: 0},0,0,0,{fileID: 1524115851046837},1524115851046837,0,{fileID: 0},0,{fileID: 0},0,"{fileID: -248771874, guid: 1fa22c2b5ebef5f8f09692d9ba1e5baa, type: 3}",-248771874,1fa22c2b5ebef5f8f09692d9ba1e5baa,Assets/Plugins/LeTai.TrueShadow.dll,0,"{x: 0, y: -0}",45,0,0,10,0,1,0
LevelManager,Assets/GameObject/LevelManager.prefab,LeTai.TrueShadow,1fa22c2b5ebef5f8f09692d9ba1e5baa,-248771874,0,[],0,"{r: 1, g: 1, b: 1, a: 0.25490198}",2,0,0,0,0,0,{fileID: 0},0,0,0,{fileID: 1559042204409998},1559042204409998,0,{fileID: 0},0,{fileID: 0},0,"{fileID: -248771874, guid: 1fa22c2b5ebef5f8f09692d9ba1e5baa, type: 3}",-248771874,1fa22c2b5ebef5f8f09692d9ba1e5baa,Assets/Plugins/LeTai.TrueShadow.dll,0,"{x: 2.835498, y: -2.8354986}",45,4.01,0,3,0,1,0
LevelManager,Assets/GameObject/LevelManager.prefab,LeTai.TrueShadow,1fa22c2b5ebef5f8f09692d9ba1e5baa,-248771874,0,[],0,"{r: 0, g: 0, b: 0, a: 1}",2,0,0,0,0,0,{fileID: 0},0,0,1,{fileID: 1955124010812345},1955124010812345,0,{fileID: 0},0,{fileID: 0},0,"{fileID: -248771874, guid: 1fa22c2b5ebef5f8f09692d9ba1e5baa, type: 3}",-248771874,1fa22c2b5ebef5f8f09692d9ba1e5baa,Assets/Plugins/LeTai.TrueShadow.dll,0,"{x: 4.101219, y: -4.1012197}",45,5.8,0,8.8,0.142,1,0
LevelManager,Assets/GameObject/LevelManager.prefab,LeTai.TrueShadow,1fa22c2b5ebef5f8f09692d9ba1e5baa,-248771874,0,[],0,"{r: 0, g: 0, b: 0, a: 0.6}",2,0,0,0,0,0,{fileID: 0},0,0,1,{fileID: 1114186507656914},1114186507656914,0,{fileID: 0},0,{fileID: 0},0,"{fileID: -248771874, guid: 1fa22c2b5ebef5f8f09692d9ba1e5baa, type: 3}",-248771874,1fa22c2b5ebef5f8f09692d9ba1e5baa,Assets/Plugins/LeTai.TrueShadow.dll,0,"{x: 7.1525585E-07, y: -12}",90,12,0,32,0,1,0
LevelManager,Assets/GameObject/LevelManager.prefab,LeTai.TrueShadow,1fa22c2b5ebef5f8f09692d9ba1e5baa,-248771874,0,[],0,"{r: 0, g: 0, b: 0, a: 0.8156863}",2,0,0,0,0,0,{fileID: 0},0,0,1,{fileID: 1235778090007150},1235778090007150,0,{fileID: 0},0,{fileID: 0},0,"{fileID: -248771874, guid: 1fa22c2b5ebef5f8f09692d9ba1e5baa, type: 3}",-248771874,1fa22c2b5ebef5f8f09692d9ba1e5baa,Assets/Plugins/LeTai.TrueShadow.dll,0,"{x: 2.1213202, y: -2.1213205}",45,3,0,5,0,1,0
LevelManager,Assets/GameObject/LevelManager.prefab,LeTai.TrueShadow,1fa22c2b5ebef5f8f09692d9ba1e5baa,-248771874,0,[],0,"{r: 0, g: 0, b: 0, a: 0.6}",2,0,0,0,0,0,{fileID: 0},0,0,0,{fileID: 1138616195647470},1138616195647470,0,{fileID: 0},0,{fileID: 0},0,"{fileID: -248771874, guid: 1fa22c2b5ebef5f8f09692d9ba1e5baa, type: 3}",-248771874,1fa22c2b5ebef5f8f09692d9ba1e5baa,Assets/Plugins/LeTai.TrueShadow.dll,0,"{x: 5.6568537, y: -5.6568546}",45,8,0,8,0,1,0
LevelManager,Assets/GameObject/LevelManager.prefab,LeTai.TrueShadow,1fa22c2b5ebef5f8f09692d9ba1e5baa,-248771874,0,[],1,"{r: 0.22745097, g: 0.7221681, b: 1, a: 1}",2,0,0,0,0,0,{fileID: 0},0,0,1,{fileID: 1611845004342868},1611845004342868,0,{fileID: 0},0,{fileID: 0},0,"{fileID: -248771874, guid: 1fa22c2b5ebef5f8f09692d9ba1e5baa, type: 3}",-248771874,1fa22c2b5ebef5f8f09692d9ba1e5baa,Assets/Plugins/LeTai.TrueShadow.dll,0,"{x: 0, y: -0}",90,0,0,16,0,0,0
LevelManager,Assets/GameObject/LevelManager.prefab,LeTai.TrueShadow,1fa22c2b5ebef5f8f09692d9ba1e5baa,-248771874,0,[],1,"{r: 0.22745097, g: 0.7221681, b: 1, a: 1}",2,0,0,0,0,0,{fileID: 0},0,0,1,{fileID: 1349303864342088},1349303864342088,0,{fileID: 0},0,{fileID: 0},0,"{fileID: -248771874, guid: 1fa22c2b5ebef5f8f09692d9ba1e5baa, type: 3}",-248771874,1fa22c2b5ebef5f8f09692d9ba1e5baa,Assets/Plugins/LeTai.TrueShadow.dll,0,"{x: 0, y: -0}",90,0,0,16,0,0,0
LevelManager,Assets/GameObject/LevelManager.prefab,LeTai.TrueShadow,1fa22c2b5ebef5f8f09692d9ba1e5baa,-248771874,0,[],1,"{r: 0, g: 0, b: 0, a: 1}",2,0,0,0,0,0,{fileID: 0},0,0,1,{fileID: 1607307563662440},1607307563662440,0,{fileID: 0},0,{fileID: 0},0,"{fileID: -248771874, guid: 1fa22c2b5ebef5f8f09692d9ba1e5baa, type: 3}",-248771874,1fa22c2b5ebef5f8f09692d9ba1e5baa,Assets/Plugins/LeTai.TrueShadow.dll,0,"{x: 0, y: -0}",90,0,0,16,0,0,0
LevelManager,Assets/GameObject/LevelManager.prefab,LeTai.TrueShadow,1fa22c2b5ebef5f8f09692d9ba1e5baa,-248771874,0,[],0,"{r: 1, g: 0.6781641, b: 0.36320752, a: 0.8666667}",2,0,0,0,0,0,{fileID: 0},0,0,1,{fileID: 1690031152119259},1690031152119259,0,{fileID: 0},0,{fileID: 0},0,"{fileID: -248771874, guid: 1fa22c2b5ebef5f8f09692d9ba1e5baa, type: 3}",-248771874,1fa22c2b5ebef5f8f09692d9ba1e5baa,Assets/Plugins/LeTai.TrueShadow.dll,0,"{x: 0, y: -0}",90,0,0,9.93,0,1,0
LevelManager,Assets/GameObject/LevelManager.prefab,LeTai.TrueShadow,1fa22c2b5ebef5f8f09692d9ba1e5baa,-248771874,0,[],0,"{r: 1, g: 1, b: 1, a: 1}",2,0,0,0,0,0,{fileID: 0},0,0,0,{fileID: 1367059396415409},1367059396415409,0,{fileID: 0},0,{fileID: 0},0,"{fileID: -248771874, guid: 1fa22c2b5ebef5f8f09692d9ba1e5baa, type: 3}",-248771874,1fa22c2b5ebef5f8f09692d9ba1e5baa,Assets/Plugins/LeTai.TrueShadow.dll,0,"{x: 1.192093E-07, y: -2}",90,2,0,3.4,0.197,1,0
LevelManager,Assets/GameObject/LevelManager.prefab,LeTai.TrueShadow,1fa22c2b5ebef5f8f09692d9ba1e5baa,-248771874,0,[],0,"{r: 1, g: 1, b: 1, a: 1}",2,0,0,0,0,0,{fileID: 0},0,0,0,{fileID: 1271602172427472},1271602172427472,0,{fileID: 0},0,{fileID: 0},0,"{fileID: -248771874, guid: 1fa22c2b5ebef5f8f09692d9ba1e5baa, type: 3}",-248771874,1fa22c2b5ebef5f8f09692d9ba1e5baa,Assets/Plugins/LeTai.TrueShadow.dll,0,"{x: 1.192093E-07, y: 2}",270,2,0,3.4,0.197,1,0
LevelManager,Assets/GameObject/LevelManager.prefab,LeTai.TrueShadow,1fa22c2b5ebef5f8f09692d9ba1e5baa,-248771874,0,[],0,"{r: 0, g: 0, b: 0, a: 0.5686275}",2,0,0,0,0,1,{fileID: 0},0,0,1,{fileID: 1974325689910563},1974325689910563,0,{fileID: 0},0,{fileID: 0},0,"{fileID: -248771874, guid: 1fa22c2b5ebef5f8f09692d9ba1e5baa, type: 3}",-248771874,1fa22c2b5ebef5f8f09692d9ba1e5baa,Assets/Plugins/LeTai.TrueShadow.dll,0,"{x: 0.27349573, y: -1.4951923}",79.63423,1.52,0,2,0,0,0
LevelManager,Assets/GameObject/LevelManager.prefab,LeTai.TrueShadow,1fa22c2b5ebef5f8f09692d9ba1e5baa,-248771874,0,[],0,"{r: 0, g: 0, b: 0, a: 1}",2,0,0,0,0,0,{fileID: 0},0,0,1,{fileID: 1011947235486036},1011947235486036,0,{fileID: 0},0,{fileID: 0},0,"{fileID: -248771874, guid: 1fa22c2b5ebef5f8f09692d9ba1e5baa, type: 3}",-248771874,1fa22c2b5ebef5f8f09692d9ba1e5baa,Assets/Plugins/LeTai.TrueShadow.dll,0,"{x: 0, y: -0}",90,0,0,5,0,1,0
LevelManager,Assets/GameObject/LevelManager.prefab,LeTai.TrueShadow,1fa22c2b5ebef5f8f09692d9ba1e5baa,-248771874,0,[],0,"{r: 0, g: 0, b: 0, a: 0.6}",2,0,0,0,0,0,{fileID: 0},0,0,1,{fileID: 1670386243890495},1670386243890495,0,{fileID: 0},0,{fileID: 0},0,"{fileID: -248771874, guid: 1fa22c2b5ebef5f8f09692d9ba1e5baa, type: 3}",-248771874,1fa22c2b5ebef5f8f09692d9ba1e5baa,Assets/Plugins/LeTai.TrueShadow.dll,0,"{x: 5.6568537, y: -5.6568546}",45,8,0,8,0,1,0
LevelManager,Assets/GameObject/LevelManager.prefab,LeTai.TrueShadow,1fa22c2b5ebef5f8f09692d9ba1e5baa,-248771874,0,[],0,"{r: 0, g: 0, b: 0, a: 0.6}",2,0,0,0,0,0,{fileID: 0},0,0,1,{fileID: 1089848273753076},1089848273753076,0,{fileID: 0},0,{fileID: 0},0,"{fileID: -248771874, guid: 1fa22c2b5ebef5f8f09692d9ba1e5baa, type: 3}",-248771874,1fa22c2b5ebef5f8f09692d9ba1e5baa,Assets/Plugins/LeTai.TrueShadow.dll,0,"{x: 5.6568537, y: -5.6568546}",45,8,0,10,0,1,0
LevelManager,Assets/GameObject/LevelManager.prefab,LeTai.TrueShadow,1fa22c2b5ebef5f8f09692d9ba1e5baa,-248771874,0,[],0,"{r: 0, g: 0, b: 0, a: 0.6}",2,0,0,0,0,1,{fileID: 0},0,0,1,{fileID: 1089848273753076},1089848273753076,0,{fileID: 0},0,{fileID: 0},0,"{fileID: -248771874, guid: 1fa22c2b5ebef5f8f09692d9ba1e5baa, type: 3}",-248771874,1fa22c2b5ebef5f8f09692d9ba1e5baa,Assets/Plugins/LeTai.TrueShadow.dll,0,"{x: 0, y: -0}",90,0,0,4.6,0,1,0
LevelManager,Assets/GameObject/LevelManager.prefab,LeTai.TrueShadow,1fa22c2b5ebef5f8f09692d9ba1e5baa,-248771874,0,[],0,"{r: 0.3537736, g: 0.80681324, b: 1, a: 0.6}",2,0,0,0,0,0,{fileID: 0},0,0,1,{fileID: 1485569148701729},1485569148701729,0,{fileID: 0},0,{fileID: 0},0,"{fileID: -248771874, guid: 1fa22c2b5ebef5f8f09692d9ba1e5baa, type: 3}",-248771874,1fa22c2b5ebef5f8f09692d9ba1e5baa,Assets/Plugins/LeTai.TrueShadow.dll,0,"{x: 0, y: -0}",90,0,0,3,0,1,0
LevelManager,Assets/GameObject/LevelManager.prefab,LeTai.TrueShadow,1fa22c2b5ebef5f8f09692d9ba1e5baa,-248771874,0,[],0,"{r: 0, g: 0, b: 0, a: 0.6}",2,0,0,0,0,0,{fileID: 0},0,0,1,{fileID: 1737631141172681},1737631141172681,0,{fileID: 0},0,{fileID: 0},0,"{fileID: -248771874, guid: 1fa22c2b5ebef5f8f09692d9ba1e5baa, type: 3}",-248771874,1fa22c2b5ebef5f8f09692d9ba1e5baa,Assets/Plugins/LeTai.TrueShadow.dll,0,"{x: 4.2426405, y: -4.242641}",45,6,0,10,0,1,0
LevelManager,Assets/GameObject/LevelManager.prefab,LeTai.TrueShadow,1fa22c2b5ebef5f8f09692d9ba1e5baa,-248771874,0,[],0,"{r: 0, g: 0, b: 0, a: 0.8784314}",2,0,0,0,0,0,{fileID: 0},0,0,1,{fileID: 1427862353867200},1427862353867200,0,{fileID: 0},0,{fileID: 0},0,"{fileID: -248771874, guid: 1fa22c2b5ebef5f8f09692d9ba1e5baa, type: 3}",-248771874,1fa22c2b5ebef5f8f09692d9ba1e5baa,Assets/Plugins/LeTai.TrueShadow.dll,0,"{x: 2.1213202, y: -2.1213205}",45,3,0,3.2,0,1,0
LevelManager,Assets/GameObject/LevelManager.prefab,LeTai.TrueShadow,1fa22c2b5ebef5f8f09692d9ba1e5baa,-248771874,0,[],0,"{r: 0, g: 0, b: 0, a: 0.6}",2,0,0,0,0,0,{fileID: 0},0,0,1,{fileID: 1788194578452245},1788194578452245,0,{fileID: 0},0,{fileID: 0},0,"{fileID: -248771874, guid: 1fa22c2b5ebef5f8f09692d9ba1e5baa, type: 3}",-248771874,1fa22c2b5ebef5f8f09692d9ba1e5baa,Assets/Plugins/LeTai.TrueShadow.dll,0,"{x: 3.606244, y: -3.6062448}",45,5.1,0,9.66,0,1,0
LevelManager,Assets/GameObject/LevelManager.prefab,LeTai.TrueShadow,1fa22c2b5ebef5f8f09692d9ba1e5baa,-248771874,0,[],0,"{r: 0, g: 0, b: 0, a: 0.6}",2,0,0,0,0,0,{fileID: 0},0,0,1,{fileID: 1944362783143116},1944362783143116,0,{fileID: 0},0,{fileID: 0},0,"{fileID: -248771874, guid: 1fa22c2b5ebef5f8f09692d9ba1e5baa, type: 3}",-248771874,1fa22c2b5ebef5f8f09692d9ba1e5baa,Assets/Plugins/LeTai.TrueShadow.dll,0,"{x: 3.1112695, y: -3.1112702}",45,4.4,0,2.1,0,1,0
LevelManager,Assets/GameObject/LevelManager.prefab,LeTai.TrueShadow,1fa22c2b5ebef5f8f09692d9ba1e5baa,-248771874,0,[],0,"{r: 0, g: 0, b: 0, a: 0.6}",2,0,0,0,0,0,{fileID: 0},0,0,1,{fileID: 1738401428990155},1738401428990155,0,{fileID: 0},0,{fileID: 0},0,"{fileID: -248771874, guid: 1fa22c2b5ebef5f8f09692d9ba1e5baa, type: 3}",-248771874,1fa22c2b5ebef5f8f09692d9ba1e5baa,Assets/Plugins/LeTai.TrueShadow.dll,0,"{x: 4.2426405, y: -4.242641}",45,6,0,12,0,1,0
LevelManager,Assets/GameObject/LevelManager.prefab,LeTai.TrueShadow,1fa22c2b5ebef5f8f09692d9ba1e5baa,-248771874,0,[],0,"{r: 0, g: 0, b: 0, a: 0.6}",2,0,0,0,0,0,{fileID: 0},0,0,1,{fileID: 1562706316661699},1562706316661699,0,{fileID: 0},0,{fileID: 0},0,"{fileID: -248771874, guid: 1fa22c2b5ebef5f8f09692d9ba1e5baa, type: 3}",-248771874,1fa22c2b5ebef5f8f09692d9ba1e5baa,Assets/Plugins/LeTai.TrueShadow.dll,0,"{x: 3.1112695, y: -3.1112702}",45,4.4,0,2.1,0,1,0
LevelManager,Assets/GameObject/LevelManager.prefab,LeTai.TrueShadow,1fa22c2b5ebef5f8f09692d9ba1e5baa,-248771874,0,[],2,"{r: 1, g: 1, b: 1, a: 0.6}",2,0,0,0,0,0,{fileID: 0},0,0,1,{fileID: 1386283874421714},1386283874421714,0,{fileID: 0},0,{fileID: 0},0,"{fileID: -248771874, guid: 1fa22c2b5ebef5f8f09692d9ba1e5baa, type: 3}",-248771874,1fa22c2b5ebef5f8f09692d9ba1e5baa,Assets/Plugins/LeTai.TrueShadow.dll,0,"{x: 0, y: -0}",45,0,0,20,0,1,0
LevelManager,Assets/GameObject/LevelManager.prefab,LeTai.TrueShadow,1fa22c2b5ebef5f8f09692d9ba1e5baa,-248771874,0,[],0,"{r: 0, g: 0, b: 0, a: 0.8}",2,0,0,0,0,0,{fileID: 0},0,0,1,{fileID: 1996524872719995},1996524872719995,0,{fileID: 0},0,{fileID: 0},0,"{fileID: -248771874, guid: 1fa22c2b5ebef5f8f09692d9ba1e5baa, type: 3}",-248771874,1fa22c2b5ebef5f8f09692d9ba1e5baa,Assets/Plugins/LeTai.TrueShadow.dll,0,"{x: 1.192093E-07, y: -2}",90,2,0,3,0,1,0
LevelManager,Assets/GameObject/LevelManager.prefab,LeTai.TrueShadow,1fa22c2b5ebef5f8f09692d9ba1e5baa,-248771874,0,[],0,"{r: 0, g: 0, b: 0, a: 0.6}",2,0,0,0,0,0,{fileID: 0},0,0,1,{fileID: 1590501194263903},1590501194263903,0,{fileID: 0},0,{fileID: 0},0,"{fileID: -248771874, guid: 1fa22c2b5ebef5f8f09692d9ba1e5baa, type: 3}",-248771874,1fa22c2b5ebef5f8f09692d9ba1e5baa,Assets/Plugins/LeTai.TrueShadow.dll,0,"{x: 8.485281, y: -8.485282}",45,12,0,20,0,1,0
LevelManager,Assets/GameObject/LevelManager.prefab,LeTai.TrueShadow,1fa22c2b5ebef5f8f09692d9ba1e5baa,-248771874,0,[],0,"{r: 0, g: 0, b: 0, a: 0.6}",2,0,0,0,0,0,{fileID: 0},0,0,1,{fileID: 1576661462594151},1576661462594151,0,{fileID: 0},0,{fileID: 0},0,"{fileID: -248771874, guid: 1fa22c2b5ebef5f8f09692d9ba1e5baa, type: 3}",-248771874,1fa22c2b5ebef5f8f09692d9ba1e5baa,Assets/Plugins/LeTai.TrueShadow.dll,0,"{x: 8.485281, y: -8.485282}",45,12,0,20,0,1,0
LevelManager,Assets/GameObject/LevelManager.prefab,LeTai.TrueShadow,1fa22c2b5ebef5f8f09692d9ba1e5baa,-248771874,0,[],0,"{r: 0, g: 0, b: 0, a: 0.6}",2,0,0,0,0,0,{fileID: 0},0,0,1,{fileID: 1917154474219561},1917154474219561,0,{fileID: 0},0,{fileID: 0},0,"{fileID: -248771874, guid: 1fa22c2b5ebef5f8f09692d9ba1e5baa, type: 3}",-248771874,1fa22c2b5ebef5f8f09692d9ba1e5baa,Assets/Plugins/LeTai.TrueShadow.dll,0,"{x: 8.485281, y: -8.485282}",45,12,0,20,0,1,0
LevelManager,Assets/GameObject/LevelManager.prefab,LeTai.TrueShadow,1fa22c2b5ebef5f8f09692d9ba1e5baa,-248771874,0,[],0,"{r: 0, g: 0, b: 0, a: 0.6}",2,0,0,0,0,0,{fileID: 0},0,0,0,{fileID: 1273858047276322},1273858047276322,0,{fileID: 0},0,{fileID: 0},0,"{fileID: -248771874, guid: 1fa22c2b5ebef5f8f09692d9ba1e5baa, type: 3}",-248771874,1fa22c2b5ebef5f8f09692d9ba1e5baa,Assets/Plugins/LeTai.TrueShadow.dll,0,"{x: 5.6568537, y: -5.6568546}",45,8,0,8,0,1,0
LevelManager,Assets/GameObject/LevelManager.prefab,LeTai.TrueShadow,1fa22c2b5ebef5f8f09692d9ba1e5baa,-248771874,0,[],0,"{r: 0, g: 0, b: 0, a: 0.72156864}",2,0,0,0,0,0,{fileID: 0},0,0,0,{fileID: 1480710449417047},1480710449417047,0,{fileID: 0},0,{fileID: 0},0,"{fileID: -248771874, guid: 1fa22c2b5ebef5f8f09692d9ba1e5baa, type: 3}",-248771874,1fa22c2b5ebef5f8f09692d9ba1e5baa,Assets/Plugins/LeTai.TrueShadow.dll,0,"{x: 5.9195232, y: -5.38138}",42.273666,8,0,15,0,1,0
LevelManager,Assets/GameObject/LevelManager.prefab,LeTai.TrueShadow,1fa22c2b5ebef5f8f09692d9ba1e5baa,-248771874,0,[],0,"{r: 0, g: 0, b: 0, a: 0.6}",2,0,0,0,0,0,{fileID: 0},0,0,1,{fileID: 1555377596950915},1555377596950915,0,{fileID: 0},0,{fileID: 0},0,"{fileID: -248771874, guid: 1fa22c2b5ebef5f8f09692d9ba1e5baa, type: 3}",-248771874,1fa22c2b5ebef5f8f09692d9ba1e5baa,Assets/Plugins/LeTai.TrueShadow.dll,0,"{x: 3.5355334, y: -3.5355341}",45,5,0,5,0,1,0
LevelManager,Assets/GameObject/LevelManager.prefab,LeTai.TrueShadow,1fa22c2b5ebef5f8f09692d9ba1e5baa,-248771874,0,[],0,"{r: 1, g: 1, b: 1, a: 1}",2,0,0,0,0,0,{fileID: 0},0,0,0,{fileID: 1672957018995847},1672957018995847,0,{fileID: 0},0,{fileID: 0},0,"{fileID: -248771874, guid: 1fa22c2b5ebef5f8f09692d9ba1e5baa, type: 3}",-248771874,1fa22c2b5ebef5f8f09692d9ba1e5baa,Assets/Plugins/LeTai.TrueShadow.dll,0,"{x: 1.192093E-07, y: -2}",90,2,0,3.4,0.197,1,0
LevelManager,Assets/GameObject/LevelManager.prefab,LeTai.TrueShadow,1fa22c2b5ebef5f8f09692d9ba1e5baa,-248771874,0,[],0,"{r: 1, g: 1, b: 1, a: 1}",2,0,0,0,0,0,{fileID: 0},0,0,0,{fileID: 1903968813258095},1903968813258095,0,{fileID: 0},0,{fileID: 0},0,"{fileID: -248771874, guid: 1fa22c2b5ebef5f8f09692d9ba1e5baa, type: 3}",-248771874,1fa22c2b5ebef5f8f09692d9ba1e5baa,Assets/Plugins/LeTai.TrueShadow.dll,0,"{x: 1.192093E-07, y: 2}",270,2,0,3.4,0.197,1,0
LevelManager,Assets/GameObject/LevelManager.prefab,LeTai.TrueShadow,1fa22c2b5ebef5f8f09692d9ba1e5baa,-248771874,0,[],0,"{r: 0, g: 0, b: 0, a: 0.5686275}",2,0,0,0,0,1,{fileID: 0},0,0,1,{fileID: 1257471016279936},1257471016279936,0,{fileID: 0},0,{fileID: 0},0,"{fileID: -248771874, guid: 1fa22c2b5ebef5f8f09692d9ba1e5baa, type: 3}",-248771874,1fa22c2b5ebef5f8f09692d9ba1e5baa,Assets/Plugins/LeTai.TrueShadow.dll,0,"{x: 0.27349573, y: -1.4951923}",79.63423,1.52,0,2,0,0,0
LevelManager,Assets/GameObject/LevelManager.prefab,LeTai.TrueShadow,1fa22c2b5ebef5f8f09692d9ba1e5baa,-248771874,0,[],0,"{r: 0, g: 0, b: 0, a: 1}",2,0,0,0,0,0,{fileID: 0},0,0,1,{fileID: 1205772886245144},1205772886245144,0,{fileID: 0},0,{fileID: 0},0,"{fileID: -248771874, guid: 1fa22c2b5ebef5f8f09692d9ba1e5baa, type: 3}",-248771874,1fa22c2b5ebef5f8f09692d9ba1e5baa,Assets/Plugins/LeTai.TrueShadow.dll,0,"{x: 0, y: -0}",90,0,0,5,0,1,0
LevelManager,Assets/GameObject/LevelManager.prefab,LeTai.TrueShadow,1fa22c2b5ebef5f8f09692d9ba1e5baa,-248771874,0,[],0,"{r: 0, g: 0, b: 0, a: 0.6}",2,0,0,0,0,0,{fileID: 0},0,0,1,{fileID: 1641591396416724},1641591396416724,0,{fileID: 0},0,{fileID: 0},0,"{fileID: -248771874, guid: 1fa22c2b5ebef5f8f09692d9ba1e5baa, type: 3}",-248771874,1fa22c2b5ebef5f8f09692d9ba1e5baa,Assets/Plugins/LeTai.TrueShadow.dll,0,"{x: 3.5355334, y: -3.5355341}",45,5,0,10,0,1,0
LevelManager,Assets/GameObject/LevelManager.prefab,LeTai.TrueShadow,1fa22c2b5ebef5f8f09692d9ba1e5baa,-248771874,0,[],1,"{r: 0.4764151, g: 1, b: 0.62022334, a: 1}",2,0,0,1,1,1,{fileID: 0},0,0,1,{fileID: 1074765647386590},1074765647386590,0,{fileID: 0},0,{fileID: 0},0,"{fileID: -248771874, guid: 1fa22c2b5ebef5f8f09692d9ba1e5baa, type: 3}",-248771874,1fa22c2b5ebef5f8f09692d9ba1e5baa,Assets/Plugins/LeTai.TrueShadow.dll,0,"{x: 0, y: -0}",90,0,0,17.85,0,0,0
LevelManager,Assets/GameObject/LevelManager.prefab,LeTai.TrueShadow,1fa22c2b5ebef5f8f09692d9ba1e5baa,-248771874,0,[],0,"{r: 0, g: 0, b: 0, a: 0.6}",2,0,0,0,0,0,{fileID: 0},0,0,0,{fileID: 1585560756300481},1585560756300481,0,{fileID: 0},0,{fileID: 0},0,"{fileID: -248771874, guid: 1fa22c2b5ebef5f8f09692d9ba1e5baa, type: 3}",-248771874,1fa22c2b5ebef5f8f09692d9ba1e5baa,Assets/Plugins/LeTai.TrueShadow.dll,0,"{x: 1.4142134, y: -1.4142137}",45,2,0,8,0,1,0
LevelManager,Assets/GameObject/LevelManager.prefab,LeTai.TrueShadow,1fa22c2b5ebef5f8f09692d9ba1e5baa,-248771874,0,[],0,"{r: 0, g: 0, b: 0, a: 0.72156864}",2,0,0,1,1,0,{fileID: 0},0,0,1,{fileID: 1726895119394399},1726895119394399,0,{fileID: 0},0,{fileID: 0},0,"{fileID: -248771874, guid: 1fa22c2b5ebef5f8f09692d9ba1e5baa, type: 3}",-248771874,1fa22c2b5ebef5f8f09692d9ba1e5baa,Assets/Plugins/LeTai.TrueShadow.dll,0,"{x: 5.9195232, y: -5.38138}",42.273666,8,0,3,0.5,1,0
LevelManager,Assets/GameObject/LevelManager.prefab,LeTai.TrueShadow,1fa22c2b5ebef5f8f09692d9ba1e5baa,-248771874,0,[],0,"{r: 1, g: 1, b: 1, a: 1}",2,0,0,1,0,0,{fileID: 0},0,0,0,{fileID: 1905002935818032},1905002935818032,0,{fileID: 0},0,{fileID: 0},0,"{fileID: -248771874, guid: 1fa22c2b5ebef5f8f09692d9ba1e5baa, type: 3}",-248771874,1fa22c2b5ebef5f8f09692d9ba1e5baa,Assets/Plugins/LeTai.TrueShadow.dll,0,"{x: 0, y: -0}",90,0,0,1,0,1,0
LevelManager,Assets/GameObject/LevelManager.prefab,LeTai.TrueShadow,1fa22c2b5ebef5f8f09692d9ba1e5baa,-248771874,0,[],0,"{r: 1, g: 1, b: 1, a: 0.6}",2,0,0,0,0,0,{fileID: 0},0,0,1,{fileID: 1420490365472147},1420490365472147,0,{fileID: 0},0,{fileID: 0},0,"{fileID: -248771874, guid: 1fa22c2b5ebef5f8f09692d9ba1e5baa, type: 3}",-248771874,1fa22c2b5ebef5f8f09692d9ba1e5baa,Assets/Plugins/LeTai.TrueShadow.dll,0,"{x: 0, y: -0}",90,0,0,2,0,1,0
LevelManager,Assets/GameObject/LevelManager.prefab,LeTai.TrueShadow,1fa22c2b5ebef5f8f09692d9ba1e5baa,-248771874,0,[],0,"{r: 1, g: 1, b: 1, a: 0.6}",2,0,0,0,0,0,{fileID: 0},0,0,1,{fileID: 1762340075824897},1762340075824897,0,{fileID: 0},0,{fileID: 0},0,"{fileID: -248771874, guid: 1fa22c2b5ebef5f8f09692d9ba1e5baa, type: 3}",-248771874,1fa22c2b5ebef5f8f09692d9ba1e5baa,Assets/Plugins/LeTai.TrueShadow.dll,0,"{x: 0, y: -0}",90,0,0,2,0,1,0
LevelManager,Assets/GameObject/LevelManager.prefab,LeTai.TrueShadow,1fa22c2b5ebef5f8f09692d9ba1e5baa,-248771874,0,[],0,"{r: 1, g: 1, b: 1, a: 0.6}",2,0,0,0,0,0,{fileID: 0},0,0,1,{fileID: 1020336065210922},1020336065210922,0,{fileID: 0},0,{fileID: 0},0,"{fileID: -248771874, guid: 1fa22c2b5ebef5f8f09692d9ba1e5baa, type: 3}",-248771874,1fa22c2b5ebef5f8f09692d9ba1e5baa,Assets/Plugins/LeTai.TrueShadow.dll,0,"{x: 0, y: -0}",90,0,0,2,0,1,0
LevelManager,Assets/GameObject/LevelManager.prefab,LeTai.TrueShadow,1fa22c2b5ebef5f8f09692d9ba1e5baa,-248771874,0,[],0,"{r: 0, g: 0, b: 0, a: 0.6}",2,0,0,0,0,0,{fileID: 0},0,0,0,{fileID: 1063629926104066},1063629926104066,0,{fileID: 0},0,{fileID: 0},0,"{fileID: -248771874, guid: 1fa22c2b5ebef5f8f09692d9ba1e5baa, type: 3}",-248771874,1fa22c2b5ebef5f8f09692d9ba1e5baa,Assets/Plugins/LeTai.TrueShadow.dll,0,"{x: 1.7881396E-07, y: -3}",90,3,0,6,0,1,0
LevelManager,Assets/GameObject/LevelManager.prefab,LeTai.TrueShadow,1fa22c2b5ebef5f8f09692d9ba1e5baa,-248771874,0,[],1,"{r: 0.4764151, g: 1, b: 0.62022334, a: 1}",2,0,0,1,1,1,{fileID: 0},0,0,1,{fileID: 1429340858396761},1429340858396761,0,{fileID: 0},0,{fileID: 0},0,"{fileID: -248771874, guid: 1fa22c2b5ebef5f8f09692d9ba1e5baa, type: 3}",-248771874,1fa22c2b5ebef5f8f09692d9ba1e5baa,Assets/Plugins/LeTai.TrueShadow.dll,0,"{x: 0, y: -0}",90,0,0,17.85,0,0,0
LevelManager,Assets/GameObject/LevelManager.prefab,LeTai.TrueShadow,1fa22c2b5ebef5f8f09692d9ba1e5baa,-248771874,0,[],0,"{r: 0, g: 0, b: 0, a: 0.6}",2,0,0,0,0,0,{fileID: 0},0,0,0,{fileID: 1597874046429042},1597874046429042,0,{fileID: 0},0,{fileID: 0},0,"{fileID: -248771874, guid: 1fa22c2b5ebef5f8f09692d9ba1e5baa, type: 3}",-248771874,1fa22c2b5ebef5f8f09692d9ba1e5baa,Assets/Plugins/LeTai.TrueShadow.dll,0,"{x: 1.4142134, y: -1.4142137}",45,2,0,8,0,1,0
LevelManager,Assets/GameObject/LevelManager.prefab,LeTai.TrueShadow,1fa22c2b5ebef5f8f09692d9ba1e5baa,-248771874,0,[],0,"{r: 0, g: 0, b: 0, a: 0.72156864}",2,0,0,1,1,0,{fileID: 0},0,0,1,{fileID: 1435452820586004},1435452820586004,0,{fileID: 0},0,{fileID: 0},0,"{fileID: -248771874, guid: 1fa22c2b5ebef5f8f09692d9ba1e5baa, type: 3}",-248771874,1fa22c2b5ebef5f8f09692d9ba1e5baa,Assets/Plugins/LeTai.TrueShadow.dll,0,"{x: 5.9195232, y: -5.38138}",42.273666,8,0,3,0.5,1,0
LevelManager,Assets/GameObject/LevelManager.prefab,LeTai.TrueShadow,1fa22c2b5ebef5f8f09692d9ba1e5baa,-248771874,0,[],0,"{r: 1, g: 1, b: 1, a: 1}",2,0,0,1,0,0,{fileID: 0},0,0,0,{fileID: 1034873649070932},1034873649070932,0,{fileID: 0},0,{fileID: 0},0,"{fileID: -248771874, guid: 1fa22c2b5ebef5f8f09692d9ba1e5baa, type: 3}",-248771874,1fa22c2b5ebef5f8f09692d9ba1e5baa,Assets/Plugins/LeTai.TrueShadow.dll,0,"{x: 0, y: -0}",90,0,0,1,0,1,0
LevelManager,Assets/GameObject/LevelManager.prefab,LeTai.TrueShadow,1fa22c2b5ebef5f8f09692d9ba1e5baa,-248771874,0,[],0,"{r: 1, g: 1, b: 1, a: 0.6}",2,0,0,0,0,0,{fileID: 0},0,0,1,{fileID: 1039680345495800},1039680345495800,0,{fileID: 0},0,{fileID: 0},0,"{fileID: -248771874, guid: 1fa22c2b5ebef5f8f09692d9ba1e5baa, type: 3}",-248771874,1fa22c2b5ebef5f8f09692d9ba1e5baa,Assets/Plugins/LeTai.TrueShadow.dll,0,"{x: 0, y: -0}",90,0,0,2,0,1,0
LevelManager,Assets/GameObject/LevelManager.prefab,LeTai.TrueShadow,1fa22c2b5ebef5f8f09692d9ba1e5baa,-248771874,0,[],0,"{r: 1, g: 1, b: 1, a: 0.6}",2,0,0,0,0,0,{fileID: 0},0,0,1,{fileID: 1638990796136667},1638990796136667,0,{fileID: 0},0,{fileID: 0},0,"{fileID: -248771874, guid: 1fa22c2b5ebef5f8f09692d9ba1e5baa, type: 3}",-248771874,1fa22c2b5ebef5f8f09692d9ba1e5baa,Assets/Plugins/LeTai.TrueShadow.dll,0,"{x: 0, y: -0}",90,0,0,2,0,1,0
LevelManager,Assets/GameObject/LevelManager.prefab,LeTai.TrueShadow,1fa22c2b5ebef5f8f09692d9ba1e5baa,-248771874,0,[],0,"{r: 1, g: 1, b: 1, a: 0.6}",2,0,0,0,0,0,{fileID: 0},0,0,1,{fileID: 1192869216420944},1192869216420944,0,{fileID: 0},0,{fileID: 0},0,"{fileID: -248771874, guid: 1fa22c2b5ebef5f8f09692d9ba1e5baa, type: 3}",-248771874,1fa22c2b5ebef5f8f09692d9ba1e5baa,Assets/Plugins/LeTai.TrueShadow.dll,0,"{x: 0, y: -0}",90,0,0,2,0,1,0
LevelManager,Assets/GameObject/LevelManager.prefab,LeTai.TrueShadow,1fa22c2b5ebef5f8f09692d9ba1e5baa,-248771874,0,[],0,"{r: 0, g: 0, b: 0, a: 0.6}",2,0,0,0,0,0,{fileID: 0},0,0,0,{fileID: 1193110906142156},1193110906142156,0,{fileID: 0},0,{fileID: 0},0,"{fileID: -248771874, guid: 1fa22c2b5ebef5f8f09692d9ba1e5baa, type: 3}",-248771874,1fa22c2b5ebef5f8f09692d9ba1e5baa,Assets/Plugins/LeTai.TrueShadow.dll,0,"{x: 1.7881396E-07, y: -3}",90,3,0,6,0,1,0
LevelManager,Assets/GameObject/LevelManager.prefab,LeTai.TrueShadow,1fa22c2b5ebef5f8f09692d9ba1e5baa,-248771874,0,[],1,"{r: 0.4764151, g: 1, b: 0.62022334, a: 1}",2,0,0,1,1,1,{fileID: 0},0,0,1,{fileID: 1967654413563937},1967654413563937,0,{fileID: 0},0,{fileID: 0},0,"{fileID: -248771874, guid: 1fa22c2b5ebef5f8f09692d9ba1e5baa, type: 3}",-248771874,1fa22c2b5ebef5f8f09692d9ba1e5baa,Assets/Plugins/LeTai.TrueShadow.dll,0,"{x: 0, y: -0}",90,0,0,17.85,0,0,0
LevelManager,Assets/GameObject/LevelManager.prefab,LeTai.TrueShadow,1fa22c2b5ebef5f8f09692d9ba1e5baa,-248771874,0,[],0,"{r: 0, g: 0, b: 0, a: 0.6}",2,0,0,0,0,0,{fileID: 0},0,0,0,{fileID: 1665355303368493},1665355303368493,0,{fileID: 0},0,{fileID: 0},0,"{fileID: -248771874, guid: 1fa22c2b5ebef5f8f09692d9ba1e5baa, type: 3}",-248771874,1fa22c2b5ebef5f8f09692d9ba1e5baa,Assets/Plugins/LeTai.TrueShadow.dll,0,"{x: 1.4142134, y: -1.4142137}",45,2,0,8,0,1,0
LevelManager,Assets/GameObject/LevelManager.prefab,LeTai.TrueShadow,1fa22c2b5ebef5f8f09692d9ba1e5baa,-248771874,0,[],0,"{r: 0, g: 0, b: 0, a: 0.72156864}",2,0,0,1,1,0,{fileID: 0},0,0,1,{fileID: 1007775737854258},1007775737854258,0,{fileID: 0},0,{fileID: 0},0,"{fileID: -248771874, guid: 1fa22c2b5ebef5f8f09692d9ba1e5baa, type: 3}",-248771874,1fa22c2b5ebef5f8f09692d9ba1e5baa,Assets/Plugins/LeTai.TrueShadow.dll,0,"{x: 5.9195232, y: -5.38138}",42.273666,8,0,3,0.5,1,0
LevelManager,Assets/GameObject/LevelManager.prefab,LeTai.TrueShadow,1fa22c2b5ebef5f8f09692d9ba1e5baa,-248771874,0,[],0,"{r: 1, g: 1, b: 1, a: 1}",2,0,0,1,0,0,{fileID: 0},0,0,0,{fileID: 1272289433103350},1272289433103350,0,{fileID: 0},0,{fileID: 0},0,"{fileID: -248771874, guid: 1fa22c2b5ebef5f8f09692d9ba1e5baa, type: 3}",-248771874,1fa22c2b5ebef5f8f09692d9ba1e5baa,Assets/Plugins/LeTai.TrueShadow.dll,0,"{x: 0, y: -0}",90,0,0,1,0,1,0
LevelManager,Assets/GameObject/LevelManager.prefab,LeTai.TrueShadow,1fa22c2b5ebef5f8f09692d9ba1e5baa,-248771874,0,[],0,"{r: 1, g: 1, b: 1, a: 0.6}",2,0,0,0,0,0,{fileID: 0},0,0,1,{fileID: 1042547010967177},1042547010967177,0,{fileID: 0},0,{fileID: 0},0,"{fileID: -248771874, guid: 1fa22c2b5ebef5f8f09692d9ba1e5baa, type: 3}",-248771874,1fa22c2b5ebef5f8f09692d9ba1e5baa,Assets/Plugins/LeTai.TrueShadow.dll,0,"{x: 0, y: -0}",90,0,0,2,0,1,0
LevelManager,Assets/GameObject/LevelManager.prefab,LeTai.TrueShadow,1fa22c2b5ebef5f8f09692d9ba1e5baa,-248771874,0,[],0,"{r: 1, g: 1, b: 1, a: 0.6}",2,0,0,0,0,0,{fileID: 0},0,0,1,{fileID: 1133747083116551},1133747083116551,0,{fileID: 0},0,{fileID: 0},0,"{fileID: -248771874, guid: 1fa22c2b5ebef5f8f09692d9ba1e5baa, type: 3}",-248771874,1fa22c2b5ebef5f8f09692d9ba1e5baa,Assets/Plugins/LeTai.TrueShadow.dll,0,"{x: 0, y: -0}",90,0,0,2,0,1,0
LevelManager,Assets/GameObject/LevelManager.prefab,LeTai.TrueShadow,1fa22c2b5ebef5f8f09692d9ba1e5baa,-248771874,0,[],0,"{r: 1, g: 1, b: 1, a: 0.6}",2,0,0,0,0,0,{fileID: 0},0,0,1,{fileID: 1028577679466690},1028577679466690,0,{fileID: 0},0,{fileID: 0},0,"{fileID: -248771874, guid: 1fa22c2b5ebef5f8f09692d9ba1e5baa, type: 3}",-248771874,1fa22c2b5ebef5f8f09692d9ba1e5baa,Assets/Plugins/LeTai.TrueShadow.dll,0,"{x: 0, y: -0}",90,0,0,2,0,1,0
LevelManager,Assets/GameObject/LevelManager.prefab,LeTai.TrueShadow,1fa22c2b5ebef5f8f09692d9ba1e5baa,-248771874,0,[],0,"{r: 0, g: 0, b: 0, a: 0.6}",2,0,0,0,0,0,{fileID: 0},0,0,0,{fileID: 1745736075195381},1745736075195381,0,{fileID: 0},0,{fileID: 0},0,"{fileID: -248771874, guid: 1fa22c2b5ebef5f8f09692d9ba1e5baa, type: 3}",-248771874,1fa22c2b5ebef5f8f09692d9ba1e5baa,Assets/Plugins/LeTai.TrueShadow.dll,0,"{x: 1.7881396E-07, y: -3}",90,3,0,6,0,1,0
LevelManager,Assets/GameObject/LevelManager.prefab,LeTai.TrueShadow,1fa22c2b5ebef5f8f09692d9ba1e5baa,-248771874,0,[],1,"{r: 0.4764151, g: 1, b: 0.62022334, a: 1}",2,0,0,1,1,1,{fileID: 0},0,0,1,{fileID: 1576399075965259},1576399075965259,0,{fileID: 0},0,{fileID: 0},0,"{fileID: -248771874, guid: 1fa22c2b5ebef5f8f09692d9ba1e5baa, type: 3}",-248771874,1fa22c2b5ebef5f8f09692d9ba1e5baa,Assets/Plugins/LeTai.TrueShadow.dll,0,"{x: 0, y: -0}",90,0,0,17.85,0,0,0
LevelManager,Assets/GameObject/LevelManager.prefab,LeTai.TrueShadow,1fa22c2b5ebef5f8f09692d9ba1e5baa,-248771874,0,[],0,"{r: 0, g: 0, b: 0, a: 0.6}",2,0,0,0,0,0,{fileID: 0},0,0,0,{fileID: 1599215425885066},1599215425885066,0,{fileID: 0},0,{fileID: 0},0,"{fileID: -248771874, guid: 1fa22c2b5ebef5f8f09692d9ba1e5baa, type: 3}",-248771874,1fa22c2b5ebef5f8f09692d9ba1e5baa,Assets/Plugins/LeTai.TrueShadow.dll,0,"{x: 1.4142134, y: -1.4142137}",45,2,0,8,0,1,0
LevelManager,Assets/GameObject/LevelManager.prefab,LeTai.TrueShadow,1fa22c2b5ebef5f8f09692d9ba1e5baa,-248771874,0,[],0,"{r: 0, g: 0, b: 0, a: 0.72156864}",2,0,0,1,1,0,{fileID: 0},0,0,1,{fileID: 1126513243169529},1126513243169529,0,{fileID: 0},0,{fileID: 0},0,"{fileID: -248771874, guid: 1fa22c2b5ebef5f8f09692d9ba1e5baa, type: 3}",-248771874,1fa22c2b5ebef5f8f09692d9ba1e5baa,Assets/Plugins/LeTai.TrueShadow.dll,0,"{x: 5.9195232, y: -5.38138}",42.273666,8,0,3,0.5,1,0
LevelManager,Assets/GameObject/LevelManager.prefab,LeTai.TrueShadow,1fa22c2b5ebef5f8f09692d9ba1e5baa,-248771874,0,[],0,"{r: 1, g: 1, b: 1, a: 1}",2,0,0,1,0,0,{fileID: 0},0,0,0,{fileID: 1549267688061033},1549267688061033,0,{fileID: 0},0,{fileID: 0},0,"{fileID: -248771874, guid: 1fa22c2b5ebef5f8f09692d9ba1e5baa, type: 3}",-248771874,1fa22c2b5ebef5f8f09692d9ba1e5baa,Assets/Plugins/LeTai.TrueShadow.dll,0,"{x: 0, y: -0}",90,0,0,1,0,1,0
LevelManager,Assets/GameObject/LevelManager.prefab,LeTai.TrueShadow,1fa22c2b5ebef5f8f09692d9ba1e5baa,-248771874,0,[],0,"{r: 1, g: 1, b: 1, a: 0.6}",2,0,0,0,0,0,{fileID: 0},0,0,1,{fileID: 1157104941100977},1157104941100977,0,{fileID: 0},0,{fileID: 0},0,"{fileID: -248771874, guid: 1fa22c2b5ebef5f8f09692d9ba1e5baa, type: 3}",-248771874,1fa22c2b5ebef5f8f09692d9ba1e5baa,Assets/Plugins/LeTai.TrueShadow.dll,0,"{x: 0, y: -0}",90,0,0,2,0,1,0
LevelManager,Assets/GameObject/LevelManager.prefab,LeTai.TrueShadow,1fa22c2b5ebef5f8f09692d9ba1e5baa,-248771874,0,[],0,"{r: 1, g: 1, b: 1, a: 0.6}",2,0,0,0,0,0,{fileID: 0},0,0,1,{fileID: 1351446927868648},1351446927868648,0,{fileID: 0},0,{fileID: 0},0,"{fileID: -248771874, guid: 1fa22c2b5ebef5f8f09692d9ba1e5baa, type: 3}",-248771874,1fa22c2b5ebef5f8f09692d9ba1e5baa,Assets/Plugins/LeTai.TrueShadow.dll,0,"{x: 0, y: -0}",90,0,0,2,0,1,0
LevelManager,Assets/GameObject/LevelManager.prefab,LeTai.TrueShadow,1fa22c2b5ebef5f8f09692d9ba1e5baa,-248771874,0,[],0,"{r: 1, g: 1, b: 1, a: 0.6}",2,0,0,0,0,0,{fileID: 0},0,0,1,{fileID: 1644752608274926},1644752608274926,0,{fileID: 0},0,{fileID: 0},0,"{fileID: -248771874, guid: 1fa22c2b5ebef5f8f09692d9ba1e5baa, type: 3}",-248771874,1fa22c2b5ebef5f8f09692d9ba1e5baa,Assets/Plugins/LeTai.TrueShadow.dll,0,"{x: 0, y: -0}",90,0,0,2,0,1,0
LevelManager,Assets/GameObject/LevelManager.prefab,LeTai.TrueShadow,1fa22c2b5ebef5f8f09692d9ba1e5baa,-248771874,0,[],0,"{r: 0, g: 0, b: 0, a: 0.6}",2,0,0,0,0,0,{fileID: 0},0,0,0,{fileID: 1483601916664484},1483601916664484,0,{fileID: 0},0,{fileID: 0},0,"{fileID: -248771874, guid: 1fa22c2b5ebef5f8f09692d9ba1e5baa, type: 3}",-248771874,1fa22c2b5ebef5f8f09692d9ba1e5baa,Assets/Plugins/LeTai.TrueShadow.dll,0,"{x: 1.7881396E-07, y: -3}",90,3,0,6,0,1,0
LevelManager,Assets/GameObject/LevelManager.prefab,LeTai.TrueShadow,1fa22c2b5ebef5f8f09692d9ba1e5baa,-248771874,0,[],1,"{r: 0.4764151, g: 1, b: 0.62022334, a: 1}",2,0,0,1,1,1,{fileID: 0},0,0,1,{fileID: 1988120003431297},1988120003431297,0,{fileID: 0},0,{fileID: 0},0,"{fileID: -248771874, guid: 1fa22c2b5ebef5f8f09692d9ba1e5baa, type: 3}",-248771874,1fa22c2b5ebef5f8f09692d9ba1e5baa,Assets/Plugins/LeTai.TrueShadow.dll,0,"{x: 0, y: -0}",90,0,0,17.85,0,0,0
LevelManager,Assets/GameObject/LevelManager.prefab,LeTai.TrueShadow,1fa22c2b5ebef5f8f09692d9ba1e5baa,-248771874,0,[],0,"{r: 0, g: 0, b: 0, a: 0.6}",2,0,0,0,0,0,{fileID: 0},0,0,0,{fileID: 1925909174289994},1925909174289994,0,{fileID: 0},0,{fileID: 0},0,"{fileID: -248771874, guid: 1fa22c2b5ebef5f8f09692d9ba1e5baa, type: 3}",-248771874,1fa22c2b5ebef5f8f09692d9ba1e5baa,Assets/Plugins/LeTai.TrueShadow.dll,0,"{x: 1.4142134, y: -1.4142137}",45,2,0,8,0,1,0
LevelManager,Assets/GameObject/LevelManager.prefab,LeTai.TrueShadow,1fa22c2b5ebef5f8f09692d9ba1e5baa,-248771874,0,[],0,"{r: 0, g: 0, b: 0, a: 0.72156864}",2,0,0,1,1,0,{fileID: 0},0,0,1,{fileID: 1087625879128363},1087625879128363,0,{fileID: 0},0,{fileID: 0},0,"{fileID: -248771874, guid: 1fa22c2b5ebef5f8f09692d9ba1e5baa, type: 3}",-248771874,1fa22c2b5ebef5f8f09692d9ba1e5baa,Assets/Plugins/LeTai.TrueShadow.dll,0,"{x: 5.9195232, y: -5.38138}",42.273666,8,0,3,0.5,1,0
LevelManager,Assets/GameObject/LevelManager.prefab,LeTai.TrueShadow,1fa22c2b5ebef5f8f09692d9ba1e5baa,-248771874,0,[],0,"{r: 1, g: 1, b: 1, a: 1}",2,0,0,1,0,0,{fileID: 0},0,0,0,{fileID: 1220569490352615},1220569490352615,0,{fileID: 0},0,{fileID: 0},0,"{fileID: -248771874, guid: 1fa22c2b5ebef5f8f09692d9ba1e5baa, type: 3}",-248771874,1fa22c2b5ebef5f8f09692d9ba1e5baa,Assets/Plugins/LeTai.TrueShadow.dll,0,"{x: 0, y: -0}",90,0,0,1,0,1,0
LevelManager,Assets/GameObject/LevelManager.prefab,LeTai.TrueShadow,1fa22c2b5ebef5f8f09692d9ba1e5baa,-248771874,0,[],0,"{r: 1, g: 1, b: 1, a: 0.6}",2,0,0,0,0,0,{fileID: 0},0,0,1,{fileID: 1679431479625569},1679431479625569,0,{fileID: 0},0,{fileID: 0},0,"{fileID: -248771874, guid: 1fa22c2b5ebef5f8f09692d9ba1e5baa, type: 3}",-248771874,1fa22c2b5ebef5f8f09692d9ba1e5baa,Assets/Plugins/LeTai.TrueShadow.dll,0,"{x: 0, y: -0}",90,0,0,2,0,1,0
LevelManager,Assets/GameObject/LevelManager.prefab,LeTai.TrueShadow,1fa22c2b5ebef5f8f09692d9ba1e5baa,-248771874,0,[],0,"{r: 1, g: 1, b: 1, a: 0.6}",2,0,0,0,0,0,{fileID: 0},0,0,1,{fileID: 1299850939635419},1299850939635419,0,{fileID: 0},0,{fileID: 0},0,"{fileID: -248771874, guid: 1fa22c2b5ebef5f8f09692d9ba1e5baa, type: 3}",-248771874,1fa22c2b5ebef5f8f09692d9ba1e5baa,Assets/Plugins/LeTai.TrueShadow.dll,0,"{x: 0, y: -0}",90,0,0,2,0,1,0
LevelManager,Assets/GameObject/LevelManager.prefab,LeTai.TrueShadow,1fa22c2b5ebef5f8f09692d9ba1e5baa,-248771874,0,[],0,"{r: 1, g: 1, b: 1, a: 0.6}",2,0,0,0,0,0,{fileID: 0},0,0,1,{fileID: 1794555247612487},1794555247612487,0,{fileID: 0},0,{fileID: 0},0,"{fileID: -248771874, guid: 1fa22c2b5ebef5f8f09692d9ba1e5baa, type: 3}",-248771874,1fa22c2b5ebef5f8f09692d9ba1e5baa,Assets/Plugins/LeTai.TrueShadow.dll,0,"{x: 0, y: -0}",90,0,0,2,0,1,0
LevelManager,Assets/GameObject/LevelManager.prefab,LeTai.TrueShadow,1fa22c2b5ebef5f8f09692d9ba1e5baa,-248771874,0,[],0,"{r: 0, g: 0, b: 0, a: 0.6}",2,0,0,0,0,0,{fileID: 0},0,0,0,{fileID: 1073111579195336},1073111579195336,0,{fileID: 0},0,{fileID: 0},0,"{fileID: -248771874, guid: 1fa22c2b5ebef5f8f09692d9ba1e5baa, type: 3}",-248771874,1fa22c2b5ebef5f8f09692d9ba1e5baa,Assets/Plugins/LeTai.TrueShadow.dll,0,"{x: 1.7881396E-07, y: -3}",90,3,0,6,0,1,0
LevelManager,Assets/GameObject/LevelManager.prefab,LeTai.TrueShadow,1fa22c2b5ebef5f8f09692d9ba1e5baa,-248771874,0,[],0,"{r: 1, g: 1, b: 1, a: 1}",2,0,0,0,0,0,{fileID: 0},0,0,0,{fileID: 1534695983879388},1534695983879388,0,{fileID: 0},0,{fileID: 0},0,"{fileID: -248771874, guid: 1fa22c2b5ebef5f8f09692d9ba1e5baa, type: 3}",-248771874,1fa22c2b5ebef5f8f09692d9ba1e5baa,Assets/Plugins/LeTai.TrueShadow.dll,0,"{x: 1.192093E-07, y: -2}",90,2,0,3.4,0.197,1,0
LevelManager,Assets/GameObject/LevelManager.prefab,LeTai.TrueShadow,1fa22c2b5ebef5f8f09692d9ba1e5baa,-248771874,0,[],0,"{r: 1, g: 1, b: 1, a: 1}",2,0,0,0,0,0,{fileID: 0},0,0,0,{fileID: 1578305360340380},1578305360340380,0,{fileID: 0},0,{fileID: 0},0,"{fileID: -248771874, guid: 1fa22c2b5ebef5f8f09692d9ba1e5baa, type: 3}",-248771874,1fa22c2b5ebef5f8f09692d9ba1e5baa,Assets/Plugins/LeTai.TrueShadow.dll,0,"{x: 1.192093E-07, y: 2}",270,2,0,3.4,0.197,1,0
LevelManager,Assets/GameObject/LevelManager.prefab,LeTai.TrueShadow,1fa22c2b5ebef5f8f09692d9ba1e5baa,-248771874,0,[],0,"{r: 0, g: 0, b: 0, a: 0.5686275}",2,0,0,0,0,1,{fileID: 0},0,0,1,{fileID: 1808649965142369},1808649965142369,0,{fileID: 0},0,{fileID: 0},0,"{fileID: -248771874, guid: 1fa22c2b5ebef5f8f09692d9ba1e5baa, type: 3}",-248771874,1fa22c2b5ebef5f8f09692d9ba1e5baa,Assets/Plugins/LeTai.TrueShadow.dll,0,"{x: 0.27349573, y: -1.4951923}",79.63423,1.52,0,2,0,0,0
LevelManager,Assets/GameObject/LevelManager.prefab,LeTai.TrueShadow,1fa22c2b5ebef5f8f09692d9ba1e5baa,-248771874,0,[],0,"{r: 0, g: 0, b: 0, a: 1}",2,0,0,0,0,0,{fileID: 0},0,0,1,{fileID: 1622682592901765},1622682592901765,0,{fileID: 0},0,{fileID: 0},0,"{fileID: -248771874, guid: 1fa22c2b5ebef5f8f09692d9ba1e5baa, type: 3}",-248771874,1fa22c2b5ebef5f8f09692d9ba1e5baa,Assets/Plugins/LeTai.TrueShadow.dll,0,"{x: 0, y: -0}",90,0,0,5,0,1,0
LevelManager,Assets/GameObject/LevelManager.prefab,LeTai.TrueShadow,1fa22c2b5ebef5f8f09692d9ba1e5baa,-248771874,0,[],0,"{r: 1, g: 0.4198113, b: 0.4198113, a: 0.49803922}",2,0,0,1,0,0,{fileID: 0},0,0,0,{fileID: 1727575029855368},1727575029855368,0,{fileID: 0},0,{fileID: 0},0,"{fileID: -248771874, guid: 1fa22c2b5ebef5f8f09692d9ba1e5baa, type: 3}",-248771874,1fa22c2b5ebef5f8f09692d9ba1e5baa,Assets/Plugins/LeTai.TrueShadow.dll,0,"{x: 0, y: -0}",45,0,0,10,0,1,0
LevelManager,Assets/GameObject/LevelManager.prefab,LeTai.TrueShadow,1fa22c2b5ebef5f8f09692d9ba1e5baa,-248771874,0,[],0,"{r: 1, g: 1, b: 1, a: 0.25490198}",2,0,0,0,0,0,{fileID: 0},0,0,0,{fileID: 1703768897893255},1703768897893255,0,{fileID: 0},0,{fileID: 0},0,"{fileID: -248771874, guid: 1fa22c2b5ebef5f8f09692d9ba1e5baa, type: 3}",-248771874,1fa22c2b5ebef5f8f09692d9ba1e5baa,Assets/Plugins/LeTai.TrueShadow.dll,0,"{x: 2.835498, y: -2.8354986}",45,4.01,0,3,0,1,0
LevelManager,Assets/GameObject/LevelManager.prefab,LeTai.TrueShadow,1fa22c2b5ebef5f8f09692d9ba1e5baa,-248771874,0,[],0,"{r: 0, g: 0, b: 0, a: 0.6}",2,0,0,0,0,0,{fileID: 0},0,0,0,{fileID: 1357466780583089},1357466780583089,0,{fileID: 0},0,{fileID: 0},0,"{fileID: -248771874, guid: 1fa22c2b5ebef5f8f09692d9ba1e5baa, type: 3}",-248771874,1fa22c2b5ebef5f8f09692d9ba1e5baa,Assets/Plugins/LeTai.TrueShadow.dll,0,"{x: 5.6568537, y: -5.6568546}",45,8,0,8,0,1,0
LevelManager,Assets/GameObject/LevelManager.prefab,LeTai.TrueShadow,1fa22c2b5ebef5f8f09692d9ba1e5baa,-248771874,0,[],0,"{r: 0, g: 0, b: 0, a: 0.72156864}",2,0,0,0,0,0,{fileID: 0},0,0,0,{fileID: 1750597405345804},1750597405345804,0,{fileID: 0},0,{fileID: 0},0,"{fileID: -248771874, guid: 1fa22c2b5ebef5f8f09692d9ba1e5baa, type: 3}",-248771874,1fa22c2b5ebef5f8f09692d9ba1e5baa,Assets/Plugins/LeTai.TrueShadow.dll,0,"{x: 5.9195232, y: -5.38138}",42.273666,8,0,15,0,1,0
LevelManager,Assets/GameObject/LevelManager.prefab,LeTai.TrueShadow,1fa22c2b5ebef5f8f09692d9ba1e5baa,-248771874,0,[],0,"{r: 0, g: 0, b: 0, a: 0.6}",2,0,0,0,0,0,{fileID: 0},0,0,1,{fileID: 1587644957873031},1587644957873031,0,{fileID: 0},0,{fileID: 0},0,"{fileID: -248771874, guid: 1fa22c2b5ebef5f8f09692d9ba1e5baa, type: 3}",-248771874,1fa22c2b5ebef5f8f09692d9ba1e5baa,Assets/Plugins/LeTai.TrueShadow.dll,0,"{x: 3.5355334, y: -3.5355341}",45,5,0,5,0,1,0
LevelManager,Assets/GameObject/LevelManager.prefab,LeTai.TrueShadow,1fa22c2b5ebef5f8f09692d9ba1e5baa,-248771874,0,[],0,"{r: 1, g: 1, b: 1, a: 1}",2,0,0,0,0,0,{fileID: 0},0,0,0,{fileID: 1590179587493581},1590179587493581,0,{fileID: 0},0,{fileID: 0},0,"{fileID: -248771874, guid: 1fa22c2b5ebef5f8f09692d9ba1e5baa, type: 3}",-248771874,1fa22c2b5ebef5f8f09692d9ba1e5baa,Assets/Plugins/LeTai.TrueShadow.dll,0,"{x: 1.192093E-07, y: -2}",90,2,0,3.4,0.197,1,0
LevelManager,Assets/GameObject/LevelManager.prefab,LeTai.TrueShadow,1fa22c2b5ebef5f8f09692d9ba1e5baa,-248771874,0,[],0,"{r: 1, g: 1, b: 1, a: 1}",2,0,0,0,0,0,{fileID: 0},0,0,0,{fileID: 1406253194792188},1406253194792188,0,{fileID: 0},0,{fileID: 0},0,"{fileID: -248771874, guid: 1fa22c2b5ebef5f8f09692d9ba1e5baa, type: 3}",-248771874,1fa22c2b5ebef5f8f09692d9ba1e5baa,Assets/Plugins/LeTai.TrueShadow.dll,0,"{x: 1.192093E-07, y: 2}",270,2,0,3.4,0.197,1,0
LevelManager,Assets/GameObject/LevelManager.prefab,LeTai.TrueShadow,1fa22c2b5ebef5f8f09692d9ba1e5baa,-248771874,0,[],0,"{r: 0, g: 0, b: 0, a: 0.5686275}",2,0,0,0,0,1,{fileID: 0},0,0,1,{fileID: 1605429518814119},1605429518814119,0,{fileID: 0},0,{fileID: 0},0,"{fileID: -248771874, guid: 1fa22c2b5ebef5f8f09692d9ba1e5baa, type: 3}",-248771874,1fa22c2b5ebef5f8f09692d9ba1e5baa,Assets/Plugins/LeTai.TrueShadow.dll,0,"{x: 0.27349573, y: -1.4951923}",79.63423,1.52,0,2,0,0,0
LevelManager,Assets/GameObject/LevelManager.prefab,LeTai.TrueShadow,1fa22c2b5ebef5f8f09692d9ba1e5baa,-248771874,0,[],0,"{r: 0, g: 0, b: 0, a: 1}",2,0,0,0,0,0,{fileID: 0},0,0,1,{fileID: 1599337631970907},1599337631970907,0,{fileID: 0},0,{fileID: 0},0,"{fileID: -248771874, guid: 1fa22c2b5ebef5f8f09692d9ba1e5baa, type: 3}",-248771874,1fa22c2b5ebef5f8f09692d9ba1e5baa,Assets/Plugins/LeTai.TrueShadow.dll,0,"{x: 0, y: -0}",90,0,0,5,0,1,0
LevelManager,Assets/GameObject/LevelManager.prefab,LeTai.TrueShadow,1fa22c2b5ebef5f8f09692d9ba1e5baa,-248771874,0,[],0,"{r: 0, g: 0, b: 0, a: 0.6}",2,0,0,0,0,0,{fileID: 0},0,0,1,{fileID: 1968558685098596},1968558685098596,0,{fileID: 0},0,{fileID: 0},0,"{fileID: -248771874, guid: 1fa22c2b5ebef5f8f09692d9ba1e5baa, type: 3}",-248771874,1fa22c2b5ebef5f8f09692d9ba1e5baa,Assets/Plugins/LeTai.TrueShadow.dll,0,"{x: 3.5355334, y: -3.5355341}",45,5,0,10,0,1,0
LevelManager,Assets/GameObject/LevelManager.prefab,LeTai.TrueShadow,1fa22c2b5ebef5f8f09692d9ba1e5baa,-248771874,0,[],1,"{r: 0.4764151, g: 1, b: 0.62022334, a: 1}",2,0,0,1,1,1,{fileID: 0},0,0,1,{fileID: 1558264018503518},1558264018503518,0,{fileID: 0},0,{fileID: 0},0,"{fileID: -248771874, guid: 1fa22c2b5ebef5f8f09692d9ba1e5baa, type: 3}",-248771874,1fa22c2b5ebef5f8f09692d9ba1e5baa,Assets/Plugins/LeTai.TrueShadow.dll,0,"{x: 0, y: -0}",90,0,0,17.85,0,0,0
LevelManager,Assets/GameObject/LevelManager.prefab,LeTai.TrueShadow,1fa22c2b5ebef5f8f09692d9ba1e5baa,-248771874,0,[],0,"{r: 0, g: 0, b: 0, a: 0.6}",2,0,0,0,0,0,{fileID: 0},0,0,0,{fileID: 1959940047545810},1959940047545810,0,{fileID: 0},0,{fileID: 0},0,"{fileID: -248771874, guid: 1fa22c2b5ebef5f8f09692d9ba1e5baa, type: 3}",-248771874,1fa22c2b5ebef5f8f09692d9ba1e5baa,Assets/Plugins/LeTai.TrueShadow.dll,0,"{x: 1.4142134, y: -1.4142137}",45,2,0,8,0,1,0
LevelManager,Assets/GameObject/LevelManager.prefab,LeTai.TrueShadow,1fa22c2b5ebef5f8f09692d9ba1e5baa,-248771874,0,[],0,"{r: 0, g: 0, b: 0, a: 0.72156864}",2,0,0,1,1,0,{fileID: 0},0,0,1,{fileID: 1650682137204023},1650682137204023,0,{fileID: 0},0,{fileID: 0},0,"{fileID: -248771874, guid: 1fa22c2b5ebef5f8f09692d9ba1e5baa, type: 3}",-248771874,1fa22c2b5ebef5f8f09692d9ba1e5baa,Assets/Plugins/LeTai.TrueShadow.dll,0,"{x: 5.9195232, y: -5.38138}",42.273666,8,0,3,0.5,1,0
LevelManager,Assets/GameObject/LevelManager.prefab,LeTai.TrueShadow,1fa22c2b5ebef5f8f09692d9ba1e5baa,-248771874,0,[],0,"{r: 1, g: 1, b: 1, a: 1}",2,0,0,1,0,0,{fileID: 0},0,0,0,{fileID: 1509042449168819},1509042449168819,0,{fileID: 0},0,{fileID: 0},0,"{fileID: -248771874, guid: 1fa22c2b5ebef5f8f09692d9ba1e5baa, type: 3}",-248771874,1fa22c2b5ebef5f8f09692d9ba1e5baa,Assets/Plugins/LeTai.TrueShadow.dll,0,"{x: 0, y: -0}",90,0,0,1,0,1,0
LevelManager,Assets/GameObject/LevelManager.prefab,LeTai.TrueShadow,1fa22c2b5ebef5f8f09692d9ba1e5baa,-248771874,0,[],0,"{r: 1, g: 1, b: 1, a: 0.6}",2,0,0,0,0,0,{fileID: 0},0,0,1,{fileID: 1139542657290687},1139542657290687,0,{fileID: 0},0,{fileID: 0},0,"{fileID: -248771874, guid: 1fa22c2b5ebef5f8f09692d9ba1e5baa, type: 3}",-248771874,1fa22c2b5ebef5f8f09692d9ba1e5baa,Assets/Plugins/LeTai.TrueShadow.dll,0,"{x: 0, y: -0}",90,0,0,2,0,1,0
LevelManager,Assets/GameObject/LevelManager.prefab,LeTai.TrueShadow,1fa22c2b5ebef5f8f09692d9ba1e5baa,-248771874,0,[],0,"{r: 1, g: 1, b: 1, a: 0.6}",2,0,0,0,0,0,{fileID: 0},0,0,1,{fileID: 1305767855217395},1305767855217395,0,{fileID: 0},0,{fileID: 0},0,"{fileID: -248771874, guid: 1fa22c2b5ebef5f8f09692d9ba1e5baa, type: 3}",-248771874,1fa22c2b5ebef5f8f09692d9ba1e5baa,Assets/Plugins/LeTai.TrueShadow.dll,0,"{x: 0, y: -0}",90,0,0,2,0,1,0
LevelManager,Assets/GameObject/LevelManager.prefab,LeTai.TrueShadow,1fa22c2b5ebef5f8f09692d9ba1e5baa,-248771874,0,[],0,"{r: 1, g: 1, b: 1, a: 0.6}",2,0,0,0,0,0,{fileID: 0},0,0,1,{fileID: 1346325205601573},1346325205601573,0,{fileID: 0},0,{fileID: 0},0,"{fileID: -248771874, guid: 1fa22c2b5ebef5f8f09692d9ba1e5baa, type: 3}",-248771874,1fa22c2b5ebef5f8f09692d9ba1e5baa,Assets/Plugins/LeTai.TrueShadow.dll,0,"{x: 0, y: -0}",90,0,0,2,0,1,0
LevelManager,Assets/GameObject/LevelManager.prefab,LeTai.TrueShadow,1fa22c2b5ebef5f8f09692d9ba1e5baa,-248771874,0,[],0,"{r: 0, g: 0, b: 0, a: 0.6}",2,0,0,0,0,0,{fileID: 0},0,0,0,{fileID: 1443243977432944},1443243977432944,0,{fileID: 0},0,{fileID: 0},0,"{fileID: -248771874, guid: 1fa22c2b5ebef5f8f09692d9ba1e5baa, type: 3}",-248771874,1fa22c2b5ebef5f8f09692d9ba1e5baa,Assets/Plugins/LeTai.TrueShadow.dll,0,"{x: 1.7881396E-07, y: -3}",90,3,0,6,0,1,0
LevelManager,Assets/GameObject/LevelManager.prefab,LeTai.TrueShadow,1fa22c2b5ebef5f8f09692d9ba1e5baa,-248771874,0,[],1,"{r: 0.4764151, g: 1, b: 0.62022334, a: 1}",2,0,0,1,1,1,{fileID: 0},0,0,1,{fileID: 1011999658981638},1011999658981638,0,{fileID: 0},0,{fileID: 0},0,"{fileID: -248771874, guid: 1fa22c2b5ebef5f8f09692d9ba1e5baa, type: 3}",-248771874,1fa22c2b5ebef5f8f09692d9ba1e5baa,Assets/Plugins/LeTai.TrueShadow.dll,0,"{x: 0, y: -0}",90,0,0,17.85,0,0,0
LevelManager,Assets/GameObject/LevelManager.prefab,LeTai.TrueShadow,1fa22c2b5ebef5f8f09692d9ba1e5baa,-248771874,0,[],0,"{r: 0, g: 0, b: 0, a: 0.6}",2,0,0,0,0,0,{fileID: 0},0,0,0,{fileID: 1930902979806408},1930902979806408,0,{fileID: 0},0,{fileID: 0},0,"{fileID: -248771874, guid: 1fa22c2b5ebef5f8f09692d9ba1e5baa, type: 3}",-248771874,1fa22c2b5ebef5f8f09692d9ba1e5baa,Assets/Plugins/LeTai.TrueShadow.dll,0,"{x: 1.4142134, y: -1.4142137}",45,2,0,8,0,1,0
LevelManager,Assets/GameObject/LevelManager.prefab,LeTai.TrueShadow,1fa22c2b5ebef5f8f09692d9ba1e5baa,-248771874,0,[],0,"{r: 0, g: 0, b: 0, a: 0.72156864}",2,0,0,1,1,0,{fileID: 0},0,0,1,{fileID: 1797420819856166},1797420819856166,0,{fileID: 0},0,{fileID: 0},0,"{fileID: -248771874, guid: 1fa22c2b5ebef5f8f09692d9ba1e5baa, type: 3}",-248771874,1fa22c2b5ebef5f8f09692d9ba1e5baa,Assets/Plugins/LeTai.TrueShadow.dll,0,"{x: 5.9195232, y: -5.38138}",42.273666,8,0,3,0.5,1,0
LevelManager,Assets/GameObject/LevelManager.prefab,LeTai.TrueShadow,1fa22c2b5ebef5f8f09692d9ba1e5baa,-248771874,0,[],0,"{r: 1, g: 1, b: 1, a: 1}",2,0,0,1,0,0,{fileID: 0},0,0,0,{fileID: 1016563919864519},1016563919864519,0,{fileID: 0},0,{fileID: 0},0,"{fileID: -248771874, guid: 1fa22c2b5ebef5f8f09692d9ba1e5baa, type: 3}",-248771874,1fa22c2b5ebef5f8f09692d9ba1e5baa,Assets/Plugins/LeTai.TrueShadow.dll,0,"{x: 0, y: -0}",90,0,0,1,0,1,0
LevelManager,Assets/GameObject/LevelManager.prefab,LeTai.TrueShadow,1fa22c2b5ebef5f8f09692d9ba1e5baa,-248771874,0,[],0,"{r: 1, g: 1, b: 1, a: 0.6}",2,0,0,0,0,0,{fileID: 0},0,0,1,{fileID: 1932509360725389},1932509360725389,0,{fileID: 0},0,{fileID: 0},0,"{fileID: -248771874, guid: 1fa22c2b5ebef5f8f09692d9ba1e5baa, type: 3}",-248771874,1fa22c2b5ebef5f8f09692d9ba1e5baa,Assets/Plugins/LeTai.TrueShadow.dll,0,"{x: 0, y: -0}",90,0,0,2,0,1,0
LevelManager,Assets/GameObject/LevelManager.prefab,LeTai.TrueShadow,1fa22c2b5ebef5f8f09692d9ba1e5baa,-248771874,0,[],0,"{r: 1, g: 1, b: 1, a: 0.6}",2,0,0,0,0,0,{fileID: 0},0,0,1,{fileID: 1755587186536165},1755587186536165,0,{fileID: 0},0,{fileID: 0},0,"{fileID: -248771874, guid: 1fa22c2b5ebef5f8f09692d9ba1e5baa, type: 3}",-248771874,1fa22c2b5ebef5f8f09692d9ba1e5baa,Assets/Plugins/LeTai.TrueShadow.dll,0,"{x: 0, y: -0}",90,0,0,2,0,1,0
LevelManager,Assets/GameObject/LevelManager.prefab,LeTai.TrueShadow,1fa22c2b5ebef5f8f09692d9ba1e5baa,-248771874,0,[],0,"{r: 1, g: 1, b: 1, a: 0.6}",2,0,0,0,0,0,{fileID: 0},0,0,1,{fileID: 1163370531525100},1163370531525100,0,{fileID: 0},0,{fileID: 0},0,"{fileID: -248771874, guid: 1fa22c2b5ebef5f8f09692d9ba1e5baa, type: 3}",-248771874,1fa22c2b5ebef5f8f09692d9ba1e5baa,Assets/Plugins/LeTai.TrueShadow.dll,0,"{x: 0, y: -0}",90,0,0,2,0,1,0
LevelManager,Assets/GameObject/LevelManager.prefab,LeTai.TrueShadow,1fa22c2b5ebef5f8f09692d9ba1e5baa,-248771874,0,[],0,"{r: 0, g: 0, b: 0, a: 0.6}",2,0,0,0,0,0,{fileID: 0},0,0,0,{fileID: 1744438294136994},1744438294136994,0,{fileID: 0},0,{fileID: 0},0,"{fileID: -248771874, guid: 1fa22c2b5ebef5f8f09692d9ba1e5baa, type: 3}",-248771874,1fa22c2b5ebef5f8f09692d9ba1e5baa,Assets/Plugins/LeTai.TrueShadow.dll,0,"{x: 1.7881396E-07, y: -3}",90,3,0,6,0,1,0
LevelManager,Assets/GameObject/LevelManager.prefab,LeTai.TrueShadow,1fa22c2b5ebef5f8f09692d9ba1e5baa,-248771874,0,[],1,"{r: 0.4764151, g: 1, b: 0.62022334, a: 1}",2,0,0,1,1,1,{fileID: 0},0,0,1,{fileID: 1361591885273306},1361591885273306,0,{fileID: 0},0,{fileID: 0},0,"{fileID: -248771874, guid: 1fa22c2b5ebef5f8f09692d9ba1e5baa, type: 3}",-248771874,1fa22c2b5ebef5f8f09692d9ba1e5baa,Assets/Plugins/LeTai.TrueShadow.dll,0,"{x: 0, y: -0}",90,0,0,17.85,0,0,0
LevelManager,Assets/GameObject/LevelManager.prefab,LeTai.TrueShadow,1fa22c2b5ebef5f8f09692d9ba1e5baa,-248771874,0,[],0,"{r: 0, g: 0, b: 0, a: 0.6}",2,0,0,0,0,0,{fileID: 0},0,0,0,{fileID: 1799866125486327},1799866125486327,0,{fileID: 0},0,{fileID: 0},0,"{fileID: -248771874, guid: 1fa22c2b5ebef5f8f09692d9ba1e5baa, type: 3}",-248771874,1fa22c2b5ebef5f8f09692d9ba1e5baa,Assets/Plugins/LeTai.TrueShadow.dll,0,"{x: 1.4142134, y: -1.4142137}",45,2,0,8,0,1,0
LevelManager,Assets/GameObject/LevelManager.prefab,LeTai.TrueShadow,1fa22c2b5ebef5f8f09692d9ba1e5baa,-248771874,0,[],0,"{r: 0, g: 0, b: 0, a: 0.72156864}",2,0,0,1,1,0,{fileID: 0},0,0,1,{fileID: 1923028515678206},1923028515678206,0,{fileID: 0},0,{fileID: 0},0,"{fileID: -248771874, guid: 1fa22c2b5ebef5f8f09692d9ba1e5baa, type: 3}",-248771874,1fa22c2b5ebef5f8f09692d9ba1e5baa,Assets/Plugins/LeTai.TrueShadow.dll,0,"{x: 5.9195232, y: -5.38138}",42.273666,8,0,3,0.5,1,0
LevelManager,Assets/GameObject/LevelManager.prefab,LeTai.TrueShadow,1fa22c2b5ebef5f8f09692d9ba1e5baa,-248771874,0,[],0,"{r: 1, g: 1, b: 1, a: 1}",2,0,0,1,0,0,{fileID: 0},0,0,0,{fileID: 1216827388119546},1216827388119546,0,{fileID: 0},0,{fileID: 0},0,"{fileID: -248771874, guid: 1fa22c2b5ebef5f8f09692d9ba1e5baa, type: 3}",-248771874,1fa22c2b5ebef5f8f09692d9ba1e5baa,Assets/Plugins/LeTai.TrueShadow.dll,0,"{x: 0, y: -0}",90,0,0,1,0,1,0
LevelManager,Assets/GameObject/LevelManager.prefab,LeTai.TrueShadow,1fa22c2b5ebef5f8f09692d9ba1e5baa,-248771874,0,[],0,"{r: 1, g: 1, b: 1, a: 0.6}",2,0,0,0,0,0,{fileID: 0},0,0,1,{fileID: 1315532450081730},1315532450081730,0,{fileID: 0},0,{fileID: 0},0,"{fileID: -248771874, guid: 1fa22c2b5ebef5f8f09692d9ba1e5baa, type: 3}",-248771874,1fa22c2b5ebef5f8f09692d9ba1e5baa,Assets/Plugins/LeTai.TrueShadow.dll,0,"{x: 0, y: -0}",90,0,0,2,0,1,0
LevelManager,Assets/GameObject/LevelManager.prefab,LeTai.TrueShadow,1fa22c2b5ebef5f8f09692d9ba1e5baa,-248771874,0,[],0,"{r: 1, g: 1, b: 1, a: 0.6}",2,0,0,0,0,0,{fileID: 0},0,0,1,{fileID: 1430156116648031},1430156116648031,0,{fileID: 0},0,{fileID: 0},0,"{fileID: -248771874, guid: 1fa22c2b5ebef5f8f09692d9ba1e5baa, type: 3}",-248771874,1fa22c2b5ebef5f8f09692d9ba1e5baa,Assets/Plugins/LeTai.TrueShadow.dll,0,"{x: 0, y: -0}",90,0,0,2,0,1,0
LevelManager,Assets/GameObject/LevelManager.prefab,LeTai.TrueShadow,1fa22c2b5ebef5f8f09692d9ba1e5baa,-248771874,0,[],0,"{r: 1, g: 1, b: 1, a: 0.6}",2,0,0,0,0,0,{fileID: 0},0,0,1,{fileID: 1285805771296959},1285805771296959,0,{fileID: 0},0,{fileID: 0},0,"{fileID: -248771874, guid: 1fa22c2b5ebef5f8f09692d9ba1e5baa, type: 3}",-248771874,1fa22c2b5ebef5f8f09692d9ba1e5baa,Assets/Plugins/LeTai.TrueShadow.dll,0,"{x: 0, y: -0}",90,0,0,2,0,1,0
LevelManager,Assets/GameObject/LevelManager.prefab,LeTai.TrueShadow,1fa22c2b5ebef5f8f09692d9ba1e5baa,-248771874,0,[],0,"{r: 0, g: 0, b: 0, a: 0.6}",2,0,0,0,0,0,{fileID: 0},0,0,0,{fileID: 1252109666394091},1252109666394091,0,{fileID: 0},0,{fileID: 0},0,"{fileID: -248771874, guid: 1fa22c2b5ebef5f8f09692d9ba1e5baa, type: 3}",-248771874,1fa22c2b5ebef5f8f09692d9ba1e5baa,Assets/Plugins/LeTai.TrueShadow.dll,0,"{x: 1.7881396E-07, y: -3}",90,3,0,6,0,1,0
LevelManager,Assets/GameObject/LevelManager.prefab,LeTai.TrueShadow,1fa22c2b5ebef5f8f09692d9ba1e5baa,-248771874,0,[],1,"{r: 0.4764151, g: 1, b: 0.62022334, a: 1}",2,0,0,1,1,1,{fileID: 0},0,0,1,{fileID: 1305654835609270},1305654835609270,0,{fileID: 0},0,{fileID: 0},0,"{fileID: -248771874, guid: 1fa22c2b5ebef5f8f09692d9ba1e5baa, type: 3}",-248771874,1fa22c2b5ebef5f8f09692d9ba1e5baa,Assets/Plugins/LeTai.TrueShadow.dll,0,"{x: 0, y: -0}",90,0,0,17.85,0,0,0
LevelManager,Assets/GameObject/LevelManager.prefab,LeTai.TrueShadow,1fa22c2b5ebef5f8f09692d9ba1e5baa,-248771874,0,[],0,"{r: 0, g: 0, b: 0, a: 0.6}",2,0,0,0,0,0,{fileID: 0},0,0,0,{fileID: 1871287998188634},1871287998188634,0,{fileID: 0},0,{fileID: 0},0,"{fileID: -248771874, guid: 1fa22c2b5ebef5f8f09692d9ba1e5baa, type: 3}",-248771874,1fa22c2b5ebef5f8f09692d9ba1e5baa,Assets/Plugins/LeTai.TrueShadow.dll,0,"{x: 1.4142134, y: -1.4142137}",45,2,0,8,0,1,0
LevelManager,Assets/GameObject/LevelManager.prefab,LeTai.TrueShadow,1fa22c2b5ebef5f8f09692d9ba1e5baa,-248771874,0,[],0,"{r: 0, g: 0, b: 0, a: 0.72156864}",2,0,0,1,1,0,{fileID: 0},0,0,1,{fileID: 1548109820601780},1548109820601780,0,{fileID: 0},0,{fileID: 0},0,"{fileID: -248771874, guid: 1fa22c2b5ebef5f8f09692d9ba1e5baa, type: 3}",-248771874,1fa22c2b5ebef5f8f09692d9ba1e5baa,Assets/Plugins/LeTai.TrueShadow.dll,0,"{x: 5.9195232, y: -5.38138}",42.273666,8,0,3,0.5,1,0
LevelManager,Assets/GameObject/LevelManager.prefab,LeTai.TrueShadow,1fa22c2b5ebef5f8f09692d9ba1e5baa,-248771874,0,[],0,"{r: 1, g: 1, b: 1, a: 1}",2,0,0,1,0,0,{fileID: 0},0,0,0,{fileID: 1183247301450378},1183247301450378,0,{fileID: 0},0,{fileID: 0},0,"{fileID: -248771874, guid: 1fa22c2b5ebef5f8f09692d9ba1e5baa, type: 3}",-248771874,1fa22c2b5ebef5f8f09692d9ba1e5baa,Assets/Plugins/LeTai.TrueShadow.dll,0,"{x: 0, y: -0}",90,0,0,1,0,1,0
LevelManager,Assets/GameObject/LevelManager.prefab,LeTai.TrueShadow,1fa22c2b5ebef5f8f09692d9ba1e5baa,-248771874,0,[],0,"{r: 1, g: 1, b: 1, a: 0.6}",2,0,0,0,0,0,{fileID: 0},0,0,1,{fileID: 1980389258313669},1980389258313669,0,{fileID: 0},0,{fileID: 0},0,"{fileID: -248771874, guid: 1fa22c2b5ebef5f8f09692d9ba1e5baa, type: 3}",-248771874,1fa22c2b5ebef5f8f09692d9ba1e5baa,Assets/Plugins/LeTai.TrueShadow.dll,0,"{x: 0, y: -0}",90,0,0,2,0,1,0
LevelManager,Assets/GameObject/LevelManager.prefab,LeTai.TrueShadow,1fa22c2b5ebef5f8f09692d9ba1e5baa,-248771874,0,[],0,"{r: 1, g: 1, b: 1, a: 0.6}",2,0,0,0,0,0,{fileID: 0},0,0,1,{fileID: 1753317293897655},1753317293897655,0,{fileID: 0},0,{fileID: 0},0,"{fileID: -248771874, guid: 1fa22c2b5ebef5f8f09692d9ba1e5baa, type: 3}",-248771874,1fa22c2b5ebef5f8f09692d9ba1e5baa,Assets/Plugins/LeTai.TrueShadow.dll,0,"{x: 0, y: -0}",90,0,0,2,0,1,0
LevelManager,Assets/GameObject/LevelManager.prefab,LeTai.TrueShadow,1fa22c2b5ebef5f8f09692d9ba1e5baa,-248771874,0,[],0,"{r: 1, g: 1, b: 1, a: 0.6}",2,0,0,0,0,0,{fileID: 0},0,0,1,{fileID: 1238872722817869},1238872722817869,0,{fileID: 0},0,{fileID: 0},0,"{fileID: -248771874, guid: 1fa22c2b5ebef5f8f09692d9ba1e5baa, type: 3}",-248771874,1fa22c2b5ebef5f8f09692d9ba1e5baa,Assets/Plugins/LeTai.TrueShadow.dll,0,"{x: 0, y: -0}",90,0,0,2,0,1,0
LevelManager,Assets/GameObject/LevelManager.prefab,LeTai.TrueShadow,1fa22c2b5ebef5f8f09692d9ba1e5baa,-248771874,0,[],0,"{r: 0, g: 0, b: 0, a: 0.6}",2,0,0,0,0,0,{fileID: 0},0,0,0,{fileID: 1073506088403780},1073506088403780,0,{fileID: 0},0,{fileID: 0},0,"{fileID: -248771874, guid: 1fa22c2b5ebef5f8f09692d9ba1e5baa, type: 3}",-248771874,1fa22c2b5ebef5f8f09692d9ba1e5baa,Assets/Plugins/LeTai.TrueShadow.dll,0,"{x: 1.7881396E-07, y: -3}",90,3,0,6,0,1,0
LevelManager,Assets/GameObject/LevelManager.prefab,LeTai.TrueShadow,1fa22c2b5ebef5f8f09692d9ba1e5baa,-248771874,0,[],1,"{r: 0.4764151, g: 1, b: 0.62022334, a: 1}",2,0,0,1,1,1,{fileID: 0},0,0,1,{fileID: 1035997713083997},1035997713083997,0,{fileID: 0},0,{fileID: 0},0,"{fileID: -248771874, guid: 1fa22c2b5ebef5f8f09692d9ba1e5baa, type: 3}",-248771874,1fa22c2b5ebef5f8f09692d9ba1e5baa,Assets/Plugins/LeTai.TrueShadow.dll,0,"{x: 0, y: -0}",90,0,0,17.85,0,0,0
LevelManager,Assets/GameObject/LevelManager.prefab,LeTai.TrueShadow,1fa22c2b5ebef5f8f09692d9ba1e5baa,-248771874,0,[],0,"{r: 0, g: 0, b: 0, a: 0.6}",2,0,0,0,0,0,{fileID: 0},0,0,0,{fileID: 1792573605455607},1792573605455607,0,{fileID: 0},0,{fileID: 0},0,"{fileID: -248771874, guid: 1fa22c2b5ebef5f8f09692d9ba1e5baa, type: 3}",-248771874,1fa22c2b5ebef5f8f09692d9ba1e5baa,Assets/Plugins/LeTai.TrueShadow.dll,0,"{x: 1.4142134, y: -1.4142137}",45,2,0,8,0,1,0
LevelManager,Assets/GameObject/LevelManager.prefab,LeTai.TrueShadow,1fa22c2b5ebef5f8f09692d9ba1e5baa,-248771874,0,[],0,"{r: 0, g: 0, b: 0, a: 0.72156864}",2,0,0,1,1,0,{fileID: 0},0,0,1,{fileID: 1568998380466783},1568998380466783,0,{fileID: 0},0,{fileID: 0},0,"{fileID: -248771874, guid: 1fa22c2b5ebef5f8f09692d9ba1e5baa, type: 3}",-248771874,1fa22c2b5ebef5f8f09692d9ba1e5baa,Assets/Plugins/LeTai.TrueShadow.dll,0,"{x: 5.9195232, y: -5.38138}",42.273666,8,0,3,0.5,1,0
LevelManager,Assets/GameObject/LevelManager.prefab,LeTai.TrueShadow,1fa22c2b5ebef5f8f09692d9ba1e5baa,-248771874,0,[],0,"{r: 1, g: 1, b: 1, a: 1}",2,0,0,1,0,0,{fileID: 0},0,0,0,{fileID: 1925102842302764},1925102842302764,0,{fileID: 0},0,{fileID: 0},0,"{fileID: -248771874, guid: 1fa22c2b5ebef5f8f09692d9ba1e5baa, type: 3}",-248771874,1fa22c2b5ebef5f8f09692d9ba1e5baa,Assets/Plugins/LeTai.TrueShadow.dll,0,"{x: 0, y: -0}",90,0,0,1,0,1,0
LevelManager,Assets/GameObject/LevelManager.prefab,LeTai.TrueShadow,1fa22c2b5ebef5f8f09692d9ba1e5baa,-248771874,0,[],0,"{r: 1, g: 1, b: 1, a: 0.6}",2,0,0,0,0,0,{fileID: 0},0,0,1,{fileID: 1585409400708433},1585409400708433,0,{fileID: 0},0,{fileID: 0},0,"{fileID: -248771874, guid: 1fa22c2b5ebef5f8f09692d9ba1e5baa, type: 3}",-248771874,1fa22c2b5ebef5f8f09692d9ba1e5baa,Assets/Plugins/LeTai.TrueShadow.dll,0,"{x: 0, y: -0}",90,0,0,2,0,1,0
LevelManager,Assets/GameObject/LevelManager.prefab,LeTai.TrueShadow,1fa22c2b5ebef5f8f09692d9ba1e5baa,-248771874,0,[],0,"{r: 1, g: 1, b: 1, a: 0.6}",2,0,0,0,0,0,{fileID: 0},0,0,1,{fileID: 1607425296749708},1607425296749708,0,{fileID: 0},0,{fileID: 0},0,"{fileID: -248771874, guid: 1fa22c2b5ebef5f8f09692d9ba1e5baa, type: 3}",-248771874,1fa22c2b5ebef5f8f09692d9ba1e5baa,Assets/Plugins/LeTai.TrueShadow.dll,0,"{x: 0, y: -0}",90,0,0,2,0,1,0
LevelManager,Assets/GameObject/LevelManager.prefab,LeTai.TrueShadow,1fa22c2b5ebef5f8f09692d9ba1e5baa,-248771874,0,[],0,"{r: 1, g: 1, b: 1, a: 0.6}",2,0,0,0,0,0,{fileID: 0},0,0,1,{fileID: 1592405779358580},1592405779358580,0,{fileID: 0},0,{fileID: 0},0,"{fileID: -248771874, guid: 1fa22c2b5ebef5f8f09692d9ba1e5baa, type: 3}",-248771874,1fa22c2b5ebef5f8f09692d9ba1e5baa,Assets/Plugins/LeTai.TrueShadow.dll,0,"{x: 0, y: -0}",90,0,0,2,0,1,0
LevelManager,Assets/GameObject/LevelManager.prefab,LeTai.TrueShadow,1fa22c2b5ebef5f8f09692d9ba1e5baa,-248771874,0,[],0,"{r: 0, g: 0, b: 0, a: 0.6}",2,0,0,0,0,0,{fileID: 0},0,0,0,{fileID: 1972312275079325},1972312275079325,0,{fileID: 0},0,{fileID: 0},0,"{fileID: -248771874, guid: 1fa22c2b5ebef5f8f09692d9ba1e5baa, type: 3}",-248771874,1fa22c2b5ebef5f8f09692d9ba1e5baa,Assets/Plugins/LeTai.TrueShadow.dll,0,"{x: 1.7881396E-07, y: -3}",90,3,0,6,0,1,0
LevelManager,Assets/GameObject/LevelManager.prefab,LeTai.TrueShadow,1fa22c2b5ebef5f8f09692d9ba1e5baa,-248771874,0,[],0,"{r: 1, g: 1, b: 1, a: 1}",2,0,0,0,0,0,{fileID: 0},0,0,0,{fileID: 1335013648582130},1335013648582130,0,{fileID: 0},0,{fileID: 0},0,"{fileID: -248771874, guid: 1fa22c2b5ebef5f8f09692d9ba1e5baa, type: 3}",-248771874,1fa22c2b5ebef5f8f09692d9ba1e5baa,Assets/Plugins/LeTai.TrueShadow.dll,0,"{x: 1.192093E-07, y: -2}",90,2,0,3.4,0.197,1,0
LevelManager,Assets/GameObject/LevelManager.prefab,LeTai.TrueShadow,1fa22c2b5ebef5f8f09692d9ba1e5baa,-248771874,0,[],0,"{r: 1, g: 1, b: 1, a: 1}",2,0,0,0,0,0,{fileID: 0},0,0,0,{fileID: 1643743552673238},1643743552673238,0,{fileID: 0},0,{fileID: 0},0,"{fileID: -248771874, guid: 1fa22c2b5ebef5f8f09692d9ba1e5baa, type: 3}",-248771874,1fa22c2b5ebef5f8f09692d9ba1e5baa,Assets/Plugins/LeTai.TrueShadow.dll,0,"{x: 1.192093E-07, y: 2}",270,2,0,3.4,0.197,1,0
LevelManager,Assets/GameObject/LevelManager.prefab,LeTai.TrueShadow,1fa22c2b5ebef5f8f09692d9ba1e5baa,-248771874,0,[],0,"{r: 0, g: 0, b: 0, a: 0.5686275}",2,0,0,0,0,1,{fileID: 0},0,0,1,{fileID: 1316764263863911},1316764263863911,0,{fileID: 0},0,{fileID: 0},0,"{fileID: -248771874, guid: 1fa22c2b5ebef5f8f09692d9ba1e5baa, type: 3}",-248771874,1fa22c2b5ebef5f8f09692d9ba1e5baa,Assets/Plugins/LeTai.TrueShadow.dll,0,"{x: 0.27349573, y: -1.4951923}",79.63423,1.52,0,2,0,0,0
LevelManager,Assets/GameObject/LevelManager.prefab,LeTai.TrueShadow,1fa22c2b5ebef5f8f09692d9ba1e5baa,-248771874,0,[],0,"{r: 0, g: 0, b: 0, a: 1}",2,0,0,0,0,0,{fileID: 0},0,0,1,{fileID: 1181311787833270},1181311787833270,0,{fileID: 0},0,{fileID: 0},0,"{fileID: -248771874, guid: 1fa22c2b5ebef5f8f09692d9ba1e5baa, type: 3}",-248771874,1fa22c2b5ebef5f8f09692d9ba1e5baa,Assets/Plugins/LeTai.TrueShadow.dll,0,"{x: 0, y: -0}",90,0,0,5,0,1,0
LevelManager,Assets/GameObject/LevelManager.prefab,LeTai.TrueShadow,1fa22c2b5ebef5f8f09692d9ba1e5baa,-248771874,0,[],0,"{r: 0, g: 0, b: 0, a: 0.6}",2,0,0,0,0,0,{fileID: 0},0,0,0,{fileID: 1989406673054968},1989406673054968,0,{fileID: 0},0,{fileID: 0},0,"{fileID: -248771874, guid: 1fa22c2b5ebef5f8f09692d9ba1e5baa, type: 3}",-248771874,1fa22c2b5ebef5f8f09692d9ba1e5baa,Assets/Plugins/LeTai.TrueShadow.dll,0,"{x: 5.6568537, y: -5.6568546}",45,8,0,8,0,1,0
LevelManager,Assets/GameObject/LevelManager.prefab,LeTai.TrueShadow,1fa22c2b5ebef5f8f09692d9ba1e5baa,-248771874,0,[],0,"{r: 0, g: 0, b: 0, a: 0.72156864}",2,0,0,0,0,0,{fileID: 0},0,0,0,{fileID: 1282054529444943},1282054529444943,0,{fileID: 0},0,{fileID: 0},0,"{fileID: -248771874, guid: 1fa22c2b5ebef5f8f09692d9ba1e5baa, type: 3}",-248771874,1fa22c2b5ebef5f8f09692d9ba1e5baa,Assets/Plugins/LeTai.TrueShadow.dll,0,"{x: 5.9195232, y: -5.38138}",42.273666,8,0,15,0,1,0
LevelManager,Assets/GameObject/LevelManager.prefab,LeTai.TrueShadow,1fa22c2b5ebef5f8f09692d9ba1e5baa,-248771874,0,[],0,"{r: 0, g: 0, b: 0, a: 0.6}",2,0,0,0,0,0,{fileID: 0},0,0,1,{fileID: 1062892944959192},1062892944959192,0,{fileID: 0},0,{fileID: 0},0,"{fileID: -248771874, guid: 1fa22c2b5ebef5f8f09692d9ba1e5baa, type: 3}",-248771874,1fa22c2b5ebef5f8f09692d9ba1e5baa,Assets/Plugins/LeTai.TrueShadow.dll,0,"{x: 3.5355334, y: -3.5355341}",45,5,0,5,0,1,0
LevelManager,Assets/GameObject/LevelManager.prefab,LeTai.TrueShadow,1fa22c2b5ebef5f8f09692d9ba1e5baa,-248771874,0,[],0,"{r: 1, g: 1, b: 1, a: 1}",2,0,0,0,0,0,{fileID: 0},0,0,0,{fileID: 1307686003528263},1307686003528263,0,{fileID: 0},0,{fileID: 0},0,"{fileID: -248771874, guid: 1fa22c2b5ebef5f8f09692d9ba1e5baa, type: 3}",-248771874,1fa22c2b5ebef5f8f09692d9ba1e5baa,Assets/Plugins/LeTai.TrueShadow.dll,0,"{x: 1.192093E-07, y: -2}",90,2,0,3.4,0.197,1,0
LevelManager,Assets/GameObject/LevelManager.prefab,LeTai.TrueShadow,1fa22c2b5ebef5f8f09692d9ba1e5baa,-248771874,0,[],0,"{r: 1, g: 1, b: 1, a: 1}",2,0,0,0,0,0,{fileID: 0},0,0,0,{fileID: 1400004564236981},1400004564236981,0,{fileID: 0},0,{fileID: 0},0,"{fileID: -248771874, guid: 1fa22c2b5ebef5f8f09692d9ba1e5baa, type: 3}",-248771874,1fa22c2b5ebef5f8f09692d9ba1e5baa,Assets/Plugins/LeTai.TrueShadow.dll,0,"{x: 1.192093E-07, y: 2}",270,2,0,3.4,0.197,1,0
LevelManager,Assets/GameObject/LevelManager.prefab,LeTai.TrueShadow,1fa22c2b5ebef5f8f09692d9ba1e5baa,-248771874,0,[],0,"{r: 0, g: 0, b: 0, a: 0.5686275}",2,0,0,0,0,1,{fileID: 0},0,0,1,{fileID: 1695881029841965},1695881029841965,0,{fileID: 0},0,{fileID: 0},0,"{fileID: -248771874, guid: 1fa22c2b5ebef5f8f09692d9ba1e5baa, type: 3}",-248771874,1fa22c2b5ebef5f8f09692d9ba1e5baa,Assets/Plugins/LeTai.TrueShadow.dll,0,"{x: 0.27349573, y: -1.4951923}",79.63423,1.52,0,2,0,0,0
LevelManager,Assets/GameObject/LevelManager.prefab,LeTai.TrueShadow,1fa22c2b5ebef5f8f09692d9ba1e5baa,-248771874,0,[],0,"{r: 0, g: 0, b: 0, a: 1}",2,0,0,0,0,0,{fileID: 0},0,0,1,{fileID: 1855609646590256},1855609646590256,0,{fileID: 0},0,{fileID: 0},0,"{fileID: -248771874, guid: 1fa22c2b5ebef5f8f09692d9ba1e5baa, type: 3}",-248771874,1fa22c2b5ebef5f8f09692d9ba1e5baa,Assets/Plugins/LeTai.TrueShadow.dll,0,"{x: 0, y: -0}",90,0,0,5,0,1,0
LevelManager,Assets/GameObject/LevelManager.prefab,LeTai.TrueShadow,1fa22c2b5ebef5f8f09692d9ba1e5baa,-248771874,0,[],0,"{r: 0, g: 0, b: 0, a: 0.6}",2,0,0,0,0,0,{fileID: 0},0,0,1,{fileID: 1524868888848231},1524868888848231,0,{fileID: 0},0,{fileID: 0},0,"{fileID: -248771874, guid: 1fa22c2b5ebef5f8f09692d9ba1e5baa, type: 3}",-248771874,1fa22c2b5ebef5f8f09692d9ba1e5baa,Assets/Plugins/LeTai.TrueShadow.dll,0,"{x: 3.5355334, y: -3.5355341}",45,5,0,10,0,1,0
LevelManager,Assets/GameObject/LevelManager.prefab,LeTai.TrueShadow,1fa22c2b5ebef5f8f09692d9ba1e5baa,-248771874,0,[],1,"{r: 0.4764151, g: 1, b: 0.62022334, a: 1}",2,0,0,1,1,1,{fileID: 0},0,0,1,{fileID: 1996530846802053},1996530846802053,0,{fileID: 0},0,{fileID: 0},0,"{fileID: -248771874, guid: 1fa22c2b5ebef5f8f09692d9ba1e5baa, type: 3}",-248771874,1fa22c2b5ebef5f8f09692d9ba1e5baa,Assets/Plugins/LeTai.TrueShadow.dll,0,"{x: 0, y: -0}",90,0,0,17.85,0,0,0
LevelManager,Assets/GameObject/LevelManager.prefab,LeTai.TrueShadow,1fa22c2b5ebef5f8f09692d9ba1e5baa,-248771874,0,[],0,"{r: 0, g: 0, b: 0, a: 0.6}",2,0,0,0,0,0,{fileID: 0},0,0,0,{fileID: 1355757855187998},1355757855187998,0,{fileID: 0},0,{fileID: 0},0,"{fileID: -248771874, guid: 1fa22c2b5ebef5f8f09692d9ba1e5baa, type: 3}",-248771874,1fa22c2b5ebef5f8f09692d9ba1e5baa,Assets/Plugins/LeTai.TrueShadow.dll,0,"{x: 1.4142134, y: -1.4142137}",45,2,0,8,0,1,0
LevelManager,Assets/GameObject/LevelManager.prefab,LeTai.TrueShadow,1fa22c2b5ebef5f8f09692d9ba1e5baa,-248771874,0,[],0,"{r: 0, g: 0, b: 0, a: 0.72156864}",2,0,0,1,1,0,{fileID: 0},0,0,1,{fileID: 1991361298863316},1991361298863316,0,{fileID: 0},0,{fileID: 0},0,"{fileID: -248771874, guid: 1fa22c2b5ebef5f8f09692d9ba1e5baa, type: 3}",-248771874,1fa22c2b5ebef5f8f09692d9ba1e5baa,Assets/Plugins/LeTai.TrueShadow.dll,0,"{x: 5.9195232, y: -5.38138}",42.273666,8,0,3,0.5,1,0
LevelManager,Assets/GameObject/LevelManager.prefab,LeTai.TrueShadow,1fa22c2b5ebef5f8f09692d9ba1e5baa,-248771874,0,[],0,"{r: 1, g: 1, b: 1, a: 1}",2,0,0,1,0,0,{fileID: 0},0,0,0,{fileID: 1705755137521764},1705755137521764,0,{fileID: 0},0,{fileID: 0},0,"{fileID: -248771874, guid: 1fa22c2b5ebef5f8f09692d9ba1e5baa, type: 3}",-248771874,1fa22c2b5ebef5f8f09692d9ba1e5baa,Assets/Plugins/LeTai.TrueShadow.dll,0,"{x: 0, y: -0}",90,0,0,1,0,1,0
LevelManager,Assets/GameObject/LevelManager.prefab,LeTai.TrueShadow,1fa22c2b5ebef5f8f09692d9ba1e5baa,-248771874,0,[],0,"{r: 1, g: 1, b: 1, a: 0.6}",2,0,0,0,0,0,{fileID: 0},0,0,1,{fileID: 1485545729386494},1485545729386494,0,{fileID: 0},0,{fileID: 0},0,"{fileID: -248771874, guid: 1fa22c2b5ebef5f8f09692d9ba1e5baa, type: 3}",-248771874,1fa22c2b5ebef5f8f09692d9ba1e5baa,Assets/Plugins/LeTai.TrueShadow.dll,0,"{x: 0, y: -0}",90,0,0,2,0,1,0
LevelManager,Assets/GameObject/LevelManager.prefab,LeTai.TrueShadow,1fa22c2b5ebef5f8f09692d9ba1e5baa,-248771874,0,[],0,"{r: 1, g: 1, b: 1, a: 0.6}",2,0,0,0,0,0,{fileID: 0},0,0,1,{fileID: 1849921646405452},1849921646405452,0,{fileID: 0},0,{fileID: 0},0,"{fileID: -248771874, guid: 1fa22c2b5ebef5f8f09692d9ba1e5baa, type: 3}",-248771874,1fa22c2b5ebef5f8f09692d9ba1e5baa,Assets/Plugins/LeTai.TrueShadow.dll,0,"{x: 0, y: -0}",90,0,0,2,0,1,0
LevelManager,Assets/GameObject/LevelManager.prefab,LeTai.TrueShadow,1fa22c2b5ebef5f8f09692d9ba1e5baa,-248771874,0,[],0,"{r: 1, g: 1, b: 1, a: 0.6}",2,0,0,0,0,0,{fileID: 0},0,0,1,{fileID: 1196211129703256},1196211129703256,0,{fileID: 0},0,{fileID: 0},0,"{fileID: -248771874, guid: 1fa22c2b5ebef5f8f09692d9ba1e5baa, type: 3}",-248771874,1fa22c2b5ebef5f8f09692d9ba1e5baa,Assets/Plugins/LeTai.TrueShadow.dll,0,"{x: 0, y: -0}",90,0,0,2,0,1,0
LevelManager,Assets/GameObject/LevelManager.prefab,LeTai.TrueShadow,1fa22c2b5ebef5f8f09692d9ba1e5baa,-248771874,0,[],0,"{r: 0, g: 0, b: 0, a: 0.6}",2,0,0,0,0,0,{fileID: 0},0,0,0,{fileID: 1055347895347291},1055347895347291,0,{fileID: 0},0,{fileID: 0},0,"{fileID: -248771874, guid: 1fa22c2b5ebef5f8f09692d9ba1e5baa, type: 3}",-248771874,1fa22c2b5ebef5f8f09692d9ba1e5baa,Assets/Plugins/LeTai.TrueShadow.dll,0,"{x: 1.7881396E-07, y: -3}",90,3,0,6,0,1,0
LevelManager,Assets/GameObject/LevelManager.prefab,LeTai.TrueShadow,1fa22c2b5ebef5f8f09692d9ba1e5baa,-248771874,0,[],1,"{r: 0.4764151, g: 1, b: 0.62022334, a: 1}",2,0,0,1,1,1,{fileID: 0},0,0,1,{fileID: 1182989893494257},1182989893494257,0,{fileID: 0},0,{fileID: 0},0,"{fileID: -248771874, guid: 1fa22c2b5ebef5f8f09692d9ba1e5baa, type: 3}",-248771874,1fa22c2b5ebef5f8f09692d9ba1e5baa,Assets/Plugins/LeTai.TrueShadow.dll,0,"{x: 0, y: -0}",90,0,0,17.85,0,0,0
LevelManager,Assets/GameObject/LevelManager.prefab,LeTai.TrueShadow,1fa22c2b5ebef5f8f09692d9ba1e5baa,-248771874,0,[],0,"{r: 0, g: 0, b: 0, a: 0.6}",2,0,0,0,0,0,{fileID: 0},0,0,0,{fileID: 1818831910657362},1818831910657362,0,{fileID: 0},0,{fileID: 0},0,"{fileID: -248771874, guid: 1fa22c2b5ebef5f8f09692d9ba1e5baa, type: 3}",-248771874,1fa22c2b5ebef5f8f09692d9ba1e5baa,Assets/Plugins/LeTai.TrueShadow.dll,0,"{x: 1.4142134, y: -1.4142137}",45,2,0,8,0,1,0
LevelManager,Assets/GameObject/LevelManager.prefab,LeTai.TrueShadow,1fa22c2b5ebef5f8f09692d9ba1e5baa,-248771874,0,[],0,"{r: 0, g: 0, b: 0, a: 0.72156864}",2,0,0,1,1,0,{fileID: 0},0,0,1,{fileID: 1307518910269504},1307518910269504,0,{fileID: 0},0,{fileID: 0},0,"{fileID: -248771874, guid: 1fa22c2b5ebef5f8f09692d9ba1e5baa, type: 3}",-248771874,1fa22c2b5ebef5f8f09692d9ba1e5baa,Assets/Plugins/LeTai.TrueShadow.dll,0,"{x: 5.9195232, y: -5.38138}",42.273666,8,0,3,0.5,1,0
LevelManager,Assets/GameObject/LevelManager.prefab,LeTai.TrueShadow,1fa22c2b5ebef5f8f09692d9ba1e5baa,-248771874,0,[],0,"{r: 1, g: 1, b: 1, a: 1}",2,0,0,1,0,0,{fileID: 0},0,0,0,{fileID: 1126096637890760},1126096637890760,0,{fileID: 0},0,{fileID: 0},0,"{fileID: -248771874, guid: 1fa22c2b5ebef5f8f09692d9ba1e5baa, type: 3}",-248771874,1fa22c2b5ebef5f8f09692d9ba1e5baa,Assets/Plugins/LeTai.TrueShadow.dll,0,"{x: 0, y: -0}",90,0,0,1,0,1,0
LevelManager,Assets/GameObject/LevelManager.prefab,LeTai.TrueShadow,1fa22c2b5ebef5f8f09692d9ba1e5baa,-248771874,0,[],0,"{r: 1, g: 1, b: 1, a: 0.6}",2,0,0,0,0,0,{fileID: 0},0,0,1,{fileID: 1248395569003038},1248395569003038,0,{fileID: 0},0,{fileID: 0},0,"{fileID: -248771874, guid: 1fa22c2b5ebef5f8f09692d9ba1e5baa, type: 3}",-248771874,1fa22c2b5ebef5f8f09692d9ba1e5baa,Assets/Plugins/LeTai.TrueShadow.dll,0,"{x: 0, y: -0}",90,0,0,2,0,1,0
LevelManager,Assets/GameObject/LevelManager.prefab,LeTai.TrueShadow,1fa22c2b5ebef5f8f09692d9ba1e5baa,-248771874,0,[],0,"{r: 1, g: 1, b: 1, a: 0.6}",2,0,0,0,0,0,{fileID: 0},0,0,1,{fileID: 1824349254879944},1824349254879944,0,{fileID: 0},0,{fileID: 0},0,"{fileID: -248771874, guid: 1fa22c2b5ebef5f8f09692d9ba1e5baa, type: 3}",-248771874,1fa22c2b5ebef5f8f09692d9ba1e5baa,Assets/Plugins/LeTai.TrueShadow.dll,0,"{x: 0, y: -0}",90,0,0,2,0,1,0
LevelManager,Assets/GameObject/LevelManager.prefab,LeTai.TrueShadow,1fa22c2b5ebef5f8f09692d9ba1e5baa,-248771874,0,[],0,"{r: 1, g: 1, b: 1, a: 0.6}",2,0,0,0,0,0,{fileID: 0},0,0,1,{fileID: 1438261261280507},1438261261280507,0,{fileID: 0},0,{fileID: 0},0,"{fileID: -248771874, guid: 1fa22c2b5ebef5f8f09692d9ba1e5baa, type: 3}",-248771874,1fa22c2b5ebef5f8f09692d9ba1e5baa,Assets/Plugins/LeTai.TrueShadow.dll,0,"{x: 0, y: -0}",90,0,0,2,0,1,0
LevelManager,Assets/GameObject/LevelManager.prefab,LeTai.TrueShadow,1fa22c2b5ebef5f8f09692d9ba1e5baa,-248771874,0,[],0,"{r: 0, g: 0, b: 0, a: 0.6}",2,0,0,0,0,0,{fileID: 0},0,0,0,{fileID: 1363189565607191},1363189565607191,0,{fileID: 0},0,{fileID: 0},0,"{fileID: -248771874, guid: 1fa22c2b5ebef5f8f09692d9ba1e5baa, type: 3}",-248771874,1fa22c2b5ebef5f8f09692d9ba1e5baa,Assets/Plugins/LeTai.TrueShadow.dll,0,"{x: 1.7881396E-07, y: -3}",90,3,0,6,0,1,0
LevelManager,Assets/GameObject/LevelManager.prefab,LeTai.TrueShadow,1fa22c2b5ebef5f8f09692d9ba1e5baa,-248771874,0,[],1,"{r: 0.4764151, g: 1, b: 0.62022334, a: 1}",2,0,0,1,1,1,{fileID: 0},0,0,1,{fileID: 1753360985269478},1753360985269478,0,{fileID: 0},0,{fileID: 0},0,"{fileID: -248771874, guid: 1fa22c2b5ebef5f8f09692d9ba1e5baa, type: 3}",-248771874,1fa22c2b5ebef5f8f09692d9ba1e5baa,Assets/Plugins/LeTai.TrueShadow.dll,0,"{x: 0, y: -0}",90,0,0,17.85,0,0,0
LevelManager,Assets/GameObject/LevelManager.prefab,LeTai.TrueShadow,1fa22c2b5ebef5f8f09692d9ba1e5baa,-248771874,0,[],0,"{r: 0, g: 0, b: 0, a: 0.6}",2,0,0,0,0,0,{fileID: 0},0,0,0,{fileID: 1262467618052863},1262467618052863,0,{fileID: 0},0,{fileID: 0},0,"{fileID: -248771874, guid: 1fa22c2b5ebef5f8f09692d9ba1e5baa, type: 3}",-248771874,1fa22c2b5ebef5f8f09692d9ba1e5baa,Assets/Plugins/LeTai.TrueShadow.dll,0,"{x: 1.4142134, y: -1.4142137}",45,2,0,8,0,1,0
LevelManager,Assets/GameObject/LevelManager.prefab,LeTai.TrueShadow,1fa22c2b5ebef5f8f09692d9ba1e5baa,-248771874,0,[],0,"{r: 0, g: 0, b: 0, a: 0.72156864}",2,0,0,1,1,0,{fileID: 0},0,0,1,{fileID: 1890589380937551},1890589380937551,0,{fileID: 0},0,{fileID: 0},0,"{fileID: -248771874, guid: 1fa22c2b5ebef5f8f09692d9ba1e5baa, type: 3}",-248771874,1fa22c2b5ebef5f8f09692d9ba1e5baa,Assets/Plugins/LeTai.TrueShadow.dll,0,"{x: 5.9195232, y: -5.38138}",42.273666,8,0,3,0.5,1,0
LevelManager,Assets/GameObject/LevelManager.prefab,LeTai.TrueShadow,1fa22c2b5ebef5f8f09692d9ba1e5baa,-248771874,0,[],0,"{r: 1, g: 1, b: 1, a: 1}",2,0,0,1,0,0,{fileID: 0},0,0,0,{fileID: 1556478753580038},1556478753580038,0,{fileID: 0},0,{fileID: 0},0,"{fileID: -248771874, guid: 1fa22c2b5ebef5f8f09692d9ba1e5baa, type: 3}",-248771874,1fa22c2b5ebef5f8f09692d9ba1e5baa,Assets/Plugins/LeTai.TrueShadow.dll,0,"{x: 0, y: -0}",90,0,0,1,0,1,0
LevelManager,Assets/GameObject/LevelManager.prefab,LeTai.TrueShadow,1fa22c2b5ebef5f8f09692d9ba1e5baa,-248771874,0,[],0,"{r: 1, g: 1, b: 1, a: 0.6}",2,0,0,0,0,0,{fileID: 0},0,0,1,{fileID: 1800372327940229},1800372327940229,0,{fileID: 0},0,{fileID: 0},0,"{fileID: -248771874, guid: 1fa22c2b5ebef5f8f09692d9ba1e5baa, type: 3}",-248771874,1fa22c2b5ebef5f8f09692d9ba1e5baa,Assets/Plugins/LeTai.TrueShadow.dll,0,"{x: 0, y: -0}",90,0,0,2,0,1,0
LevelManager,Assets/GameObject/LevelManager.prefab,LeTai.TrueShadow,1fa22c2b5ebef5f8f09692d9ba1e5baa,-248771874,0,[],0,"{r: 1, g: 1, b: 1, a: 0.6}",2,0,0,0,0,0,{fileID: 0},0,0,1,{fileID: 1968032996521859},1968032996521859,0,{fileID: 0},0,{fileID: 0},0,"{fileID: -248771874, guid: 1fa22c2b5ebef5f8f09692d9ba1e5baa, type: 3}",-248771874,1fa22c2b5ebef5f8f09692d9ba1e5baa,Assets/Plugins/LeTai.TrueShadow.dll,0,"{x: 0, y: -0}",90,0,0,2,0,1,0
LevelManager,Assets/GameObject/LevelManager.prefab,LeTai.TrueShadow,1fa22c2b5ebef5f8f09692d9ba1e5baa,-248771874,0,[],0,"{r: 1, g: 1, b: 1, a: 0.6}",2,0,0,0,0,0,{fileID: 0},0,0,1,{fileID: 1569150586498152},1569150586498152,0,{fileID: 0},0,{fileID: 0},0,"{fileID: -248771874, guid: 1fa22c2b5ebef5f8f09692d9ba1e5baa, type: 3}",-248771874,1fa22c2b5ebef5f8f09692d9ba1e5baa,Assets/Plugins/LeTai.TrueShadow.dll,0,"{x: 0, y: -0}",90,0,0,2,0,1,0
LevelManager,Assets/GameObject/LevelManager.prefab,LeTai.TrueShadow,1fa22c2b5ebef5f8f09692d9ba1e5baa,-248771874,0,[],0,"{r: 0, g: 0, b: 0, a: 0.6}",2,0,0,0,0,0,{fileID: 0},0,0,0,{fileID: 1078531462679748},1078531462679748,0,{fileID: 0},0,{fileID: 0},0,"{fileID: -248771874, guid: 1fa22c2b5ebef5f8f09692d9ba1e5baa, type: 3}",-248771874,1fa22c2b5ebef5f8f09692d9ba1e5baa,Assets/Plugins/LeTai.TrueShadow.dll,0,"{x: 1.7881396E-07, y: -3}",90,3,0,6,0,1,0
LevelManager,Assets/GameObject/LevelManager.prefab,LeTai.TrueShadow,1fa22c2b5ebef5f8f09692d9ba1e5baa,-248771874,0,[],1,"{r: 0.4764151, g: 1, b: 0.62022334, a: 1}",2,0,0,1,1,1,{fileID: 0},0,0,1,{fileID: 1078220180561620},1078220180561620,0,{fileID: 0},0,{fileID: 0},0,"{fileID: -248771874, guid: 1fa22c2b5ebef5f8f09692d9ba1e5baa, type: 3}",-248771874,1fa22c2b5ebef5f8f09692d9ba1e5baa,Assets/Plugins/LeTai.TrueShadow.dll,0,"{x: 0, y: -0}",90,0,0,17.85,0,0,0
LevelManager,Assets/GameObject/LevelManager.prefab,LeTai.TrueShadow,1fa22c2b5ebef5f8f09692d9ba1e5baa,-248771874,0,[],0,"{r: 0, g: 0, b: 0, a: 0.6}",2,0,0,0,0,0,{fileID: 0},0,0,0,{fileID: 1424482188053562},1424482188053562,0,{fileID: 0},0,{fileID: 0},0,"{fileID: -248771874, guid: 1fa22c2b5ebef5f8f09692d9ba1e5baa, type: 3}",-248771874,1fa22c2b5ebef5f8f09692d9ba1e5baa,Assets/Plugins/LeTai.TrueShadow.dll,0,"{x: 1.4142134, y: -1.4142137}",45,2,0,8,0,1,0
LevelManager,Assets/GameObject/LevelManager.prefab,LeTai.TrueShadow,1fa22c2b5ebef5f8f09692d9ba1e5baa,-248771874,0,[],0,"{r: 0, g: 0, b: 0, a: 0.72156864}",2,0,0,1,1,0,{fileID: 0},0,0,1,{fileID: 1378121351707688},1378121351707688,0,{fileID: 0},0,{fileID: 0},0,"{fileID: -248771874, guid: 1fa22c2b5ebef5f8f09692d9ba1e5baa, type: 3}",-248771874,1fa22c2b5ebef5f8f09692d9ba1e5baa,Assets/Plugins/LeTai.TrueShadow.dll,0,"{x: 5.9195232, y: -5.38138}",42.273666,8,0,3,0.5,1,0
LevelManager,Assets/GameObject/LevelManager.prefab,LeTai.TrueShadow,1fa22c2b5ebef5f8f09692d9ba1e5baa,-248771874,0,[],0,"{r: 1, g: 1, b: 1, a: 1}",2,0,0,1,0,0,{fileID: 0},0,0,0,{fileID: 1773709623037507},1773709623037507,0,{fileID: 0},0,{fileID: 0},0,"{fileID: -248771874, guid: 1fa22c2b5ebef5f8f09692d9ba1e5baa, type: 3}",-248771874,1fa22c2b5ebef5f8f09692d9ba1e5baa,Assets/Plugins/LeTai.TrueShadow.dll,0,"{x: 0, y: -0}",90,0,0,1,0,1,0
LevelManager,Assets/GameObject/LevelManager.prefab,LeTai.TrueShadow,1fa22c2b5ebef5f8f09692d9ba1e5baa,-248771874,0,[],0,"{r: 1, g: 1, b: 1, a: 0.6}",2,0,0,0,0,0,{fileID: 0},0,0,1,{fileID: 1057318007151644},1057318007151644,0,{fileID: 0},0,{fileID: 0},0,"{fileID: -248771874, guid: 1fa22c2b5ebef5f8f09692d9ba1e5baa, type: 3}",-248771874,1fa22c2b5ebef5f8f09692d9ba1e5baa,Assets/Plugins/LeTai.TrueShadow.dll,0,"{x: 0, y: -0}",90,0,0,2,0,1,0
LevelManager,Assets/GameObject/LevelManager.prefab,LeTai.TrueShadow,1fa22c2b5ebef5f8f09692d9ba1e5baa,-248771874,0,[],0,"{r: 1, g: 1, b: 1, a: 0.6}",2,0,0,0,0,0,{fileID: 0},0,0,1,{fileID: 1582683123919116},1582683123919116,0,{fileID: 0},0,{fileID: 0},0,"{fileID: -248771874, guid: 1fa22c2b5ebef5f8f09692d9ba1e5baa, type: 3}",-248771874,1fa22c2b5ebef5f8f09692d9ba1e5baa,Assets/Plugins/LeTai.TrueShadow.dll,0,"{x: 0, y: -0}",90,0,0,2,0,1,0
LevelManager,Assets/GameObject/LevelManager.prefab,LeTai.TrueShadow,1fa22c2b5ebef5f8f09692d9ba1e5baa,-248771874,0,[],0,"{r: 1, g: 1, b: 1, a: 0.6}",2,0,0,0,0,0,{fileID: 0},0,0,1,{fileID: 1956533459293445},1956533459293445,0,{fileID: 0},0,{fileID: 0},0,"{fileID: -248771874, guid: 1fa22c2b5ebef5f8f09692d9ba1e5baa, type: 3}",-248771874,1fa22c2b5ebef5f8f09692d9ba1e5baa,Assets/Plugins/LeTai.TrueShadow.dll,0,"{x: 0, y: -0}",90,0,0,2,0,1,0
LevelManager,Assets/GameObject/LevelManager.prefab,LeTai.TrueShadow,1fa22c2b5ebef5f8f09692d9ba1e5baa,-248771874,0,[],0,"{r: 0, g: 0, b: 0, a: 0.6}",2,0,0,0,0,0,{fileID: 0},0,0,0,{fileID: 1938179992833928},1938179992833928,0,{fileID: 0},0,{fileID: 0},0,"{fileID: -248771874, guid: 1fa22c2b5ebef5f8f09692d9ba1e5baa, type: 3}",-248771874,1fa22c2b5ebef5f8f09692d9ba1e5baa,Assets/Plugins/LeTai.TrueShadow.dll,0,"{x: 1.7881396E-07, y: -3}",90,3,0,6,0,1,0
LevelManager,Assets/GameObject/LevelManager.prefab,LeTai.TrueShadow,1fa22c2b5ebef5f8f09692d9ba1e5baa,-248771874,0,[],1,"{r: 0.4764151, g: 1, b: 0.62022334, a: 1}",2,0,0,1,1,1,{fileID: 0},0,0,1,{fileID: 1709408593220951},1709408593220951,0,{fileID: 0},0,{fileID: 0},0,"{fileID: -248771874, guid: 1fa22c2b5ebef5f8f09692d9ba1e5baa, type: 3}",-248771874,1fa22c2b5ebef5f8f09692d9ba1e5baa,Assets/Plugins/LeTai.TrueShadow.dll,0,"{x: 0, y: -0}",90,0,0,17.85,0,0,0
LevelManager,Assets/GameObject/LevelManager.prefab,LeTai.TrueShadow,1fa22c2b5ebef5f8f09692d9ba1e5baa,-248771874,0,[],0,"{r: 0, g: 0, b: 0, a: 0.6}",2,0,0,0,0,0,{fileID: 0},0,0,0,{fileID: 1151495028094714},1151495028094714,0,{fileID: 0},0,{fileID: 0},0,"{fileID: -248771874, guid: 1fa22c2b5ebef5f8f09692d9ba1e5baa, type: 3}",-248771874,1fa22c2b5ebef5f8f09692d9ba1e5baa,Assets/Plugins/LeTai.TrueShadow.dll,0,"{x: 1.4142134, y: -1.4142137}",45,2,0,8,0,1,0
LevelManager,Assets/GameObject/LevelManager.prefab,LeTai.TrueShadow,1fa22c2b5ebef5f8f09692d9ba1e5baa,-248771874,0,[],0,"{r: 0, g: 0, b: 0, a: 0.72156864}",2,0,0,1,1,0,{fileID: 0},0,0,1,{fileID: 1291840010655773},1291840010655773,0,{fileID: 0},0,{fileID: 0},0,"{fileID: -248771874, guid: 1fa22c2b5ebef5f8f09692d9ba1e5baa, type: 3}",-248771874,1fa22c2b5ebef5f8f09692d9ba1e5baa,Assets/Plugins/LeTai.TrueShadow.dll,0,"{x: 5.9195232, y: -5.38138}",42.273666,8,0,3,0.5,1,0
LevelManager,Assets/GameObject/LevelManager.prefab,LeTai.TrueShadow,1fa22c2b5ebef5f8f09692d9ba1e5baa,-248771874,0,[],0,"{r: 1, g: 1, b: 1, a: 1}",2,0,0,1,0,0,{fileID: 0},0,0,0,{fileID: 1334115240554672},1334115240554672,0,{fileID: 0},0,{fileID: 0},0,"{fileID: -248771874, guid: 1fa22c2b5ebef5f8f09692d9ba1e5baa, type: 3}",-248771874,1fa22c2b5ebef5f8f09692d9ba1e5baa,Assets/Plugins/LeTai.TrueShadow.dll,0,"{x: 0, y: -0}",90,0,0,1,0,1,0
LevelManager,Assets/GameObject/LevelManager.prefab,LeTai.TrueShadow,1fa22c2b5ebef5f8f09692d9ba1e5baa,-248771874,0,[],0,"{r: 1, g: 1, b: 1, a: 0.6}",2,0,0,0,0,0,{fileID: 0},0,0,1,{fileID: 1224467679554698},1224467679554698,0,{fileID: 0},0,{fileID: 0},0,"{fileID: -248771874, guid: 1fa22c2b5ebef5f8f09692d9ba1e5baa, type: 3}",-248771874,1fa22c2b5ebef5f8f09692d9ba1e5baa,Assets/Plugins/LeTai.TrueShadow.dll,0,"{x: 0, y: -0}",90,0,0,2,0,1,0
LevelManager,Assets/GameObject/LevelManager.prefab,LeTai.TrueShadow,1fa22c2b5ebef5f8f09692d9ba1e5baa,-248771874,0,[],0,"{r: 1, g: 1, b: 1, a: 0.6}",2,0,0,0,0,0,{fileID: 0},0,0,1,{fileID: 1587845507027157},1587845507027157,0,{fileID: 0},0,{fileID: 0},0,"{fileID: -248771874, guid: 1fa22c2b5ebef5f8f09692d9ba1e5baa, type: 3}",-248771874,1fa22c2b5ebef5f8f09692d9ba1e5baa,Assets/Plugins/LeTai.TrueShadow.dll,0,"{x: 0, y: -0}",90,0,0,2,0,1,0
LevelManager,Assets/GameObject/LevelManager.prefab,LeTai.TrueShadow,1fa22c2b5ebef5f8f09692d9ba1e5baa,-248771874,0,[],0,"{r: 1, g: 1, b: 1, a: 0.6}",2,0,0,0,0,0,{fileID: 0},0,0,1,{fileID: 1134070255865301},1134070255865301,0,{fileID: 0},0,{fileID: 0},0,"{fileID: -248771874, guid: 1fa22c2b5ebef5f8f09692d9ba1e5baa, type: 3}",-248771874,1fa22c2b5ebef5f8f09692d9ba1e5baa,Assets/Plugins/LeTai.TrueShadow.dll,0,"{x: 0, y: -0}",90,0,0,2,0,1,0
LevelManager,Assets/GameObject/LevelManager.prefab,LeTai.TrueShadow,1fa22c2b5ebef5f8f09692d9ba1e5baa,-248771874,0,[],0,"{r: 0, g: 0, b: 0, a: 0.6}",2,0,0,0,0,0,{fileID: 0},0,0,0,{fileID: 1586479068267836},1586479068267836,0,{fileID: 0},0,{fileID: 0},0,"{fileID: -248771874, guid: 1fa22c2b5ebef5f8f09692d9ba1e5baa, type: 3}",-248771874,1fa22c2b5ebef5f8f09692d9ba1e5baa,Assets/Plugins/LeTai.TrueShadow.dll,0,"{x: 1.7881396E-07, y: -3}",90,3,0,6,0,1,0
LevelManager,Assets/GameObject/LevelManager.prefab,LeTai.TrueShadow,1fa22c2b5ebef5f8f09692d9ba1e5baa,-248771874,0,[],0,"{r: 1, g: 1, b: 1, a: 1}",2,0,0,0,0,0,{fileID: 0},0,0,0,{fileID: 1006485918626158},1006485918626158,0,{fileID: 0},0,{fileID: 0},0,"{fileID: -248771874, guid: 1fa22c2b5ebef5f8f09692d9ba1e5baa, type: 3}",-248771874,1fa22c2b5ebef5f8f09692d9ba1e5baa,Assets/Plugins/LeTai.TrueShadow.dll,0,"{x: 1.192093E-07, y: -2}",90,2,0,3.4,0.197,1,0
LevelManager,Assets/GameObject/LevelManager.prefab,LeTai.TrueShadow,1fa22c2b5ebef5f8f09692d9ba1e5baa,-248771874,0,[],0,"{r: 1, g: 1, b: 1, a: 1}",2,0,0,0,0,0,{fileID: 0},0,0,0,{fileID: 1207743868838724},1207743868838724,0,{fileID: 0},0,{fileID: 0},0,"{fileID: -248771874, guid: 1fa22c2b5ebef5f8f09692d9ba1e5baa, type: 3}",-248771874,1fa22c2b5ebef5f8f09692d9ba1e5baa,Assets/Plugins/LeTai.TrueShadow.dll,0,"{x: 1.192093E-07, y: 2}",270,2,0,3.4,0.197,1,0
LevelManager,Assets/GameObject/LevelManager.prefab,LeTai.TrueShadow,1fa22c2b5ebef5f8f09692d9ba1e5baa,-248771874,0,[],0,"{r: 0, g: 0, b: 0, a: 0.5686275}",2,0,0,0,0,1,{fileID: 0},0,0,1,{fileID: 1101358286214860},1101358286214860,0,{fileID: 0},0,{fileID: 0},0,"{fileID: -248771874, guid: 1fa22c2b5ebef5f8f09692d9ba1e5baa, type: 3}",-248771874,1fa22c2b5ebef5f8f09692d9ba1e5baa,Assets/Plugins/LeTai.TrueShadow.dll,0,"{x: 0.27349573, y: -1.4951923}",79.63423,1.52,0,2,0,0,0
LevelManager,Assets/GameObject/LevelManager.prefab,LeTai.TrueShadow,1fa22c2b5ebef5f8f09692d9ba1e5baa,-248771874,0,[],0,"{r: 0, g: 0, b: 0, a: 1}",2,0,0,0,0,0,{fileID: 0},0,0,1,{fileID: 1945642401808708},1945642401808708,0,{fileID: 0},0,{fileID: 0},0,"{fileID: -248771874, guid: 1fa22c2b5ebef5f8f09692d9ba1e5baa, type: 3}",-248771874,1fa22c2b5ebef5f8f09692d9ba1e5baa,Assets/Plugins/LeTai.TrueShadow.dll,0,"{x: 0, y: -0}",90,0,0,5,0,1,0
LevelManager,Assets/GameObject/LevelManager.prefab,LeTai.TrueShadow,1fa22c2b5ebef5f8f09692d9ba1e5baa,-248771874,0,[],0,"{r: 0, g: 0, b: 0, a: 0.6}",2,0,0,0,0,0,{fileID: 0},0,0,0,{fileID: 1008564482108725},1008564482108725,0,{fileID: 0},0,{fileID: 0},0,"{fileID: -248771874, guid: 1fa22c2b5ebef5f8f09692d9ba1e5baa, type: 3}",-248771874,1fa22c2b5ebef5f8f09692d9ba1e5baa,Assets/Plugins/LeTai.TrueShadow.dll,0,"{x: 5.6568537, y: -5.6568546}",45,8,0,8,0,1,0
LevelManager,Assets/GameObject/LevelManager.prefab,LeTai.TrueShadow,1fa22c2b5ebef5f8f09692d9ba1e5baa,-248771874,0,[],0,"{r: 0, g: 0, b: 0, a: 0.6}",2,0,0,0,0,0,{fileID: 0},0,0,0,{fileID: 1586055636021733},1586055636021733,0,{fileID: 0},0,{fileID: 0},0,"{fileID: -248771874, guid: 1fa22c2b5ebef5f8f09692d9ba1e5baa, type: 3}",-248771874,1fa22c2b5ebef5f8f09692d9ba1e5baa,Assets/Plugins/LeTai.TrueShadow.dll,0,"{x: 1.4142134, y: -1.4142137}",45,2,0,8,0,1,0
LevelManager,Assets/GameObject/LevelManager.prefab,LeTai.TrueShadow,1fa22c2b5ebef5f8f09692d9ba1e5baa,-248771874,0,[],0,"{r: 0, g: 0, b: 0, a: 0.72156864}",2,0,0,1,1,0,{fileID: 0},0,0,0,{fileID: 1794814415103656},1794814415103656,0,{fileID: 0},0,{fileID: 0},0,"{fileID: -248771874, guid: 1fa22c2b5ebef5f8f09692d9ba1e5baa, type: 3}",-248771874,1fa22c2b5ebef5f8f09692d9ba1e5baa,Assets/Plugins/LeTai.TrueShadow.dll,0,"{x: 5.9195232, y: -5.38138}",42.273666,8,0,3,0.5,1,0
LevelManager,Assets/GameObject/LevelManager.prefab,LeTai.TrueShadow,1fa22c2b5ebef5f8f09692d9ba1e5baa,-248771874,0,[],0,"{r: 1, g: 1, b: 1, a: 1}",2,0,0,1,0,0,{fileID: 0},0,0,0,{fileID: 1738479369981515},1738479369981515,0,{fileID: 0},0,{fileID: 0},0,"{fileID: -248771874, guid: 1fa22c2b5ebef5f8f09692d9ba1e5baa, type: 3}",-248771874,1fa22c2b5ebef5f8f09692d9ba1e5baa,Assets/Plugins/LeTai.TrueShadow.dll,0,"{x: 0, y: -0}",90,0,0,1,0,1,0
LevelManager,Assets/GameObject/LevelManager.prefab,LeTai.TrueShadow,1fa22c2b5ebef5f8f09692d9ba1e5baa,-248771874,0,[],0,"{r: 1, g: 1, b: 1, a: 0.6}",2,0,0,0,0,0,{fileID: 0},0,0,1,{fileID: 1118956333582395},1118956333582395,0,{fileID: 0},0,{fileID: 0},0,"{fileID: -248771874, guid: 1fa22c2b5ebef5f8f09692d9ba1e5baa, type: 3}",-248771874,1fa22c2b5ebef5f8f09692d9ba1e5baa,Assets/Plugins/LeTai.TrueShadow.dll,0,"{x: 0, y: -0}",90,0,0,2,0,1,0
LevelManager,Assets/GameObject/LevelManager.prefab,LeTai.TrueShadow,1fa22c2b5ebef5f8f09692d9ba1e5baa,-248771874,0,[],0,"{r: 1, g: 1, b: 1, a: 0.6}",2,0,0,0,0,0,{fileID: 0},0,0,1,{fileID: 1185735231171327},1185735231171327,0,{fileID: 0},0,{fileID: 0},0,"{fileID: -248771874, guid: 1fa22c2b5ebef5f8f09692d9ba1e5baa, type: 3}",-248771874,1fa22c2b5ebef5f8f09692d9ba1e5baa,Assets/Plugins/LeTai.TrueShadow.dll,0,"{x: 0, y: -0}",90,0,0,2,0,1,0
LevelManager,Assets/GameObject/LevelManager.prefab,LeTai.TrueShadow,1fa22c2b5ebef5f8f09692d9ba1e5baa,-248771874,0,[],0,"{r: 1, g: 1, b: 1, a: 0.6}",2,0,0,0,0,0,{fileID: 0},0,0,1,{fileID: 1525844360180026},1525844360180026,0,{fileID: 0},0,{fileID: 0},0,"{fileID: -248771874, guid: 1fa22c2b5ebef5f8f09692d9ba1e5baa, type: 3}",-248771874,1fa22c2b5ebef5f8f09692d9ba1e5baa,Assets/Plugins/LeTai.TrueShadow.dll,0,"{x: 0, y: -0}",90,0,0,2,0,1,0
LevelManager,Assets/GameObject/LevelManager.prefab,LeTai.TrueShadow,1fa22c2b5ebef5f8f09692d9ba1e5baa,-248771874,0,[],0,"{r: 0, g: 0, b: 0, a: 0.6}",2,0,0,0,0,0,{fileID: 0},0,0,0,{fileID: 1326332147114774},1326332147114774,0,{fileID: 0},0,{fileID: 0},0,"{fileID: -248771874, guid: 1fa22c2b5ebef5f8f09692d9ba1e5baa, type: 3}",-248771874,1fa22c2b5ebef5f8f09692d9ba1e5baa,Assets/Plugins/LeTai.TrueShadow.dll,0,"{x: 1.7881396E-07, y: -3}",90,3,0,6,0,1,0
LevelManager,Assets/GameObject/LevelManager.prefab,LeTai.TrueShadow,1fa22c2b5ebef5f8f09692d9ba1e5baa,-248771874,0,[],0,"{r: 1, g: 1, b: 1, a: 1}",2,0,0,0,0,0,{fileID: 0},0,0,0,{fileID: 1267624225177307},1267624225177307,0,{fileID: 0},0,{fileID: 0},0,"{fileID: -248771874, guid: 1fa22c2b5ebef5f8f09692d9ba1e5baa, type: 3}",-248771874,1fa22c2b5ebef5f8f09692d9ba1e5baa,Assets/Plugins/LeTai.TrueShadow.dll,0,"{x: 1.192093E-07, y: -2}",90,2,0,3.4,0.197,1,0
LevelManager,Assets/GameObject/LevelManager.prefab,LeTai.TrueShadow,1fa22c2b5ebef5f8f09692d9ba1e5baa,-248771874,0,[],0,"{r: 1, g: 1, b: 1, a: 1}",2,0,0,0,0,0,{fileID: 0},0,0,0,{fileID: 1021973219111809},1021973219111809,0,{fileID: 0},0,{fileID: 0},0,"{fileID: -248771874, guid: 1fa22c2b5ebef5f8f09692d9ba1e5baa, type: 3}",-248771874,1fa22c2b5ebef5f8f09692d9ba1e5baa,Assets/Plugins/LeTai.TrueShadow.dll,0,"{x: 1.192093E-07, y: 2}",270,2,0,3.4,0.197,1,0
LevelManager,Assets/GameObject/LevelManager.prefab,LeTai.TrueShadow,1fa22c2b5ebef5f8f09692d9ba1e5baa,-248771874,0,[],0,"{r: 0, g: 0, b: 0, a: 0.5686275}",2,0,0,0,0,1,{fileID: 0},0,0,1,{fileID: 1863937084322644},1863937084322644,0,{fileID: 0},0,{fileID: 0},0,"{fileID: -248771874, guid: 1fa22c2b5ebef5f8f09692d9ba1e5baa, type: 3}",-248771874,1fa22c2b5ebef5f8f09692d9ba1e5baa,Assets/Plugins/LeTai.TrueShadow.dll,0,"{x: 0.27349573, y: -1.4951923}",79.63423,1.52,0,2,0,0,0
LevelManager,Assets/GameObject/LevelManager.prefab,LeTai.TrueShadow,1fa22c2b5ebef5f8f09692d9ba1e5baa,-248771874,0,[],0,"{r: 0, g: 0, b: 0, a: 1}",2,0,0,0,0,0,{fileID: 0},0,0,1,{fileID: 1468152243603424},1468152243603424,0,{fileID: 0},0,{fileID: 0},0,"{fileID: -248771874, guid: 1fa22c2b5ebef5f8f09692d9ba1e5baa, type: 3}",-248771874,1fa22c2b5ebef5f8f09692d9ba1e5baa,Assets/Plugins/LeTai.TrueShadow.dll,0,"{x: 0, y: -0}",90,0,0,5,0,1,0
LevelManager,Assets/GameObject/LevelManager.prefab,LeTai.TrueShadow,1fa22c2b5ebef5f8f09692d9ba1e5baa,-248771874,0,[],0,"{r: 0, g: 0, b: 0, a: 0.6}",2,0,0,0,0,0,{fileID: 0},0,0,0,{fileID: 1172246783278191},1172246783278191,0,{fileID: 0},0,{fileID: 0},0,"{fileID: -248771874, guid: 1fa22c2b5ebef5f8f09692d9ba1e5baa, type: 3}",-248771874,1fa22c2b5ebef5f8f09692d9ba1e5baa,Assets/Plugins/LeTai.TrueShadow.dll,0,"{x: 7.1525585E-07, y: -12}",90,12,0,32,0,1,0
LevelManager,Assets/GameObject/LevelManager.prefab,LeTai.TrueShadow,1fa22c2b5ebef5f8f09692d9ba1e5baa,-248771874,0,[],0,"{r: 0, g: 0, b: 0, a: 0.6}",2,0,0,0,0,0,{fileID: 0},0,0,0,{fileID: 1157544145187257},1157544145187257,0,{fileID: 0},0,{fileID: 0},0,"{fileID: -248771874, guid: 1fa22c2b5ebef5f8f09692d9ba1e5baa, type: 3}",-248771874,1fa22c2b5ebef5f8f09692d9ba1e5baa,Assets/Plugins/LeTai.TrueShadow.dll,0,"{x: 7.1525585E-07, y: -12}",90,12,0,32,0,1,0
LevelManager,Assets/GameObject/LevelManager.prefab,LeTai.TrueShadow,1fa22c2b5ebef5f8f09692d9ba1e5baa,-248771874,0,[],0,"{r: 1, g: 0.4198113, b: 0.4198113, a: 0.49803922}",2,0,0,1,0,0,{fileID: 0},0,0,0,{fileID: 1221817023154715},1221817023154715,0,{fileID: 0},0,{fileID: 0},0,"{fileID: -248771874, guid: 1fa22c2b5ebef5f8f09692d9ba1e5baa, type: 3}",-248771874,1fa22c2b5ebef5f8f09692d9ba1e5baa,Assets/Plugins/LeTai.TrueShadow.dll,0,"{x: 0, y: -0}",45,0,0,10,0,1,0
LevelManager,Assets/GameObject/LevelManager.prefab,LeTai.TrueShadow,1fa22c2b5ebef5f8f09692d9ba1e5baa,-248771874,0,[],0,"{r: 1, g: 1, b: 1, a: 0.25490198}",2,0,0,0,0,0,{fileID: 0},0,0,0,{fileID: 1134533771040322},1134533771040322,0,{fileID: 0},0,{fileID: 0},0,"{fileID: -248771874, guid: 1fa22c2b5ebef5f8f09692d9ba1e5baa, type: 3}",-248771874,1fa22c2b5ebef5f8f09692d9ba1e5baa,Assets/Plugins/LeTai.TrueShadow.dll,0,"{x: 2.835498, y: -2.8354986}",45,4.01,0,3,0,1,0
LevelManager,Assets/GameObject/LevelManager.prefab,LeTai.TrueShadow,1fa22c2b5ebef5f8f09692d9ba1e5baa,-248771874,0,[],0,"{r: 0, g: 0, b: 0, a: 1}",2,0,0,0,0,0,{fileID: 0},0,0,1,{fileID: 1452743519570029},1452743519570029,0,{fileID: 0},0,{fileID: 0},0,"{fileID: -248771874, guid: 1fa22c2b5ebef5f8f09692d9ba1e5baa, type: 3}",-248771874,1fa22c2b5ebef5f8f09692d9ba1e5baa,Assets/Plugins/LeTai.TrueShadow.dll,0,"{x: 4.101219, y: -4.1012197}",45,5.8,0,8.8,0.142,1,0
LevelManager,Assets/GameObject/LevelManager.prefab,LeTai.TrueShadow,1fa22c2b5ebef5f8f09692d9ba1e5baa,-248771874,0,[],0,"{r: 0, g: 0, b: 0, a: 0.6}",2,0,0,0,0,0,{fileID: 0},0,0,1,{fileID: 1396336500465880},1396336500465880,0,{fileID: 0},0,{fileID: 0},0,"{fileID: -248771874, guid: 1fa22c2b5ebef5f8f09692d9ba1e5baa, type: 3}",-248771874,1fa22c2b5ebef5f8f09692d9ba1e5baa,Assets/Plugins/LeTai.TrueShadow.dll,0,"{x: 7.1525585E-07, y: -12}",90,12,0,32,0,1,0
LevelManager,Assets/GameObject/LevelManager.prefab,LeTai.TrueShadow,1fa22c2b5ebef5f8f09692d9ba1e5baa,-248771874,0,[],0,"{r: 0, g: 0, b: 0, a: 0.8156863}",2,0,0,0,0,0,{fileID: 0},0,0,1,{fileID: 1843406708836701},1843406708836701,0,{fileID: 0},0,{fileID: 0},0,"{fileID: -248771874, guid: 1fa22c2b5ebef5f8f09692d9ba1e5baa, type: 3}",-248771874,1fa22c2b5ebef5f8f09692d9ba1e5baa,Assets/Plugins/LeTai.TrueShadow.dll,0,"{x: 2.1213202, y: -2.1213205}",45,3,0,5,0,1,0
LevelManager,Assets/GameObject/LevelManager.prefab,LeTai.TrueShadow,1fa22c2b5ebef5f8f09692d9ba1e5baa,-248771874,0,[],0,"{r: 0, g: 0, b: 0, a: 0.6}",2,0,0,0,0,0,{fileID: 0},0,0,0,{fileID: 1890707586198515},1890707586198515,0,{fileID: 0},0,{fileID: 0},0,"{fileID: -248771874, guid: 1fa22c2b5ebef5f8f09692d9ba1e5baa, type: 3}",-248771874,1fa22c2b5ebef5f8f09692d9ba1e5baa,Assets/Plugins/LeTai.TrueShadow.dll,0,"{x: 5.6568537, y: -5.6568546}",45,8,0,8,0,1,0
LevelManager,Assets/GameObject/LevelManager.prefab,LeTai.TrueShadow,1fa22c2b5ebef5f8f09692d9ba1e5baa,-248771874,0,[],1,"{r: 0.4764151, g: 1, b: 0.62022334, a: 1}",2,0,0,1,1,1,{fileID: 0},0,0,1,{fileID: 1180656296950937},1180656296950937,0,{fileID: 0},0,{fileID: 0},0,"{fileID: -248771874, guid: 1fa22c2b5ebef5f8f09692d9ba1e5baa, type: 3}",-248771874,1fa22c2b5ebef5f8f09692d9ba1e5baa,Assets/Plugins/LeTai.TrueShadow.dll,0,"{x: 0, y: -0}",90,0,0,17.85,0,0,0
LevelManager,Assets/GameObject/LevelManager.prefab,LeTai.TrueShadow,1fa22c2b5ebef5f8f09692d9ba1e5baa,-248771874,0,[],0,"{r: 0, g: 0, b: 0, a: 0.6}",2,0,0,0,0,0,{fileID: 0},0,0,0,{fileID: 1188721205690116},1188721205690116,0,{fileID: 0},0,{fileID: 0},0,"{fileID: -248771874, guid: 1fa22c2b5ebef5f8f09692d9ba1e5baa, type: 3}",-248771874,1fa22c2b5ebef5f8f09692d9ba1e5baa,Assets/Plugins/LeTai.TrueShadow.dll,0,"{x: 1.4142134, y: -1.4142137}",45,2,0,8,0,1,0
LevelManager,Assets/GameObject/LevelManager.prefab,LeTai.TrueShadow,1fa22c2b5ebef5f8f09692d9ba1e5baa,-248771874,0,[],0,"{r: 0, g: 0, b: 0, a: 0.72156864}",2,0,0,1,1,0,{fileID: 0},0,0,1,{fileID: 1459980401198741},1459980401198741,0,{fileID: 0},0,{fileID: 0},0,"{fileID: -248771874, guid: 1fa22c2b5ebef5f8f09692d9ba1e5baa, type: 3}",-248771874,1fa22c2b5ebef5f8f09692d9ba1e5baa,Assets/Plugins/LeTai.TrueShadow.dll,0,"{x: 5.9195232, y: -5.38138}",42.273666,8,0,3,0.5,1,0
LevelManager,Assets/GameObject/LevelManager.prefab,LeTai.TrueShadow,1fa22c2b5ebef5f8f09692d9ba1e5baa,-248771874,0,[],0,"{r: 1, g: 1, b: 1, a: 1}",2,0,0,1,0,0,{fileID: 0},0,0,0,{fileID: 1935611441566457},1935611441566457,0,{fileID: 0},0,{fileID: 0},0,"{fileID: -248771874, guid: 1fa22c2b5ebef5f8f09692d9ba1e5baa, type: 3}",-248771874,1fa22c2b5ebef5f8f09692d9ba1e5baa,Assets/Plugins/LeTai.TrueShadow.dll,0,"{x: 0, y: -0}",90,0,0,1,0,1,0
LevelManager,Assets/GameObject/LevelManager.prefab,LeTai.TrueShadow,1fa22c2b5ebef5f8f09692d9ba1e5baa,-248771874,0,[],0,"{r: 1, g: 1, b: 1, a: 0.6}",2,0,0,0,0,0,{fileID: 0},0,0,1,{fileID: 1212984852932765},1212984852932765,0,{fileID: 0},0,{fileID: 0},0,"{fileID: -248771874, guid: 1fa22c2b5ebef5f8f09692d9ba1e5baa, type: 3}",-248771874,1fa22c2b5ebef5f8f09692d9ba1e5baa,Assets/Plugins/LeTai.TrueShadow.dll,0,"{x: 0, y: -0}",90,0,0,2,0,1,0
LevelManager,Assets/GameObject/LevelManager.prefab,LeTai.TrueShadow,1fa22c2b5ebef5f8f09692d9ba1e5baa,-248771874,0,[],0,"{r: 1, g: 1, b: 1, a: 0.6}",2,0,0,0,0,0,{fileID: 0},0,0,1,{fileID: 1820130693954618},1820130693954618,0,{fileID: 0},0,{fileID: 0},0,"{fileID: -248771874, guid: 1fa22c2b5ebef5f8f09692d9ba1e5baa, type: 3}",-248771874,1fa22c2b5ebef5f8f09692d9ba1e5baa,Assets/Plugins/LeTai.TrueShadow.dll,0,"{x: 0, y: -0}",90,0,0,2,0,1,0
LevelManager,Assets/GameObject/LevelManager.prefab,LeTai.TrueShadow,1fa22c2b5ebef5f8f09692d9ba1e5baa,-248771874,0,[],0,"{r: 1, g: 1, b: 1, a: 0.6}",2,0,0,0,0,0,{fileID: 0},0,0,1,{fileID: 1323310633897546},1323310633897546,0,{fileID: 0},0,{fileID: 0},0,"{fileID: -248771874, guid: 1fa22c2b5ebef5f8f09692d9ba1e5baa, type: 3}",-248771874,1fa22c2b5ebef5f8f09692d9ba1e5baa,Assets/Plugins/LeTai.TrueShadow.dll,0,"{x: 0, y: -0}",90,0,0,2,0,1,0
LevelManager,Assets/GameObject/LevelManager.prefab,LeTai.TrueShadow,1fa22c2b5ebef5f8f09692d9ba1e5baa,-248771874,0,[],0,"{r: 0, g: 0, b: 0, a: 0.6}",2,0,0,0,0,0,{fileID: 0},0,0,0,{fileID: 1153202085818681},1153202085818681,0,{fileID: 0},0,{fileID: 0},0,"{fileID: -248771874, guid: 1fa22c2b5ebef5f8f09692d9ba1e5baa, type: 3}",-248771874,1fa22c2b5ebef5f8f09692d9ba1e5baa,Assets/Plugins/LeTai.TrueShadow.dll,0,"{x: 1.7881396E-07, y: -3}",90,3,0,6,0,1,0
LevelManager,Assets/GameObject/LevelManager.prefab,LeTai.TrueShadow,1fa22c2b5ebef5f8f09692d9ba1e5baa,-248771874,0,[],1,"{r: 0.4764151, g: 1, b: 0.62022334, a: 1}",2,0,0,1,1,1,{fileID: 0},0,0,1,{fileID: 1951598517233102},1951598517233102,0,{fileID: 0},0,{fileID: 0},0,"{fileID: -248771874, guid: 1fa22c2b5ebef5f8f09692d9ba1e5baa, type: 3}",-248771874,1fa22c2b5ebef5f8f09692d9ba1e5baa,Assets/Plugins/LeTai.TrueShadow.dll,0,"{x: 0, y: -0}",90,0,0,17.85,0,0,0
LevelManager,Assets/GameObject/LevelManager.prefab,LeTai.TrueShadow,1fa22c2b5ebef5f8f09692d9ba1e5baa,-248771874,0,[],0,"{r: 0, g: 0, b: 0, a: 0.6}",2,0,0,0,0,0,{fileID: 0},0,0,0,{fileID: 1169076166148416},1169076166148416,0,{fileID: 0},0,{fileID: 0},0,"{fileID: -248771874, guid: 1fa22c2b5ebef5f8f09692d9ba1e5baa, type: 3}",-248771874,1fa22c2b5ebef5f8f09692d9ba1e5baa,Assets/Plugins/LeTai.TrueShadow.dll,0,"{x: 1.4142134, y: -1.4142137}",45,2,0,8,0,1,0
LevelManager,Assets/GameObject/LevelManager.prefab,LeTai.TrueShadow,1fa22c2b5ebef5f8f09692d9ba1e5baa,-248771874,0,[],0,"{r: 0, g: 0, b: 0, a: 0.72156864}",2,0,0,1,1,0,{fileID: 0},0,0,1,{fileID: 1583639441335394},1583639441335394,0,{fileID: 0},0,{fileID: 0},0,"{fileID: -248771874, guid: 1fa22c2b5ebef5f8f09692d9ba1e5baa, type: 3}",-248771874,1fa22c2b5ebef5f8f09692d9ba1e5baa,Assets/Plugins/LeTai.TrueShadow.dll,0,"{x: 5.9195232, y: -5.38138}",42.273666,8,0,3,0.5,1,0
LevelManager,Assets/GameObject/LevelManager.prefab,LeTai.TrueShadow,1fa22c2b5ebef5f8f09692d9ba1e5baa,-248771874,0,[],0,"{r: 1, g: 1, b: 1, a: 1}",2,0,0,1,0,0,{fileID: 0},0,0,0,{fileID: 1605336939619018},1605336939619018,0,{fileID: 0},0,{fileID: 0},0,"{fileID: -248771874, guid: 1fa22c2b5ebef5f8f09692d9ba1e5baa, type: 3}",-248771874,1fa22c2b5ebef5f8f09692d9ba1e5baa,Assets/Plugins/LeTai.TrueShadow.dll,0,"{x: 0, y: -0}",90,0,0,1,0,1,0
LevelManager,Assets/GameObject/LevelManager.prefab,LeTai.TrueShadow,1fa22c2b5ebef5f8f09692d9ba1e5baa,-248771874,0,[],0,"{r: 1, g: 1, b: 1, a: 0.6}",2,0,0,0,0,0,{fileID: 0},0,0,1,{fileID: 1373418990648083},1373418990648083,0,{fileID: 0},0,{fileID: 0},0,"{fileID: -248771874, guid: 1fa22c2b5ebef5f8f09692d9ba1e5baa, type: 3}",-248771874,1fa22c2b5ebef5f8f09692d9ba1e5baa,Assets/Plugins/LeTai.TrueShadow.dll,0,"{x: 0, y: -0}",90,0,0,2,0,1,0
LevelManager,Assets/GameObject/LevelManager.prefab,LeTai.TrueShadow,1fa22c2b5ebef5f8f09692d9ba1e5baa,-248771874,0,[],0,"{r: 1, g: 1, b: 1, a: 0.6}",2,0,0,0,0,0,{fileID: 0},0,0,1,{fileID: 1051833847225953},1051833847225953,0,{fileID: 0},0,{fileID: 0},0,"{fileID: -248771874, guid: 1fa22c2b5ebef5f8f09692d9ba1e5baa, type: 3}",-248771874,1fa22c2b5ebef5f8f09692d9ba1e5baa,Assets/Plugins/LeTai.TrueShadow.dll,0,"{x: 0, y: -0}",90,0,0,2,0,1,0
LevelManager,Assets/GameObject/LevelManager.prefab,LeTai.TrueShadow,1fa22c2b5ebef5f8f09692d9ba1e5baa,-248771874,0,[],0,"{r: 1, g: 1, b: 1, a: 0.6}",2,0,0,0,0,0,{fileID: 0},0,0,1,{fileID: 1656340241420372},1656340241420372,0,{fileID: 0},0,{fileID: 0},0,"{fileID: -248771874, guid: 1fa22c2b5ebef5f8f09692d9ba1e5baa, type: 3}",-248771874,1fa22c2b5ebef5f8f09692d9ba1e5baa,Assets/Plugins/LeTai.TrueShadow.dll,0,"{x: 0, y: -0}",90,0,0,2,0,1,0
LevelManager,Assets/GameObject/LevelManager.prefab,LeTai.TrueShadow,1fa22c2b5ebef5f8f09692d9ba1e5baa,-248771874,0,[],0,"{r: 0, g: 0, b: 0, a: 0.6}",2,0,0,0,0,0,{fileID: 0},0,0,0,{fileID: 1283210648442016},1283210648442016,0,{fileID: 0},0,{fileID: 0},0,"{fileID: -248771874, guid: 1fa22c2b5ebef5f8f09692d9ba1e5baa, type: 3}",-248771874,1fa22c2b5ebef5f8f09692d9ba1e5baa,Assets/Plugins/LeTai.TrueShadow.dll,0,"{x: 1.7881396E-07, y: -3}",90,3,0,6,0,1,0
LevelManager,Assets/GameObject/LevelManager.prefab,LeTai.TrueShadow,1fa22c2b5ebef5f8f09692d9ba1e5baa,-248771874,0,[],1,"{r: 0.4764151, g: 1, b: 0.62022334, a: 1}",2,0,0,1,1,1,{fileID: 0},0,0,1,{fileID: 1325264314856895},1325264314856895,0,{fileID: 0},0,{fileID: 0},0,"{fileID: -248771874, guid: 1fa22c2b5ebef5f8f09692d9ba1e5baa, type: 3}",-248771874,1fa22c2b5ebef5f8f09692d9ba1e5baa,Assets/Plugins/LeTai.TrueShadow.dll,0,"{x: 0, y: -0}",90,0,0,17.85,0,0,0
LevelManager,Assets/GameObject/LevelManager.prefab,LeTai.TrueShadow,1fa22c2b5ebef5f8f09692d9ba1e5baa,-248771874,0,[],0,"{r: 0, g: 0, b: 0, a: 0.6}",2,0,0,0,0,0,{fileID: 0},0,0,0,{fileID: 1281236062295159},1281236062295159,0,{fileID: 0},0,{fileID: 0},0,"{fileID: -248771874, guid: 1fa22c2b5ebef5f8f09692d9ba1e5baa, type: 3}",-248771874,1fa22c2b5ebef5f8f09692d9ba1e5baa,Assets/Plugins/LeTai.TrueShadow.dll,0,"{x: 1.4142134, y: -1.4142137}",45,2,0,8,0,1,0
LevelManager,Assets/GameObject/LevelManager.prefab,LeTai.TrueShadow,1fa22c2b5ebef5f8f09692d9ba1e5baa,-248771874,0,[],0,"{r: 0, g: 0, b: 0, a: 0.72156864}",2,0,0,1,1,0,{fileID: 0},0,0,1,{fileID: 1415012137814628},1415012137814628,0,{fileID: 0},0,{fileID: 0},0,"{fileID: -248771874, guid: 1fa22c2b5ebef5f8f09692d9ba1e5baa, type: 3}",-248771874,1fa22c2b5ebef5f8f09692d9ba1e5baa,Assets/Plugins/LeTai.TrueShadow.dll,0,"{x: 5.9195232, y: -5.38138}",42.273666,8,0,3,0.5,1,0
LevelManager,Assets/GameObject/LevelManager.prefab,LeTai.TrueShadow,1fa22c2b5ebef5f8f09692d9ba1e5baa,-248771874,0,[],0,"{r: 1, g: 1, b: 1, a: 1}",2,0,0,1,0,0,{fileID: 0},0,0,0,{fileID: 1815717860137106},1815717860137106,0,{fileID: 0},0,{fileID: 0},0,"{fileID: -248771874, guid: 1fa22c2b5ebef5f8f09692d9ba1e5baa, type: 3}",-248771874,1fa22c2b5ebef5f8f09692d9ba1e5baa,Assets/Plugins/LeTai.TrueShadow.dll,0,"{x: 0, y: -0}",90,0,0,1,0,1,0
LevelManager,Assets/GameObject/LevelManager.prefab,LeTai.TrueShadow,1fa22c2b5ebef5f8f09692d9ba1e5baa,-248771874,0,[],0,"{r: 1, g: 1, b: 1, a: 0.6}",2,0,0,0,0,0,{fileID: 0},0,0,1,{fileID: 1692329043286525},1692329043286525,0,{fileID: 0},0,{fileID: 0},0,"{fileID: -248771874, guid: 1fa22c2b5ebef5f8f09692d9ba1e5baa, type: 3}",-248771874,1fa22c2b5ebef5f8f09692d9ba1e5baa,Assets/Plugins/LeTai.TrueShadow.dll,0,"{x: 0, y: -0}",90,0,0,2,0,1,0
LevelManager,Assets/GameObject/LevelManager.prefab,LeTai.TrueShadow,1fa22c2b5ebef5f8f09692d9ba1e5baa,-248771874,0,[],0,"{r: 1, g: 1, b: 1, a: 0.6}",2,0,0,0,0,0,{fileID: 0},0,0,1,{fileID: 1103127917394880},1103127917394880,0,{fileID: 0},0,{fileID: 0},0,"{fileID: -248771874, guid: 1fa22c2b5ebef5f8f09692d9ba1e5baa, type: 3}",-248771874,1fa22c2b5ebef5f8f09692d9ba1e5baa,Assets/Plugins/LeTai.TrueShadow.dll,0,"{x: 0, y: -0}",90,0,0,2,0,1,0
LevelManager,Assets/GameObject/LevelManager.prefab,LeTai.TrueShadow,1fa22c2b5ebef5f8f09692d9ba1e5baa,-248771874,0,[],0,"{r: 1, g: 1, b: 1, a: 0.6}",2,0,0,0,0,0,{fileID: 0},0,0,1,{fileID: 1330678093489840},1330678093489840,0,{fileID: 0},0,{fileID: 0},0,"{fileID: -248771874, guid: 1fa22c2b5ebef5f8f09692d9ba1e5baa, type: 3}",-248771874,1fa22c2b5ebef5f8f09692d9ba1e5baa,Assets/Plugins/LeTai.TrueShadow.dll,0,"{x: 0, y: -0}",90,0,0,2,0,1,0
LevelManager,Assets/GameObject/LevelManager.prefab,LeTai.TrueShadow,1fa22c2b5ebef5f8f09692d9ba1e5baa,-248771874,0,[],0,"{r: 0, g: 0, b: 0, a: 0.6}",2,0,0,0,0,0,{fileID: 0},0,0,0,{fileID: 1113835320405384},1113835320405384,0,{fileID: 0},0,{fileID: 0},0,"{fileID: -248771874, guid: 1fa22c2b5ebef5f8f09692d9ba1e5baa, type: 3}",-248771874,1fa22c2b5ebef5f8f09692d9ba1e5baa,Assets/Plugins/LeTai.TrueShadow.dll,0,"{x: 1.7881396E-07, y: -3}",90,3,0,6,0,1,0
LevelManager,Assets/GameObject/LevelManager.prefab,LeTai.TrueShadow,1fa22c2b5ebef5f8f09692d9ba1e5baa,-248771874,0,[],1,"{r: 0.4764151, g: 1, b: 0.62022334, a: 1}",2,0,0,1,1,1,{fileID: 0},0,0,1,{fileID: 1931459195665816},1931459195665816,0,{fileID: 0},0,{fileID: 0},0,"{fileID: -248771874, guid: 1fa22c2b5ebef5f8f09692d9ba1e5baa, type: 3}",-248771874,1fa22c2b5ebef5f8f09692d9ba1e5baa,Assets/Plugins/LeTai.TrueShadow.dll,0,"{x: 0, y: -0}",90,0,0,17.85,0,0,0
LevelManager,Assets/GameObject/LevelManager.prefab,LeTai.TrueShadow,1fa22c2b5ebef5f8f09692d9ba1e5baa,-248771874,0,[],0,"{r: 0, g: 0, b: 0, a: 0.6}",2,0,0,0,0,0,{fileID: 0},0,0,0,{fileID: 1981633342709494},1981633342709494,0,{fileID: 0},0,{fileID: 0},0,"{fileID: -248771874, guid: 1fa22c2b5ebef5f8f09692d9ba1e5baa, type: 3}",-248771874,1fa22c2b5ebef5f8f09692d9ba1e5baa,Assets/Plugins/LeTai.TrueShadow.dll,0,"{x: 1.4142134, y: -1.4142137}",45,2,0,8,0,1,0
LevelManager,Assets/GameObject/LevelManager.prefab,LeTai.TrueShadow,1fa22c2b5ebef5f8f09692d9ba1e5baa,-248771874,0,[],0,"{r: 0, g: 0, b: 0, a: 0.72156864}",2,0,0,1,1,0,{fileID: 0},0,0,1,{fileID: 1116953843836001},1116953843836001,0,{fileID: 0},0,{fileID: 0},0,"{fileID: -248771874, guid: 1fa22c2b5ebef5f8f09692d9ba1e5baa, type: 3}",-248771874,1fa22c2b5ebef5f8f09692d9ba1e5baa,Assets/Plugins/LeTai.TrueShadow.dll,0,"{x: 5.9195232, y: -5.38138}",42.273666,8,0,3,0.5,1,0
LevelManager,Assets/GameObject/LevelManager.prefab,LeTai.TrueShadow,1fa22c2b5ebef5f8f09692d9ba1e5baa,-248771874,0,[],0,"{r: 1, g: 1, b: 1, a: 1}",2,0,0,1,0,0,{fileID: 0},0,0,0,{fileID: 1558722983613436},1558722983613436,0,{fileID: 0},0,{fileID: 0},0,"{fileID: -248771874, guid: 1fa22c2b5ebef5f8f09692d9ba1e5baa, type: 3}",-248771874,1fa22c2b5ebef5f8f09692d9ba1e5baa,Assets/Plugins/LeTai.TrueShadow.dll,0,"{x: 0, y: -0}",90,0,0,1,0,1,0
LevelManager,Assets/GameObject/LevelManager.prefab,LeTai.TrueShadow,1fa22c2b5ebef5f8f09692d9ba1e5baa,-248771874,0,[],0,"{r: 1, g: 1, b: 1, a: 0.6}",2,0,0,0,0,0,{fileID: 0},0,0,1,{fileID: 1610471229171382},1610471229171382,0,{fileID: 0},0,{fileID: 0},0,"{fileID: -248771874, guid: 1fa22c2b5ebef5f8f09692d9ba1e5baa, type: 3}",-248771874,1fa22c2b5ebef5f8f09692d9ba1e5baa,Assets/Plugins/LeTai.TrueShadow.dll,0,"{x: 0, y: -0}",90,0,0,2,0,1,0
LevelManager,Assets/GameObject/LevelManager.prefab,LeTai.TrueShadow,1fa22c2b5ebef5f8f09692d9ba1e5baa,-248771874,0,[],0,"{r: 1, g: 1, b: 1, a: 0.6}",2,0,0,0,0,0,{fileID: 0},0,0,1,{fileID: 1408123565726868},1408123565726868,0,{fileID: 0},0,{fileID: 0},0,"{fileID: -248771874, guid: 1fa22c2b5ebef5f8f09692d9ba1e5baa, type: 3}",-248771874,1fa22c2b5ebef5f8f09692d9ba1e5baa,Assets/Plugins/LeTai.TrueShadow.dll,0,"{x: 0, y: -0}",90,0,0,2,0,1,0
LevelManager,Assets/GameObject/LevelManager.prefab,LeTai.TrueShadow,1fa22c2b5ebef5f8f09692d9ba1e5baa,-248771874,0,[],0,"{r: 1, g: 1, b: 1, a: 0.6}",2,0,0,0,0,0,{fileID: 0},0,0,1,{fileID: 1036510027010017},1036510027010017,0,{fileID: 0},0,{fileID: 0},0,"{fileID: -248771874, guid: 1fa22c2b5ebef5f8f09692d9ba1e5baa, type: 3}",-248771874,1fa22c2b5ebef5f8f09692d9ba1e5baa,Assets/Plugins/LeTai.TrueShadow.dll,0,"{x: 0, y: -0}",90,0,0,2,0,1,0
LevelManager,Assets/GameObject/LevelManager.prefab,LeTai.TrueShadow,1fa22c2b5ebef5f8f09692d9ba1e5baa,-248771874,0,[],0,"{r: 0, g: 0, b: 0, a: 0.6}",2,0,0,0,0,0,{fileID: 0},0,0,0,{fileID: 1482420245499720},1482420245499720,0,{fileID: 0},0,{fileID: 0},0,"{fileID: -248771874, guid: 1fa22c2b5ebef5f8f09692d9ba1e5baa, type: 3}",-248771874,1fa22c2b5ebef5f8f09692d9ba1e5baa,Assets/Plugins/LeTai.TrueShadow.dll,0,"{x: 1.7881396E-07, y: -3}",90,3,0,6,0,1,0
LevelManager,Assets/GameObject/LevelManager.prefab,LeTai.TrueShadow,1fa22c2b5ebef5f8f09692d9ba1e5baa,-248771874,0,[],1,"{r: 0.4764151, g: 1, b: 0.62022334, a: 1}",2,0,0,1,1,1,{fileID: 0},0,0,1,{fileID: 1279011192385150},1279011192385150,0,{fileID: 0},0,{fileID: 0},0,"{fileID: -248771874, guid: 1fa22c2b5ebef5f8f09692d9ba1e5baa, type: 3}",-248771874,1fa22c2b5ebef5f8f09692d9ba1e5baa,Assets/Plugins/LeTai.TrueShadow.dll,0,"{x: 0, y: -0}",90,0,0,17.85,0,0,0
LevelManager,Assets/GameObject/LevelManager.prefab,LeTai.TrueShadow,1fa22c2b5ebef5f8f09692d9ba1e5baa,-248771874,0,[],0,"{r: 0, g: 0, b: 0, a: 0.6}",2,0,0,0,0,0,{fileID: 0},0,0,0,{fileID: 1235573713878947},1235573713878947,0,{fileID: 0},0,{fileID: 0},0,"{fileID: -248771874, guid: 1fa22c2b5ebef5f8f09692d9ba1e5baa, type: 3}",-248771874,1fa22c2b5ebef5f8f09692d9ba1e5baa,Assets/Plugins/LeTai.TrueShadow.dll,0,"{x: 1.4142134, y: -1.4142137}",45,2,0,8,0,1,0
LevelManager,Assets/GameObject/LevelManager.prefab,LeTai.TrueShadow,1fa22c2b5ebef5f8f09692d9ba1e5baa,-248771874,0,[],0,"{r: 0, g: 0, b: 0, a: 0.72156864}",2,0,0,1,1,0,{fileID: 0},0,0,1,{fileID: 1544877637631578},1544877637631578,0,{fileID: 0},0,{fileID: 0},0,"{fileID: -248771874, guid: 1fa22c2b5ebef5f8f09692d9ba1e5baa, type: 3}",-248771874,1fa22c2b5ebef5f8f09692d9ba1e5baa,Assets/Plugins/LeTai.TrueShadow.dll,0,"{x: 5.9195232, y: -5.38138}",42.273666,8,0,3,0.5,1,0
LevelManager,Assets/GameObject/LevelManager.prefab,LeTai.TrueShadow,1fa22c2b5ebef5f8f09692d9ba1e5baa,-248771874,0,[],0,"{r: 1, g: 1, b: 1, a: 1}",2,0,0,1,0,0,{fileID: 0},0,0,0,{fileID: 1599830366723524},1599830366723524,0,{fileID: 0},0,{fileID: 0},0,"{fileID: -248771874, guid: 1fa22c2b5ebef5f8f09692d9ba1e5baa, type: 3}",-248771874,1fa22c2b5ebef5f8f09692d9ba1e5baa,Assets/Plugins/LeTai.TrueShadow.dll,0,"{x: 0, y: -0}",90,0,0,1,0,1,0
LevelManager,Assets/GameObject/LevelManager.prefab,LeTai.TrueShadow,1fa22c2b5ebef5f8f09692d9ba1e5baa,-248771874,0,[],0,"{r: 1, g: 1, b: 1, a: 0.6}",2,0,0,0,0,0,{fileID: 0},0,0,1,{fileID: 1450247629299936},1450247629299936,0,{fileID: 0},0,{fileID: 0},0,"{fileID: -248771874, guid: 1fa22c2b5ebef5f8f09692d9ba1e5baa, type: 3}",-248771874,1fa22c2b5ebef5f8f09692d9ba1e5baa,Assets/Plugins/LeTai.TrueShadow.dll,0,"{x: 0, y: -0}",90,0,0,2,0,1,0
LevelManager,Assets/GameObject/LevelManager.prefab,LeTai.TrueShadow,1fa22c2b5ebef5f8f09692d9ba1e5baa,-248771874,0,[],0,"{r: 1, g: 1, b: 1, a: 0.6}",2,0,0,0,0,0,{fileID: 0},0,0,1,{fileID: 1426958382363654},1426958382363654,0,{fileID: 0},0,{fileID: 0},0,"{fileID: -248771874, guid: 1fa22c2b5ebef5f8f09692d9ba1e5baa, type: 3}",-248771874,1fa22c2b5ebef5f8f09692d9ba1e5baa,Assets/Plugins/LeTai.TrueShadow.dll,0,"{x: 0, y: -0}",90,0,0,2,0,1,0
LevelManager,Assets/GameObject/LevelManager.prefab,LeTai.TrueShadow,1fa22c2b5ebef5f8f09692d9ba1e5baa,-248771874,0,[],0,"{r: 1, g: 1, b: 1, a: 0.6}",2,0,0,0,0,0,{fileID: 0},0,0,1,{fileID: 1376991729666145},1376991729666145,0,{fileID: 0},0,{fileID: 0},0,"{fileID: -248771874, guid: 1fa22c2b5ebef5f8f09692d9ba1e5baa, type: 3}",-248771874,1fa22c2b5ebef5f8f09692d9ba1e5baa,Assets/Plugins/LeTai.TrueShadow.dll,0,"{x: 0, y: -0}",90,0,0,2,0,1,0
LevelManager,Assets/GameObject/LevelManager.prefab,LeTai.TrueShadow,1fa22c2b5ebef5f8f09692d9ba1e5baa,-248771874,0,[],0,"{r: 0, g: 0, b: 0, a: 0.6}",2,0,0,0,0,0,{fileID: 0},0,0,0,{fileID: 1650174422364449},1650174422364449,0,{fileID: 0},0,{fileID: 0},0,"{fileID: -248771874, guid: 1fa22c2b5ebef5f8f09692d9ba1e5baa, type: 3}",-248771874,1fa22c2b5ebef5f8f09692d9ba1e5baa,Assets/Plugins/LeTai.TrueShadow.dll,0,"{x: 1.7881396E-07, y: -3}",90,3,0,6,0,1,0
LevelManager,Assets/GameObject/LevelManager.prefab,LeTai.TrueShadow,1fa22c2b5ebef5f8f09692d9ba1e5baa,-248771874,0,[],1,"{r: 0.22745097, g: 0.7221681, b: 1, a: 1}",2,0,0,0,0,0,{fileID: 0},0,0,1,{fileID: 1737219019997253},1737219019997253,0,{fileID: 0},0,{fileID: 0},0,"{fileID: -248771874, guid: 1fa22c2b5ebef5f8f09692d9ba1e5baa, type: 3}",-248771874,1fa22c2b5ebef5f8f09692d9ba1e5baa,Assets/Plugins/LeTai.TrueShadow.dll,0,"{x: 0, y: -0}",90,0,0,16,0,0,0
LevelManager,Assets/GameObject/LevelManager.prefab,LeTai.TrueShadow,1fa22c2b5ebef5f8f09692d9ba1e5baa,-248771874,0,[],0,"{r: 1, g: 1, b: 1, a: 1}",2,0,0,0,0,0,{fileID: 0},0,0,0,{fileID: 1668115339391276},1668115339391276,0,{fileID: 0},0,{fileID: 0},0,"{fileID: -248771874, guid: 1fa22c2b5ebef5f8f09692d9ba1e5baa, type: 3}",-248771874,1fa22c2b5ebef5f8f09692d9ba1e5baa,Assets/Plugins/LeTai.TrueShadow.dll,0,"{x: 1.192093E-07, y: -2}",90,2,0,3.4,0.197,1,0
LevelManager,Assets/GameObject/LevelManager.prefab,LeTai.TrueShadow,1fa22c2b5ebef5f8f09692d9ba1e5baa,-248771874,0,[],0,"{r: 1, g: 1, b: 1, a: 1}",2,0,0,0,0,0,{fileID: 0},0,0,0,{fileID: 1757667144708672},1757667144708672,0,{fileID: 0},0,{fileID: 0},0,"{fileID: -248771874, guid: 1fa22c2b5ebef5f8f09692d9ba1e5baa, type: 3}",-248771874,1fa22c2b5ebef5f8f09692d9ba1e5baa,Assets/Plugins/LeTai.TrueShadow.dll,0,"{x: 1.192093E-07, y: 2}",270,2,0,3.4,0.197,1,0
LevelManager,Assets/GameObject/LevelManager.prefab,LeTai.TrueShadow,1fa22c2b5ebef5f8f09692d9ba1e5baa,-248771874,0,[],0,"{r: 0, g: 0, b: 0, a: 0.5686275}",2,0,0,0,0,1,{fileID: 0},0,0,1,{fileID: 1568450572935917},1568450572935917,0,{fileID: 0},0,{fileID: 0},0,"{fileID: -248771874, guid: 1fa22c2b5ebef5f8f09692d9ba1e5baa, type: 3}",-248771874,1fa22c2b5ebef5f8f09692d9ba1e5baa,Assets/Plugins/LeTai.TrueShadow.dll,0,"{x: 0.27349573, y: -1.4951923}",79.63423,1.52,0,2,0,0,0
LevelManager,Assets/GameObject/LevelManager.prefab,LeTai.TrueShadow,1fa22c2b5ebef5f8f09692d9ba1e5baa,-248771874,0,[],0,"{r: 0, g: 0, b: 0, a: 1}",2,0,0,0,0,0,{fileID: 0},0,0,1,{fileID: 1107916905576232},1107916905576232,0,{fileID: 0},0,{fileID: 0},0,"{fileID: -248771874, guid: 1fa22c2b5ebef5f8f09692d9ba1e5baa, type: 3}",-248771874,1fa22c2b5ebef5f8f09692d9ba1e5baa,Assets/Plugins/LeTai.TrueShadow.dll,0,"{x: 0, y: -0}",90,0,0,5,0,1,0
LevelManager,Assets/GameObject/LevelManager.prefab,LeTai.TrueShadow,1fa22c2b5ebef5f8f09692d9ba1e5baa,-248771874,0,[],0,"{r: 0, g: 0, b: 0, a: 0.6}",2,0,0,0,0,0,{fileID: 0},0,0,0,{fileID: 1758286951934464},1758286951934464,0,{fileID: 0},0,{fileID: 0},0,"{fileID: -248771874, guid: 1fa22c2b5ebef5f8f09692d9ba1e5baa, type: 3}",-248771874,1fa22c2b5ebef5f8f09692d9ba1e5baa,Assets/Plugins/LeTai.TrueShadow.dll,0,"{x: 5.6568537, y: -5.6568546}",45,8,0,8,0,1,0
LevelManager,Assets/GameObject/LevelManager.prefab,LeTai.TrueShadow,1fa22c2b5ebef5f8f09692d9ba1e5baa,-248771874,0,[],0,"{r: 0, g: 0, b: 0, a: 0.72156864}",2,0,0,1,0,0,{fileID: 0},0,0,0,{fileID: 1899843920104809},1899843920104809,0,{fileID: 0},0,{fileID: 0},0,"{fileID: -248771874, guid: 1fa22c2b5ebef5f8f09692d9ba1e5baa, type: 3}",-248771874,1fa22c2b5ebef5f8f09692d9ba1e5baa,Assets/Plugins/LeTai.TrueShadow.dll,0,"{x: 5.9195232, y: -5.38138}",42.273666,8,0,3,0.5,1,0
LevelManager,Assets/GameObject/LevelManager.prefab,LeTai.TrueShadow,1fa22c2b5ebef5f8f09692d9ba1e5baa,-248771874,0,[],0,"{r: 1, g: 1, b: 1, a: 0.6}",2,0,0,0,0,0,{fileID: 0},0,0,0,{fileID: 1459319451028199},1459319451028199,0,{fileID: 0},0,{fileID: 0},0,"{fileID: -248771874, guid: 1fa22c2b5ebef5f8f09692d9ba1e5baa, type: 3}",-248771874,1fa22c2b5ebef5f8f09692d9ba1e5baa,Assets/Plugins/LeTai.TrueShadow.dll,0,"{x: 0, y: -0}",90,0,0,6.73,0,0,0
LevelManager,Assets/GameObject/LevelManager.prefab,LeTai.TrueShadow,1fa22c2b5ebef5f8f09692d9ba1e5baa,-248771874,0,[],0,"{r: 1, g: 1, b: 1, a: 0.6}",2,0,0,0,0,0,{fileID: 0},0,0,0,{fileID: 1033691785096056},1033691785096056,0,{fileID: 0},0,{fileID: 0},0,"{fileID: -248771874, guid: 1fa22c2b5ebef5f8f09692d9ba1e5baa, type: 3}",-248771874,1fa22c2b5ebef5f8f09692d9ba1e5baa,Assets/Plugins/LeTai.TrueShadow.dll,0,"{x: 0, y: -0}",90,0,0,6.73,0,0,0
LevelManager,Assets/GameObject/LevelManager.prefab,LeTai.TrueShadow,1fa22c2b5ebef5f8f09692d9ba1e5baa,-248771874,0,[],0,"{r: 1, g: 1, b: 1, a: 0.6}",2,0,0,0,0,0,{fileID: 0},0,0,0,{fileID: 1995399512751131},1995399512751131,0,{fileID: 0},0,{fileID: 0},0,"{fileID: -248771874, guid: 1fa22c2b5ebef5f8f09692d9ba1e5baa, type: 3}",-248771874,1fa22c2b5ebef5f8f09692d9ba1e5baa,Assets/Plugins/LeTai.TrueShadow.dll,0,"{x: 0, y: -0}",90,0,0,6.73,0,0,0
LevelManager,Assets/GameObject/LevelManager.prefab,LeTai.TrueShadow,1fa22c2b5ebef5f8f09692d9ba1e5baa,-248771874,0,[],2,"{r: 1, g: 1, b: 1, a: 0.6}",2,0,0,0,0,0,{fileID: 0},0,0,0,{fileID: 1952657686268326},1952657686268326,0,{fileID: 0},0,{fileID: 0},0,"{fileID: -248771874, guid: 1fa22c2b5ebef5f8f09692d9ba1e5baa, type: 3}",-248771874,1fa22c2b5ebef5f8f09692d9ba1e5baa,Assets/Plugins/LeTai.TrueShadow.dll,0,"{x: 0, y: -0}",90,0,0,32,0,1,0
LevelManager,Assets/GameObject/LevelManager.prefab,LeTai.TrueShadow,1fa22c2b5ebef5f8f09692d9ba1e5baa,-248771874,0,[],0,"{r: 0, g: 0, b: 0, a: 0.6}",2,0,0,0,0,0,{fileID: 0},0,0,0,{fileID: 1084143918748180},1084143918748180,0,{fileID: 0},0,{fileID: 0},0,"{fileID: -248771874, guid: 1fa22c2b5ebef5f8f09692d9ba1e5baa, type: 3}",-248771874,1fa22c2b5ebef5f8f09692d9ba1e5baa,Assets/Plugins/LeTai.TrueShadow.dll,0,"{x: 7.1525585E-07, y: -12}",90,12,0,32,0,1,0
LevelManager,Assets/GameObject/LevelManager.prefab,LeTai.TrueShadow,1fa22c2b5ebef5f8f09692d9ba1e5baa,-248771874,0,[],0,"{r: 0, g: 0, b: 0, a: 0.6}",2,0,0,0,0,0,{fileID: 0},0,0,0,{fileID: 1990511133250896},1990511133250896,0,{fileID: 0},0,{fileID: 0},0,"{fileID: -248771874, guid: 1fa22c2b5ebef5f8f09692d9ba1e5baa, type: 3}",-248771874,1fa22c2b5ebef5f8f09692d9ba1e5baa,Assets/Plugins/LeTai.TrueShadow.dll,0,"{x: 1.4142134, y: -1.4142137}",45,2,0,8,0,1,0
LevelManager,Assets/GameObject/LevelManager.prefab,LeTai.TrueShadow,1fa22c2b5ebef5f8f09692d9ba1e5baa,-248771874,0,[],0,"{r: 0, g: 0, b: 0, a: 0.72156864}",2,0,0,1,1,0,{fileID: 0},0,0,1,{fileID: 1660447087693349},1660447087693349,0,{fileID: 0},0,{fileID: 0},0,"{fileID: -248771874, guid: 1fa22c2b5ebef5f8f09692d9ba1e5baa, type: 3}",-248771874,1fa22c2b5ebef5f8f09692d9ba1e5baa,Assets/Plugins/LeTai.TrueShadow.dll,0,"{x: 5.9195232, y: -5.38138}",42.273666,8,0,3,0.5,1,0
LevelManager,Assets/GameObject/LevelManager.prefab,LeTai.TrueShadow,1fa22c2b5ebef5f8f09692d9ba1e5baa,-248771874,0,[],0,"{r: 1, g: 1, b: 1, a: 1}",2,0,0,1,0,0,{fileID: 0},0,0,0,{fileID: 1126396666264757},1126396666264757,0,{fileID: 0},0,{fileID: 0},0,"{fileID: -248771874, guid: 1fa22c2b5ebef5f8f09692d9ba1e5baa, type: 3}",-248771874,1fa22c2b5ebef5f8f09692d9ba1e5baa,Assets/Plugins/LeTai.TrueShadow.dll,0,"{x: 0, y: -0}",90,0,0,1,0,1,0
LevelManager,Assets/GameObject/LevelManager.prefab,LeTai.TrueShadow,1fa22c2b5ebef5f8f09692d9ba1e5baa,-248771874,0,[],0,"{r: 1, g: 1, b: 1, a: 0.6}",2,0,0,0,0,0,{fileID: 0},0,0,1,{fileID: 1957936998224250},1957936998224250,0,{fileID: 0},0,{fileID: 0},0,"{fileID: -248771874, guid: 1fa22c2b5ebef5f8f09692d9ba1e5baa, type: 3}",-248771874,1fa22c2b5ebef5f8f09692d9ba1e5baa,Assets/Plugins/LeTai.TrueShadow.dll,0,"{x: 0, y: -0}",90,0,0,2,0,1,0
LevelManager,Assets/GameObject/LevelManager.prefab,LeTai.TrueShadow,1fa22c2b5ebef5f8f09692d9ba1e5baa,-248771874,0,[],0,"{r: 1, g: 1, b: 1, a: 0.6}",2,0,0,0,0,0,{fileID: 0},0,0,1,{fileID: 1808896587322781},1808896587322781,0,{fileID: 0},0,{fileID: 0},0,"{fileID: -248771874, guid: 1fa22c2b5ebef5f8f09692d9ba1e5baa, type: 3}",-248771874,1fa22c2b5ebef5f8f09692d9ba1e5baa,Assets/Plugins/LeTai.TrueShadow.dll,0,"{x: 0, y: -0}",90,0,0,2,0,1,0
LevelManager,Assets/GameObject/LevelManager.prefab,LeTai.TrueShadow,1fa22c2b5ebef5f8f09692d9ba1e5baa,-248771874,0,[],0,"{r: 1, g: 1, b: 1, a: 0.6}",2,0,0,0,0,0,{fileID: 0},0,0,1,{fileID: 1652958778545308},1652958778545308,0,{fileID: 0},0,{fileID: 0},0,"{fileID: -248771874, guid: 1fa22c2b5ebef5f8f09692d9ba1e5baa, type: 3}",-248771874,1fa22c2b5ebef5f8f09692d9ba1e5baa,Assets/Plugins/LeTai.TrueShadow.dll,0,"{x: 0, y: -0}",90,0,0,2,0,1,0
LevelManager,Assets/GameObject/LevelManager.prefab,LeTai.TrueShadow,1fa22c2b5ebef5f8f09692d9ba1e5baa,-248771874,0,[],0,"{r: 0, g: 0, b: 0, a: 0.6}",2,0,0,0,0,0,{fileID: 0},0,0,0,{fileID: 1336557590713662},1336557590713662,0,{fileID: 0},0,{fileID: 0},0,"{fileID: -248771874, guid: 1fa22c2b5ebef5f8f09692d9ba1e5baa, type: 3}",-248771874,1fa22c2b5ebef5f8f09692d9ba1e5baa,Assets/Plugins/LeTai.TrueShadow.dll,0,"{x: 1.7881396E-07, y: -3}",90,3,0,6,0,1,0
LevelManager,Assets/GameObject/LevelManager.prefab,LeTai.TrueShadow,1fa22c2b5ebef5f8f09692d9ba1e5baa,-248771874,0,[],2,"{r: 1, g: 1, b: 1, a: 0.6}",2,0,0,0,0,0,{fileID: 0},0,0,0,{fileID: 1699289516044147},1699289516044147,0,{fileID: 0},0,{fileID: 0},0,"{fileID: -248771874, guid: 1fa22c2b5ebef5f8f09692d9ba1e5baa, type: 3}",-248771874,1fa22c2b5ebef5f8f09692d9ba1e5baa,Assets/Plugins/LeTai.TrueShadow.dll,0,"{x: 0, y: -0}",90,0,0,32,0,1,0
LevelManager,Assets/GameObject/LevelManager.prefab,LeTai.TrueShadow,1fa22c2b5ebef5f8f09692d9ba1e5baa,-248771874,0,[],0,"{r: 0, g: 0, b: 0, a: 0.6}",2,0,0,0,0,0,{fileID: 0},0,0,0,{fileID: 1233670457884980},1233670457884980,0,{fileID: 0},0,{fileID: 0},0,"{fileID: -248771874, guid: 1fa22c2b5ebef5f8f09692d9ba1e5baa, type: 3}",-248771874,1fa22c2b5ebef5f8f09692d9ba1e5baa,Assets/Plugins/LeTai.TrueShadow.dll,0,"{x: 7.1525585E-07, y: -12}",90,12,0,32,0,1,0
LevelManager,Assets/GameObject/LevelManager.prefab,LeTai.TrueShadow,1fa22c2b5ebef5f8f09692d9ba1e5baa,-248771874,0,[],0,"{r: 0, g: 0, b: 0, a: 0.6}",2,0,0,0,0,0,{fileID: 0},0,0,0,{fileID: 1762574978933786},1762574978933786,0,{fileID: 0},0,{fileID: 0},0,"{fileID: -248771874, guid: 1fa22c2b5ebef5f8f09692d9ba1e5baa, type: 3}",-248771874,1fa22c2b5ebef5f8f09692d9ba1e5baa,Assets/Plugins/LeTai.TrueShadow.dll,0,"{x: 5.6568537, y: -5.6568546}",45,8,0,8,0,1,0
LevelManager,Assets/GameObject/LevelManager.prefab,LeTai.TrueShadow,1fa22c2b5ebef5f8f09692d9ba1e5baa,-248771874,0,[],0,"{r: 0, g: 0, b: 0, a: 0.72156864}",2,0,0,0,0,0,{fileID: 0},0,0,0,{fileID: 1264090817733183},1264090817733183,0,{fileID: 0},0,{fileID: 0},0,"{fileID: -248771874, guid: 1fa22c2b5ebef5f8f09692d9ba1e5baa, type: 3}",-248771874,1fa22c2b5ebef5f8f09692d9ba1e5baa,Assets/Plugins/LeTai.TrueShadow.dll,0,"{x: 5.9195232, y: -5.38138}",42.273666,8,0,15,0,1,0
LevelManager,Assets/GameObject/LevelManager.prefab,LeTai.TrueShadow,1fa22c2b5ebef5f8f09692d9ba1e5baa,-248771874,0,[],0,"{r: 0, g: 0, b: 0, a: 0.6}",2,0,0,0,0,0,{fileID: 0},0,0,1,{fileID: 1683979348288765},1683979348288765,0,{fileID: 0},0,{fileID: 0},0,"{fileID: -248771874, guid: 1fa22c2b5ebef5f8f09692d9ba1e5baa, type: 3}",-248771874,1fa22c2b5ebef5f8f09692d9ba1e5baa,Assets/Plugins/LeTai.TrueShadow.dll,0,"{x: 3.5355334, y: -3.5355341}",45,5,0,5,0,1,0
LevelManager,Assets/GameObject/LevelManager.prefab,LeTai.TrueShadow,1fa22c2b5ebef5f8f09692d9ba1e5baa,-248771874,0,[],0,"{r: 1, g: 1, b: 1, a: 1}",2,0,0,0,0,0,{fileID: 0},0,0,0,{fileID: 1665295814621833},1665295814621833,0,{fileID: 0},0,{fileID: 0},0,"{fileID: -248771874, guid: 1fa22c2b5ebef5f8f09692d9ba1e5baa, type: 3}",-248771874,1fa22c2b5ebef5f8f09692d9ba1e5baa,Assets/Plugins/LeTai.TrueShadow.dll,0,"{x: 1.192093E-07, y: -2}",90,2,0,3.4,0.197,1,0
LevelManager,Assets/GameObject/LevelManager.prefab,LeTai.TrueShadow,1fa22c2b5ebef5f8f09692d9ba1e5baa,-248771874,0,[],0,"{r: 1, g: 1, b: 1, a: 1}",2,0,0,0,0,0,{fileID: 0},0,0,0,{fileID: 1649382411111730},1649382411111730,0,{fileID: 0},0,{fileID: 0},0,"{fileID: -248771874, guid: 1fa22c2b5ebef5f8f09692d9ba1e5baa, type: 3}",-248771874,1fa22c2b5ebef5f8f09692d9ba1e5baa,Assets/Plugins/LeTai.TrueShadow.dll,0,"{x: 1.192093E-07, y: 2}",270,2,0,3.4,0.197,1,0
LevelManager,Assets/GameObject/LevelManager.prefab,LeTai.TrueShadow,1fa22c2b5ebef5f8f09692d9ba1e5baa,-248771874,0,[],0,"{r: 0, g: 0, b: 0, a: 0.5686275}",2,0,0,0,0,1,{fileID: 0},0,0,1,{fileID: 1559839070112779},1559839070112779,0,{fileID: 0},0,{fileID: 0},0,"{fileID: -248771874, guid: 1fa22c2b5ebef5f8f09692d9ba1e5baa, type: 3}",-248771874,1fa22c2b5ebef5f8f09692d9ba1e5baa,Assets/Plugins/LeTai.TrueShadow.dll,0,"{x: 0.27349573, y: -1.4951923}",79.63423,1.52,0,2,0,0,0
LevelManager,Assets/GameObject/LevelManager.prefab,LeTai.TrueShadow,1fa22c2b5ebef5f8f09692d9ba1e5baa,-248771874,0,[],0,"{r: 0, g: 0, b: 0, a: 1}",2,0,0,0,0,0,{fileID: 0},0,0,1,{fileID: 1681077878009601},1681077878009601,0,{fileID: 0},0,{fileID: 0},0,"{fileID: -248771874, guid: 1fa22c2b5ebef5f8f09692d9ba1e5baa, type: 3}",-248771874,1fa22c2b5ebef5f8f09692d9ba1e5baa,Assets/Plugins/LeTai.TrueShadow.dll,0,"{x: 0, y: -0}",90,0,0,5,0,1,0
LevelManager,Assets/GameObject/LevelManager.prefab,LeTai.TrueShadow,1fa22c2b5ebef5f8f09692d9ba1e5baa,-248771874,0,[],0,"{r: 0, g: 0, b: 0, a: 0.6}",2,0,0,0,0,0,{fileID: 0},0,0,1,{fileID: 1497140935014804},1497140935014804,0,{fileID: 0},0,{fileID: 0},0,"{fileID: -248771874, guid: 1fa22c2b5ebef5f8f09692d9ba1e5baa, type: 3}",-248771874,1fa22c2b5ebef5f8f09692d9ba1e5baa,Assets/Plugins/LeTai.TrueShadow.dll,0,"{x: 3.5355334, y: -3.5355341}",45,5,0,10,0,1,0
LevelManager,Assets/GameObject/LevelManager.prefab,LeTai.TrueShadow,1fa22c2b5ebef5f8f09692d9ba1e5baa,-248771874,0,[],1,"{r: 0.4764151, g: 1, b: 0.62022334, a: 1}",2,0,0,1,1,1,{fileID: 0},0,0,1,{fileID: 1182965394098637},1182965394098637,0,{fileID: 0},0,{fileID: 0},0,"{fileID: -248771874, guid: 1fa22c2b5ebef5f8f09692d9ba1e5baa, type: 3}",-248771874,1fa22c2b5ebef5f8f09692d9ba1e5baa,Assets/Plugins/LeTai.TrueShadow.dll,0,"{x: 0, y: -0}",90,0,0,17.85,0,0,0
LevelManager,Assets/GameObject/LevelManager.prefab,LeTai.TrueShadow,1fa22c2b5ebef5f8f09692d9ba1e5baa,-248771874,0,[],0,"{r: 0, g: 0, b: 0, a: 0.6}",2,0,0,0,0,0,{fileID: 0},0,0,0,{fileID: 1730800053764766},1730800053764766,0,{fileID: 0},0,{fileID: 0},0,"{fileID: -248771874, guid: 1fa22c2b5ebef5f8f09692d9ba1e5baa, type: 3}",-248771874,1fa22c2b5ebef5f8f09692d9ba1e5baa,Assets/Plugins/LeTai.TrueShadow.dll,0,"{x: 1.4142134, y: -1.4142137}",45,2,0,8,0,1,0
LevelManager,Assets/GameObject/LevelManager.prefab,LeTai.TrueShadow,1fa22c2b5ebef5f8f09692d9ba1e5baa,-248771874,0,[],0,"{r: 0, g: 0, b: 0, a: 0.72156864}",2,0,0,1,1,0,{fileID: 0},0,0,1,{fileID: 1558976510946297},1558976510946297,0,{fileID: 0},0,{fileID: 0},0,"{fileID: -248771874, guid: 1fa22c2b5ebef5f8f09692d9ba1e5baa, type: 3}",-248771874,1fa22c2b5ebef5f8f09692d9ba1e5baa,Assets/Plugins/LeTai.TrueShadow.dll,0,"{x: 5.9195232, y: -5.38138}",42.273666,8,0,3,0.5,1,0
LevelManager,Assets/GameObject/LevelManager.prefab,LeTai.TrueShadow,1fa22c2b5ebef5f8f09692d9ba1e5baa,-248771874,0,[],0,"{r: 1, g: 1, b: 1, a: 1}",2,0,0,1,0,0,{fileID: 0},0,0,0,{fileID: 1103054831719456},1103054831719456,0,{fileID: 0},0,{fileID: 0},0,"{fileID: -248771874, guid: 1fa22c2b5ebef5f8f09692d9ba1e5baa, type: 3}",-248771874,1fa22c2b5ebef5f8f09692d9ba1e5baa,Assets/Plugins/LeTai.TrueShadow.dll,0,"{x: 0, y: -0}",90,0,0,1,0,1,0
LevelManager,Assets/GameObject/LevelManager.prefab,LeTai.TrueShadow,1fa22c2b5ebef5f8f09692d9ba1e5baa,-248771874,0,[],0,"{r: 1, g: 1, b: 1, a: 0.6}",2,0,0,0,0,0,{fileID: 0},0,0,1,{fileID: 1395019957737750},1395019957737750,0,{fileID: 0},0,{fileID: 0},0,"{fileID: -248771874, guid: 1fa22c2b5ebef5f8f09692d9ba1e5baa, type: 3}",-248771874,1fa22c2b5ebef5f8f09692d9ba1e5baa,Assets/Plugins/LeTai.TrueShadow.dll,0,"{x: 0, y: -0}",90,0,0,2,0,1,0
LevelManager,Assets/GameObject/LevelManager.prefab,LeTai.TrueShadow,1fa22c2b5ebef5f8f09692d9ba1e5baa,-248771874,0,[],0,"{r: 1, g: 1, b: 1, a: 0.6}",2,0,0,0,0,0,{fileID: 0},0,0,1,{fileID: 1011010315671164},1011010315671164,0,{fileID: 0},0,{fileID: 0},0,"{fileID: -248771874, guid: 1fa22c2b5ebef5f8f09692d9ba1e5baa, type: 3}",-248771874,1fa22c2b5ebef5f8f09692d9ba1e5baa,Assets/Plugins/LeTai.TrueShadow.dll,0,"{x: 0, y: -0}",90,0,0,2,0,1,0
LevelManager,Assets/GameObject/LevelManager.prefab,LeTai.TrueShadow,1fa22c2b5ebef5f8f09692d9ba1e5baa,-248771874,0,[],0,"{r: 1, g: 1, b: 1, a: 0.6}",2,0,0,0,0,0,{fileID: 0},0,0,1,{fileID: 1617971920940000},1617971920940000,0,{fileID: 0},0,{fileID: 0},0,"{fileID: -248771874, guid: 1fa22c2b5ebef5f8f09692d9ba1e5baa, type: 3}",-248771874,1fa22c2b5ebef5f8f09692d9ba1e5baa,Assets/Plugins/LeTai.TrueShadow.dll,0,"{x: 0, y: -0}",90,0,0,2,0,1,0
LevelManager,Assets/GameObject/LevelManager.prefab,LeTai.TrueShadow,1fa22c2b5ebef5f8f09692d9ba1e5baa,-248771874,0,[],0,"{r: 0, g: 0, b: 0, a: 0.6}",2,0,0,0,0,0,{fileID: 0},0,0,0,{fileID: 1969105262217467},1969105262217467,0,{fileID: 0},0,{fileID: 0},0,"{fileID: -248771874, guid: 1fa22c2b5ebef5f8f09692d9ba1e5baa, type: 3}",-248771874,1fa22c2b5ebef5f8f09692d9ba1e5baa,Assets/Plugins/LeTai.TrueShadow.dll,0,"{x: 1.7881396E-07, y: -3}",90,3,0,6,0,1,0
LevelManager,Assets/GameObject/LevelManager.prefab,LeTai.TrueShadow,1fa22c2b5ebef5f8f09692d9ba1e5baa,-248771874,0,[],1,"{r: 0.4764151, g: 1, b: 0.62022334, a: 1}",2,0,0,1,1,1,{fileID: 0},0,0,1,{fileID: 1435268026474948},1435268026474948,0,{fileID: 0},0,{fileID: 0},0,"{fileID: -248771874, guid: 1fa22c2b5ebef5f8f09692d9ba1e5baa, type: 3}",-248771874,1fa22c2b5ebef5f8f09692d9ba1e5baa,Assets/Plugins/LeTai.TrueShadow.dll,0,"{x: 0, y: -0}",90,0,0,17.85,0,0,0
LevelManager,Assets/GameObject/LevelManager.prefab,LeTai.TrueShadow,1fa22c2b5ebef5f8f09692d9ba1e5baa,-248771874,0,[],0,"{r: 0, g: 0, b: 0, a: 0.6}",2,0,0,0,0,0,{fileID: 0},0,0,0,{fileID: 1840131890256229},1840131890256229,0,{fileID: 0},0,{fileID: 0},0,"{fileID: -248771874, guid: 1fa22c2b5ebef5f8f09692d9ba1e5baa, type: 3}",-248771874,1fa22c2b5ebef5f8f09692d9ba1e5baa,Assets/Plugins/LeTai.TrueShadow.dll,0,"{x: 1.4142134, y: -1.4142137}",45,2,0,8,0,1,0
LevelManager,Assets/GameObject/LevelManager.prefab,LeTai.TrueShadow,1fa22c2b5ebef5f8f09692d9ba1e5baa,-248771874,0,[],0,"{r: 0, g: 0, b: 0, a: 0.72156864}",2,0,0,1,1,0,{fileID: 0},0,0,1,{fileID: 1041829106284942},1041829106284942,0,{fileID: 0},0,{fileID: 0},0,"{fileID: -248771874, guid: 1fa22c2b5ebef5f8f09692d9ba1e5baa, type: 3}",-248771874,1fa22c2b5ebef5f8f09692d9ba1e5baa,Assets/Plugins/LeTai.TrueShadow.dll,0,"{x: 5.9195232, y: -5.38138}",42.273666,8,0,3,0.5,1,0
LevelManager,Assets/GameObject/LevelManager.prefab,LeTai.TrueShadow,1fa22c2b5ebef5f8f09692d9ba1e5baa,-248771874,0,[],0,"{r: 1, g: 1, b: 1, a: 1}",2,0,0,1,0,0,{fileID: 0},0,0,0,{fileID: 1539951716201755},1539951716201755,0,{fileID: 0},0,{fileID: 0},0,"{fileID: -248771874, guid: 1fa22c2b5ebef5f8f09692d9ba1e5baa, type: 3}",-248771874,1fa22c2b5ebef5f8f09692d9ba1e5baa,Assets/Plugins/LeTai.TrueShadow.dll,0,"{x: 0, y: -0}",90,0,0,1,0,1,0
LevelManager,Assets/GameObject/LevelManager.prefab,LeTai.TrueShadow,1fa22c2b5ebef5f8f09692d9ba1e5baa,-248771874,0,[],0,"{r: 1, g: 1, b: 1, a: 0.6}",2,0,0,0,0,0,{fileID: 0},0,0,1,{fileID: 1176216798477433},1176216798477433,0,{fileID: 0},0,{fileID: 0},0,"{fileID: -248771874, guid: 1fa22c2b5ebef5f8f09692d9ba1e5baa, type: 3}",-248771874,1fa22c2b5ebef5f8f09692d9ba1e5baa,Assets/Plugins/LeTai.TrueShadow.dll,0,"{x: 0, y: -0}",90,0,0,2,0,1,0
LevelManager,Assets/GameObject/LevelManager.prefab,LeTai.TrueShadow,1fa22c2b5ebef5f8f09692d9ba1e5baa,-248771874,0,[],0,"{r: 1, g: 1, b: 1, a: 0.6}",2,0,0,0,0,0,{fileID: 0},0,0,1,{fileID: 1066461788187743},1066461788187743,0,{fileID: 0},0,{fileID: 0},0,"{fileID: -248771874, guid: 1fa22c2b5ebef5f8f09692d9ba1e5baa, type: 3}",-248771874,1fa22c2b5ebef5f8f09692d9ba1e5baa,Assets/Plugins/LeTai.TrueShadow.dll,0,"{x: 0, y: -0}",90,0,0,2,0,1,0
LevelManager,Assets/GameObject/LevelManager.prefab,LeTai.TrueShadow,1fa22c2b5ebef5f8f09692d9ba1e5baa,-248771874,0,[],0,"{r: 1, g: 1, b: 1, a: 0.6}",2,0,0,0,0,0,{fileID: 0},0,0,1,{fileID: 1479659724120141},1479659724120141,0,{fileID: 0},0,{fileID: 0},0,"{fileID: -248771874, guid: 1fa22c2b5ebef5f8f09692d9ba1e5baa, type: 3}",-248771874,1fa22c2b5ebef5f8f09692d9ba1e5baa,Assets/Plugins/LeTai.TrueShadow.dll,0,"{x: 0, y: -0}",90,0,0,2,0,1,0
LevelManager,Assets/GameObject/LevelManager.prefab,LeTai.TrueShadow,1fa22c2b5ebef5f8f09692d9ba1e5baa,-248771874,0,[],0,"{r: 0, g: 0, b: 0, a: 0.6}",2,0,0,0,0,0,{fileID: 0},0,0,0,{fileID: 1812969186139884},1812969186139884,0,{fileID: 0},0,{fileID: 0},0,"{fileID: -248771874, guid: 1fa22c2b5ebef5f8f09692d9ba1e5baa, type: 3}",-248771874,1fa22c2b5ebef5f8f09692d9ba1e5baa,Assets/Plugins/LeTai.TrueShadow.dll,0,"{x: 1.7881396E-07, y: -3}",90,3,0,6,0,1,0
LevelManager,Assets/GameObject/LevelManager.prefab,LeTai.TrueShadow,1fa22c2b5ebef5f8f09692d9ba1e5baa,-248771874,0,[],1,"{r: 0.4764151, g: 1, b: 0.62022334, a: 1}",2,0,0,1,1,1,{fileID: 0},0,0,1,{fileID: 1389395843597992},1389395843597992,0,{fileID: 0},0,{fileID: 0},0,"{fileID: -248771874, guid: 1fa22c2b5ebef5f8f09692d9ba1e5baa, type: 3}",-248771874,1fa22c2b5ebef5f8f09692d9ba1e5baa,Assets/Plugins/LeTai.TrueShadow.dll,0,"{x: 0, y: -0}",90,0,0,17.85,0,0,0
LevelManager,Assets/GameObject/LevelManager.prefab,LeTai.TrueShadow,1fa22c2b5ebef5f8f09692d9ba1e5baa,-248771874,0,[],0,"{r: 0, g: 0, b: 0, a: 0.6}",2,0,0,0,0,0,{fileID: 0},0,0,0,{fileID: 1084027157343784},1084027157343784,0,{fileID: 0},0,{fileID: 0},0,"{fileID: -248771874, guid: 1fa22c2b5ebef5f8f09692d9ba1e5baa, type: 3}",-248771874,1fa22c2b5ebef5f8f09692d9ba1e5baa,Assets/Plugins/LeTai.TrueShadow.dll,0,"{x: 1.4142134, y: -1.4142137}",45,2,0,8,0,1,0
LevelManager,Assets/GameObject/LevelManager.prefab,LeTai.TrueShadow,1fa22c2b5ebef5f8f09692d9ba1e5baa,-248771874,0,[],0,"{r: 0, g: 0, b: 0, a: 0.72156864}",2,0,0,1,1,0,{fileID: 0},0,0,1,{fileID: 1450134009780413},1450134009780413,0,{fileID: 0},0,{fileID: 0},0,"{fileID: -248771874, guid: 1fa22c2b5ebef5f8f09692d9ba1e5baa, type: 3}",-248771874,1fa22c2b5ebef5f8f09692d9ba1e5baa,Assets/Plugins/LeTai.TrueShadow.dll,0,"{x: 5.9195232, y: -5.38138}",42.273666,8,0,3,0.5,1,0
LevelManager,Assets/GameObject/LevelManager.prefab,LeTai.TrueShadow,1fa22c2b5ebef5f8f09692d9ba1e5baa,-248771874,0,[],0,"{r: 1, g: 1, b: 1, a: 1}",2,0,0,1,0,0,{fileID: 0},0,0,0,{fileID: 1521898048082437},1521898048082437,0,{fileID: 0},0,{fileID: 0},0,"{fileID: -248771874, guid: 1fa22c2b5ebef5f8f09692d9ba1e5baa, type: 3}",-248771874,1fa22c2b5ebef5f8f09692d9ba1e5baa,Assets/Plugins/LeTai.TrueShadow.dll,0,"{x: 0, y: -0}",90,0,0,1,0,1,0
LevelManager,Assets/GameObject/LevelManager.prefab,LeTai.TrueShadow,1fa22c2b5ebef5f8f09692d9ba1e5baa,-248771874,0,[],0,"{r: 1, g: 1, b: 1, a: 0.6}",2,0,0,0,0,0,{fileID: 0},0,0,1,{fileID: 1664997754756554},1664997754756554,0,{fileID: 0},0,{fileID: 0},0,"{fileID: -248771874, guid: 1fa22c2b5ebef5f8f09692d9ba1e5baa, type: 3}",-248771874,1fa22c2b5ebef5f8f09692d9ba1e5baa,Assets/Plugins/LeTai.TrueShadow.dll,0,"{x: 0, y: -0}",90,0,0,2,0,1,0
LevelManager,Assets/GameObject/LevelManager.prefab,LeTai.TrueShadow,1fa22c2b5ebef5f8f09692d9ba1e5baa,-248771874,0,[],0,"{r: 1, g: 1, b: 1, a: 0.6}",2,0,0,0,0,0,{fileID: 0},0,0,1,{fileID: 1115882570619659},1115882570619659,0,{fileID: 0},0,{fileID: 0},0,"{fileID: -248771874, guid: 1fa22c2b5ebef5f8f09692d9ba1e5baa, type: 3}",-248771874,1fa22c2b5ebef5f8f09692d9ba1e5baa,Assets/Plugins/LeTai.TrueShadow.dll,0,"{x: 0, y: -0}",90,0,0,2,0,1,0
LevelManager,Assets/GameObject/LevelManager.prefab,LeTai.TrueShadow,1fa22c2b5ebef5f8f09692d9ba1e5baa,-248771874,0,[],0,"{r: 1, g: 1, b: 1, a: 0.6}",2,0,0,0,0,0,{fileID: 0},0,0,1,{fileID: 1256002695071039},1256002695071039,0,{fileID: 0},0,{fileID: 0},0,"{fileID: -248771874, guid: 1fa22c2b5ebef5f8f09692d9ba1e5baa, type: 3}",-248771874,1fa22c2b5ebef5f8f09692d9ba1e5baa,Assets/Plugins/LeTai.TrueShadow.dll,0,"{x: 0, y: -0}",90,0,0,2,0,1,0
LevelManager,Assets/GameObject/LevelManager.prefab,LeTai.TrueShadow,1fa22c2b5ebef5f8f09692d9ba1e5baa,-248771874,0,[],0,"{r: 0, g: 0, b: 0, a: 0.6}",2,0,0,0,0,0,{fileID: 0},0,0,0,{fileID: 1019334814857486},1019334814857486,0,{fileID: 0},0,{fileID: 0},0,"{fileID: -248771874, guid: 1fa22c2b5ebef5f8f09692d9ba1e5baa, type: 3}",-248771874,1fa22c2b5ebef5f8f09692d9ba1e5baa,Assets/Plugins/LeTai.TrueShadow.dll,0,"{x: 1.7881396E-07, y: -3}",90,3,0,6,0,1,0
LevelManager,Assets/GameObject/LevelManager.prefab,LeTai.TrueShadow,1fa22c2b5ebef5f8f09692d9ba1e5baa,-248771874,0,[],1,"{r: 0.4764151, g: 1, b: 0.62022334, a: 1}",2,0,0,1,1,1,{fileID: 0},0,0,1,{fileID: 1716905393712789},1716905393712789,0,{fileID: 0},0,{fileID: 0},0,"{fileID: -248771874, guid: 1fa22c2b5ebef5f8f09692d9ba1e5baa, type: 3}",-248771874,1fa22c2b5ebef5f8f09692d9ba1e5baa,Assets/Plugins/LeTai.TrueShadow.dll,0,"{x: 0, y: -0}",90,0,0,17.85,0,0,0
LevelManager,Assets/GameObject/LevelManager.prefab,LeTai.TrueShadow,1fa22c2b5ebef5f8f09692d9ba1e5baa,-248771874,0,[],0,"{r: 0, g: 0, b: 0, a: 0.6}",2,0,0,0,0,0,{fileID: 0},0,0,0,{fileID: 1605777676128057},1605777676128057,0,{fileID: 0},0,{fileID: 0},0,"{fileID: -248771874, guid: 1fa22c2b5ebef5f8f09692d9ba1e5baa, type: 3}",-248771874,1fa22c2b5ebef5f8f09692d9ba1e5baa,Assets/Plugins/LeTai.TrueShadow.dll,0,"{x: 1.4142134, y: -1.4142137}",45,2,0,8,0,1,0
LevelManager,Assets/GameObject/LevelManager.prefab,LeTai.TrueShadow,1fa22c2b5ebef5f8f09692d9ba1e5baa,-248771874,0,[],0,"{r: 0, g: 0, b: 0, a: 0.72156864}",2,0,0,1,1,0,{fileID: 0},0,0,1,{fileID: 1679298968027636},1679298968027636,0,{fileID: 0},0,{fileID: 0},0,"{fileID: -248771874, guid: 1fa22c2b5ebef5f8f09692d9ba1e5baa, type: 3}",-248771874,1fa22c2b5ebef5f8f09692d9ba1e5baa,Assets/Plugins/LeTai.TrueShadow.dll,0,"{x: 5.9195232, y: -5.38138}",42.273666,8,0,3,0.5,1,0
LevelManager,Assets/GameObject/LevelManager.prefab,LeTai.TrueShadow,1fa22c2b5ebef5f8f09692d9ba1e5baa,-248771874,0,[],0,"{r: 1, g: 1, b: 1, a: 1}",2,0,0,1,0,0,{fileID: 0},0,0,0,{fileID: 1621421978604169},1621421978604169,0,{fileID: 0},0,{fileID: 0},0,"{fileID: -248771874, guid: 1fa22c2b5ebef5f8f09692d9ba1e5baa, type: 3}",-248771874,1fa22c2b5ebef5f8f09692d9ba1e5baa,Assets/Plugins/LeTai.TrueShadow.dll,0,"{x: 0, y: -0}",90,0,0,1,0,1,0
LevelManager,Assets/GameObject/LevelManager.prefab,LeTai.TrueShadow,1fa22c2b5ebef5f8f09692d9ba1e5baa,-248771874,0,[],0,"{r: 1, g: 1, b: 1, a: 0.6}",2,0,0,0,0,0,{fileID: 0},0,0,1,{fileID: 1311345069186789},1311345069186789,0,{fileID: 0},0,{fileID: 0},0,"{fileID: -248771874, guid: 1fa22c2b5ebef5f8f09692d9ba1e5baa, type: 3}",-248771874,1fa22c2b5ebef5f8f09692d9ba1e5baa,Assets/Plugins/LeTai.TrueShadow.dll,0,"{x: 0, y: -0}",90,0,0,2,0,1,0
LevelManager,Assets/GameObject/LevelManager.prefab,LeTai.TrueShadow,1fa22c2b5ebef5f8f09692d9ba1e5baa,-248771874,0,[],0,"{r: 1, g: 1, b: 1, a: 0.6}",2,0,0,0,0,0,{fileID: 0},0,0,1,{fileID: 1384288605012626},1384288605012626,0,{fileID: 0},0,{fileID: 0},0,"{fileID: -248771874, guid: 1fa22c2b5ebef5f8f09692d9ba1e5baa, type: 3}",-248771874,1fa22c2b5ebef5f8f09692d9ba1e5baa,Assets/Plugins/LeTai.TrueShadow.dll,0,"{x: 0, y: -0}",90,0,0,2,0,1,0
LevelManager,Assets/GameObject/LevelManager.prefab,LeTai.TrueShadow,1fa22c2b5ebef5f8f09692d9ba1e5baa,-248771874,0,[],0,"{r: 1, g: 1, b: 1, a: 0.6}",2,0,0,0,0,0,{fileID: 0},0,0,1,{fileID: 1241786923269470},1241786923269470,0,{fileID: 0},0,{fileID: 0},0,"{fileID: -248771874, guid: 1fa22c2b5ebef5f8f09692d9ba1e5baa, type: 3}",-248771874,1fa22c2b5ebef5f8f09692d9ba1e5baa,Assets/Plugins/LeTai.TrueShadow.dll,0,"{x: 0, y: -0}",90,0,0,2,0,1,0
LevelManager,Assets/GameObject/LevelManager.prefab,LeTai.TrueShadow,1fa22c2b5ebef5f8f09692d9ba1e5baa,-248771874,0,[],0,"{r: 0, g: 0, b: 0, a: 0.6}",2,0,0,0,0,0,{fileID: 0},0,0,0,{fileID: 1212431818843340},1212431818843340,0,{fileID: 0},0,{fileID: 0},0,"{fileID: -248771874, guid: 1fa22c2b5ebef5f8f09692d9ba1e5baa, type: 3}",-248771874,1fa22c2b5ebef5f8f09692d9ba1e5baa,Assets/Plugins/LeTai.TrueShadow.dll,0,"{x: 1.7881396E-07, y: -3}",90,3,0,6,0,1,0
LevelManager,Assets/GameObject/LevelManager.prefab,LeTai.TrueShadow,1fa22c2b5ebef5f8f09692d9ba1e5baa,-248771874,0,[],1,"{r: 0.4764151, g: 1, b: 0.62022334, a: 1}",2,0,0,1,1,1,{fileID: 0},0,0,1,{fileID: 1283666514708555},1283666514708555,0,{fileID: 0},0,{fileID: 0},0,"{fileID: -248771874, guid: 1fa22c2b5ebef5f8f09692d9ba1e5baa, type: 3}",-248771874,1fa22c2b5ebef5f8f09692d9ba1e5baa,Assets/Plugins/LeTai.TrueShadow.dll,0,"{x: 0, y: -0}",90,0,0,17.85,0,0,0
LevelManager,Assets/GameObject/LevelManager.prefab,LeTai.TrueShadow,1fa22c2b5ebef5f8f09692d9ba1e5baa,-248771874,0,[],0,"{r: 0, g: 0, b: 0, a: 0.6}",2,0,0,0,0,0,{fileID: 0},0,0,0,{fileID: 1961327222764460},1961327222764460,0,{fileID: 0},0,{fileID: 0},0,"{fileID: -248771874, guid: 1fa22c2b5ebef5f8f09692d9ba1e5baa, type: 3}",-248771874,1fa22c2b5ebef5f8f09692d9ba1e5baa,Assets/Plugins/LeTai.TrueShadow.dll,0,"{x: 1.4142134, y: -1.4142137}",45,2,0,8,0,1,0
LevelManager,Assets/GameObject/LevelManager.prefab,LeTai.TrueShadow,1fa22c2b5ebef5f8f09692d9ba1e5baa,-248771874,0,[],0,"{r: 0, g: 0, b: 0, a: 0.72156864}",2,0,0,1,1,0,{fileID: 0},0,0,1,{fileID: 1571503612392906},1571503612392906,0,{fileID: 0},0,{fileID: 0},0,"{fileID: -248771874, guid: 1fa22c2b5ebef5f8f09692d9ba1e5baa, type: 3}",-248771874,1fa22c2b5ebef5f8f09692d9ba1e5baa,Assets/Plugins/LeTai.TrueShadow.dll,0,"{x: 5.9195232, y: -5.38138}",42.273666,8,0,3,0.5,1,0
LevelManager,Assets/GameObject/LevelManager.prefab,LeTai.TrueShadow,1fa22c2b5ebef5f8f09692d9ba1e5baa,-248771874,0,[],0,"{r: 1, g: 1, b: 1, a: 1}",2,0,0,1,0,0,{fileID: 0},0,0,0,{fileID: 1655459132344925},1655459132344925,0,{fileID: 0},0,{fileID: 0},0,"{fileID: -248771874, guid: 1fa22c2b5ebef5f8f09692d9ba1e5baa, type: 3}",-248771874,1fa22c2b5ebef5f8f09692d9ba1e5baa,Assets/Plugins/LeTai.TrueShadow.dll,0,"{x: 0, y: -0}",90,0,0,1,0,1,0
LevelManager,Assets/GameObject/LevelManager.prefab,LeTai.TrueShadow,1fa22c2b5ebef5f8f09692d9ba1e5baa,-248771874,0,[],0,"{r: 1, g: 1, b: 1, a: 0.6}",2,0,0,0,0,0,{fileID: 0},0,0,1,{fileID: 1010363686695189},1010363686695189,0,{fileID: 0},0,{fileID: 0},0,"{fileID: -248771874, guid: 1fa22c2b5ebef5f8f09692d9ba1e5baa, type: 3}",-248771874,1fa22c2b5ebef5f8f09692d9ba1e5baa,Assets/Plugins/LeTai.TrueShadow.dll,0,"{x: 0, y: -0}",90,0,0,2,0,1,0
LevelManager,Assets/GameObject/LevelManager.prefab,LeTai.TrueShadow,1fa22c2b5ebef5f8f09692d9ba1e5baa,-248771874,0,[],0,"{r: 1, g: 1, b: 1, a: 0.6}",2,0,0,0,0,0,{fileID: 0},0,0,1,{fileID: 1259410444571048},1259410444571048,0,{fileID: 0},0,{fileID: 0},0,"{fileID: -248771874, guid: 1fa22c2b5ebef5f8f09692d9ba1e5baa, type: 3}",-248771874,1fa22c2b5ebef5f8f09692d9ba1e5baa,Assets/Plugins/LeTai.TrueShadow.dll,0,"{x: 0, y: -0}",90,0,0,2,0,1,0
LevelManager,Assets/GameObject/LevelManager.prefab,LeTai.TrueShadow,1fa22c2b5ebef5f8f09692d9ba1e5baa,-248771874,0,[],0,"{r: 1, g: 1, b: 1, a: 0.6}",2,0,0,0,0,0,{fileID: 0},0,0,1,{fileID: 1244266607672868},1244266607672868,0,{fileID: 0},0,{fileID: 0},0,"{fileID: -248771874, guid: 1fa22c2b5ebef5f8f09692d9ba1e5baa, type: 3}",-248771874,1fa22c2b5ebef5f8f09692d9ba1e5baa,Assets/Plugins/LeTai.TrueShadow.dll,0,"{x: 0, y: -0}",90,0,0,2,0,1,0
LevelManager,Assets/GameObject/LevelManager.prefab,LeTai.TrueShadow,1fa22c2b5ebef5f8f09692d9ba1e5baa,-248771874,0,[],0,"{r: 0, g: 0, b: 0, a: 0.6}",2,0,0,0,0,0,{fileID: 0},0,0,0,{fileID: 1899172148075953},1899172148075953,0,{fileID: 0},0,{fileID: 0},0,"{fileID: -248771874, guid: 1fa22c2b5ebef5f8f09692d9ba1e5baa, type: 3}",-248771874,1fa22c2b5ebef5f8f09692d9ba1e5baa,Assets/Plugins/LeTai.TrueShadow.dll,0,"{x: 1.7881396E-07, y: -3}",90,3,0,6,0,1,0
LevelManager,Assets/GameObject/LevelManager.prefab,LeTai.TrueShadow,1fa22c2b5ebef5f8f09692d9ba1e5baa,-248771874,0,[],0,"{r: 1, g: 1, b: 1, a: 1}",2,0,0,0,0,0,{fileID: 0},0,0,0,{fileID: 1766427043308176},1766427043308176,0,{fileID: 0},0,{fileID: 0},0,"{fileID: -248771874, guid: 1fa22c2b5ebef5f8f09692d9ba1e5baa, type: 3}",-248771874,1fa22c2b5ebef5f8f09692d9ba1e5baa,Assets/Plugins/LeTai.TrueShadow.dll,0,"{x: 1.192093E-07, y: -2}",90,2,0,3.4,0.197,1,0
LevelManager,Assets/GameObject/LevelManager.prefab,LeTai.TrueShadow,1fa22c2b5ebef5f8f09692d9ba1e5baa,-248771874,0,[],0,"{r: 1, g: 1, b: 1, a: 1}",2,0,0,0,0,0,{fileID: 0},0,0,0,{fileID: 1291229750719008},1291229750719008,0,{fileID: 0},0,{fileID: 0},0,"{fileID: -248771874, guid: 1fa22c2b5ebef5f8f09692d9ba1e5baa, type: 3}",-248771874,1fa22c2b5ebef5f8f09692d9ba1e5baa,Assets/Plugins/LeTai.TrueShadow.dll,0,"{x: 1.192093E-07, y: 2}",270,2,0,3.4,0.197,1,0
LevelManager,Assets/GameObject/LevelManager.prefab,LeTai.TrueShadow,1fa22c2b5ebef5f8f09692d9ba1e5baa,-248771874,0,[],0,"{r: 0, g: 0, b: 0, a: 0.5686275}",2,0,0,0,0,1,{fileID: 0},0,0,1,{fileID: 1641314053082259},1641314053082259,0,{fileID: 0},0,{fileID: 0},0,"{fileID: -248771874, guid: 1fa22c2b5ebef5f8f09692d9ba1e5baa, type: 3}",-248771874,1fa22c2b5ebef5f8f09692d9ba1e5baa,Assets/Plugins/LeTai.TrueShadow.dll,0,"{x: 0.27349573, y: -1.4951923}",79.63423,1.52,0,2,0,0,0
LevelManager,Assets/GameObject/LevelManager.prefab,LeTai.TrueShadow,1fa22c2b5ebef5f8f09692d9ba1e5baa,-248771874,0,[],0,"{r: 0, g: 0, b: 0, a: 1}",2,0,0,0,0,0,{fileID: 0},0,0,1,{fileID: 1450773916192676},1450773916192676,0,{fileID: 0},0,{fileID: 0},0,"{fileID: -248771874, guid: 1fa22c2b5ebef5f8f09692d9ba1e5baa, type: 3}",-248771874,1fa22c2b5ebef5f8f09692d9ba1e5baa,Assets/Plugins/LeTai.TrueShadow.dll,0,"{x: 0, y: -0}",90,0,0,5,0,1,0
LevelManager,Assets/GameObject/LevelManager.prefab,LeTai.TrueShadow,1fa22c2b5ebef5f8f09692d9ba1e5baa,-248771874,0,[],0,"{r: 1, g: 0.4198113, b: 0.4198113, a: 0.49803922}",2,0,0,1,0,0,{fileID: 0},0,0,0,{fileID: 1750706541132791},1750706541132791,0,{fileID: 0},0,{fileID: 0},0,"{fileID: -248771874, guid: 1fa22c2b5ebef5f8f09692d9ba1e5baa, type: 3}",-248771874,1fa22c2b5ebef5f8f09692d9ba1e5baa,Assets/Plugins/LeTai.TrueShadow.dll,0,"{x: 0, y: -0}",45,0,0,10,0,1,0
LevelManager,Assets/GameObject/LevelManager.prefab,LeTai.TrueShadow,1fa22c2b5ebef5f8f09692d9ba1e5baa,-248771874,0,[],0,"{r: 1, g: 1, b: 1, a: 0.25490198}",2,0,0,0,0,0,{fileID: 0},0,0,0,{fileID: 1248138681337932},1248138681337932,0,{fileID: 0},0,{fileID: 0},0,"{fileID: -248771874, guid: 1fa22c2b5ebef5f8f09692d9ba1e5baa, type: 3}",-248771874,1fa22c2b5ebef5f8f09692d9ba1e5baa,Assets/Plugins/LeTai.TrueShadow.dll,0,"{x: 2.835498, y: -2.8354986}",45,4.01,0,3,0,1,0
LevelManager,Assets/GameObject/LevelManager.prefab,LeTai.TrueShadow,1fa22c2b5ebef5f8f09692d9ba1e5baa,-248771874,0,[],0,"{r: 0, g: 0, b: 0, a: 0.6}",2,0,0,0,0,0,{fileID: 0},0,0,1,{fileID: 1220124832515889},1220124832515889,0,{fileID: 0},0,{fileID: 0},0,"{fileID: -248771874, guid: 1fa22c2b5ebef5f8f09692d9ba1e5baa, type: 3}",-248771874,1fa22c2b5ebef5f8f09692d9ba1e5baa,Assets/Plugins/LeTai.TrueShadow.dll,0,"{x: 5.6568537, y: -5.6568546}",45,8,0,8,0,1,0
LevelManager,Assets/GameObject/LevelManager.prefab,LeTai.TrueShadow,1fa22c2b5ebef5f8f09692d9ba1e5baa,-248771874,0,[],0,"{r: 0.25, g: 0.7857144, b: 1, a: 1}",2,0,0,1,0,1,{fileID: 0},0,0,1,{fileID: 1220124832515889},1220124832515889,0,{fileID: 0},0,{fileID: 0},0,"{fileID: -248771874, guid: 1fa22c2b5ebef5f8f09692d9ba1e5baa, type: 3}",-248771874,1fa22c2b5ebef5f8f09692d9ba1e5baa,Assets/Plugins/LeTai.TrueShadow.dll,0,"{x: 0, y: -0}",90,0,0,271.1,0,1,0
LevelManager,Assets/GameObject/LevelManager.prefab,LeTai.TrueShadow,1fa22c2b5ebef5f8f09692d9ba1e5baa,-248771874,0,[],0,"{r: 1, g: 1, b: 1, a: 1}",2,0,0,0,0,0,{fileID: 0},0,0,0,{fileID: 1781732187404324},1781732187404324,0,{fileID: 0},0,{fileID: 0},0,"{fileID: -248771874, guid: 1fa22c2b5ebef5f8f09692d9ba1e5baa, type: 3}",-248771874,1fa22c2b5ebef5f8f09692d9ba1e5baa,Assets/Plugins/LeTai.TrueShadow.dll,0,"{x: 1.192093E-07, y: -2}",90,2,0,3.4,0.197,1,0
LevelManager,Assets/GameObject/LevelManager.prefab,LeTai.TrueShadow,1fa22c2b5ebef5f8f09692d9ba1e5baa,-248771874,0,[],0,"{r: 1, g: 1, b: 1, a: 1}",2,0,0,0,0,0,{fileID: 0},0,0,0,{fileID: 1972458392754750},1972458392754750,0,{fileID: 0},0,{fileID: 0},0,"{fileID: -248771874, guid: 1fa22c2b5ebef5f8f09692d9ba1e5baa, type: 3}",-248771874,1fa22c2b5ebef5f8f09692d9ba1e5baa,Assets/Plugins/LeTai.TrueShadow.dll,0,"{x: 1.192093E-07, y: 2}",270,2,0,3.4,0.197,1,0
LevelManager,Assets/GameObject/LevelManager.prefab,LeTai.TrueShadow,1fa22c2b5ebef5f8f09692d9ba1e5baa,-248771874,0,[],0,"{r: 0, g: 0, b: 0, a: 0.5686275}",2,0,0,0,0,1,{fileID: 0},0,0,1,{fileID: 1443916224720100},1443916224720100,0,{fileID: 0},0,{fileID: 0},0,"{fileID: -248771874, guid: 1fa22c2b5ebef5f8f09692d9ba1e5baa, type: 3}",-248771874,1fa22c2b5ebef5f8f09692d9ba1e5baa,Assets/Plugins/LeTai.TrueShadow.dll,0,"{x: 0.27349573, y: -1.4951923}",79.63423,1.52,0,2,0,0,0
LevelManager,Assets/GameObject/LevelManager.prefab,LeTai.TrueShadow,1fa22c2b5ebef5f8f09692d9ba1e5baa,-248771874,0,[],0,"{r: 0, g: 0, b: 0, a: 1}",2,0,0,0,0,0,{fileID: 0},0,0,1,{fileID: 1223013811299241},1223013811299241,0,{fileID: 0},0,{fileID: 0},0,"{fileID: -248771874, guid: 1fa22c2b5ebef5f8f09692d9ba1e5baa, type: 3}",-248771874,1fa22c2b5ebef5f8f09692d9ba1e5baa,Assets/Plugins/LeTai.TrueShadow.dll,0,"{x: 0, y: -0}",90,0,0,5,0,1,0
LevelManager,Assets/GameObject/LevelManager.prefab,LeTai.TrueShadow,1fa22c2b5ebef5f8f09692d9ba1e5baa,-248771874,0,[],0,"{r: 0, g: 0, b: 0, a: 0.6}",2,0,0,0,0,0,{fileID: 0},0,0,0,{fileID: 1567557120794851},1567557120794851,0,{fileID: 0},0,{fileID: 0},0,"{fileID: -248771874, guid: 1fa22c2b5ebef5f8f09692d9ba1e5baa, type: 3}",-248771874,1fa22c2b5ebef5f8f09692d9ba1e5baa,Assets/Plugins/LeTai.TrueShadow.dll,0,"{x: 5.6568537, y: -5.6568546}",45,8,0,8,0,1,0
LevelManager,Assets/GameObject/LevelManager.prefab,LeTai.TrueShadow,1fa22c2b5ebef5f8f09692d9ba1e5baa,-248771874,0,[],0,"{r: 0, g: 0, b: 0, a: 0.72156864}",2,0,0,0,0,0,{fileID: 0},0,0,0,{fileID: 1962245546689002},1962245546689002,0,{fileID: 0},0,{fileID: 0},0,"{fileID: -248771874, guid: 1fa22c2b5ebef5f8f09692d9ba1e5baa, type: 3}",-248771874,1fa22c2b5ebef5f8f09692d9ba1e5baa,Assets/Plugins/LeTai.TrueShadow.dll,0,"{x: 5.9195232, y: -5.38138}",42.273666,8,0,3,0.5,1,0
LevelManager,Assets/GameObject/LevelManager.prefab,LeTai.TrueShadow,1fa22c2b5ebef5f8f09692d9ba1e5baa,-248771874,0,[],0,"{r: 0, g: 0, b: 0, a: 0.6}",2,0,0,0,0,0,{fileID: 0},0,0,1,{fileID: 1417956256053262},1417956256053262,0,{fileID: 0},0,{fileID: 0},0,"{fileID: -248771874, guid: 1fa22c2b5ebef5f8f09692d9ba1e5baa, type: 3}",-248771874,1fa22c2b5ebef5f8f09692d9ba1e5baa,Assets/Plugins/LeTai.TrueShadow.dll,0,"{x: 4.768372E-07, y: -8}",90,8,0,16,0,1,0
LevelManager,Assets/GameObject/LevelManager.prefab,LeTai.TrueShadow,1fa22c2b5ebef5f8f09692d9ba1e5baa,-248771874,0,[],0,"{r: 0, g: 0, b: 0, a: 0.6}",2,0,0,0,0,0,{fileID: 0},0,0,1,{fileID: 1530272222215285},1530272222215285,0,{fileID: 0},0,{fileID: 0},0,"{fileID: -248771874, guid: 1fa22c2b5ebef5f8f09692d9ba1e5baa, type: 3}",-248771874,1fa22c2b5ebef5f8f09692d9ba1e5baa,Assets/Plugins/LeTai.TrueShadow.dll,0,"{x: 4.768372E-07, y: -8}",90,8,0,16,0,1,0
LevelManager,Assets/GameObject/LevelManager.prefab,LeTai.TrueShadow,1fa22c2b5ebef5f8f09692d9ba1e5baa,-248771874,0,[],2,"{r: 0.759434, g: 1, b: 0.8084906, a: 0.6}",2,0,0,0,0,0,{fileID: 0},0,0,0,{fileID: 1974188094077394},1974188094077394,0,{fileID: 0},0,{fileID: 0},0,"{fileID: -248771874, guid: 1fa22c2b5ebef5f8f09692d9ba1e5baa, type: 3}",-248771874,1fa22c2b5ebef5f8f09692d9ba1e5baa,Assets/Plugins/LeTai.TrueShadow.dll,0,"{x: 0, y: -0}",90,0,0,32,0,1,0
LevelManager,Assets/GameObject/LevelManager.prefab,LeTai.TrueShadow,1fa22c2b5ebef5f8f09692d9ba1e5baa,-248771874,0,[],0,"{r: 0.24650943, g: 1, b: 0.23113209, a: 1}",2,0,0,1,0,0,{fileID: 0},0,0,1,{fileID: 1176027036740102},1176027036740102,0,{fileID: 0},0,{fileID: 0},0,"{fileID: -248771874, guid: 1fa22c2b5ebef5f8f09692d9ba1e5baa, type: 3}",-248771874,1fa22c2b5ebef5f8f09692d9ba1e5baa,Assets/Plugins/LeTai.TrueShadow.dll,0,"{x: 0, y: -0}",90,0,0,8,0,1,0
LevelManager,Assets/GameObject/LevelManager.prefab,LeTai.TrueShadow,1fa22c2b5ebef5f8f09692d9ba1e5baa,-248771874,0,[],2,"{r: 0.759434, g: 1, b: 0.8084906, a: 0.6}",2,0,0,0,0,0,{fileID: 0},0,0,0,{fileID: 1168698680027422},1168698680027422,0,{fileID: 0},0,{fileID: 0},0,"{fileID: -248771874, guid: 1fa22c2b5ebef5f8f09692d9ba1e5baa, type: 3}",-248771874,1fa22c2b5ebef5f8f09692d9ba1e5baa,Assets/Plugins/LeTai.TrueShadow.dll,0,"{x: 0, y: -0}",90,0,0,32,0,1,0
LevelManager,Assets/GameObject/LevelManager.prefab,LeTai.TrueShadow,1fa22c2b5ebef5f8f09692d9ba1e5baa,-248771874,0,[],0,"{r: 0, g: 0, b: 0, a: 0.8156863}",2,0,0,0,0,0,{fileID: 0},0,0,1,{fileID: 1390540198261631},1390540198261631,0,{fileID: 0},0,{fileID: 0},0,"{fileID: -248771874, guid: 1fa22c2b5ebef5f8f09692d9ba1e5baa, type: 3}",-248771874,1fa22c2b5ebef5f8f09692d9ba1e5baa,Assets/Plugins/LeTai.TrueShadow.dll,0,"{x: 2.1213202, y: -2.1213205}",45,3,0,5,0,1,0
LevelManager,Assets/GameObject/LevelManager.prefab,LeTai.TrueShadow,1fa22c2b5ebef5f8f09692d9ba1e5baa,-248771874,0,[],0,"{r: 0, g: 0, b: 0, a: 0.6}",2,0,0,0,0,0,{fileID: 0},0,0,0,{fileID: 1152364489621782},1152364489621782,0,{fileID: 0},0,{fileID: 0},0,"{fileID: -248771874, guid: 1fa22c2b5ebef5f8f09692d9ba1e5baa, type: 3}",-248771874,1fa22c2b5ebef5f8f09692d9ba1e5baa,Assets/Plugins/LeTai.TrueShadow.dll,0,"{x: 5.6568537, y: -5.6568546}",45,8,0,8,0,1,0
LevelManager,Assets/GameObject/LevelManager.prefab,LeTai.TrueShadow,1fa22c2b5ebef5f8f09692d9ba1e5baa,-248771874,0,[],0,"{r: 0, g: 0, b: 0, a: 0.72156864}",2,0,0,0,0,0,{fileID: 0},0,0,0,{fileID: 1813716174071056},1813716174071056,0,{fileID: 0},0,{fileID: 0},0,"{fileID: -248771874, guid: 1fa22c2b5ebef5f8f09692d9ba1e5baa, type: 3}",-248771874,1fa22c2b5ebef5f8f09692d9ba1e5baa,Assets/Plugins/LeTai.TrueShadow.dll,0,"{x: 5.9195232, y: -5.38138}",42.273666,8,0,15,0,1,0
LevelManager,Assets/GameObject/LevelManager.prefab,LeTai.TrueShadow,1fa22c2b5ebef5f8f09692d9ba1e5baa,-248771874,0,[],0,"{r: 0, g: 0, b: 0, a: 0.6}",2,0,0,0,0,0,{fileID: 0},0,0,1,{fileID: 1773649197158207},1773649197158207,0,{fileID: 0},0,{fileID: 0},0,"{fileID: -248771874, guid: 1fa22c2b5ebef5f8f09692d9ba1e5baa, type: 3}",-248771874,1fa22c2b5ebef5f8f09692d9ba1e5baa,Assets/Plugins/LeTai.TrueShadow.dll,0,"{x: 3.5355334, y: -3.5355341}",45,5,0,5,0,1,0
LevelManager,Assets/GameObject/LevelManager.prefab,LeTai.TrueShadow,1fa22c2b5ebef5f8f09692d9ba1e5baa,-248771874,0,[],0,"{r: 1, g: 1, b: 1, a: 1}",2,0,0,0,0,0,{fileID: 0},0,0,0,{fileID: 1344090393132309},1344090393132309,0,{fileID: 0},0,{fileID: 0},0,"{fileID: -248771874, guid: 1fa22c2b5ebef5f8f09692d9ba1e5baa, type: 3}",-248771874,1fa22c2b5ebef5f8f09692d9ba1e5baa,Assets/Plugins/LeTai.TrueShadow.dll,0,"{x: 1.192093E-07, y: -2}",90,2,0,3.4,0.197,1,0
LevelManager,Assets/GameObject/LevelManager.prefab,LeTai.TrueShadow,1fa22c2b5ebef5f8f09692d9ba1e5baa,-248771874,0,[],0,"{r: 1, g: 1, b: 1, a: 1}",2,0,0,0,0,0,{fileID: 0},0,0,0,{fileID: 1806725011778322},1806725011778322,0,{fileID: 0},0,{fileID: 0},0,"{fileID: -248771874, guid: 1fa22c2b5ebef5f8f09692d9ba1e5baa, type: 3}",-248771874,1fa22c2b5ebef5f8f09692d9ba1e5baa,Assets/Plugins/LeTai.TrueShadow.dll,0,"{x: 1.192093E-07, y: 2}",270,2,0,3.4,0.197,1,0
LevelManager,Assets/GameObject/LevelManager.prefab,LeTai.TrueShadow,1fa22c2b5ebef5f8f09692d9ba1e5baa,-248771874,0,[],0,"{r: 0, g: 0, b: 0, a: 0.5686275}",2,0,0,0,0,1,{fileID: 0},0,0,1,{fileID: 1046862715191133},1046862715191133,0,{fileID: 0},0,{fileID: 0},0,"{fileID: -248771874, guid: 1fa22c2b5ebef5f8f09692d9ba1e5baa, type: 3}",-248771874,1fa22c2b5ebef5f8f09692d9ba1e5baa,Assets/Plugins/LeTai.TrueShadow.dll,0,"{x: 0.27349573, y: -1.4951923}",79.63423,1.52,0,2,0,0,0
LevelManager,Assets/GameObject/LevelManager.prefab,LeTai.TrueShadow,1fa22c2b5ebef5f8f09692d9ba1e5baa,-248771874,0,[],0,"{r: 0, g: 0, b: 0, a: 1}",2,0,0,0,0,0,{fileID: 0},0,0,1,{fileID: 1781301278996001},1781301278996001,0,{fileID: 0},0,{fileID: 0},0,"{fileID: -248771874, guid: 1fa22c2b5ebef5f8f09692d9ba1e5baa, type: 3}",-248771874,1fa22c2b5ebef5f8f09692d9ba1e5baa,Assets/Plugins/LeTai.TrueShadow.dll,0,"{x: 0, y: -0}",90,0,0,5,0,1,0
LevelManager,Assets/GameObject/LevelManager.prefab,LeTai.TrueShadow,1fa22c2b5ebef5f8f09692d9ba1e5baa,-248771874,0,[],0,"{r: 0, g: 0, b: 0, a: 0.6}",2,0,0,0,0,0,{fileID: 0},0,0,1,{fileID: 1803043943702420},1803043943702420,0,{fileID: 0},0,{fileID: 0},0,"{fileID: -248771874, guid: 1fa22c2b5ebef5f8f09692d9ba1e5baa, type: 3}",-248771874,1fa22c2b5ebef5f8f09692d9ba1e5baa,Assets/Plugins/LeTai.TrueShadow.dll,0,"{x: 3.5355334, y: -3.5355341}",45,5,0,10,0,1,0
LevelManager,Assets/GameObject/LevelManager.prefab,LeTai.TrueShadow,1fa22c2b5ebef5f8f09692d9ba1e5baa,-248771874,0,[],1,"{r: 0.4764151, g: 1, b: 0.62022334, a: 1}",2,0,0,1,1,1,{fileID: 0},0,0,1,{fileID: 1443973492471877},1443973492471877,0,{fileID: 0},0,{fileID: 0},0,"{fileID: -248771874, guid: 1fa22c2b5ebef5f8f09692d9ba1e5baa, type: 3}",-248771874,1fa22c2b5ebef5f8f09692d9ba1e5baa,Assets/Plugins/LeTai.TrueShadow.dll,0,"{x: 0, y: -0}",90,0,0,17.85,0,0,0
LevelManager,Assets/GameObject/LevelManager.prefab,LeTai.TrueShadow,1fa22c2b5ebef5f8f09692d9ba1e5baa,-248771874,0,[],0,"{r: 0, g: 0, b: 0, a: 0.6}",2,0,0,0,0,0,{fileID: 0},0,0,0,{fileID: 1855860633635146},1855860633635146,0,{fileID: 0},0,{fileID: 0},0,"{fileID: -248771874, guid: 1fa22c2b5ebef5f8f09692d9ba1e5baa, type: 3}",-248771874,1fa22c2b5ebef5f8f09692d9ba1e5baa,Assets/Plugins/LeTai.TrueShadow.dll,0,"{x: 1.4142134, y: -1.4142137}",45,2,0,8,0,1,0
LevelManager,Assets/GameObject/LevelManager.prefab,LeTai.TrueShadow,1fa22c2b5ebef5f8f09692d9ba1e5baa,-248771874,0,[],0,"{r: 0, g: 0, b: 0, a: 0.72156864}",2,0,0,1,1,0,{fileID: 0},0,0,1,{fileID: 1625964252183664},1625964252183664,0,{fileID: 0},0,{fileID: 0},0,"{fileID: -248771874, guid: 1fa22c2b5ebef5f8f09692d9ba1e5baa, type: 3}",-248771874,1fa22c2b5ebef5f8f09692d9ba1e5baa,Assets/Plugins/LeTai.TrueShadow.dll,0,"{x: 5.9195232, y: -5.38138}",42.273666,8,0,3,0.5,1,0
LevelManager,Assets/GameObject/LevelManager.prefab,LeTai.TrueShadow,1fa22c2b5ebef5f8f09692d9ba1e5baa,-248771874,0,[],0,"{r: 1, g: 1, b: 1, a: 1}",2,0,0,1,0,0,{fileID: 0},0,0,0,{fileID: 1637810521780924},1637810521780924,0,{fileID: 0},0,{fileID: 0},0,"{fileID: -248771874, guid: 1fa22c2b5ebef5f8f09692d9ba1e5baa, type: 3}",-248771874,1fa22c2b5ebef5f8f09692d9ba1e5baa,Assets/Plugins/LeTai.TrueShadow.dll,0,"{x: 0, y: -0}",90,0,0,1,0,1,0
LevelManager,Assets/GameObject/LevelManager.prefab,LeTai.TrueShadow,1fa22c2b5ebef5f8f09692d9ba1e5baa,-248771874,0,[],0,"{r: 1, g: 1, b: 1, a: 0.6}",2,0,0,0,0,0,{fileID: 0},0,0,1,{fileID: 1043287963683683},1043287963683683,0,{fileID: 0},0,{fileID: 0},0,"{fileID: -248771874, guid: 1fa22c2b5ebef5f8f09692d9ba1e5baa, type: 3}",-248771874,1fa22c2b5ebef5f8f09692d9ba1e5baa,Assets/Plugins/LeTai.TrueShadow.dll,0,"{x: 0, y: -0}",90,0,0,2,0,1,0
LevelManager,Assets/GameObject/LevelManager.prefab,LeTai.TrueShadow,1fa22c2b5ebef5f8f09692d9ba1e5baa,-248771874,0,[],0,"{r: 1, g: 1, b: 1, a: 0.6}",2,0,0,0,0,0,{fileID: 0},0,0,1,{fileID: 1675562418997718},1675562418997718,0,{fileID: 0},0,{fileID: 0},0,"{fileID: -248771874, guid: 1fa22c2b5ebef5f8f09692d9ba1e5baa, type: 3}",-248771874,1fa22c2b5ebef5f8f09692d9ba1e5baa,Assets/Plugins/LeTai.TrueShadow.dll,0,"{x: 0, y: -0}",90,0,0,2,0,1,0
LevelManager,Assets/GameObject/LevelManager.prefab,LeTai.TrueShadow,1fa22c2b5ebef5f8f09692d9ba1e5baa,-248771874,0,[],0,"{r: 1, g: 1, b: 1, a: 0.6}",2,0,0,0,0,0,{fileID: 0},0,0,1,{fileID: 1594724954031854},1594724954031854,0,{fileID: 0},0,{fileID: 0},0,"{fileID: -248771874, guid: 1fa22c2b5ebef5f8f09692d9ba1e5baa, type: 3}",-248771874,1fa22c2b5ebef5f8f09692d9ba1e5baa,Assets/Plugins/LeTai.TrueShadow.dll,0,"{x: 0, y: -0}",90,0,0,2,0,1,0
LevelManager,Assets/GameObject/LevelManager.prefab,LeTai.TrueShadow,1fa22c2b5ebef5f8f09692d9ba1e5baa,-248771874,0,[],0,"{r: 0, g: 0, b: 0, a: 0.6}",2,0,0,0,0,0,{fileID: 0},0,0,0,{fileID: 1189083775120719},1189083775120719,0,{fileID: 0},0,{fileID: 0},0,"{fileID: -248771874, guid: 1fa22c2b5ebef5f8f09692d9ba1e5baa, type: 3}",-248771874,1fa22c2b5ebef5f8f09692d9ba1e5baa,Assets/Plugins/LeTai.TrueShadow.dll,0,"{x: 1.7881396E-07, y: -3}",90,3,0,6,0,1,0
LevelManager,Assets/GameObject/LevelManager.prefab,LeTai.TrueShadow,1fa22c2b5ebef5f8f09692d9ba1e5baa,-248771874,0,[],1,"{r: 0.4764151, g: 1, b: 0.62022334, a: 1}",2,0,0,1,1,1,{fileID: 0},0,0,1,{fileID: 1010968456841772},1010968456841772,0,{fileID: 0},0,{fileID: 0},0,"{fileID: -248771874, guid: 1fa22c2b5ebef5f8f09692d9ba1e5baa, type: 3}",-248771874,1fa22c2b5ebef5f8f09692d9ba1e5baa,Assets/Plugins/LeTai.TrueShadow.dll,0,"{x: 0, y: -0}",90,0,0,17.85,0,0,0
LevelManager,Assets/GameObject/LevelManager.prefab,LeTai.TrueShadow,1fa22c2b5ebef5f8f09692d9ba1e5baa,-248771874,0,[],0,"{r: 0, g: 0, b: 0, a: 0.6}",2,0,0,0,0,0,{fileID: 0},0,0,0,{fileID: 1174477286896056},1174477286896056,0,{fileID: 0},0,{fileID: 0},0,"{fileID: -248771874, guid: 1fa22c2b5ebef5f8f09692d9ba1e5baa, type: 3}",-248771874,1fa22c2b5ebef5f8f09692d9ba1e5baa,Assets/Plugins/LeTai.TrueShadow.dll,0,"{x: 1.4142134, y: -1.4142137}",45,2,0,8,0,1,0
LevelManager,Assets/GameObject/LevelManager.prefab,LeTai.TrueShadow,1fa22c2b5ebef5f8f09692d9ba1e5baa,-248771874,0,[],0,"{r: 0, g: 0, b: 0, a: 0.72156864}",2,0,0,1,1,0,{fileID: 0},0,0,1,{fileID: 1380490181499485},1380490181499485,0,{fileID: 0},0,{fileID: 0},0,"{fileID: -248771874, guid: 1fa22c2b5ebef5f8f09692d9ba1e5baa, type: 3}",-248771874,1fa22c2b5ebef5f8f09692d9ba1e5baa,Assets/Plugins/LeTai.TrueShadow.dll,0,"{x: 5.9195232, y: -5.38138}",42.273666,8,0,3,0.5,1,0
LevelManager,Assets/GameObject/LevelManager.prefab,LeTai.TrueShadow,1fa22c2b5ebef5f8f09692d9ba1e5baa,-248771874,0,[],0,"{r: 1, g: 1, b: 1, a: 1}",2,0,0,1,0,0,{fileID: 0},0,0,0,{fileID: 1210763997466426},1210763997466426,0,{fileID: 0},0,{fileID: 0},0,"{fileID: -248771874, guid: 1fa22c2b5ebef5f8f09692d9ba1e5baa, type: 3}",-248771874,1fa22c2b5ebef5f8f09692d9ba1e5baa,Assets/Plugins/LeTai.TrueShadow.dll,0,"{x: 0, y: -0}",90,0,0,1,0,1,0
LevelManager,Assets/GameObject/LevelManager.prefab,LeTai.TrueShadow,1fa22c2b5ebef5f8f09692d9ba1e5baa,-248771874,0,[],0,"{r: 1, g: 1, b: 1, a: 0.6}",2,0,0,0,0,0,{fileID: 0},0,0,1,{fileID: 1960992766730885},1960992766730885,0,{fileID: 0},0,{fileID: 0},0,"{fileID: -248771874, guid: 1fa22c2b5ebef5f8f09692d9ba1e5baa, type: 3}",-248771874,1fa22c2b5ebef5f8f09692d9ba1e5baa,Assets/Plugins/LeTai.TrueShadow.dll,0,"{x: 0, y: -0}",90,0,0,2,0,1,0
LevelManager,Assets/GameObject/LevelManager.prefab,LeTai.TrueShadow,1fa22c2b5ebef5f8f09692d9ba1e5baa,-248771874,0,[],0,"{r: 1, g: 1, b: 1, a: 0.6}",2,0,0,0,0,0,{fileID: 0},0,0,1,{fileID: 1418098927007054},1418098927007054,0,{fileID: 0},0,{fileID: 0},0,"{fileID: -248771874, guid: 1fa22c2b5ebef5f8f09692d9ba1e5baa, type: 3}",-248771874,1fa22c2b5ebef5f8f09692d9ba1e5baa,Assets/Plugins/LeTai.TrueShadow.dll,0,"{x: 0, y: -0}",90,0,0,2,0,1,0
LevelManager,Assets/GameObject/LevelManager.prefab,LeTai.TrueShadow,1fa22c2b5ebef5f8f09692d9ba1e5baa,-248771874,0,[],0,"{r: 1, g: 1, b: 1, a: 0.6}",2,0,0,0,0,0,{fileID: 0},0,0,1,{fileID: 1320311112293370},1320311112293370,0,{fileID: 0},0,{fileID: 0},0,"{fileID: -248771874, guid: 1fa22c2b5ebef5f8f09692d9ba1e5baa, type: 3}",-248771874,1fa22c2b5ebef5f8f09692d9ba1e5baa,Assets/Plugins/LeTai.TrueShadow.dll,0,"{x: 0, y: -0}",90,0,0,2,0,1,0
LevelManager,Assets/GameObject/LevelManager.prefab,LeTai.TrueShadow,1fa22c2b5ebef5f8f09692d9ba1e5baa,-248771874,0,[],0,"{r: 0, g: 0, b: 0, a: 0.6}",2,0,0,0,0,0,{fileID: 0},0,0,0,{fileID: 1114920015317524},1114920015317524,0,{fileID: 0},0,{fileID: 0},0,"{fileID: -248771874, guid: 1fa22c2b5ebef5f8f09692d9ba1e5baa, type: 3}",-248771874,1fa22c2b5ebef5f8f09692d9ba1e5baa,Assets/Plugins/LeTai.TrueShadow.dll,0,"{x: 1.7881396E-07, y: -3}",90,3,0,6,0,1,0
LevelManager,Assets/GameObject/LevelManager.prefab,LeTai.TrueShadow,1fa22c2b5ebef5f8f09692d9ba1e5baa,-248771874,0,[],1,"{r: 0.4764151, g: 1, b: 0.62022334, a: 1}",2,0,0,1,1,1,{fileID: 0},0,0,1,{fileID: 1371939032075438},1371939032075438,0,{fileID: 0},0,{fileID: 0},0,"{fileID: -248771874, guid: 1fa22c2b5ebef5f8f09692d9ba1e5baa, type: 3}",-248771874,1fa22c2b5ebef5f8f09692d9ba1e5baa,Assets/Plugins/LeTai.TrueShadow.dll,0,"{x: 0, y: -0}",90,0,0,17.85,0,0,0
LevelManager,Assets/GameObject/LevelManager.prefab,LeTai.TrueShadow,1fa22c2b5ebef5f8f09692d9ba1e5baa,-248771874,0,[],0,"{r: 0, g: 0, b: 0, a: 0.6}",2,0,0,0,0,0,{fileID: 0},0,0,0,{fileID: 1659388008727263},1659388008727263,0,{fileID: 0},0,{fileID: 0},0,"{fileID: -248771874, guid: 1fa22c2b5ebef5f8f09692d9ba1e5baa, type: 3}",-248771874,1fa22c2b5ebef5f8f09692d9ba1e5baa,Assets/Plugins/LeTai.TrueShadow.dll,0,"{x: 1.4142134, y: -1.4142137}",45,2,0,8,0,1,0
LevelManager,Assets/GameObject/LevelManager.prefab,LeTai.TrueShadow,1fa22c2b5ebef5f8f09692d9ba1e5baa,-248771874,0,[],0,"{r: 0, g: 0, b: 0, a: 0.72156864}",2,0,0,1,1,0,{fileID: 0},0,0,1,{fileID: 1067606706393591},1067606706393591,0,{fileID: 0},0,{fileID: 0},0,"{fileID: -248771874, guid: 1fa22c2b5ebef5f8f09692d9ba1e5baa, type: 3}",-248771874,1fa22c2b5ebef5f8f09692d9ba1e5baa,Assets/Plugins/LeTai.TrueShadow.dll,0,"{x: 5.9195232, y: -5.38138}",42.273666,8,0,3,0.5,1,0
LevelManager,Assets/GameObject/LevelManager.prefab,LeTai.TrueShadow,1fa22c2b5ebef5f8f09692d9ba1e5baa,-248771874,0,[],0,"{r: 1, g: 1, b: 1, a: 1}",2,0,0,1,0,0,{fileID: 0},0,0,0,{fileID: 1530185541545680},1530185541545680,0,{fileID: 0},0,{fileID: 0},0,"{fileID: -248771874, guid: 1fa22c2b5ebef5f8f09692d9ba1e5baa, type: 3}",-248771874,1fa22c2b5ebef5f8f09692d9ba1e5baa,Assets/Plugins/LeTai.TrueShadow.dll,0,"{x: 0, y: -0}",90,0,0,1,0,1,0
LevelManager,Assets/GameObject/LevelManager.prefab,LeTai.TrueShadow,1fa22c2b5ebef5f8f09692d9ba1e5baa,-248771874,0,[],0,"{r: 1, g: 1, b: 1, a: 0.6}",2,0,0,0,0,0,{fileID: 0},0,0,1,{fileID: 1661247692468246},1661247692468246,0,{fileID: 0},0,{fileID: 0},0,"{fileID: -248771874, guid: 1fa22c2b5ebef5f8f09692d9ba1e5baa, type: 3}",-248771874,1fa22c2b5ebef5f8f09692d9ba1e5baa,Assets/Plugins/LeTai.TrueShadow.dll,0,"{x: 0, y: -0}",90,0,0,2,0,1,0
LevelManager,Assets/GameObject/LevelManager.prefab,LeTai.TrueShadow,1fa22c2b5ebef5f8f09692d9ba1e5baa,-248771874,0,[],0,"{r: 1, g: 1, b: 1, a: 0.6}",2,0,0,0,0,0,{fileID: 0},0,0,1,{fileID: 1672967730653847},1672967730653847,0,{fileID: 0},0,{fileID: 0},0,"{fileID: -248771874, guid: 1fa22c2b5ebef5f8f09692d9ba1e5baa, type: 3}",-248771874,1fa22c2b5ebef5f8f09692d9ba1e5baa,Assets/Plugins/LeTai.TrueShadow.dll,0,"{x: 0, y: -0}",90,0,0,2,0,1,0
LevelManager,Assets/GameObject/LevelManager.prefab,LeTai.TrueShadow,1fa22c2b5ebef5f8f09692d9ba1e5baa,-248771874,0,[],0,"{r: 1, g: 1, b: 1, a: 0.6}",2,0,0,0,0,0,{fileID: 0},0,0,1,{fileID: 1893154656158691},1893154656158691,0,{fileID: 0},0,{fileID: 0},0,"{fileID: -248771874, guid: 1fa22c2b5ebef5f8f09692d9ba1e5baa, type: 3}",-248771874,1fa22c2b5ebef5f8f09692d9ba1e5baa,Assets/Plugins/LeTai.TrueShadow.dll,0,"{x: 0, y: -0}",90,0,0,2,0,1,0
LevelManager,Assets/GameObject/LevelManager.prefab,LeTai.TrueShadow,1fa22c2b5ebef5f8f09692d9ba1e5baa,-248771874,0,[],0,"{r: 0, g: 0, b: 0, a: 0.6}",2,0,0,0,0,0,{fileID: 0},0,0,0,{fileID: 1392466545550085},1392466545550085,0,{fileID: 0},0,{fileID: 0},0,"{fileID: -248771874, guid: 1fa22c2b5ebef5f8f09692d9ba1e5baa, type: 3}",-248771874,1fa22c2b5ebef5f8f09692d9ba1e5baa,Assets/Plugins/LeTai.TrueShadow.dll,0,"{x: 1.7881396E-07, y: -3}",90,3,0,6,0,1,0
LevelManager,Assets/GameObject/LevelManager.prefab,LeTai.TrueShadow,1fa22c2b5ebef5f8f09692d9ba1e5baa,-248771874,0,[],1,"{r: 0.4764151, g: 1, b: 0.62022334, a: 1}",2,0,0,1,1,1,{fileID: 0},0,0,1,{fileID: 1070538243948430},1070538243948430,0,{fileID: 0},0,{fileID: 0},0,"{fileID: -248771874, guid: 1fa22c2b5ebef5f8f09692d9ba1e5baa, type: 3}",-248771874,1fa22c2b5ebef5f8f09692d9ba1e5baa,Assets/Plugins/LeTai.TrueShadow.dll,0,"{x: 0, y: -0}",90,0,0,17.85,0,0,0
LevelManager,Assets/GameObject/LevelManager.prefab,LeTai.TrueShadow,1fa22c2b5ebef5f8f09692d9ba1e5baa,-248771874,0,[],0,"{r: 0, g: 0, b: 0, a: 0.6}",2,0,0,0,0,0,{fileID: 0},0,0,0,{fileID: 1138971321377685},1138971321377685,0,{fileID: 0},0,{fileID: 0},0,"{fileID: -248771874, guid: 1fa22c2b5ebef5f8f09692d9ba1e5baa, type: 3}",-248771874,1fa22c2b5ebef5f8f09692d9ba1e5baa,Assets/Plugins/LeTai.TrueShadow.dll,0,"{x: 1.4142134, y: -1.4142137}",45,2,0,8,0,1,0
LevelManager,Assets/GameObject/LevelManager.prefab,LeTai.TrueShadow,1fa22c2b5ebef5f8f09692d9ba1e5baa,-248771874,0,[],0,"{r: 0, g: 0, b: 0, a: 0.72156864}",2,0,0,1,1,0,{fileID: 0},0,0,1,{fileID: 1573370237661722},1573370237661722,0,{fileID: 0},0,{fileID: 0},0,"{fileID: -248771874, guid: 1fa22c2b5ebef5f8f09692d9ba1e5baa, type: 3}",-248771874,1fa22c2b5ebef5f8f09692d9ba1e5baa,Assets/Plugins/LeTai.TrueShadow.dll,0,"{x: 5.9195232, y: -5.38138}",42.273666,8,0,3,0.5,1,0
LevelManager,Assets/GameObject/LevelManager.prefab,LeTai.TrueShadow,1fa22c2b5ebef5f8f09692d9ba1e5baa,-248771874,0,[],0,"{r: 1, g: 1, b: 1, a: 1}",2,0,0,1,0,0,{fileID: 0},0,0,0,{fileID: 1928290368687624},1928290368687624,0,{fileID: 0},0,{fileID: 0},0,"{fileID: -248771874, guid: 1fa22c2b5ebef5f8f09692d9ba1e5baa, type: 3}",-248771874,1fa22c2b5ebef5f8f09692d9ba1e5baa,Assets/Plugins/LeTai.TrueShadow.dll,0,"{x: 0, y: -0}",90,0,0,1,0,1,0
LevelManager,Assets/GameObject/LevelManager.prefab,LeTai.TrueShadow,1fa22c2b5ebef5f8f09692d9ba1e5baa,-248771874,0,[],0,"{r: 1, g: 1, b: 1, a: 0.6}",2,0,0,0,0,0,{fileID: 0},0,0,1,{fileID: 1934241703107713},1934241703107713,0,{fileID: 0},0,{fileID: 0},0,"{fileID: -248771874, guid: 1fa22c2b5ebef5f8f09692d9ba1e5baa, type: 3}",-248771874,1fa22c2b5ebef5f8f09692d9ba1e5baa,Assets/Plugins/LeTai.TrueShadow.dll,0,"{x: 0, y: -0}",90,0,0,2,0,1,0
LevelManager,Assets/GameObject/LevelManager.prefab,LeTai.TrueShadow,1fa22c2b5ebef5f8f09692d9ba1e5baa,-248771874,0,[],0,"{r: 1, g: 1, b: 1, a: 0.6}",2,0,0,0,0,0,{fileID: 0},0,0,1,{fileID: 1787305263589764},1787305263589764,0,{fileID: 0},0,{fileID: 0},0,"{fileID: -248771874, guid: 1fa22c2b5ebef5f8f09692d9ba1e5baa, type: 3}",-248771874,1fa22c2b5ebef5f8f09692d9ba1e5baa,Assets/Plugins/LeTai.TrueShadow.dll,0,"{x: 0, y: -0}",90,0,0,2,0,1,0
LevelManager,Assets/GameObject/LevelManager.prefab,LeTai.TrueShadow,1fa22c2b5ebef5f8f09692d9ba1e5baa,-248771874,0,[],0,"{r: 1, g: 1, b: 1, a: 0.6}",2,0,0,0,0,0,{fileID: 0},0,0,1,{fileID: 1955175007088721},1955175007088721,0,{fileID: 0},0,{fileID: 0},0,"{fileID: -248771874, guid: 1fa22c2b5ebef5f8f09692d9ba1e5baa, type: 3}",-248771874,1fa22c2b5ebef5f8f09692d9ba1e5baa,Assets/Plugins/LeTai.TrueShadow.dll,0,"{x: 0, y: -0}",90,0,0,2,0,1,0
LevelManager,Assets/GameObject/LevelManager.prefab,LeTai.TrueShadow,1fa22c2b5ebef5f8f09692d9ba1e5baa,-248771874,0,[],0,"{r: 0, g: 0, b: 0, a: 0.6}",2,0,0,0,0,0,{fileID: 0},0,0,0,{fileID: 1352342023856256},1352342023856256,0,{fileID: 0},0,{fileID: 0},0,"{fileID: -248771874, guid: 1fa22c2b5ebef5f8f09692d9ba1e5baa, type: 3}",-248771874,1fa22c2b5ebef5f8f09692d9ba1e5baa,Assets/Plugins/LeTai.TrueShadow.dll,0,"{x: 1.7881396E-07, y: -3}",90,3,0,6,0,1,0
LevelManager,Assets/GameObject/LevelManager.prefab,LeTai.TrueShadow,1fa22c2b5ebef5f8f09692d9ba1e5baa,-248771874,0,[],1,"{r: 0.4764151, g: 1, b: 0.62022334, a: 1}",2,0,0,1,1,1,{fileID: 0},0,0,1,{fileID: 1261032672495333},1261032672495333,0,{fileID: 0},0,{fileID: 0},0,"{fileID: -248771874, guid: 1fa22c2b5ebef5f8f09692d9ba1e5baa, type: 3}",-248771874,1fa22c2b5ebef5f8f09692d9ba1e5baa,Assets/Plugins/LeTai.TrueShadow.dll,0,"{x: 0, y: -0}",90,0,0,17.85,0,0,0
LevelManager,Assets/GameObject/LevelManager.prefab,LeTai.TrueShadow,1fa22c2b5ebef5f8f09692d9ba1e5baa,-248771874,0,[],0,"{r: 0, g: 0, b: 0, a: 0.6}",2,0,0,0,0,0,{fileID: 0},0,0,0,{fileID: 1371425063164613},1371425063164613,0,{fileID: 0},0,{fileID: 0},0,"{fileID: -248771874, guid: 1fa22c2b5ebef5f8f09692d9ba1e5baa, type: 3}",-248771874,1fa22c2b5ebef5f8f09692d9ba1e5baa,Assets/Plugins/LeTai.TrueShadow.dll,0,"{x: 1.4142134, y: -1.4142137}",45,2,0,8,0,1,0
LevelManager,Assets/GameObject/LevelManager.prefab,LeTai.TrueShadow,1fa22c2b5ebef5f8f09692d9ba1e5baa,-248771874,0,[],0,"{r: 0, g: 0, b: 0, a: 0.72156864}",2,0,0,1,1,0,{fileID: 0},0,0,1,{fileID: 1643299572399303},1643299572399303,0,{fileID: 0},0,{fileID: 0},0,"{fileID: -248771874, guid: 1fa22c2b5ebef5f8f09692d9ba1e5baa, type: 3}",-248771874,1fa22c2b5ebef5f8f09692d9ba1e5baa,Assets/Plugins/LeTai.TrueShadow.dll,0,"{x: 5.9195232, y: -5.38138}",42.273666,8,0,3,0.5,1,0
LevelManager,Assets/GameObject/LevelManager.prefab,LeTai.TrueShadow,1fa22c2b5ebef5f8f09692d9ba1e5baa,-248771874,0,[],0,"{r: 1, g: 1, b: 1, a: 1}",2,0,0,1,0,0,{fileID: 0},0,0,0,{fileID: 1068691261782695},1068691261782695,0,{fileID: 0},0,{fileID: 0},0,"{fileID: -248771874, guid: 1fa22c2b5ebef5f8f09692d9ba1e5baa, type: 3}",-248771874,1fa22c2b5ebef5f8f09692d9ba1e5baa,Assets/Plugins/LeTai.TrueShadow.dll,0,"{x: 0, y: -0}",90,0,0,1,0,1,0
LevelManager,Assets/GameObject/LevelManager.prefab,LeTai.TrueShadow,1fa22c2b5ebef5f8f09692d9ba1e5baa,-248771874,0,[],0,"{r: 1, g: 1, b: 1, a: 0.6}",2,0,0,0,0,0,{fileID: 0},0,0,1,{fileID: 1226615429099301},1226615429099301,0,{fileID: 0},0,{fileID: 0},0,"{fileID: -248771874, guid: 1fa22c2b5ebef5f8f09692d9ba1e5baa, type: 3}",-248771874,1fa22c2b5ebef5f8f09692d9ba1e5baa,Assets/Plugins/LeTai.TrueShadow.dll,0,"{x: 0, y: -0}",90,0,0,2,0,1,0
LevelManager,Assets/GameObject/LevelManager.prefab,LeTai.TrueShadow,1fa22c2b5ebef5f8f09692d9ba1e5baa,-248771874,0,[],0,"{r: 1, g: 1, b: 1, a: 0.6}",2,0,0,0,0,0,{fileID: 0},0,0,1,{fileID: 1649950456476538},1649950456476538,0,{fileID: 0},0,{fileID: 0},0,"{fileID: -248771874, guid: 1fa22c2b5ebef5f8f09692d9ba1e5baa, type: 3}",-248771874,1fa22c2b5ebef5f8f09692d9ba1e5baa,Assets/Plugins/LeTai.TrueShadow.dll,0,"{x: 0, y: -0}",90,0,0,2,0,1,0
LevelManager,Assets/GameObject/LevelManager.prefab,LeTai.TrueShadow,1fa22c2b5ebef5f8f09692d9ba1e5baa,-248771874,0,[],0,"{r: 1, g: 1, b: 1, a: 0.6}",2,0,0,0,0,0,{fileID: 0},0,0,1,{fileID: 1405157544119143},1405157544119143,0,{fileID: 0},0,{fileID: 0},0,"{fileID: -248771874, guid: 1fa22c2b5ebef5f8f09692d9ba1e5baa, type: 3}",-248771874,1fa22c2b5ebef5f8f09692d9ba1e5baa,Assets/Plugins/LeTai.TrueShadow.dll,0,"{x: 0, y: -0}",90,0,0,2,0,1,0
LevelManager,Assets/GameObject/LevelManager.prefab,LeTai.TrueShadow,1fa22c2b5ebef5f8f09692d9ba1e5baa,-248771874,0,[],0,"{r: 0, g: 0, b: 0, a: 0.6}",2,0,0,0,0,0,{fileID: 0},0,0,0,{fileID: 1981983068933502},1981983068933502,0,{fileID: 0},0,{fileID: 0},0,"{fileID: -248771874, guid: 1fa22c2b5ebef5f8f09692d9ba1e5baa, type: 3}",-248771874,1fa22c2b5ebef5f8f09692d9ba1e5baa,Assets/Plugins/LeTai.TrueShadow.dll,0,"{x: 1.7881396E-07, y: -3}",90,3,0,6,0,1,0
LevelManager,Assets/GameObject/LevelManager.prefab,LeTai.TrueShadow,1fa22c2b5ebef5f8f09692d9ba1e5baa,-248771874,0,[],0,"{r: 1, g: 1, b: 1, a: 1}",2,0,0,0,0,0,{fileID: 0},0,0,0,{fileID: 1036638396818929},1036638396818929,0,{fileID: 0},0,{fileID: 0},0,"{fileID: -248771874, guid: 1fa22c2b5ebef5f8f09692d9ba1e5baa, type: 3}",-248771874,1fa22c2b5ebef5f8f09692d9ba1e5baa,Assets/Plugins/LeTai.TrueShadow.dll,0,"{x: 1.192093E-07, y: -2}",90,2,0,3.4,0.197,1,0
LevelManager,Assets/GameObject/LevelManager.prefab,LeTai.TrueShadow,1fa22c2b5ebef5f8f09692d9ba1e5baa,-248771874,0,[],0,"{r: 1, g: 1, b: 1, a: 1}",2,0,0,0,0,0,{fileID: 0},0,0,0,{fileID: 1242368848816793},1242368848816793,0,{fileID: 0},0,{fileID: 0},0,"{fileID: -248771874, guid: 1fa22c2b5ebef5f8f09692d9ba1e5baa, type: 3}",-248771874,1fa22c2b5ebef5f8f09692d9ba1e5baa,Assets/Plugins/LeTai.TrueShadow.dll,0,"{x: 1.192093E-07, y: 2}",270,2,0,3.4,0.197,1,0
LevelManager,Assets/GameObject/LevelManager.prefab,LeTai.TrueShadow,1fa22c2b5ebef5f8f09692d9ba1e5baa,-248771874,0,[],0,"{r: 0, g: 0, b: 0, a: 0.5686275}",2,0,0,0,0,1,{fileID: 0},0,0,1,{fileID: 1856967327808893},1856967327808893,0,{fileID: 0},0,{fileID: 0},0,"{fileID: -248771874, guid: 1fa22c2b5ebef5f8f09692d9ba1e5baa, type: 3}",-248771874,1fa22c2b5ebef5f8f09692d9ba1e5baa,Assets/Plugins/LeTai.TrueShadow.dll,0,"{x: 0.27349573, y: -1.4951923}",79.63423,1.52,0,2,0,0,0
LevelManager,Assets/GameObject/LevelManager.prefab,LeTai.TrueShadow,1fa22c2b5ebef5f8f09692d9ba1e5baa,-248771874,0,[],0,"{r: 0, g: 0, b: 0, a: 1}",2,0,0,0,0,0,{fileID: 0},0,0,1,{fileID: 1727606052754536},1727606052754536,0,{fileID: 0},0,{fileID: 0},0,"{fileID: -248771874, guid: 1fa22c2b5ebef5f8f09692d9ba1e5baa, type: 3}",-248771874,1fa22c2b5ebef5f8f09692d9ba1e5baa,Assets/Plugins/LeTai.TrueShadow.dll,0,"{x: 0, y: -0}",90,0,0,5,0,1,0
LevelManager,Assets/GameObject/LevelManager.prefab,LeTai.TrueShadow,1fa22c2b5ebef5f8f09692d9ba1e5baa,-248771874,0,[],0,"{r: 1, g: 0.4198113, b: 0.4198113, a: 0.49803922}",2,0,0,1,0,0,{fileID: 0},0,0,0,{fileID: 1616565055020436},1616565055020436,0,{fileID: 0},0,{fileID: 0},0,"{fileID: -248771874, guid: 1fa22c2b5ebef5f8f09692d9ba1e5baa, type: 3}",-248771874,1fa22c2b5ebef5f8f09692d9ba1e5baa,Assets/Plugins/LeTai.TrueShadow.dll,0,"{x: 0, y: -0}",45,0,0,10,0,1,0
LevelManager,Assets/GameObject/LevelManager.prefab,LeTai.TrueShadow,1fa22c2b5ebef5f8f09692d9ba1e5baa,-248771874,0,[],0,"{r: 1, g: 1, b: 1, a: 0.25490198}",2,0,0,0,0,0,{fileID: 0},0,0,0,{fileID: 1316837553329056},1316837553329056,0,{fileID: 0},0,{fileID: 0},0,"{fileID: -248771874, guid: 1fa22c2b5ebef5f8f09692d9ba1e5baa, type: 3}",-248771874,1fa22c2b5ebef5f8f09692d9ba1e5baa,Assets/Plugins/LeTai.TrueShadow.dll,0,"{x: 2.8354979, y: -2.835499}",45,4.01,0,3,0,1,0
LevelManager,Assets/GameObject/LevelManager.prefab,LeTai.TrueShadow,1fa22c2b5ebef5f8f09692d9ba1e5baa,-248771874,0,[],0,"{r: 0, g: 0, b: 0, a: 0.8156863}",2,0,0,0,0,0,{fileID: 0},0,0,1,{fileID: 1033077775741836},1033077775741836,0,{fileID: 0},0,{fileID: 0},0,"{fileID: -248771874, guid: 1fa22c2b5ebef5f8f09692d9ba1e5baa, type: 3}",-248771874,1fa22c2b5ebef5f8f09692d9ba1e5baa,Assets/Plugins/LeTai.TrueShadow.dll,0,"{x: 2.1213202, y: -2.1213205}",45,3,0,5,0,1,0
LevelManager,Assets/GameObject/LevelManager.prefab,LeTai.TrueShadow,1fa22c2b5ebef5f8f09692d9ba1e5baa,-248771874,0,[],0,"{r: 0, g: 0, b: 0, a: 0.6}",2,0,0,0,0,0,{fileID: 0},0,0,0,{fileID: 1855537355467610},1855537355467610,0,{fileID: 0},0,{fileID: 0},0,"{fileID: -248771874, guid: 1fa22c2b5ebef5f8f09692d9ba1e5baa, type: 3}",-248771874,1fa22c2b5ebef5f8f09692d9ba1e5baa,Assets/Plugins/LeTai.TrueShadow.dll,0,"{x: 5.6568537, y: -5.6568546}",45,8,0,8,0,1,0
LevelManager,Assets/GameObject/LevelManager.prefab,LeTai.TrueShadow,1fa22c2b5ebef5f8f09692d9ba1e5baa,-248771874,0,[],1,"{r: 0.22745097, g: 0.7221681, b: 1, a: 1}",2,0,0,0,0,0,{fileID: 0},0,0,1,{fileID: 1892363441760212},1892363441760212,0,{fileID: 0},0,{fileID: 0},0,"{fileID: -248771874, guid: 1fa22c2b5ebef5f8f09692d9ba1e5baa, type: 3}",-248771874,1fa22c2b5ebef5f8f09692d9ba1e5baa,Assets/Plugins/LeTai.TrueShadow.dll,0,"{x: 0, y: -0}",90,0,0,16,0,0,0
LevelManager,Assets/GameObject/LevelManager.prefab,LeTai.TrueShadow,1fa22c2b5ebef5f8f09692d9ba1e5baa,-248771874,0,[],1,"{r: 0.22745097, g: 0.7221681, b: 1, a: 1}",2,0,0,0,0,0,{fileID: 0},0,0,1,{fileID: 1552014476793962},1552014476793962,0,{fileID: 0},0,{fileID: 0},0,"{fileID: -248771874, guid: 1fa22c2b5ebef5f8f09692d9ba1e5baa, type: 3}",-248771874,1fa22c2b5ebef5f8f09692d9ba1e5baa,Assets/Plugins/LeTai.TrueShadow.dll,0,"{x: 0, y: -0}",90,0,0,16,0,0,0
LevelManager,Assets/GameObject/LevelManager.prefab,LeTai.TrueShadow,1fa22c2b5ebef5f8f09692d9ba1e5baa,-248771874,0,[],1,"{r: 0, g: 0, b: 0, a: 1}",2,0,0,0,0,0,{fileID: 0},0,0,1,{fileID: 1713804075175325},1713804075175325,0,{fileID: 0},0,{fileID: 0},0,"{fileID: -248771874, guid: 1fa22c2b5ebef5f8f09692d9ba1e5baa, type: 3}",-248771874,1fa22c2b5ebef5f8f09692d9ba1e5baa,Assets/Plugins/LeTai.TrueShadow.dll,0,"{x: 0, y: -0}",90,0,0,16,0,0,0
LevelManager,Assets/GameObject/LevelManager.prefab,LeTai.TrueShadow,1fa22c2b5ebef5f8f09692d9ba1e5baa,-248771874,0,[],0,"{r: 1, g: 0.6781641, b: 0.36320752, a: 0.8666667}",2,0,0,0,0,0,{fileID: 0},0,0,1,{fileID: 1590329853832263},1590329853832263,0,{fileID: 0},0,{fileID: 0},0,"{fileID: -248771874, guid: 1fa22c2b5ebef5f8f09692d9ba1e5baa, type: 3}",-248771874,1fa22c2b5ebef5f8f09692d9ba1e5baa,Assets/Plugins/LeTai.TrueShadow.dll,0,"{x: 0, y: -0}",90,0,0,9.93,0,1,0
LevelManager,Assets/GameObject/LevelManager.prefab,LeTai.TrueShadow,1fa22c2b5ebef5f8f09692d9ba1e5baa,-248771874,0,[],0,"{r: 1, g: 1, b: 1, a: 1}",2,0,0,0,0,0,{fileID: 0},0,0,0,{fileID: 1259433299944007},1259433299944007,0,{fileID: 0},0,{fileID: 0},0,"{fileID: -248771874, guid: 1fa22c2b5ebef5f8f09692d9ba1e5baa, type: 3}",-248771874,1fa22c2b5ebef5f8f09692d9ba1e5baa,Assets/Plugins/LeTai.TrueShadow.dll,0,"{x: 1.192093E-07, y: -2}",90,2,0,3.4,0.197,1,0
LevelManager,Assets/GameObject/LevelManager.prefab,LeTai.TrueShadow,1fa22c2b5ebef5f8f09692d9ba1e5baa,-248771874,0,[],0,"{r: 1, g: 1, b: 1, a: 1}",2,0,0,0,0,0,{fileID: 0},0,0,0,{fileID: 1181715013633159},1181715013633159,0,{fileID: 0},0,{fileID: 0},0,"{fileID: -248771874, guid: 1fa22c2b5ebef5f8f09692d9ba1e5baa, type: 3}",-248771874,1fa22c2b5ebef5f8f09692d9ba1e5baa,Assets/Plugins/LeTai.TrueShadow.dll,0,"{x: 1.192093E-07, y: 2}",270,2,0,3.4,0.197,1,0
LevelManager,Assets/GameObject/LevelManager.prefab,LeTai.TrueShadow,1fa22c2b5ebef5f8f09692d9ba1e5baa,-248771874,0,[],0,"{r: 0, g: 0, b: 0, a: 0.5686275}",2,0,0,0,0,1,{fileID: 0},0,0,1,{fileID: 1275064161591257},1275064161591257,0,{fileID: 0},0,{fileID: 0},0,"{fileID: -248771874, guid: 1fa22c2b5ebef5f8f09692d9ba1e5baa, type: 3}",-248771874,1fa22c2b5ebef5f8f09692d9ba1e5baa,Assets/Plugins/LeTai.TrueShadow.dll,0,"{x: 0.27349573, y: -1.4951923}",79.63423,1.52,0,2,0,0,0
LevelManager,Assets/GameObject/LevelManager.prefab,LeTai.TrueShadow,1fa22c2b5ebef5f8f09692d9ba1e5baa,-248771874,0,[],0,"{r: 0, g: 0, b: 0, a: 1}",2,0,0,0,0,0,{fileID: 0},0,0,1,{fileID: 1582537419095780},1582537419095780,0,{fileID: 0},0,{fileID: 0},0,"{fileID: -248771874, guid: 1fa22c2b5ebef5f8f09692d9ba1e5baa, type: 3}",-248771874,1fa22c2b5ebef5f8f09692d9ba1e5baa,Assets/Plugins/LeTai.TrueShadow.dll,0,"{x: 0, y: -0}",90,0,0,5,0,1,0
LevelManager,Assets/GameObject/LevelManager.prefab,LeTai.TrueShadow,1fa22c2b5ebef5f8f09692d9ba1e5baa,-248771874,0,[],0,"{r: 0, g: 0, b: 0, a: 0.6}",2,0,0,0,0,0,{fileID: 0},0,0,0,{fileID: 1970937480433604},1970937480433604,0,{fileID: 0},0,{fileID: 0},0,"{fileID: -248771874, guid: 1fa22c2b5ebef5f8f09692d9ba1e5baa, type: 3}",-248771874,1fa22c2b5ebef5f8f09692d9ba1e5baa,Assets/Plugins/LeTai.TrueShadow.dll,0,"{x: 7.1525585E-07, y: -12}",90,12,0,32,0,1,0
LevelManager,Assets/GameObject/LevelManager.prefab,LeTai.TrueShadow,1fa22c2b5ebef5f8f09692d9ba1e5baa,-248771874,0,[],0,"{r: 0, g: 0, b: 0, a: 1}",2,0,0,0,0,0,{fileID: 0},0,0,0,{fileID: 1503146849539861},1503146849539861,0,{fileID: 0},0,{fileID: 0},0,"{fileID: -248771874, guid: 1fa22c2b5ebef5f8f09692d9ba1e5baa, type: 3}",-248771874,1fa22c2b5ebef5f8f09692d9ba1e5baa,Assets/Plugins/LeTai.TrueShadow.dll,0,"{x: 4.101219, y: -4.1012197}",45,5.8,0,8.8,0.142,1,0
LevelManager,Assets/GameObject/LevelManager.prefab,LeTai.TrueShadow,1fa22c2b5ebef5f8f09692d9ba1e5baa,-248771874,0,[],0,"{r: 0, g: 0, b: 0, a: 0.6}",2,0,0,0,0,0,{fileID: 0},0,0,0,{fileID: 1162896107717356},1162896107717356,0,{fileID: 0},0,{fileID: 0},0,"{fileID: -248771874, guid: 1fa22c2b5ebef5f8f09692d9ba1e5baa, type: 3}",-248771874,1fa22c2b5ebef5f8f09692d9ba1e5baa,Assets/Plugins/LeTai.TrueShadow.dll,0,"{x: 7.1525585E-07, y: -12}",90,12,0,32,0,1,0
LevelManager,Assets/GameObject/LevelManager.prefab,LeTai.TrueShadow,1fa22c2b5ebef5f8f09692d9ba1e5baa,-248771874,0,[],0,"{r: 0, g: 0, b: 0, a: 0.6}",2,0,0,0,0,0,{fileID: 0},0,0,0,{fileID: 1641318022729121},1641318022729121,0,{fileID: 0},0,{fileID: 0},0,"{fileID: -248771874, guid: 1fa22c2b5ebef5f8f09692d9ba1e5baa, type: 3}",-248771874,1fa22c2b5ebef5f8f09692d9ba1e5baa,Assets/Plugins/LeTai.TrueShadow.dll,0,"{x: 5.6568537, y: -5.6568546}",45,8,0,8,0,1,0
LevelManager,Assets/GameObject/LevelManager.prefab,LeTai.TrueShadow,1fa22c2b5ebef5f8f09692d9ba1e5baa,-248771874,0,[],0,"{r: 0.4764151, g: 1, b: 0.62022334, a: 1}",2,0,0,0,0,1,{fileID: 0},0,0,0,{fileID: 1785003773071018},1785003773071018,0,{fileID: 0},0,{fileID: 0},0,"{fileID: -248771874, guid: 1fa22c2b5ebef5f8f09692d9ba1e5baa, type: 3}",-248771874,1fa22c2b5ebef5f8f09692d9ba1e5baa,Assets/Plugins/LeTai.TrueShadow.dll,0,"{x: 0, y: -0}",90,0,0,16,0,0,0
LevelManager,Assets/GameObject/LevelManager.prefab,LeTai.TrueShadow,1fa22c2b5ebef5f8f09692d9ba1e5baa,-248771874,0,[],0,"{r: 0, g: 0, b: 0, a: 0.6}",2,0,0,0,0,0,{fileID: 0},0,0,0,{fileID: 1612957113662755},1612957113662755,0,{fileID: 0},0,{fileID: 0},0,"{fileID: -248771874, guid: 1fa22c2b5ebef5f8f09692d9ba1e5baa, type: 3}",-248771874,1fa22c2b5ebef5f8f09692d9ba1e5baa,Assets/Plugins/LeTai.TrueShadow.dll,0,"{x: 1.4142134, y: -1.4142137}",45,2,0,8,0,1,0
LevelManager,Assets/GameObject/LevelManager.prefab,LeTai.TrueShadow,1fa22c2b5ebef5f8f09692d9ba1e5baa,-248771874,0,[],0,"{r: 0, g: 0, b: 0, a: 0.72156864}",2,0,0,1,1,0,{fileID: 0},0,0,0,{fileID: 1432015173596900},1432015173596900,0,{fileID: 0},0,{fileID: 0},0,"{fileID: -248771874, guid: 1fa22c2b5ebef5f8f09692d9ba1e5baa, type: 3}",-248771874,1fa22c2b5ebef5f8f09692d9ba1e5baa,Assets/Plugins/LeTai.TrueShadow.dll,0,"{x: 5.9195232, y: -5.38138}",42.273666,8,0,3,0.5,1,0
LevelManager,Assets/GameObject/LevelManager.prefab,LeTai.TrueShadow,1fa22c2b5ebef5f8f09692d9ba1e5baa,-248771874,0,[],0,"{r: 1, g: 1, b: 1, a: 1}",2,0,0,1,0,0,{fileID: 0},0,0,0,{fileID: 1678206850870998},1678206850870998,0,{fileID: 0},0,{fileID: 0},0,"{fileID: -248771874, guid: 1fa22c2b5ebef5f8f09692d9ba1e5baa, type: 3}",-248771874,1fa22c2b5ebef5f8f09692d9ba1e5baa,Assets/Plugins/LeTai.TrueShadow.dll,0,"{x: 0, y: -0}",90,0,0,1,0,1,0
LevelManager,Assets/GameObject/LevelManager.prefab,LeTai.TrueShadow,1fa22c2b5ebef5f8f09692d9ba1e5baa,-248771874,0,[],0,"{r: 1, g: 1, b: 1, a: 0.6}",2,0,0,0,0,0,{fileID: 0},0,0,1,{fileID: 1650866000121032},1650866000121032,0,{fileID: 0},0,{fileID: 0},0,"{fileID: -248771874, guid: 1fa22c2b5ebef5f8f09692d9ba1e5baa, type: 3}",-248771874,1fa22c2b5ebef5f8f09692d9ba1e5baa,Assets/Plugins/LeTai.TrueShadow.dll,0,"{x: 0, y: -0}",90,0,0,2,0,1,0
LevelManager,Assets/GameObject/LevelManager.prefab,LeTai.TrueShadow,1fa22c2b5ebef5f8f09692d9ba1e5baa,-248771874,0,[],0,"{r: 1, g: 1, b: 1, a: 0.6}",2,0,0,0,0,0,{fileID: 0},0,0,1,{fileID: 1801800535818106},1801800535818106,0,{fileID: 0},0,{fileID: 0},0,"{fileID: -248771874, guid: 1fa22c2b5ebef5f8f09692d9ba1e5baa, type: 3}",-248771874,1fa22c2b5ebef5f8f09692d9ba1e5baa,Assets/Plugins/LeTai.TrueShadow.dll,0,"{x: 0, y: -0}",90,0,0,2,0,1,0
LevelManager,Assets/GameObject/LevelManager.prefab,LeTai.TrueShadow,1fa22c2b5ebef5f8f09692d9ba1e5baa,-248771874,0,[],0,"{r: 1, g: 1, b: 1, a: 0.6}",2,0,0,0,0,0,{fileID: 0},0,0,1,{fileID: 1729112414248436},1729112414248436,0,{fileID: 0},0,{fileID: 0},0,"{fileID: -248771874, guid: 1fa22c2b5ebef5f8f09692d9ba1e5baa, type: 3}",-248771874,1fa22c2b5ebef5f8f09692d9ba1e5baa,Assets/Plugins/LeTai.TrueShadow.dll,0,"{x: 0, y: -0}",90,0,0,2,0,1,0
LevelManager,Assets/GameObject/LevelManager.prefab,LeTai.TrueShadow,1fa22c2b5ebef5f8f09692d9ba1e5baa,-248771874,0,[],0,"{r: 0, g: 0, b: 0, a: 0.6}",2,0,0,0,0,0,{fileID: 0},0,0,0,{fileID: 1994647204096559},1994647204096559,0,{fileID: 0},0,{fileID: 0},0,"{fileID: -248771874, guid: 1fa22c2b5ebef5f8f09692d9ba1e5baa, type: 3}",-248771874,1fa22c2b5ebef5f8f09692d9ba1e5baa,Assets/Plugins/LeTai.TrueShadow.dll,0,"{x: 1.7881396E-07, y: -3}",90,3,0,6,0,1,0
LevelManager,Assets/GameObject/LevelManager.prefab,LeTai.TrueShadow,1fa22c2b5ebef5f8f09692d9ba1e5baa,-248771874,0,[],0,"{r: 0, g: 0, b: 0, a: 0.6}",2,0,0,0,0,0,{fileID: 0},0,0,0,{fileID: 1738969838571976},1738969838571976,0,{fileID: 0},0,{fileID: 0},0,"{fileID: -248771874, guid: 1fa22c2b5ebef5f8f09692d9ba1e5baa, type: 3}",-248771874,1fa22c2b5ebef5f8f09692d9ba1e5baa,Assets/Plugins/LeTai.TrueShadow.dll,0,"{x: 7.1525585E-07, y: -12}",90,12,0,32,0,1,0
LevelManager,Assets/GameObject/LevelManager.prefab,LeTai.TrueShadow,1fa22c2b5ebef5f8f09692d9ba1e5baa,-248771874,0,[],0,"{r: 0, g: 0, b: 0, a: 0.6}",2,0,0,0,0,0,{fileID: 0},0,0,0,{fileID: 1497052776899169},1497052776899169,0,{fileID: 0},0,{fileID: 0},0,"{fileID: -248771874, guid: 1fa22c2b5ebef5f8f09692d9ba1e5baa, type: 3}",-248771874,1fa22c2b5ebef5f8f09692d9ba1e5baa,Assets/Plugins/LeTai.TrueShadow.dll,0,"{x: 7.1525585E-07, y: -12}",90,12,0,32,0,1,0
LevelManager,Assets/GameObject/LevelManager.prefab,LeTai.TrueShadow,1fa22c2b5ebef5f8f09692d9ba1e5baa,-248771874,0,[],0,"{r: 0, g: 0, b: 0, a: 0.6}",2,0,0,0,0,0,{fileID: 0},0,0,0,{fileID: 1724985353180031},1724985353180031,0,{fileID: 0},0,{fileID: 0},0,"{fileID: -248771874, guid: 1fa22c2b5ebef5f8f09692d9ba1e5baa, type: 3}",-248771874,1fa22c2b5ebef5f8f09692d9ba1e5baa,Assets/Plugins/LeTai.TrueShadow.dll,0,"{x: 5.6568537, y: -5.6568546}",45,8,0,8,0,1,0
LevelManager,Assets/GameObject/LevelManager.prefab,LeTai.TrueShadow,1fa22c2b5ebef5f8f09692d9ba1e5baa,-248771874,0,[],0,"{r: 0, g: 0, b: 0, a: 0.72156864}",2,0,0,0,0,0,{fileID: 0},0,0,0,{fileID: 1062712933475302},1062712933475302,0,{fileID: 0},0,{fileID: 0},0,"{fileID: -248771874, guid: 1fa22c2b5ebef5f8f09692d9ba1e5baa, type: 3}",-248771874,1fa22c2b5ebef5f8f09692d9ba1e5baa,Assets/Plugins/LeTai.TrueShadow.dll,0,"{x: 5.9195232, y: -5.38138}",42.273666,8,0,15,0,1,0
LevelManager,Assets/GameObject/LevelManager.prefab,LeTai.TrueShadow,1fa22c2b5ebef5f8f09692d9ba1e5baa,-248771874,0,[],0,"{r: 0, g: 0, b: 0, a: 0.6}",2,0,0,0,0,0,{fileID: 0},0,0,1,{fileID: 1416938940547753},1416938940547753,0,{fileID: 0},0,{fileID: 0},0,"{fileID: -248771874, guid: 1fa22c2b5ebef5f8f09692d9ba1e5baa, type: 3}",-248771874,1fa22c2b5ebef5f8f09692d9ba1e5baa,Assets/Plugins/LeTai.TrueShadow.dll,0,"{x: 3.5355334, y: -3.5355341}",45,5,0,5,0,1,0
LevelManager,Assets/GameObject/LevelManager.prefab,LeTai.TrueShadow,1fa22c2b5ebef5f8f09692d9ba1e5baa,-248771874,0,[],0,"{r: 1, g: 1, b: 1, a: 1}",2,0,0,0,0,0,{fileID: 0},0,0,0,{fileID: 1422333984066650},1422333984066650,0,{fileID: 0},0,{fileID: 0},0,"{fileID: -248771874, guid: 1fa22c2b5ebef5f8f09692d9ba1e5baa, type: 3}",-248771874,1fa22c2b5ebef5f8f09692d9ba1e5baa,Assets/Plugins/LeTai.TrueShadow.dll,0,"{x: 1.192093E-07, y: -2}",90,2,0,3.4,0.197,1,0
LevelManager,Assets/GameObject/LevelManager.prefab,LeTai.TrueShadow,1fa22c2b5ebef5f8f09692d9ba1e5baa,-248771874,0,[],0,"{r: 1, g: 1, b: 1, a: 1}",2,0,0,0,0,0,{fileID: 0},0,0,0,{fileID: 1848784115643678},1848784115643678,0,{fileID: 0},0,{fileID: 0},0,"{fileID: -248771874, guid: 1fa22c2b5ebef5f8f09692d9ba1e5baa, type: 3}",-248771874,1fa22c2b5ebef5f8f09692d9ba1e5baa,Assets/Plugins/LeTai.TrueShadow.dll,0,"{x: 1.192093E-07, y: 2}",270,2,0,3.4,0.197,1,0
LevelManager,Assets/GameObject/LevelManager.prefab,LeTai.TrueShadow,1fa22c2b5ebef5f8f09692d9ba1e5baa,-248771874,0,[],0,"{r: 0, g: 0, b: 0, a: 0.5686275}",2,0,0,0,0,1,{fileID: 0},0,0,1,{fileID: 1006689121694353},1006689121694353,0,{fileID: 0},0,{fileID: 0},0,"{fileID: -248771874, guid: 1fa22c2b5ebef5f8f09692d9ba1e5baa, type: 3}",-248771874,1fa22c2b5ebef5f8f09692d9ba1e5baa,Assets/Plugins/LeTai.TrueShadow.dll,0,"{x: 0.27349573, y: -1.4951923}",79.63423,1.52,0,2,0,0,0
LevelManager,Assets/GameObject/LevelManager.prefab,LeTai.TrueShadow,1fa22c2b5ebef5f8f09692d9ba1e5baa,-248771874,0,[],0,"{r: 0, g: 0, b: 0, a: 1}",2,0,0,0,0,0,{fileID: 0},0,0,1,{fileID: 1411159673274049},1411159673274049,0,{fileID: 0},0,{fileID: 0},0,"{fileID: -248771874, guid: 1fa22c2b5ebef5f8f09692d9ba1e5baa, type: 3}",-248771874,1fa22c2b5ebef5f8f09692d9ba1e5baa,Assets/Plugins/LeTai.TrueShadow.dll,0,"{x: 0, y: -0}",90,0,0,5,0,1,0
LevelManager,Assets/GameObject/LevelManager.prefab,LeTai.TrueShadow,1fa22c2b5ebef5f8f09692d9ba1e5baa,-248771874,0,[],0,"{r: 0, g: 0, b: 0, a: 0.6}",2,0,0,0,0,0,{fileID: 0},0,0,1,{fileID: 1385548187808335},1385548187808335,0,{fileID: 0},0,{fileID: 0},0,"{fileID: -248771874, guid: 1fa22c2b5ebef5f8f09692d9ba1e5baa, type: 3}",-248771874,1fa22c2b5ebef5f8f09692d9ba1e5baa,Assets/Plugins/LeTai.TrueShadow.dll,0,"{x: 3.5355334, y: -3.5355341}",45,5,0,10,0,1,0
LevelManager,Assets/GameObject/LevelManager.prefab,LeTai.TrueShadow,1fa22c2b5ebef5f8f09692d9ba1e5baa,-248771874,0,[],1,"{r: 0.4764151, g: 1, b: 0.62022334, a: 1}",2,0,0,1,1,1,{fileID: 0},0,0,1,{fileID: 1585291732289110},1585291732289110,0,{fileID: 0},0,{fileID: 0},0,"{fileID: -248771874, guid: 1fa22c2b5ebef5f8f09692d9ba1e5baa, type: 3}",-248771874,1fa22c2b5ebef5f8f09692d9ba1e5baa,Assets/Plugins/LeTai.TrueShadow.dll,0,"{x: 0, y: -0}",90,0,0,17.85,0,0,0
LevelManager,Assets/GameObject/LevelManager.prefab,LeTai.TrueShadow,1fa22c2b5ebef5f8f09692d9ba1e5baa,-248771874,0,[],0,"{r: 0, g: 0, b: 0, a: 0.6}",2,0,0,0,0,0,{fileID: 0},0,0,0,{fileID: 1738189051668001},1738189051668001,0,{fileID: 0},0,{fileID: 0},0,"{fileID: -248771874, guid: 1fa22c2b5ebef5f8f09692d9ba1e5baa, type: 3}",-248771874,1fa22c2b5ebef5f8f09692d9ba1e5baa,Assets/Plugins/LeTai.TrueShadow.dll,0,"{x: 1.4142134, y: -1.4142137}",45,2,0,8,0,1,0
LevelManager,Assets/GameObject/LevelManager.prefab,LeTai.TrueShadow,1fa22c2b5ebef5f8f09692d9ba1e5baa,-248771874,0,[],0,"{r: 0, g: 0, b: 0, a: 0.72156864}",2,0,0,1,1,0,{fileID: 0},0,0,1,{fileID: 1168951367611827},1168951367611827,0,{fileID: 0},0,{fileID: 0},0,"{fileID: -248771874, guid: 1fa22c2b5ebef5f8f09692d9ba1e5baa, type: 3}",-248771874,1fa22c2b5ebef5f8f09692d9ba1e5baa,Assets/Plugins/LeTai.TrueShadow.dll,0,"{x: 5.9195232, y: -5.38138}",42.273666,8,0,3,0.5,1,0
LevelManager,Assets/GameObject/LevelManager.prefab,LeTai.TrueShadow,1fa22c2b5ebef5f8f09692d9ba1e5baa,-248771874,0,[],0,"{r: 1, g: 1, b: 1, a: 1}",2,0,0,1,0,0,{fileID: 0},0,0,0,{fileID: 1218017201717853},1218017201717853,0,{fileID: 0},0,{fileID: 0},0,"{fileID: -248771874, guid: 1fa22c2b5ebef5f8f09692d9ba1e5baa, type: 3}",-248771874,1fa22c2b5ebef5f8f09692d9ba1e5baa,Assets/Plugins/LeTai.TrueShadow.dll,0,"{x: 0, y: -0}",90,0,0,1,0,1,0
LevelManager,Assets/GameObject/LevelManager.prefab,LeTai.TrueShadow,1fa22c2b5ebef5f8f09692d9ba1e5baa,-248771874,0,[],0,"{r: 1, g: 1, b: 1, a: 0.6}",2,0,0,0,0,0,{fileID: 0},0,0,1,{fileID: 1799845146851620},1799845146851620,0,{fileID: 0},0,{fileID: 0},0,"{fileID: -248771874, guid: 1fa22c2b5ebef5f8f09692d9ba1e5baa, type: 3}",-248771874,1fa22c2b5ebef5f8f09692d9ba1e5baa,Assets/Plugins/LeTai.TrueShadow.dll,0,"{x: 0, y: -0}",90,0,0,2,0,1,0
LevelManager,Assets/GameObject/LevelManager.prefab,LeTai.TrueShadow,1fa22c2b5ebef5f8f09692d9ba1e5baa,-248771874,0,[],0,"{r: 1, g: 1, b: 1, a: 0.6}",2,0,0,0,0,0,{fileID: 0},0,0,1,{fileID: 1764154025218387},1764154025218387,0,{fileID: 0},0,{fileID: 0},0,"{fileID: -248771874, guid: 1fa22c2b5ebef5f8f09692d9ba1e5baa, type: 3}",-248771874,1fa22c2b5ebef5f8f09692d9ba1e5baa,Assets/Plugins/LeTai.TrueShadow.dll,0,"{x: 0, y: -0}",90,0,0,2,0,1,0
LevelManager,Assets/GameObject/LevelManager.prefab,LeTai.TrueShadow,1fa22c2b5ebef5f8f09692d9ba1e5baa,-248771874,0,[],0,"{r: 1, g: 1, b: 1, a: 0.6}",2,0,0,0,0,0,{fileID: 0},0,0,1,{fileID: 1937437426096485},1937437426096485,0,{fileID: 0},0,{fileID: 0},0,"{fileID: -248771874, guid: 1fa22c2b5ebef5f8f09692d9ba1e5baa, type: 3}",-248771874,1fa22c2b5ebef5f8f09692d9ba1e5baa,Assets/Plugins/LeTai.TrueShadow.dll,0,"{x: 0, y: -0}",90,0,0,2,0,1,0
LevelManager,Assets/GameObject/LevelManager.prefab,LeTai.TrueShadow,1fa22c2b5ebef5f8f09692d9ba1e5baa,-248771874,0,[],0,"{r: 0, g: 0, b: 0, a: 0.6}",2,0,0,0,0,0,{fileID: 0},0,0,0,{fileID: 1008392154298933},1008392154298933,0,{fileID: 0},0,{fileID: 0},0,"{fileID: -248771874, guid: 1fa22c2b5ebef5f8f09692d9ba1e5baa, type: 3}",-248771874,1fa22c2b5ebef5f8f09692d9ba1e5baa,Assets/Plugins/LeTai.TrueShadow.dll,0,"{x: 1.7881396E-07, y: -3}",90,3,0,6,0,1,0
LevelManager,Assets/GameObject/LevelManager.prefab,LeTai.TrueShadow,1fa22c2b5ebef5f8f09692d9ba1e5baa,-248771874,0,[],1,"{r: 0.4764151, g: 1, b: 0.62022334, a: 1}",2,0,0,1,1,1,{fileID: 0},0,0,1,{fileID: 1495119131520748},1495119131520748,0,{fileID: 0},0,{fileID: 0},0,"{fileID: -248771874, guid: 1fa22c2b5ebef5f8f09692d9ba1e5baa, type: 3}",-248771874,1fa22c2b5ebef5f8f09692d9ba1e5baa,Assets/Plugins/LeTai.TrueShadow.dll,0,"{x: 0, y: -0}",90,0,0,17.85,0,0,0
LevelManager,Assets/GameObject/LevelManager.prefab,LeTai.TrueShadow,1fa22c2b5ebef5f8f09692d9ba1e5baa,-248771874,0,[],0,"{r: 0, g: 0, b: 0, a: 0.6}",2,0,0,0,0,0,{fileID: 0},0,0,0,{fileID: 1680871592974620},1680871592974620,0,{fileID: 0},0,{fileID: 0},0,"{fileID: -248771874, guid: 1fa22c2b5ebef5f8f09692d9ba1e5baa, type: 3}",-248771874,1fa22c2b5ebef5f8f09692d9ba1e5baa,Assets/Plugins/LeTai.TrueShadow.dll,0,"{x: 1.4142134, y: -1.4142137}",45,2,0,8,0,1,0
LevelManager,Assets/GameObject/LevelManager.prefab,LeTai.TrueShadow,1fa22c2b5ebef5f8f09692d9ba1e5baa,-248771874,0,[],0,"{r: 0, g: 0, b: 0, a: 0.72156864}",2,0,0,1,1,0,{fileID: 0},0,0,1,{fileID: 1164034443874365},1164034443874365,0,{fileID: 0},0,{fileID: 0},0,"{fileID: -248771874, guid: 1fa22c2b5ebef5f8f09692d9ba1e5baa, type: 3}",-248771874,1fa22c2b5ebef5f8f09692d9ba1e5baa,Assets/Plugins/LeTai.TrueShadow.dll,0,"{x: 5.9195232, y: -5.38138}",42.273666,8,0,3,0.5,1,0
LevelManager,Assets/GameObject/LevelManager.prefab,LeTai.TrueShadow,1fa22c2b5ebef5f8f09692d9ba1e5baa,-248771874,0,[],0,"{r: 1, g: 1, b: 1, a: 1}",2,0,0,1,0,0,{fileID: 0},0,0,0,{fileID: 1275793755409119},1275793755409119,0,{fileID: 0},0,{fileID: 0},0,"{fileID: -248771874, guid: 1fa22c2b5ebef5f8f09692d9ba1e5baa, type: 3}",-248771874,1fa22c2b5ebef5f8f09692d9ba1e5baa,Assets/Plugins/LeTai.TrueShadow.dll,0,"{x: 0, y: -0}",90,0,0,1,0,1,0
LevelManager,Assets/GameObject/LevelManager.prefab,LeTai.TrueShadow,1fa22c2b5ebef5f8f09692d9ba1e5baa,-248771874,0,[],0,"{r: 1, g: 1, b: 1, a: 0.6}",2,0,0,0,0,0,{fileID: 0},0,0,1,{fileID: 1952926376413805},1952926376413805,0,{fileID: 0},0,{fileID: 0},0,"{fileID: -248771874, guid: 1fa22c2b5ebef5f8f09692d9ba1e5baa, type: 3}",-248771874,1fa22c2b5ebef5f8f09692d9ba1e5baa,Assets/Plugins/LeTai.TrueShadow.dll,0,"{x: 0, y: -0}",90,0,0,2,0,1,0
LevelManager,Assets/GameObject/LevelManager.prefab,LeTai.TrueShadow,1fa22c2b5ebef5f8f09692d9ba1e5baa,-248771874,0,[],0,"{r: 1, g: 1, b: 1, a: 0.6}",2,0,0,0,0,0,{fileID: 0},0,0,1,{fileID: 1769522299593643},1769522299593643,0,{fileID: 0},0,{fileID: 0},0,"{fileID: -248771874, guid: 1fa22c2b5ebef5f8f09692d9ba1e5baa, type: 3}",-248771874,1fa22c2b5ebef5f8f09692d9ba1e5baa,Assets/Plugins/LeTai.TrueShadow.dll,0,"{x: 0, y: -0}",90,0,0,2,0,1,0
LevelManager,Assets/GameObject/LevelManager.prefab,LeTai.TrueShadow,1fa22c2b5ebef5f8f09692d9ba1e5baa,-248771874,0,[],0,"{r: 1, g: 1, b: 1, a: 0.6}",2,0,0,0,0,0,{fileID: 0},0,0,1,{fileID: 1824671228547242},1824671228547242,0,{fileID: 0},0,{fileID: 0},0,"{fileID: -248771874, guid: 1fa22c2b5ebef5f8f09692d9ba1e5baa, type: 3}",-248771874,1fa22c2b5ebef5f8f09692d9ba1e5baa,Assets/Plugins/LeTai.TrueShadow.dll,0,"{x: 0, y: -0}",90,0,0,2,0,1,0
LevelManager,Assets/GameObject/LevelManager.prefab,LeTai.TrueShadow,1fa22c2b5ebef5f8f09692d9ba1e5baa,-248771874,0,[],0,"{r: 0, g: 0, b: 0, a: 0.6}",2,0,0,0,0,0,{fileID: 0},0,0,0,{fileID: 1303453719943552},1303453719943552,0,{fileID: 0},0,{fileID: 0},0,"{fileID: -248771874, guid: 1fa22c2b5ebef5f8f09692d9ba1e5baa, type: 3}",-248771874,1fa22c2b5ebef5f8f09692d9ba1e5baa,Assets/Plugins/LeTai.TrueShadow.dll,0,"{x: 1.7881396E-07, y: -3}",90,3,0,6,0,1,0
LevelManager,Assets/GameObject/LevelManager.prefab,LeTai.TrueShadow,1fa22c2b5ebef5f8f09692d9ba1e5baa,-248771874,0,[],1,"{r: 0.4764151, g: 1, b: 0.62022334, a: 1}",2,0,0,1,1,1,{fileID: 0},0,0,1,{fileID: 1830382694678182},1830382694678182,0,{fileID: 0},0,{fileID: 0},0,"{fileID: -248771874, guid: 1fa22c2b5ebef5f8f09692d9ba1e5baa, type: 3}",-248771874,1fa22c2b5ebef5f8f09692d9ba1e5baa,Assets/Plugins/LeTai.TrueShadow.dll,0,"{x: 0, y: -0}",90,0,0,17.85,0,0,0
LevelManager,Assets/GameObject/LevelManager.prefab,LeTai.TrueShadow,1fa22c2b5ebef5f8f09692d9ba1e5baa,-248771874,0,[],0,"{r: 0, g: 0, b: 0, a: 0.6}",2,0,0,0,0,0,{fileID: 0},0,0,0,{fileID: 1769336761109031},1769336761109031,0,{fileID: 0},0,{fileID: 0},0,"{fileID: -248771874, guid: 1fa22c2b5ebef5f8f09692d9ba1e5baa, type: 3}",-248771874,1fa22c2b5ebef5f8f09692d9ba1e5baa,Assets/Plugins/LeTai.TrueShadow.dll,0,"{x: 1.4142134, y: -1.4142137}",45,2,0,8,0,1,0
LevelManager,Assets/GameObject/LevelManager.prefab,LeTai.TrueShadow,1fa22c2b5ebef5f8f09692d9ba1e5baa,-248771874,0,[],0,"{r: 0, g: 0, b: 0, a: 0.72156864}",2,0,0,1,1,0,{fileID: 0},0,0,1,{fileID: 1931267904947720},1931267904947720,0,{fileID: 0},0,{fileID: 0},0,"{fileID: -248771874, guid: 1fa22c2b5ebef5f8f09692d9ba1e5baa, type: 3}",-248771874,1fa22c2b5ebef5f8f09692d9ba1e5baa,Assets/Plugins/LeTai.TrueShadow.dll,0,"{x: 5.9195232, y: -5.38138}",42.273666,8,0,3,0.5,1,0
LevelManager,Assets/GameObject/LevelManager.prefab,LeTai.TrueShadow,1fa22c2b5ebef5f8f09692d9ba1e5baa,-248771874,0,[],0,"{r: 1, g: 1, b: 1, a: 1}",2,0,0,1,0,0,{fileID: 0},0,0,0,{fileID: 1260996842000632},1260996842000632,0,{fileID: 0},0,{fileID: 0},0,"{fileID: -248771874, guid: 1fa22c2b5ebef5f8f09692d9ba1e5baa, type: 3}",-248771874,1fa22c2b5ebef5f8f09692d9ba1e5baa,Assets/Plugins/LeTai.TrueShadow.dll,0,"{x: 0, y: -0}",90,0,0,1,0,1,0
LevelManager,Assets/GameObject/LevelManager.prefab,LeTai.TrueShadow,1fa22c2b5ebef5f8f09692d9ba1e5baa,-248771874,0,[],0,"{r: 1, g: 1, b: 1, a: 0.6}",2,0,0,0,0,0,{fileID: 0},0,0,1,{fileID: 1605649005527134},1605649005527134,0,{fileID: 0},0,{fileID: 0},0,"{fileID: -248771874, guid: 1fa22c2b5ebef5f8f09692d9ba1e5baa, type: 3}",-248771874,1fa22c2b5ebef5f8f09692d9ba1e5baa,Assets/Plugins/LeTai.TrueShadow.dll,0,"{x: 0, y: -0}",90,0,0,2,0,1,0
LevelManager,Assets/GameObject/LevelManager.prefab,LeTai.TrueShadow,1fa22c2b5ebef5f8f09692d9ba1e5baa,-248771874,0,[],0,"{r: 1, g: 1, b: 1, a: 0.6}",2,0,0,0,0,0,{fileID: 0},0,0,1,{fileID: 1524066849638371},1524066849638371,0,{fileID: 0},0,{fileID: 0},0,"{fileID: -248771874, guid: 1fa22c2b5ebef5f8f09692d9ba1e5baa, type: 3}",-248771874,1fa22c2b5ebef5f8f09692d9ba1e5baa,Assets/Plugins/LeTai.TrueShadow.dll,0,"{x: 0, y: -0}",90,0,0,2,0,1,0
LevelManager,Assets/GameObject/LevelManager.prefab,LeTai.TrueShadow,1fa22c2b5ebef5f8f09692d9ba1e5baa,-248771874,0,[],0,"{r: 1, g: 1, b: 1, a: 0.6}",2,0,0,0,0,0,{fileID: 0},0,0,1,{fileID: 1365104755801281},1365104755801281,0,{fileID: 0},0,{fileID: 0},0,"{fileID: -248771874, guid: 1fa22c2b5ebef5f8f09692d9ba1e5baa, type: 3}",-248771874,1fa22c2b5ebef5f8f09692d9ba1e5baa,Assets/Plugins/LeTai.TrueShadow.dll,0,"{x: 0, y: -0}",90,0,0,2,0,1,0
LevelManager,Assets/GameObject/LevelManager.prefab,LeTai.TrueShadow,1fa22c2b5ebef5f8f09692d9ba1e5baa,-248771874,0,[],0,"{r: 0, g: 0, b: 0, a: 0.6}",2,0,0,0,0,0,{fileID: 0},0,0,0,{fileID: 1689572056621464},1689572056621464,0,{fileID: 0},0,{fileID: 0},0,"{fileID: -248771874, guid: 1fa22c2b5ebef5f8f09692d9ba1e5baa, type: 3}",-248771874,1fa22c2b5ebef5f8f09692d9ba1e5baa,Assets/Plugins/LeTai.TrueShadow.dll,0,"{x: 1.7881396E-07, y: -3}",90,3,0,6,0,1,0
LevelManager,Assets/GameObject/LevelManager.prefab,LeTai.TrueShadow,1fa22c2b5ebef5f8f09692d9ba1e5baa,-248771874,0,[],1,"{r: 0.4764151, g: 1, b: 0.62022334, a: 1}",2,0,0,1,1,1,{fileID: 0},0,0,1,{fileID: 1453453011699516},1453453011699516,0,{fileID: 0},0,{fileID: 0},0,"{fileID: -248771874, guid: 1fa22c2b5ebef5f8f09692d9ba1e5baa, type: 3}",-248771874,1fa22c2b5ebef5f8f09692d9ba1e5baa,Assets/Plugins/LeTai.TrueShadow.dll,0,"{x: 0, y: -0}",90,0,0,17.85,0,0,0
LevelManager,Assets/GameObject/LevelManager.prefab,LeTai.TrueShadow,1fa22c2b5ebef5f8f09692d9ba1e5baa,-248771874,0,[],0,"{r: 0, g: 0, b: 0, a: 0.6}",2,0,0,0,0,0,{fileID: 0},0,0,0,{fileID: 1060677505068222},1060677505068222,0,{fileID: 0},0,{fileID: 0},0,"{fileID: -248771874, guid: 1fa22c2b5ebef5f8f09692d9ba1e5baa, type: 3}",-248771874,1fa22c2b5ebef5f8f09692d9ba1e5baa,Assets/Plugins/LeTai.TrueShadow.dll,0,"{x: 1.4142134, y: -1.4142137}",45,2,0,8,0,1,0
LevelManager,Assets/GameObject/LevelManager.prefab,LeTai.TrueShadow,1fa22c2b5ebef5f8f09692d9ba1e5baa,-248771874,0,[],0,"{r: 0, g: 0, b: 0, a: 0.72156864}",2,0,0,1,1,0,{fileID: 0},0,0,1,{fileID: 1294834816256998},1294834816256998,0,{fileID: 0},0,{fileID: 0},0,"{fileID: -248771874, guid: 1fa22c2b5ebef5f8f09692d9ba1e5baa, type: 3}",-248771874,1fa22c2b5ebef5f8f09692d9ba1e5baa,Assets/Plugins/LeTai.TrueShadow.dll,0,"{x: 5.9195232, y: -5.38138}",42.273666,8,0,3,0.5,1,0
LevelManager,Assets/GameObject/LevelManager.prefab,LeTai.TrueShadow,1fa22c2b5ebef5f8f09692d9ba1e5baa,-248771874,0,[],0,"{r: 1, g: 1, b: 1, a: 1}",2,0,0,1,0,0,{fileID: 0},0,0,0,{fileID: 1759083204400109},1759083204400109,0,{fileID: 0},0,{fileID: 0},0,"{fileID: -248771874, guid: 1fa22c2b5ebef5f8f09692d9ba1e5baa, type: 3}",-248771874,1fa22c2b5ebef5f8f09692d9ba1e5baa,Assets/Plugins/LeTai.TrueShadow.dll,0,"{x: 0, y: -0}",90,0,0,1,0,1,0
LevelManager,Assets/GameObject/LevelManager.prefab,LeTai.TrueShadow,1fa22c2b5ebef5f8f09692d9ba1e5baa,-248771874,0,[],0,"{r: 1, g: 1, b: 1, a: 0.6}",2,0,0,0,0,0,{fileID: 0},0,0,1,{fileID: 1005392442881927},1005392442881927,0,{fileID: 0},0,{fileID: 0},0,"{fileID: -248771874, guid: 1fa22c2b5ebef5f8f09692d9ba1e5baa, type: 3}",-248771874,1fa22c2b5ebef5f8f09692d9ba1e5baa,Assets/Plugins/LeTai.TrueShadow.dll,0,"{x: 0, y: -0}",90,0,0,2,0,1,0
LevelManager,Assets/GameObject/LevelManager.prefab,LeTai.TrueShadow,1fa22c2b5ebef5f8f09692d9ba1e5baa,-248771874,0,[],0,"{r: 1, g: 1, b: 1, a: 0.6}",2,0,0,0,0,0,{fileID: 0},0,0,1,{fileID: 1153831205701640},1153831205701640,0,{fileID: 0},0,{fileID: 0},0,"{fileID: -248771874, guid: 1fa22c2b5ebef5f8f09692d9ba1e5baa, type: 3}",-248771874,1fa22c2b5ebef5f8f09692d9ba1e5baa,Assets/Plugins/LeTai.TrueShadow.dll,0,"{x: 0, y: -0}",90,0,0,2,0,1,0
LevelManager,Assets/GameObject/LevelManager.prefab,LeTai.TrueShadow,1fa22c2b5ebef5f8f09692d9ba1e5baa,-248771874,0,[],0,"{r: 1, g: 1, b: 1, a: 0.6}",2,0,0,0,0,0,{fileID: 0},0,0,1,{fileID: 1296952195419591},1296952195419591,0,{fileID: 0},0,{fileID: 0},0,"{fileID: -248771874, guid: 1fa22c2b5ebef5f8f09692d9ba1e5baa, type: 3}",-248771874,1fa22c2b5ebef5f8f09692d9ba1e5baa,Assets/Plugins/LeTai.TrueShadow.dll,0,"{x: 0, y: -0}",90,0,0,2,0,1,0
LevelManager,Assets/GameObject/LevelManager.prefab,LeTai.TrueShadow,1fa22c2b5ebef5f8f09692d9ba1e5baa,-248771874,0,[],0,"{r: 0, g: 0, b: 0, a: 0.6}",2,0,0,0,0,0,{fileID: 0},0,0,0,{fileID: 1125091443165414},1125091443165414,0,{fileID: 0},0,{fileID: 0},0,"{fileID: -248771874, guid: 1fa22c2b5ebef5f8f09692d9ba1e5baa, type: 3}",-248771874,1fa22c2b5ebef5f8f09692d9ba1e5baa,Assets/Plugins/LeTai.TrueShadow.dll,0,"{x: 1.7881396E-07, y: -3}",90,3,0,6,0,1,0
LevelManager,Assets/GameObject/LevelManager.prefab,LeTai.TrueShadow,1fa22c2b5ebef5f8f09692d9ba1e5baa,-248771874,0,[],1,"{r: 0.4764151, g: 1, b: 0.62022334, a: 1}",2,0,0,1,1,1,{fileID: 0},0,0,1,{fileID: 1032477223535130},1032477223535130,0,{fileID: 0},0,{fileID: 0},0,"{fileID: -248771874, guid: 1fa22c2b5ebef5f8f09692d9ba1e5baa, type: 3}",-248771874,1fa22c2b5ebef5f8f09692d9ba1e5baa,Assets/Plugins/LeTai.TrueShadow.dll,0,"{x: 0, y: -0}",90,0,0,17.85,0,0,0
LevelManager,Assets/GameObject/LevelManager.prefab,LeTai.TrueShadow,1fa22c2b5ebef5f8f09692d9ba1e5baa,-248771874,0,[],0,"{r: 0, g: 0, b: 0, a: 0.6}",2,0,0,0,0,0,{fileID: 0},0,0,0,{fileID: 1886152872029863},1886152872029863,0,{fileID: 0},0,{fileID: 0},0,"{fileID: -248771874, guid: 1fa22c2b5ebef5f8f09692d9ba1e5baa, type: 3}",-248771874,1fa22c2b5ebef5f8f09692d9ba1e5baa,Assets/Plugins/LeTai.TrueShadow.dll,0,"{x: 1.4142134, y: -1.4142137}",45,2,0,8,0,1,0
LevelManager,Assets/GameObject/LevelManager.prefab,LeTai.TrueShadow,1fa22c2b5ebef5f8f09692d9ba1e5baa,-248771874,0,[],0,"{r: 0, g: 0, b: 0, a: 0.72156864}",2,0,0,1,1,0,{fileID: 0},0,0,1,{fileID: 1866963451007376},1866963451007376,0,{fileID: 0},0,{fileID: 0},0,"{fileID: -248771874, guid: 1fa22c2b5ebef5f8f09692d9ba1e5baa, type: 3}",-248771874,1fa22c2b5ebef5f8f09692d9ba1e5baa,Assets/Plugins/LeTai.TrueShadow.dll,0,"{x: 5.9195232, y: -5.38138}",42.273666,8,0,3,0.5,1,0
LevelManager,Assets/GameObject/LevelManager.prefab,LeTai.TrueShadow,1fa22c2b5ebef5f8f09692d9ba1e5baa,-248771874,0,[],0,"{r: 1, g: 1, b: 1, a: 1}",2,0,0,1,0,0,{fileID: 0},0,0,0,{fileID: 1845559547527925},1845559547527925,0,{fileID: 0},0,{fileID: 0},0,"{fileID: -248771874, guid: 1fa22c2b5ebef5f8f09692d9ba1e5baa, type: 3}",-248771874,1fa22c2b5ebef5f8f09692d9ba1e5baa,Assets/Plugins/LeTai.TrueShadow.dll,0,"{x: 0, y: -0}",90,0,0,1,0,1,0
LevelManager,Assets/GameObject/LevelManager.prefab,LeTai.TrueShadow,1fa22c2b5ebef5f8f09692d9ba1e5baa,-248771874,0,[],0,"{r: 1, g: 1, b: 1, a: 0.6}",2,0,0,0,0,0,{fileID: 0},0,0,1,{fileID: 1251690630799767},1251690630799767,0,{fileID: 0},0,{fileID: 0},0,"{fileID: -248771874, guid: 1fa22c2b5ebef5f8f09692d9ba1e5baa, type: 3}",-248771874,1fa22c2b5ebef5f8f09692d9ba1e5baa,Assets/Plugins/LeTai.TrueShadow.dll,0,"{x: 0, y: -0}",90,0,0,2,0,1,0
LevelManager,Assets/GameObject/LevelManager.prefab,LeTai.TrueShadow,1fa22c2b5ebef5f8f09692d9ba1e5baa,-248771874,0,[],0,"{r: 1, g: 1, b: 1, a: 0.6}",2,0,0,0,0,0,{fileID: 0},0,0,1,{fileID: 1587072542300367},1587072542300367,0,{fileID: 0},0,{fileID: 0},0,"{fileID: -248771874, guid: 1fa22c2b5ebef5f8f09692d9ba1e5baa, type: 3}",-248771874,1fa22c2b5ebef5f8f09692d9ba1e5baa,Assets/Plugins/LeTai.TrueShadow.dll,0,"{x: 0, y: -0}",90,0,0,2,0,1,0
LevelManager,Assets/GameObject/LevelManager.prefab,LeTai.TrueShadow,1fa22c2b5ebef5f8f09692d9ba1e5baa,-248771874,0,[],0,"{r: 1, g: 1, b: 1, a: 0.6}",2,0,0,0,0,0,{fileID: 0},0,0,1,{fileID: 1097509568399718},1097509568399718,0,{fileID: 0},0,{fileID: 0},0,"{fileID: -248771874, guid: 1fa22c2b5ebef5f8f09692d9ba1e5baa, type: 3}",-248771874,1fa22c2b5ebef5f8f09692d9ba1e5baa,Assets/Plugins/LeTai.TrueShadow.dll,0,"{x: 0, y: -0}",90,0,0,2,0,1,0
LevelManager,Assets/GameObject/LevelManager.prefab,LeTai.TrueShadow,1fa22c2b5ebef5f8f09692d9ba1e5baa,-248771874,0,[],0,"{r: 0, g: 0, b: 0, a: 0.6}",2,0,0,0,0,0,{fileID: 0},0,0,0,{fileID: 1236330175072140},1236330175072140,0,{fileID: 0},0,{fileID: 0},0,"{fileID: -248771874, guid: 1fa22c2b5ebef5f8f09692d9ba1e5baa, type: 3}",-248771874,1fa22c2b5ebef5f8f09692d9ba1e5baa,Assets/Plugins/LeTai.TrueShadow.dll,0,"{x: 1.7881396E-07, y: -3}",90,3,0,6,0,1,0
LevelManager,Assets/GameObject/LevelManager.prefab,LeTai.TrueShadow,1fa22c2b5ebef5f8f09692d9ba1e5baa,-248771874,0,[],0,"{r: 1, g: 1, b: 1, a: 1}",2,0,0,0,0,0,{fileID: 0},0,0,0,{fileID: 1387098020473064},1387098020473064,0,{fileID: 0},0,{fileID: 0},0,"{fileID: -248771874, guid: 1fa22c2b5ebef5f8f09692d9ba1e5baa, type: 3}",-248771874,1fa22c2b5ebef5f8f09692d9ba1e5baa,Assets/Plugins/LeTai.TrueShadow.dll,0,"{x: 1.192093E-07, y: -2}",90,2,0,3.4,0.197,1,0
LevelManager,Assets/GameObject/LevelManager.prefab,LeTai.TrueShadow,1fa22c2b5ebef5f8f09692d9ba1e5baa,-248771874,0,[],0,"{r: 1, g: 1, b: 1, a: 1}",2,0,0,0,0,0,{fileID: 0},0,0,0,{fileID: 1404204002631844},1404204002631844,0,{fileID: 0},0,{fileID: 0},0,"{fileID: -248771874, guid: 1fa22c2b5ebef5f8f09692d9ba1e5baa, type: 3}",-248771874,1fa22c2b5ebef5f8f09692d9ba1e5baa,Assets/Plugins/LeTai.TrueShadow.dll,0,"{x: 1.192093E-07, y: 2}",270,2,0,3.4,0.197,1,0
LevelManager,Assets/GameObject/LevelManager.prefab,LeTai.TrueShadow,1fa22c2b5ebef5f8f09692d9ba1e5baa,-248771874,0,[],0,"{r: 0, g: 0, b: 0, a: 0.5686275}",2,0,0,0,0,1,{fileID: 0},0,0,1,{fileID: 1647631488635873},1647631488635873,0,{fileID: 0},0,{fileID: 0},0,"{fileID: -248771874, guid: 1fa22c2b5ebef5f8f09692d9ba1e5baa, type: 3}",-248771874,1fa22c2b5ebef5f8f09692d9ba1e5baa,Assets/Plugins/LeTai.TrueShadow.dll,0,"{x: 0.27349573, y: -1.4951923}",79.63423,1.52,0,2,0,0,0
LevelManager,Assets/GameObject/LevelManager.prefab,LeTai.TrueShadow,1fa22c2b5ebef5f8f09692d9ba1e5baa,-248771874,0,[],0,"{r: 0, g: 0, b: 0, a: 1}",2,0,0,0,0,0,{fileID: 0},0,0,1,{fileID: 1247790221043583},1247790221043583,0,{fileID: 0},0,{fileID: 0},0,"{fileID: -248771874, guid: 1fa22c2b5ebef5f8f09692d9ba1e5baa, type: 3}",-248771874,1fa22c2b5ebef5f8f09692d9ba1e5baa,Assets/Plugins/LeTai.TrueShadow.dll,0,"{x: 0, y: -0}",90,0,0,5,0,1,0
LevelManager,Assets/GameObject/LevelManager.prefab,LeTai.TrueShadow,1fa22c2b5ebef5f8f09692d9ba1e5baa,-248771874,0,[],0,"{r: 1, g: 0.4198113, b: 0.4198113, a: 0.49803922}",2,0,0,1,0,0,{fileID: 0},0,0,0,{fileID: 1185822711697477},1185822711697477,0,{fileID: 0},0,{fileID: 0},0,"{fileID: -248771874, guid: 1fa22c2b5ebef5f8f09692d9ba1e5baa, type: 3}",-248771874,1fa22c2b5ebef5f8f09692d9ba1e5baa,Assets/Plugins/LeTai.TrueShadow.dll,0,"{x: 0, y: -0}",45,0,0,10,0,1,0
LevelManager,Assets/GameObject/LevelManager.prefab,LeTai.TrueShadow,1fa22c2b5ebef5f8f09692d9ba1e5baa,-248771874,0,[],0,"{r: 1, g: 1, b: 1, a: 0.25490198}",2,0,0,0,0,0,{fileID: 0},0,0,0,{fileID: 1158502408063194},1158502408063194,0,{fileID: 0},0,{fileID: 0},0,"{fileID: -248771874, guid: 1fa22c2b5ebef5f8f09692d9ba1e5baa, type: 3}",-248771874,1fa22c2b5ebef5f8f09692d9ba1e5baa,Assets/Plugins/LeTai.TrueShadow.dll,0,"{x: 2.8354979, y: -2.835499}",45,4.01,0,3,0,1,0
LevelManager,Assets/GameObject/LevelManager.prefab,LeTai.TrueShadow,1fa22c2b5ebef5f8f09692d9ba1e5baa,-248771874,0,[],0,"{r: 0, g: 0, b: 0, a: 0.8156863}",2,0,0,0,0,0,{fileID: 0},0,0,1,{fileID: 1694509475151084},1694509475151084,0,{fileID: 0},0,{fileID: 0},0,"{fileID: -248771874, guid: 1fa22c2b5ebef5f8f09692d9ba1e5baa, type: 3}",-248771874,1fa22c2b5ebef5f8f09692d9ba1e5baa,Assets/Plugins/LeTai.TrueShadow.dll,0,"{x: 2.1213202, y: -2.1213205}",45,3,0,5,0,1,0
LevelManager,Assets/GameObject/LevelManager.prefab,LeTai.TrueShadow,1fa22c2b5ebef5f8f09692d9ba1e5baa,-248771874,0,[],0,"{r: 0, g: 0, b: 0, a: 0.6}",2,0,0,0,0,0,{fileID: 0},0,0,0,{fileID: 1762341877729096},1762341877729096,0,{fileID: 0},0,{fileID: 0},0,"{fileID: -248771874, guid: 1fa22c2b5ebef5f8f09692d9ba1e5baa, type: 3}",-248771874,1fa22c2b5ebef5f8f09692d9ba1e5baa,Assets/Plugins/LeTai.TrueShadow.dll,0,"{x: 5.6568537, y: -5.6568546}",45,8,0,8,0,1,0
LevelManager,Assets/GameObject/LevelManager.prefab,LeTai.TrueShadow,1fa22c2b5ebef5f8f09692d9ba1e5baa,-248771874,0,[],1,"{r: 0.22745097, g: 0.7221681, b: 1, a: 1}",2,0,0,0,0,0,{fileID: 0},0,0,1,{fileID: 1588542485705858},1588542485705858,0,{fileID: 0},0,{fileID: 0},0,"{fileID: -248771874, guid: 1fa22c2b5ebef5f8f09692d9ba1e5baa, type: 3}",-248771874,1fa22c2b5ebef5f8f09692d9ba1e5baa,Assets/Plugins/LeTai.TrueShadow.dll,0,"{x: 0, y: -0}",90,0,0,16,0,0,0
LevelManager,Assets/GameObject/LevelManager.prefab,LeTai.TrueShadow,1fa22c2b5ebef5f8f09692d9ba1e5baa,-248771874,0,[],1,"{r: 0.22745097, g: 0.7221681, b: 1, a: 1}",2,0,0,0,0,0,{fileID: 0},0,0,1,{fileID: 1261939793010976},1261939793010976,0,{fileID: 0},0,{fileID: 0},0,"{fileID: -248771874, guid: 1fa22c2b5ebef5f8f09692d9ba1e5baa, type: 3}",-248771874,1fa22c2b5ebef5f8f09692d9ba1e5baa,Assets/Plugins/LeTai.TrueShadow.dll,0,"{x: 0, y: -0}",90,0,0,16,0,0,0
LevelManager,Assets/GameObject/LevelManager.prefab,LeTai.TrueShadow,1fa22c2b5ebef5f8f09692d9ba1e5baa,-248771874,0,[],1,"{r: 0, g: 0, b: 0, a: 1}",2,0,0,0,0,0,{fileID: 0},0,0,1,{fileID: 1828616158345417},1828616158345417,0,{fileID: 0},0,{fileID: 0},0,"{fileID: -248771874, guid: 1fa22c2b5ebef5f8f09692d9ba1e5baa, type: 3}",-248771874,1fa22c2b5ebef5f8f09692d9ba1e5baa,Assets/Plugins/LeTai.TrueShadow.dll,0,"{x: 0, y: -0}",90,0,0,16,0,0,0
LevelManager,Assets/GameObject/LevelManager.prefab,LeTai.TrueShadow,1fa22c2b5ebef5f8f09692d9ba1e5baa,-248771874,0,[],0,"{r: 1, g: 0.6781641, b: 0.36320752, a: 0.8666667}",2,0,0,0,0,0,{fileID: 0},0,0,1,{fileID: 1571832116308603},1571832116308603,0,{fileID: 0},0,{fileID: 0},0,"{fileID: -248771874, guid: 1fa22c2b5ebef5f8f09692d9ba1e5baa, type: 3}",-248771874,1fa22c2b5ebef5f8f09692d9ba1e5baa,Assets/Plugins/LeTai.TrueShadow.dll,0,"{x: 0, y: -0}",90,0,0,9.93,0,1,0
LevelManager,Assets/GameObject/LevelManager.prefab,LeTai.TrueShadow,1fa22c2b5ebef5f8f09692d9ba1e5baa,-248771874,0,[],0,"{r: 1, g: 1, b: 1, a: 1}",2,0,0,0,0,0,{fileID: 0},0,0,0,{fileID: 1063378811413834},1063378811413834,0,{fileID: 0},0,{fileID: 0},0,"{fileID: -248771874, guid: 1fa22c2b5ebef5f8f09692d9ba1e5baa, type: 3}",-248771874,1fa22c2b5ebef5f8f09692d9ba1e5baa,Assets/Plugins/LeTai.TrueShadow.dll,0,"{x: 1.192093E-07, y: -2}",90,2,0,3.4,0.197,1,0
LevelManager,Assets/GameObject/LevelManager.prefab,LeTai.TrueShadow,1fa22c2b5ebef5f8f09692d9ba1e5baa,-248771874,0,[],0,"{r: 1, g: 1, b: 1, a: 1}",2,0,0,0,0,0,{fileID: 0},0,0,0,{fileID: 1437078244736552},1437078244736552,0,{fileID: 0},0,{fileID: 0},0,"{fileID: -248771874, guid: 1fa22c2b5ebef5f8f09692d9ba1e5baa, type: 3}",-248771874,1fa22c2b5ebef5f8f09692d9ba1e5baa,Assets/Plugins/LeTai.TrueShadow.dll,0,"{x: 1.192093E-07, y: 2}",270,2,0,3.4,0.197,1,0
LevelManager,Assets/GameObject/LevelManager.prefab,LeTai.TrueShadow,1fa22c2b5ebef5f8f09692d9ba1e5baa,-248771874,0,[],0,"{r: 0, g: 0, b: 0, a: 0.5686275}",2,0,0,0,0,1,{fileID: 0},0,0,1,{fileID: 1854409185072496},1854409185072496,0,{fileID: 0},0,{fileID: 0},0,"{fileID: -248771874, guid: 1fa22c2b5ebef5f8f09692d9ba1e5baa, type: 3}",-248771874,1fa22c2b5ebef5f8f09692d9ba1e5baa,Assets/Plugins/LeTai.TrueShadow.dll,0,"{x: 0.27349573, y: -1.4951923}",79.63423,1.52,0,2,0,0,0
LevelManager,Assets/GameObject/LevelManager.prefab,LeTai.TrueShadow,1fa22c2b5ebef5f8f09692d9ba1e5baa,-248771874,0,[],0,"{r: 0, g: 0, b: 0, a: 1}",2,0,0,0,0,0,{fileID: 0},0,0,1,{fileID: 1154553579412742},1154553579412742,0,{fileID: 0},0,{fileID: 0},0,"{fileID: -248771874, guid: 1fa22c2b5ebef5f8f09692d9ba1e5baa, type: 3}",-248771874,1fa22c2b5ebef5f8f09692d9ba1e5baa,Assets/Plugins/LeTai.TrueShadow.dll,0,"{x: 0, y: -0}",90,0,0,5,0,1,0
LevelManager,Assets/GameObject/LevelManager.prefab,LeTai.TrueShadow,1fa22c2b5ebef5f8f09692d9ba1e5baa,-248771874,0,[],0,"{r: 0, g: 0, b: 0, a: 0.6}",2,0,0,0,0,0,{fileID: 0},0,0,0,{fileID: 1056988043379975},1056988043379975,0,{fileID: 0},0,{fileID: 0},0,"{fileID: -248771874, guid: 1fa22c2b5ebef5f8f09692d9ba1e5baa, type: 3}",-248771874,1fa22c2b5ebef5f8f09692d9ba1e5baa,Assets/Plugins/LeTai.TrueShadow.dll,0,"{x: 7.1525585E-07, y: -12}",90,12,0,32,0,1,0
LevelManager,Assets/GameObject/LevelManager.prefab,LeTai.TrueShadow,1fa22c2b5ebef5f8f09692d9ba1e5baa,-248771874,0,[],0,"{r: 0, g: 0, b: 0, a: 1}",2,0,0,0,0,0,{fileID: 0},0,0,0,{fileID: 1228377545848829},1228377545848829,0,{fileID: 0},0,{fileID: 0},0,"{fileID: -248771874, guid: 1fa22c2b5ebef5f8f09692d9ba1e5baa, type: 3}",-248771874,1fa22c2b5ebef5f8f09692d9ba1e5baa,Assets/Plugins/LeTai.TrueShadow.dll,0,"{x: 4.101219, y: -4.1012197}",45,5.8,0,8.8,0.142,1,0
LevelManager,Assets/GameObject/LevelManager.prefab,LeTai.TrueShadow,1fa22c2b5ebef5f8f09692d9ba1e5baa,-248771874,0,[],0,"{r: 0, g: 0, b: 0, a: 0.6}",2,0,0,0,0,0,{fileID: 0},0,0,0,{fileID: 1584039538214427},1584039538214427,0,{fileID: 0},0,{fileID: 0},0,"{fileID: -248771874, guid: 1fa22c2b5ebef5f8f09692d9ba1e5baa, type: 3}",-248771874,1fa22c2b5ebef5f8f09692d9ba1e5baa,Assets/Plugins/LeTai.TrueShadow.dll,0,"{x: 7.1525585E-07, y: -12}",90,12,0,32,0,1,0
LevelManager,Assets/GameObject/LevelManager.prefab,LeTai.TrueShadow,1fa22c2b5ebef5f8f09692d9ba1e5baa,-248771874,0,[],0,"{r: 0, g: 0, b: 0, a: 0.6}",2,0,0,0,0,0,{fileID: 0},0,0,0,{fileID: 1126972008784131},1126972008784131,0,{fileID: 0},0,{fileID: 0},0,"{fileID: -248771874, guid: 1fa22c2b5ebef5f8f09692d9ba1e5baa, type: 3}",-248771874,1fa22c2b5ebef5f8f09692d9ba1e5baa,Assets/Plugins/LeTai.TrueShadow.dll,0,"{x: 5.6568537, y: -5.6568546}",45,8,0,8,0,1,0
LevelManager,Assets/GameObject/LevelManager.prefab,LeTai.TrueShadow,1fa22c2b5ebef5f8f09692d9ba1e5baa,-248771874,0,[],0,"{r: 0.4764151, g: 1, b: 0.62022334, a: 1}",2,0,0,0,0,1,{fileID: 0},0,0,0,{fileID: 1758307133082865},1758307133082865,0,{fileID: 0},0,{fileID: 0},0,"{fileID: -248771874, guid: 1fa22c2b5ebef5f8f09692d9ba1e5baa, type: 3}",-248771874,1fa22c2b5ebef5f8f09692d9ba1e5baa,Assets/Plugins/LeTai.TrueShadow.dll,0,"{x: 0, y: -0}",90,0,0,16,0,0,0
LevelManager,Assets/GameObject/LevelManager.prefab,LeTai.TrueShadow,1fa22c2b5ebef5f8f09692d9ba1e5baa,-248771874,0,[],0,"{r: 0, g: 0, b: 0, a: 0.6}",2,0,0,0,0,0,{fileID: 0},0,0,0,{fileID: 1116657424360824},1116657424360824,0,{fileID: 0},0,{fileID: 0},0,"{fileID: -248771874, guid: 1fa22c2b5ebef5f8f09692d9ba1e5baa, type: 3}",-248771874,1fa22c2b5ebef5f8f09692d9ba1e5baa,Assets/Plugins/LeTai.TrueShadow.dll,0,"{x: 1.4142134, y: -1.4142137}",45,2,0,8,0,1,0
LevelManager,Assets/GameObject/LevelManager.prefab,LeTai.TrueShadow,1fa22c2b5ebef5f8f09692d9ba1e5baa,-248771874,0,[],0,"{r: 0, g: 0, b: 0, a: 0.72156864}",2,0,0,1,1,0,{fileID: 0},0,0,0,{fileID: 1626204937896955},1626204937896955,0,{fileID: 0},0,{fileID: 0},0,"{fileID: -248771874, guid: 1fa22c2b5ebef5f8f09692d9ba1e5baa, type: 3}",-248771874,1fa22c2b5ebef5f8f09692d9ba1e5baa,Assets/Plugins/LeTai.TrueShadow.dll,0,"{x: 5.9195232, y: -5.38138}",42.273666,8,0,3,0.5,1,0
LevelManager,Assets/GameObject/LevelManager.prefab,LeTai.TrueShadow,1fa22c2b5ebef5f8f09692d9ba1e5baa,-248771874,0,[],0,"{r: 1, g: 1, b: 1, a: 1}",2,0,0,1,0,0,{fileID: 0},0,0,0,{fileID: 1824563607768072},1824563607768072,0,{fileID: 0},0,{fileID: 0},0,"{fileID: -248771874, guid: 1fa22c2b5ebef5f8f09692d9ba1e5baa, type: 3}",-248771874,1fa22c2b5ebef5f8f09692d9ba1e5baa,Assets/Plugins/LeTai.TrueShadow.dll,0,"{x: 0, y: -0}",90,0,0,1,0,1,0
LevelManager,Assets/GameObject/LevelManager.prefab,LeTai.TrueShadow,1fa22c2b5ebef5f8f09692d9ba1e5baa,-248771874,0,[],0,"{r: 1, g: 1, b: 1, a: 0.6}",2,0,0,0,0,0,{fileID: 0},0,0,1,{fileID: 1184720916266934},1184720916266934,0,{fileID: 0},0,{fileID: 0},0,"{fileID: -248771874, guid: 1fa22c2b5ebef5f8f09692d9ba1e5baa, type: 3}",-248771874,1fa22c2b5ebef5f8f09692d9ba1e5baa,Assets/Plugins/LeTai.TrueShadow.dll,0,"{x: 0, y: -0}",90,0,0,2,0,1,0
LevelManager,Assets/GameObject/LevelManager.prefab,LeTai.TrueShadow,1fa22c2b5ebef5f8f09692d9ba1e5baa,-248771874,0,[],0,"{r: 1, g: 1, b: 1, a: 0.6}",2,0,0,0,0,0,{fileID: 0},0,0,1,{fileID: 1762234030885312},1762234030885312,0,{fileID: 0},0,{fileID: 0},0,"{fileID: -248771874, guid: 1fa22c2b5ebef5f8f09692d9ba1e5baa, type: 3}",-248771874,1fa22c2b5ebef5f8f09692d9ba1e5baa,Assets/Plugins/LeTai.TrueShadow.dll,0,"{x: 0, y: -0}",90,0,0,2,0,1,0
LevelManager,Assets/GameObject/LevelManager.prefab,LeTai.TrueShadow,1fa22c2b5ebef5f8f09692d9ba1e5baa,-248771874,0,[],0,"{r: 1, g: 1, b: 1, a: 0.6}",2,0,0,0,0,0,{fileID: 0},0,0,1,{fileID: 1295323418809109},1295323418809109,0,{fileID: 0},0,{fileID: 0},0,"{fileID: -248771874, guid: 1fa22c2b5ebef5f8f09692d9ba1e5baa, type: 3}",-248771874,1fa22c2b5ebef5f8f09692d9ba1e5baa,Assets/Plugins/LeTai.TrueShadow.dll,0,"{x: 0, y: -0}",90,0,0,2,0,1,0
LevelManager,Assets/GameObject/LevelManager.prefab,LeTai.TrueShadow,1fa22c2b5ebef5f8f09692d9ba1e5baa,-248771874,0,[],0,"{r: 0, g: 0, b: 0, a: 0.6}",2,0,0,0,0,0,{fileID: 0},0,0,0,{fileID: 1356430872446398},1356430872446398,0,{fileID: 0},0,{fileID: 0},0,"{fileID: -248771874, guid: 1fa22c2b5ebef5f8f09692d9ba1e5baa, type: 3}",-248771874,1fa22c2b5ebef5f8f09692d9ba1e5baa,Assets/Plugins/LeTai.TrueShadow.dll,0,"{x: 1.7881396E-07, y: -3}",90,3,0,6,0,1,0
LevelManager,Assets/GameObject/LevelManager.prefab,LeTai.TrueShadow,1fa22c2b5ebef5f8f09692d9ba1e5baa,-248771874,0,[],0,"{r: 0, g: 0, b: 0, a: 0.6}",2,0,0,0,0,0,{fileID: 0},0,0,0,{fileID: 1726004006624725},1726004006624725,0,{fileID: 0},0,{fileID: 0},0,"{fileID: -248771874, guid: 1fa22c2b5ebef5f8f09692d9ba1e5baa, type: 3}",-248771874,1fa22c2b5ebef5f8f09692d9ba1e5baa,Assets/Plugins/LeTai.TrueShadow.dll,0,"{x: 7.1525585E-07, y: -12}",90,12,0,32,0,1,0
LevelManager,Assets/GameObject/LevelManager.prefab,LeTai.TrueShadow,1fa22c2b5ebef5f8f09692d9ba1e5baa,-248771874,0,[],0,"{r: 1, g: 0.4198113, b: 0.4198113, a: 0.49803922}",2,0,0,1,0,0,{fileID: 0},0,0,1,{fileID: 1161433028061828},1161433028061828,0,{fileID: 0},0,{fileID: 0},0,"{fileID: -248771874, guid: 1fa22c2b5ebef5f8f09692d9ba1e5baa, type: 3}",-248771874,1fa22c2b5ebef5f8f09692d9ba1e5baa,Assets/Plugins/LeTai.TrueShadow.dll,0,"{x: 0, y: -0}",45,0,0,10,0,1,0
LevelManager,Assets/GameObject/LevelManager.prefab,LeTai.TrueShadow,1fa22c2b5ebef5f8f09692d9ba1e5baa,-248771874,0,[],0,"{r: 1, g: 1, b: 1, a: 0.25490198}",2,0,0,0,0,0,{fileID: 0},0,0,1,{fileID: 1249863187987199},1249863187987199,0,{fileID: 0},0,{fileID: 0},0,"{fileID: -248771874, guid: 1fa22c2b5ebef5f8f09692d9ba1e5baa, type: 3}",-248771874,1fa22c2b5ebef5f8f09692d9ba1e5baa,Assets/Plugins/LeTai.TrueShadow.dll,0,"{x: 2.8354979, y: -2.835499}",45,4.01,0,3,0,1,0
LevelManager,Assets/GameObject/LevelManager.prefab,LeTai.TrueShadow,1fa22c2b5ebef5f8f09692d9ba1e5baa,-248771874,0,[],0,"{r: 0, g: 0, b: 0, a: 0.6}",2,0,0,0,0,0,{fileID: 0},0,0,0,{fileID: 1491777363805345},1491777363805345,0,{fileID: 0},0,{fileID: 0},0,"{fileID: -248771874, guid: 1fa22c2b5ebef5f8f09692d9ba1e5baa, type: 3}",-248771874,1fa22c2b5ebef5f8f09692d9ba1e5baa,Assets/Plugins/LeTai.TrueShadow.dll,0,"{x: 5.6568537, y: -5.6568546}",45,8,0,8,0,1,0
LevelManager,Assets/GameObject/LevelManager.prefab,LeTai.TrueShadow,1fa22c2b5ebef5f8f09692d9ba1e5baa,-248771874,0,[],0,"{r: 1, g: 1, b: 1, a: 1}",2,0,0,0,0,0,{fileID: 0},0,0,0,{fileID: 1911366526916318},1911366526916318,0,{fileID: 0},0,{fileID: 0},0,"{fileID: -248771874, guid: 1fa22c2b5ebef5f8f09692d9ba1e5baa, type: 3}",-248771874,1fa22c2b5ebef5f8f09692d9ba1e5baa,Assets/Plugins/LeTai.TrueShadow.dll,0,"{x: 1.192093E-07, y: -2}",90,2,0,3.4,0.197,1,0
LevelManager,Assets/GameObject/LevelManager.prefab,LeTai.TrueShadow,1fa22c2b5ebef5f8f09692d9ba1e5baa,-248771874,0,[],0,"{r: 1, g: 1, b: 1, a: 1}",2,0,0,0,0,0,{fileID: 0},0,0,0,{fileID: 1648702419577867},1648702419577867,0,{fileID: 0},0,{fileID: 0},0,"{fileID: -248771874, guid: 1fa22c2b5ebef5f8f09692d9ba1e5baa, type: 3}",-248771874,1fa22c2b5ebef5f8f09692d9ba1e5baa,Assets/Plugins/LeTai.TrueShadow.dll,0,"{x: 1.192093E-07, y: 2}",270,2,0,3.4,0.197,1,0
LevelManager,Assets/GameObject/LevelManager.prefab,LeTai.TrueShadow,1fa22c2b5ebef5f8f09692d9ba1e5baa,-248771874,0,[],0,"{r: 0, g: 0, b: 0, a: 0.5686275}",2,0,0,0,0,1,{fileID: 0},0,0,1,{fileID: 1973221035814362},1973221035814362,0,{fileID: 0},0,{fileID: 0},0,"{fileID: -248771874, guid: 1fa22c2b5ebef5f8f09692d9ba1e5baa, type: 3}",-248771874,1fa22c2b5ebef5f8f09692d9ba1e5baa,Assets/Plugins/LeTai.TrueShadow.dll,0,"{x: 0.27349573, y: -1.4951923}",79.63423,1.52,0,2,0,0,0
LevelManager,Assets/GameObject/LevelManager.prefab,LeTai.TrueShadow,1fa22c2b5ebef5f8f09692d9ba1e5baa,-248771874,0,[],0,"{r: 0, g: 0, b: 0, a: 1}",2,0,0,0,0,0,{fileID: 0},0,0,1,{fileID: 1511482854155104},1511482854155104,0,{fileID: 0},0,{fileID: 0},0,"{fileID: -248771874, guid: 1fa22c2b5ebef5f8f09692d9ba1e5baa, type: 3}",-248771874,1fa22c2b5ebef5f8f09692d9ba1e5baa,Assets/Plugins/LeTai.TrueShadow.dll,0,"{x: 0, y: -0}",90,0,0,5,0,1,0
LevelManager,Assets/GameObject/LevelManager.prefab,LeTai.TrueShadow,1fa22c2b5ebef5f8f09692d9ba1e5baa,-248771874,0,[],0,"{r: 1, g: 0.4198113, b: 0.4198113, a: 0.49803922}",2,0,0,1,0,0,{fileID: 0},0,0,0,{fileID: 1482228113220976},1482228113220976,0,{fileID: 0},0,{fileID: 0},0,"{fileID: -248771874, guid: 1fa22c2b5ebef5f8f09692d9ba1e5baa, type: 3}",-248771874,1fa22c2b5ebef5f8f09692d9ba1e5baa,Assets/Plugins/LeTai.TrueShadow.dll,0,"{x: 0, y: -0}",45,0,0,10,0,1,0
LevelManager,Assets/GameObject/LevelManager.prefab,LeTai.TrueShadow,1fa22c2b5ebef5f8f09692d9ba1e5baa,-248771874,0,[],0,"{r: 1, g: 1, b: 1, a: 0.25490198}",2,0,0,0,0,0,{fileID: 0},0,0,0,{fileID: 1769681954846768},1769681954846768,0,{fileID: 0},0,{fileID: 0},0,"{fileID: -248771874, guid: 1fa22c2b5ebef5f8f09692d9ba1e5baa, type: 3}",-248771874,1fa22c2b5ebef5f8f09692d9ba1e5baa,Assets/Plugins/LeTai.TrueShadow.dll,0,"{x: 2.835498, y: -2.8354986}",45,4.01,0,3,0,1,0
LevelManager,Assets/GameObject/LevelManager.prefab,LeTai.TrueShadow,1fa22c2b5ebef5f8f09692d9ba1e5baa,-248771874,0,[],0,"{r: 1, g: 0.4198113, b: 0.4198113, a: 0.49803922}",2,0,0,1,0,0,{fileID: 0},0,0,1,{fileID: 1066618423830819},1066618423830819,0,{fileID: 0},0,{fileID: 0},0,"{fileID: -248771874, guid: 1fa22c2b5ebef5f8f09692d9ba1e5baa, type: 3}",-248771874,1fa22c2b5ebef5f8f09692d9ba1e5baa,Assets/Plugins/LeTai.TrueShadow.dll,0,"{x: 0, y: -0}",45,0,0,10,0,1,0
LevelManager,Assets/GameObject/LevelManager.prefab,LeTai.TrueShadow,1fa22c2b5ebef5f8f09692d9ba1e5baa,-248771874,0,[],0,"{r: 1, g: 1, b: 1, a: 0.25490198}",2,0,0,0,0,0,{fileID: 0},0,0,1,{fileID: 1272468293859560},1272468293859560,0,{fileID: 0},0,{fileID: 0},0,"{fileID: -248771874, guid: 1fa22c2b5ebef5f8f09692d9ba1e5baa, type: 3}",-248771874,1fa22c2b5ebef5f8f09692d9ba1e5baa,Assets/Plugins/LeTai.TrueShadow.dll,0,"{x: 2.835498, y: -2.8354986}",45,4.01,0,3,0,1,0
LevelManager,Assets/GameObject/LevelManager.prefab,LeTai.TrueShadow,1fa22c2b5ebef5f8f09692d9ba1e5baa,-248771874,0,[],0,"{r: 0, g: 0, b: 0, a: 0.8156863}",2,0,0,0,0,0,{fileID: 0},0,0,1,{fileID: 1176440534225348},1176440534225348,0,{fileID: 0},0,{fileID: 0},0,"{fileID: -248771874, guid: 1fa22c2b5ebef5f8f09692d9ba1e5baa, type: 3}",-248771874,1fa22c2b5ebef5f8f09692d9ba1e5baa,Assets/Plugins/LeTai.TrueShadow.dll,0,"{x: 2.1213202, y: -2.1213205}",45,3,0,5,0,1,0
LevelManager,Assets/GameObject/LevelManager.prefab,LeTai.TrueShadow,1fa22c2b5ebef5f8f09692d9ba1e5baa,-248771874,0,[],0,"{r: 0, g: 0, b: 0, a: 0.6}",2,0,0,0,0,0,{fileID: 0},0,0,0,{fileID: 1709878408862717},1709878408862717,0,{fileID: 0},0,{fileID: 0},0,"{fileID: -248771874, guid: 1fa22c2b5ebef5f8f09692d9ba1e5baa, type: 3}",-248771874,1fa22c2b5ebef5f8f09692d9ba1e5baa,Assets/Plugins/LeTai.TrueShadow.dll,0,"{x: 5.6568537, y: -5.6568546}",45,8,0,8,0,1,0
LevelManager,Assets/GameObject/LevelManager.prefab,LeTai.TrueShadow,1fa22c2b5ebef5f8f09692d9ba1e5baa,-248771874,0,[],1,"{r: 0.22745097, g: 0.7221681, b: 1, a: 1}",2,0,0,0,0,0,{fileID: 0},0,0,1,{fileID: 1131298165658395},1131298165658395,0,{fileID: 0},0,{fileID: 0},0,"{fileID: -248771874, guid: 1fa22c2b5ebef5f8f09692d9ba1e5baa, type: 3}",-248771874,1fa22c2b5ebef5f8f09692d9ba1e5baa,Assets/Plugins/LeTai.TrueShadow.dll,0,"{x: 0, y: -0}",90,0,0,16,0,0,0
LevelManager,Assets/GameObject/LevelManager.prefab,LeTai.TrueShadow,1fa22c2b5ebef5f8f09692d9ba1e5baa,-248771874,0,[],1,"{r: 0.22745097, g: 0.7221681, b: 1, a: 1}",2,0,0,0,0,0,{fileID: 0},0,0,1,{fileID: 1754298276892649},1754298276892649,0,{fileID: 0},0,{fileID: 0},0,"{fileID: -248771874, guid: 1fa22c2b5ebef5f8f09692d9ba1e5baa, type: 3}",-248771874,1fa22c2b5ebef5f8f09692d9ba1e5baa,Assets/Plugins/LeTai.TrueShadow.dll,0,"{x: 0, y: -0}",90,0,0,16,0,0,0
LevelManager,Assets/GameObject/LevelManager.prefab,LeTai.TrueShadow,1fa22c2b5ebef5f8f09692d9ba1e5baa,-248771874,0,[],1,"{r: 0, g: 0, b: 0, a: 1}",2,0,0,0,0,0,{fileID: 0},0,0,1,{fileID: 1694082029853982},1694082029853982,0,{fileID: 0},0,{fileID: 0},0,"{fileID: -248771874, guid: 1fa22c2b5ebef5f8f09692d9ba1e5baa, type: 3}",-248771874,1fa22c2b5ebef5f8f09692d9ba1e5baa,Assets/Plugins/LeTai.TrueShadow.dll,0,"{x: 0, y: -0}",90,0,0,16,0,0,0
LevelManager,Assets/GameObject/LevelManager.prefab,LeTai.TrueShadow,1fa22c2b5ebef5f8f09692d9ba1e5baa,-248771874,0,[],0,"{r: 1, g: 0.6781641, b: 0.36320752, a: 0.8666667}",2,0,0,0,0,0,{fileID: 0},0,0,1,{fileID: 1675315029622544},1675315029622544,0,{fileID: 0},0,{fileID: 0},0,"{fileID: -248771874, guid: 1fa22c2b5ebef5f8f09692d9ba1e5baa, type: 3}",-248771874,1fa22c2b5ebef5f8f09692d9ba1e5baa,Assets/Plugins/LeTai.TrueShadow.dll,0,"{x: 0, y: -0}",90,0,0,9.93,0,1,0
LevelManager,Assets/GameObject/LevelManager.prefab,LeTai.TrueShadow,1fa22c2b5ebef5f8f09692d9ba1e5baa,-248771874,0,[],0,"{r: 1, g: 1, b: 1, a: 1}",2,0,0,0,0,0,{fileID: 0},0,0,0,{fileID: 1911253906093030},1911253906093030,0,{fileID: 0},0,{fileID: 0},0,"{fileID: -248771874, guid: 1fa22c2b5ebef5f8f09692d9ba1e5baa, type: 3}",-248771874,1fa22c2b5ebef5f8f09692d9ba1e5baa,Assets/Plugins/LeTai.TrueShadow.dll,0,"{x: 1.192093E-07, y: -2}",90,2,0,3.4,0.197,1,0
LevelManager,Assets/GameObject/LevelManager.prefab,LeTai.TrueShadow,1fa22c2b5ebef5f8f09692d9ba1e5baa,-248771874,0,[],0,"{r: 1, g: 1, b: 1, a: 1}",2,0,0,0,0,0,{fileID: 0},0,0,0,{fileID: 1940847792014982},1940847792014982,0,{fileID: 0},0,{fileID: 0},0,"{fileID: -248771874, guid: 1fa22c2b5ebef5f8f09692d9ba1e5baa, type: 3}",-248771874,1fa22c2b5ebef5f8f09692d9ba1e5baa,Assets/Plugins/LeTai.TrueShadow.dll,0,"{x: 1.192093E-07, y: 2}",270,2,0,3.4,0.197,1,0
LevelManager,Assets/GameObject/LevelManager.prefab,LeTai.TrueShadow,1fa22c2b5ebef5f8f09692d9ba1e5baa,-248771874,0,[],0,"{r: 0, g: 0, b: 0, a: 0.5686275}",2,0,0,0,0,1,{fileID: 0},0,0,1,{fileID: 1933192749375301},1933192749375301,0,{fileID: 0},0,{fileID: 0},0,"{fileID: -248771874, guid: 1fa22c2b5ebef5f8f09692d9ba1e5baa, type: 3}",-248771874,1fa22c2b5ebef5f8f09692d9ba1e5baa,Assets/Plugins/LeTai.TrueShadow.dll,0,"{x: 0.27349573, y: -1.4951923}",79.63423,1.52,0,2,0,0,0
LevelManager,Assets/GameObject/LevelManager.prefab,LeTai.TrueShadow,1fa22c2b5ebef5f8f09692d9ba1e5baa,-248771874,0,[],0,"{r: 0, g: 0, b: 0, a: 1}",2,0,0,0,0,0,{fileID: 0},0,0,1,{fileID: 1912346817063437},1912346817063437,0,{fileID: 0},0,{fileID: 0},0,"{fileID: -248771874, guid: 1fa22c2b5ebef5f8f09692d9ba1e5baa, type: 3}",-248771874,1fa22c2b5ebef5f8f09692d9ba1e5baa,Assets/Plugins/LeTai.TrueShadow.dll,0,"{x: 0, y: -0}",90,0,0,5,0,1,0
LevelManager,Assets/GameObject/LevelManager.prefab,LeTai.TrueShadow,1fa22c2b5ebef5f8f09692d9ba1e5baa,-248771874,0,[],0,"{r: 0, g: 0, b: 0, a: 0.6}",2,0,0,0,0,0,{fileID: 0},0,0,0,{fileID: 1294616684025885},1294616684025885,0,{fileID: 0},0,{fileID: 0},0,"{fileID: -248771874, guid: 1fa22c2b5ebef5f8f09692d9ba1e5baa, type: 3}",-248771874,1fa22c2b5ebef5f8f09692d9ba1e5baa,Assets/Plugins/LeTai.TrueShadow.dll,0,"{x: 7.1525585E-07, y: -12}",90,12,0,32,0,1,0
LevelManager,Assets/GameObject/LevelManager.prefab,LeTai.TrueShadow,1fa22c2b5ebef5f8f09692d9ba1e5baa,-248771874,0,[],0,"{r: 0, g: 0, b: 0, a: 1}",2,0,0,0,0,0,{fileID: 0},0,0,0,{fileID: 1062960735206961},1062960735206961,0,{fileID: 0},0,{fileID: 0},0,"{fileID: -248771874, guid: 1fa22c2b5ebef5f8f09692d9ba1e5baa, type: 3}",-248771874,1fa22c2b5ebef5f8f09692d9ba1e5baa,Assets/Plugins/LeTai.TrueShadow.dll,0,"{x: 4.101219, y: -4.1012197}",45,5.8,0,8.8,0.142,1,0
LevelManager,Assets/GameObject/LevelManager.prefab,LeTai.TrueShadow,1fa22c2b5ebef5f8f09692d9ba1e5baa,-248771874,0,[],0,"{r: 0, g: 0, b: 0, a: 0.6}",2,0,0,0,0,0,{fileID: 0},0,0,0,{fileID: 1449986903486742},1449986903486742,0,{fileID: 0},0,{fileID: 0},0,"{fileID: -248771874, guid: 1fa22c2b5ebef5f8f09692d9ba1e5baa, type: 3}",-248771874,1fa22c2b5ebef5f8f09692d9ba1e5baa,Assets/Plugins/LeTai.TrueShadow.dll,0,"{x: 7.1525585E-07, y: -12}",90,12,0,32,0,1,0
LevelManager,Assets/GameObject/LevelManager.prefab,LeTai.TrueShadow,1fa22c2b5ebef5f8f09692d9ba1e5baa,-248771874,0,[],0,"{r: 0, g: 0, b: 0, a: 0.6}",2,0,0,0,0,0,{fileID: 0},0,0,0,{fileID: 1408130210555522},1408130210555522,0,{fileID: 0},0,{fileID: 0},0,"{fileID: -248771874, guid: 1fa22c2b5ebef5f8f09692d9ba1e5baa, type: 3}",-248771874,1fa22c2b5ebef5f8f09692d9ba1e5baa,Assets/Plugins/LeTai.TrueShadow.dll,0,"{x: 5.6568537, y: -5.6568546}",45,8,0,8,0,1,0
LevelManager,Assets/GameObject/LevelManager.prefab,LeTai.TrueShadow,1fa22c2b5ebef5f8f09692d9ba1e5baa,-248771874,0,[],1,"{r: 0.22745097, g: 0.7221681, b: 1, a: 1}",2,0,0,0,0,0,{fileID: 0},0,0,1,{fileID: 1278443859992132},1278443859992132,0,{fileID: 0},0,{fileID: 0},0,"{fileID: -248771874, guid: 1fa22c2b5ebef5f8f09692d9ba1e5baa, type: 3}",-248771874,1fa22c2b5ebef5f8f09692d9ba1e5baa,Assets/Plugins/LeTai.TrueShadow.dll,0,"{x: 0, y: -0}",90,0,0,16,0,0,0
LevelManager,Assets/GameObject/LevelManager.prefab,LeTai.TrueShadow,1fa22c2b5ebef5f8f09692d9ba1e5baa,-248771874,0,[],0,"{r: 0, g: 0, b: 0, a: 0.6}",2,0,0,0,0,0,{fileID: 0},0,0,0,{fileID: 1763798545008177},1763798545008177,0,{fileID: 0},0,{fileID: 0},0,"{fileID: -248771874, guid: 1fa22c2b5ebef5f8f09692d9ba1e5baa, type: 3}",-248771874,1fa22c2b5ebef5f8f09692d9ba1e5baa,Assets/Plugins/LeTai.TrueShadow.dll,0,"{x: 0, y: -0}",90,0,0,16,0,1,0
LevelManager,Assets/GameObject/LevelManager.prefab,LeTai.TrueShadow,1fa22c2b5ebef5f8f09692d9ba1e5baa,-248771874,0,[],1,"{r: 1, g: 1, b: 1, a: 0.6}",2,0,0,0,0,0,{fileID: 0},0,0,0,{fileID: 1165306610132191},1165306610132191,0,{fileID: 0},0,{fileID: 0},0,"{fileID: -248771874, guid: 1fa22c2b5ebef5f8f09692d9ba1e5baa, type: 3}",-248771874,1fa22c2b5ebef5f8f09692d9ba1e5baa,Assets/Plugins/LeTai.TrueShadow.dll,0,"{x: 0, y: -0}",90,0,0,16,0,1,0
LevelManager,Assets/GameObject/LevelManager.prefab,LeTai.TrueShadow,1fa22c2b5ebef5f8f09692d9ba1e5baa,-248771874,0,[],1,"{r: 0.4764151, g: 1, b: 0.62022334, a: 1}",2,0,0,1,1,1,{fileID: 0},0,0,1,{fileID: 1656327374764055},1656327374764055,0,{fileID: 0},0,{fileID: 0},0,"{fileID: -248771874, guid: 1fa22c2b5ebef5f8f09692d9ba1e5baa, type: 3}",-248771874,1fa22c2b5ebef5f8f09692d9ba1e5baa,Assets/Plugins/LeTai.TrueShadow.dll,0,"{x: 0, y: -0}",90,0,0,17.85,0,0,0
LevelManager,Assets/GameObject/LevelManager.prefab,LeTai.TrueShadow,1fa22c2b5ebef5f8f09692d9ba1e5baa,-248771874,0,[],0,"{r: 0, g: 0, b: 0, a: 0.6}",2,0,0,0,0,0,{fileID: 0},0,0,0,{fileID: 1621260742012043},1621260742012043,0,{fileID: 0},0,{fileID: 0},0,"{fileID: -248771874, guid: 1fa22c2b5ebef5f8f09692d9ba1e5baa, type: 3}",-248771874,1fa22c2b5ebef5f8f09692d9ba1e5baa,Assets/Plugins/LeTai.TrueShadow.dll,0,"{x: 1.4142134, y: -1.4142137}",45,2,0,8,0,1,0
LevelManager,Assets/GameObject/LevelManager.prefab,LeTai.TrueShadow,1fa22c2b5ebef5f8f09692d9ba1e5baa,-248771874,0,[],0,"{r: 0, g: 0, b: 0, a: 0.72156864}",2,0,0,1,1,0,{fileID: 0},0,0,1,{fileID: 1172092460420802},1172092460420802,0,{fileID: 0},0,{fileID: 0},0,"{fileID: -248771874, guid: 1fa22c2b5ebef5f8f09692d9ba1e5baa, type: 3}",-248771874,1fa22c2b5ebef5f8f09692d9ba1e5baa,Assets/Plugins/LeTai.TrueShadow.dll,0,"{x: 5.9195232, y: -5.38138}",42.273666,8,0,3,0.5,1,0
LevelManager,Assets/GameObject/LevelManager.prefab,LeTai.TrueShadow,1fa22c2b5ebef5f8f09692d9ba1e5baa,-248771874,0,[],0,"{r: 1, g: 1, b: 1, a: 1}",2,0,0,1,0,0,{fileID: 0},0,0,0,{fileID: 1830656561695684},1830656561695684,0,{fileID: 0},0,{fileID: 0},0,"{fileID: -248771874, guid: 1fa22c2b5ebef5f8f09692d9ba1e5baa, type: 3}",-248771874,1fa22c2b5ebef5f8f09692d9ba1e5baa,Assets/Plugins/LeTai.TrueShadow.dll,0,"{x: 0, y: -0}",90,0,0,1,0,1,0
LevelManager,Assets/GameObject/LevelManager.prefab,LeTai.TrueShadow,1fa22c2b5ebef5f8f09692d9ba1e5baa,-248771874,0,[],0,"{r: 1, g: 1, b: 1, a: 0.6}",2,0,0,0,0,0,{fileID: 0},0,0,1,{fileID: 1455386254223647},1455386254223647,0,{fileID: 0},0,{fileID: 0},0,"{fileID: -248771874, guid: 1fa22c2b5ebef5f8f09692d9ba1e5baa, type: 3}",-248771874,1fa22c2b5ebef5f8f09692d9ba1e5baa,Assets/Plugins/LeTai.TrueShadow.dll,0,"{x: 0, y: -0}",90,0,0,2,0,1,0
LevelManager,Assets/GameObject/LevelManager.prefab,LeTai.TrueShadow,1fa22c2b5ebef5f8f09692d9ba1e5baa,-248771874,0,[],0,"{r: 1, g: 1, b: 1, a: 0.6}",2,0,0,0,0,0,{fileID: 0},0,0,1,{fileID: 1596458309953775},1596458309953775,0,{fileID: 0},0,{fileID: 0},0,"{fileID: -248771874, guid: 1fa22c2b5ebef5f8f09692d9ba1e5baa, type: 3}",-248771874,1fa22c2b5ebef5f8f09692d9ba1e5baa,Assets/Plugins/LeTai.TrueShadow.dll,0,"{x: 0, y: -0}",90,0,0,2,0,1,0
LevelManager,Assets/GameObject/LevelManager.prefab,LeTai.TrueShadow,1fa22c2b5ebef5f8f09692d9ba1e5baa,-248771874,0,[],0,"{r: 1, g: 1, b: 1, a: 0.6}",2,0,0,0,0,0,{fileID: 0},0,0,1,{fileID: 1321343409588121},1321343409588121,0,{fileID: 0},0,{fileID: 0},0,"{fileID: -248771874, guid: 1fa22c2b5ebef5f8f09692d9ba1e5baa, type: 3}",-248771874,1fa22c2b5ebef5f8f09692d9ba1e5baa,Assets/Plugins/LeTai.TrueShadow.dll,0,"{x: 0, y: -0}",90,0,0,2,0,1,0
LevelManager,Assets/GameObject/LevelManager.prefab,LeTai.TrueShadow,1fa22c2b5ebef5f8f09692d9ba1e5baa,-248771874,0,[],0,"{r: 0, g: 0, b: 0, a: 0.6}",2,0,0,0,0,0,{fileID: 0},0,0,0,{fileID: 1374980986982122},1374980986982122,0,{fileID: 0},0,{fileID: 0},0,"{fileID: -248771874, guid: 1fa22c2b5ebef5f8f09692d9ba1e5baa, type: 3}",-248771874,1fa22c2b5ebef5f8f09692d9ba1e5baa,Assets/Plugins/LeTai.TrueShadow.dll,0,"{x: 1.7881396E-07, y: -3}",90,3,0,6,0,1,0
LevelManager,Assets/GameObject/LevelManager.prefab,LeTai.TrueShadow,1fa22c2b5ebef5f8f09692d9ba1e5baa,-248771874,0,[],1,"{r: 0.4764151, g: 1, b: 0.62022334, a: 1}",2,0,0,1,1,1,{fileID: 0},0,0,1,{fileID: 1920950779472206},1920950779472206,0,{fileID: 0},0,{fileID: 0},0,"{fileID: -248771874, guid: 1fa22c2b5ebef5f8f09692d9ba1e5baa, type: 3}",-248771874,1fa22c2b5ebef5f8f09692d9ba1e5baa,Assets/Plugins/LeTai.TrueShadow.dll,0,"{x: 0, y: -0}",90,0,0,17.85,0,0,0
LevelManager,Assets/GameObject/LevelManager.prefab,LeTai.TrueShadow,1fa22c2b5ebef5f8f09692d9ba1e5baa,-248771874,0,[],0,"{r: 0, g: 0, b: 0, a: 0.6}",2,0,0,0,0,0,{fileID: 0},0,0,0,{fileID: 1345386530658691},1345386530658691,0,{fileID: 0},0,{fileID: 0},0,"{fileID: -248771874, guid: 1fa22c2b5ebef5f8f09692d9ba1e5baa, type: 3}",-248771874,1fa22c2b5ebef5f8f09692d9ba1e5baa,Assets/Plugins/LeTai.TrueShadow.dll,0,"{x: 1.4142134, y: -1.4142137}",45,2,0,8,0,1,0
LevelManager,Assets/GameObject/LevelManager.prefab,LeTai.TrueShadow,1fa22c2b5ebef5f8f09692d9ba1e5baa,-248771874,0,[],0,"{r: 0, g: 0, b: 0, a: 0.72156864}",2,0,0,1,1,0,{fileID: 0},0,0,1,{fileID: 1416941053159593},1416941053159593,0,{fileID: 0},0,{fileID: 0},0,"{fileID: -248771874, guid: 1fa22c2b5ebef5f8f09692d9ba1e5baa, type: 3}",-248771874,1fa22c2b5ebef5f8f09692d9ba1e5baa,Assets/Plugins/LeTai.TrueShadow.dll,0,"{x: 5.9195232, y: -5.38138}",42.273666,8,0,3,0.5,1,0
LevelManager,Assets/GameObject/LevelManager.prefab,LeTai.TrueShadow,1fa22c2b5ebef5f8f09692d9ba1e5baa,-248771874,0,[],0,"{r: 1, g: 1, b: 1, a: 1}",2,0,0,1,0,0,{fileID: 0},0,0,0,{fileID: 1513386655356919},1513386655356919,0,{fileID: 0},0,{fileID: 0},0,"{fileID: -248771874, guid: 1fa22c2b5ebef5f8f09692d9ba1e5baa, type: 3}",-248771874,1fa22c2b5ebef5f8f09692d9ba1e5baa,Assets/Plugins/LeTai.TrueShadow.dll,0,"{x: 0, y: -0}",90,0,0,1,0,1,0
LevelManager,Assets/GameObject/LevelManager.prefab,LeTai.TrueShadow,1fa22c2b5ebef5f8f09692d9ba1e5baa,-248771874,0,[],0,"{r: 1, g: 1, b: 1, a: 0.6}",2,0,0,0,0,0,{fileID: 0},0,0,1,{fileID: 1409411771433321},1409411771433321,0,{fileID: 0},0,{fileID: 0},0,"{fileID: -248771874, guid: 1fa22c2b5ebef5f8f09692d9ba1e5baa, type: 3}",-248771874,1fa22c2b5ebef5f8f09692d9ba1e5baa,Assets/Plugins/LeTai.TrueShadow.dll,0,"{x: 0, y: -0}",90,0,0,2,0,1,0
LevelManager,Assets/GameObject/LevelManager.prefab,LeTai.TrueShadow,1fa22c2b5ebef5f8f09692d9ba1e5baa,-248771874,0,[],0,"{r: 1, g: 1, b: 1, a: 0.6}",2,0,0,0,0,0,{fileID: 0},0,0,1,{fileID: 1903784040340595},1903784040340595,0,{fileID: 0},0,{fileID: 0},0,"{fileID: -248771874, guid: 1fa22c2b5ebef5f8f09692d9ba1e5baa, type: 3}",-248771874,1fa22c2b5ebef5f8f09692d9ba1e5baa,Assets/Plugins/LeTai.TrueShadow.dll,0,"{x: 0, y: -0}",90,0,0,2,0,1,0
LevelManager,Assets/GameObject/LevelManager.prefab,LeTai.TrueShadow,1fa22c2b5ebef5f8f09692d9ba1e5baa,-248771874,0,[],0,"{r: 1, g: 1, b: 1, a: 0.6}",2,0,0,0,0,0,{fileID: 0},0,0,1,{fileID: 1943838092099711},1943838092099711,0,{fileID: 0},0,{fileID: 0},0,"{fileID: -248771874, guid: 1fa22c2b5ebef5f8f09692d9ba1e5baa, type: 3}",-248771874,1fa22c2b5ebef5f8f09692d9ba1e5baa,Assets/Plugins/LeTai.TrueShadow.dll,0,"{x: 0, y: -0}",90,0,0,2,0,1,0
LevelManager,Assets/GameObject/LevelManager.prefab,LeTai.TrueShadow,1fa22c2b5ebef5f8f09692d9ba1e5baa,-248771874,0,[],0,"{r: 0, g: 0, b: 0, a: 0.6}",2,0,0,0,0,0,{fileID: 0},0,0,0,{fileID: 1693366228525297},1693366228525297,0,{fileID: 0},0,{fileID: 0},0,"{fileID: -248771874, guid: 1fa22c2b5ebef5f8f09692d9ba1e5baa, type: 3}",-248771874,1fa22c2b5ebef5f8f09692d9ba1e5baa,Assets/Plugins/LeTai.TrueShadow.dll,0,"{x: 1.7881396E-07, y: -3}",90,3,0,6,0,1,0
LevelManager,Assets/GameObject/LevelManager.prefab,LeTai.TrueShadow,1fa22c2b5ebef5f8f09692d9ba1e5baa,-248771874,0,[],1,"{r: 0.4764151, g: 1, b: 0.62022334, a: 1}",2,0,0,1,1,1,{fileID: 0},0,0,1,{fileID: 1042174374815248},1042174374815248,0,{fileID: 0},0,{fileID: 0},0,"{fileID: -248771874, guid: 1fa22c2b5ebef5f8f09692d9ba1e5baa, type: 3}",-248771874,1fa22c2b5ebef5f8f09692d9ba1e5baa,Assets/Plugins/LeTai.TrueShadow.dll,0,"{x: 0, y: -0}",90,0,0,17.85,0,0,0
LevelManager,Assets/GameObject/LevelManager.prefab,LeTai.TrueShadow,1fa22c2b5ebef5f8f09692d9ba1e5baa,-248771874,0,[],0,"{r: 0, g: 0, b: 0, a: 0.6}",2,0,0,0,0,0,{fileID: 0},0,0,0,{fileID: 1050599618908914},1050599618908914,0,{fileID: 0},0,{fileID: 0},0,"{fileID: -248771874, guid: 1fa22c2b5ebef5f8f09692d9ba1e5baa, type: 3}",-248771874,1fa22c2b5ebef5f8f09692d9ba1e5baa,Assets/Plugins/LeTai.TrueShadow.dll,0,"{x: 1.4142134, y: -1.4142137}",45,2,0,8,0,1,0
LevelManager,Assets/GameObject/LevelManager.prefab,LeTai.TrueShadow,1fa22c2b5ebef5f8f09692d9ba1e5baa,-248771874,0,[],0,"{r: 0, g: 0, b: 0, a: 0.72156864}",2,0,0,1,1,0,{fileID: 0},0,0,1,{fileID: 1259416555837928},1259416555837928,0,{fileID: 0},0,{fileID: 0},0,"{fileID: -248771874, guid: 1fa22c2b5ebef5f8f09692d9ba1e5baa, type: 3}",-248771874,1fa22c2b5ebef5f8f09692d9ba1e5baa,Assets/Plugins/LeTai.TrueShadow.dll,0,"{x: 5.9195232, y: -5.38138}",42.273666,8,0,3,0.5,1,0
LevelManager,Assets/GameObject/LevelManager.prefab,LeTai.TrueShadow,1fa22c2b5ebef5f8f09692d9ba1e5baa,-248771874,0,[],0,"{r: 1, g: 1, b: 1, a: 1}",2,0,0,1,0,0,{fileID: 0},0,0,0,{fileID: 1714392520068069},1714392520068069,0,{fileID: 0},0,{fileID: 0},0,"{fileID: -248771874, guid: 1fa22c2b5ebef5f8f09692d9ba1e5baa, type: 3}",-248771874,1fa22c2b5ebef5f8f09692d9ba1e5baa,Assets/Plugins/LeTai.TrueShadow.dll,0,"{x: 0, y: -0}",90,0,0,1,0,1,0
LevelManager,Assets/GameObject/LevelManager.prefab,LeTai.TrueShadow,1fa22c2b5ebef5f8f09692d9ba1e5baa,-248771874,0,[],0,"{r: 1, g: 1, b: 1, a: 0.6}",2,0,0,0,0,0,{fileID: 0},0,0,1,{fileID: 1621533190371349},1621533190371349,0,{fileID: 0},0,{fileID: 0},0,"{fileID: -248771874, guid: 1fa22c2b5ebef5f8f09692d9ba1e5baa, type: 3}",-248771874,1fa22c2b5ebef5f8f09692d9ba1e5baa,Assets/Plugins/LeTai.TrueShadow.dll,0,"{x: 0, y: -0}",90,0,0,2,0,1,0
LevelManager,Assets/GameObject/LevelManager.prefab,LeTai.TrueShadow,1fa22c2b5ebef5f8f09692d9ba1e5baa,-248771874,0,[],0,"{r: 1, g: 1, b: 1, a: 0.6}",2,0,0,0,0,0,{fileID: 0},0,0,1,{fileID: 1775499194430674},1775499194430674,0,{fileID: 0},0,{fileID: 0},0,"{fileID: -248771874, guid: 1fa22c2b5ebef5f8f09692d9ba1e5baa, type: 3}",-248771874,1fa22c2b5ebef5f8f09692d9ba1e5baa,Assets/Plugins/LeTai.TrueShadow.dll,0,"{x: 0, y: -0}",90,0,0,2,0,1,0
LevelManager,Assets/GameObject/LevelManager.prefab,LeTai.TrueShadow,1fa22c2b5ebef5f8f09692d9ba1e5baa,-248771874,0,[],0,"{r: 1, g: 1, b: 1, a: 0.6}",2,0,0,0,0,0,{fileID: 0},0,0,1,{fileID: 1420664722373969},1420664722373969,0,{fileID: 0},0,{fileID: 0},0,"{fileID: -248771874, guid: 1fa22c2b5ebef5f8f09692d9ba1e5baa, type: 3}",-248771874,1fa22c2b5ebef5f8f09692d9ba1e5baa,Assets/Plugins/LeTai.TrueShadow.dll,0,"{x: 0, y: -0}",90,0,0,2,0,1,0
LevelManager,Assets/GameObject/LevelManager.prefab,LeTai.TrueShadow,1fa22c2b5ebef5f8f09692d9ba1e5baa,-248771874,0,[],0,"{r: 0, g: 0, b: 0, a: 0.6}",2,0,0,0,0,0,{fileID: 0},0,0,0,{fileID: 1909505558801892},1909505558801892,0,{fileID: 0},0,{fileID: 0},0,"{fileID: -248771874, guid: 1fa22c2b5ebef5f8f09692d9ba1e5baa, type: 3}",-248771874,1fa22c2b5ebef5f8f09692d9ba1e5baa,Assets/Plugins/LeTai.TrueShadow.dll,0,"{x: 1.7881396E-07, y: -3}",90,3,0,6,0,1,0
LevelManager,Assets/GameObject/LevelManager.prefab,LeTai.TrueShadow,1fa22c2b5ebef5f8f09692d9ba1e5baa,-248771874,0,[],1,"{r: 0.4764151, g: 1, b: 0.62022334, a: 1}",2,0,0,1,1,1,{fileID: 0},0,0,1,{fileID: 1301431880817133},1301431880817133,0,{fileID: 0},0,{fileID: 0},0,"{fileID: -248771874, guid: 1fa22c2b5ebef5f8f09692d9ba1e5baa, type: 3}",-248771874,1fa22c2b5ebef5f8f09692d9ba1e5baa,Assets/Plugins/LeTai.TrueShadow.dll,0,"{x: 0, y: -0}",90,0,0,17.85,0,0,0
LevelManager,Assets/GameObject/LevelManager.prefab,LeTai.TrueShadow,1fa22c2b5ebef5f8f09692d9ba1e5baa,-248771874,0,[],0,"{r: 0, g: 0, b: 0, a: 0.6}",2,0,0,0,0,0,{fileID: 0},0,0,0,{fileID: 1413153569441104},1413153569441104,0,{fileID: 0},0,{fileID: 0},0,"{fileID: -248771874, guid: 1fa22c2b5ebef5f8f09692d9ba1e5baa, type: 3}",-248771874,1fa22c2b5ebef5f8f09692d9ba1e5baa,Assets/Plugins/LeTai.TrueShadow.dll,0,"{x: 1.4142134, y: -1.4142137}",45,2,0,8,0,1,0
LevelManager,Assets/GameObject/LevelManager.prefab,LeTai.TrueShadow,1fa22c2b5ebef5f8f09692d9ba1e5baa,-248771874,0,[],0,"{r: 0, g: 0, b: 0, a: 0.72156864}",2,0,0,1,1,0,{fileID: 0},0,0,1,{fileID: 1866846857652696},1866846857652696,0,{fileID: 0},0,{fileID: 0},0,"{fileID: -248771874, guid: 1fa22c2b5ebef5f8f09692d9ba1e5baa, type: 3}",-248771874,1fa22c2b5ebef5f8f09692d9ba1e5baa,Assets/Plugins/LeTai.TrueShadow.dll,0,"{x: 5.9195232, y: -5.38138}",42.273666,8,0,3,0.5,1,0
LevelManager,Assets/GameObject/LevelManager.prefab,LeTai.TrueShadow,1fa22c2b5ebef5f8f09692d9ba1e5baa,-248771874,0,[],0,"{r: 1, g: 1, b: 1, a: 1}",2,0,0,1,0,0,{fileID: 0},0,0,0,{fileID: 1192302078972209},1192302078972209,0,{fileID: 0},0,{fileID: 0},0,"{fileID: -248771874, guid: 1fa22c2b5ebef5f8f09692d9ba1e5baa, type: 3}",-248771874,1fa22c2b5ebef5f8f09692d9ba1e5baa,Assets/Plugins/LeTai.TrueShadow.dll,0,"{x: 0, y: -0}",90,0,0,1,0,1,0
LevelManager,Assets/GameObject/LevelManager.prefab,LeTai.TrueShadow,1fa22c2b5ebef5f8f09692d9ba1e5baa,-248771874,0,[],0,"{r: 1, g: 1, b: 1, a: 0.6}",2,0,0,0,0,0,{fileID: 0},0,0,1,{fileID: 1531955465505965},1531955465505965,0,{fileID: 0},0,{fileID: 0},0,"{fileID: -248771874, guid: 1fa22c2b5ebef5f8f09692d9ba1e5baa, type: 3}",-248771874,1fa22c2b5ebef5f8f09692d9ba1e5baa,Assets/Plugins/LeTai.TrueShadow.dll,0,"{x: 0, y: -0}",90,0,0,2,0,1,0
LevelManager,Assets/GameObject/LevelManager.prefab,LeTai.TrueShadow,1fa22c2b5ebef5f8f09692d9ba1e5baa,-248771874,0,[],0,"{r: 1, g: 1, b: 1, a: 0.6}",2,0,0,0,0,0,{fileID: 0},0,0,1,{fileID: 1096800749649595},1096800749649595,0,{fileID: 0},0,{fileID: 0},0,"{fileID: -248771874, guid: 1fa22c2b5ebef5f8f09692d9ba1e5baa, type: 3}",-248771874,1fa22c2b5ebef5f8f09692d9ba1e5baa,Assets/Plugins/LeTai.TrueShadow.dll,0,"{x: 0, y: -0}",90,0,0,2,0,1,0
LevelManager,Assets/GameObject/LevelManager.prefab,LeTai.TrueShadow,1fa22c2b5ebef5f8f09692d9ba1e5baa,-248771874,0,[],0,"{r: 1, g: 1, b: 1, a: 0.6}",2,0,0,0,0,0,{fileID: 0},0,0,1,{fileID: 1030334096117513},1030334096117513,0,{fileID: 0},0,{fileID: 0},0,"{fileID: -248771874, guid: 1fa22c2b5ebef5f8f09692d9ba1e5baa, type: 3}",-248771874,1fa22c2b5ebef5f8f09692d9ba1e5baa,Assets/Plugins/LeTai.TrueShadow.dll,0,"{x: 0, y: -0}",90,0,0,2,0,1,0
LevelManager,Assets/GameObject/LevelManager.prefab,LeTai.TrueShadow,1fa22c2b5ebef5f8f09692d9ba1e5baa,-248771874,0,[],0,"{r: 0, g: 0, b: 0, a: 0.6}",2,0,0,0,0,0,{fileID: 0},0,0,0,{fileID: 1931001110740359},1931001110740359,0,{fileID: 0},0,{fileID: 0},0,"{fileID: -248771874, guid: 1fa22c2b5ebef5f8f09692d9ba1e5baa, type: 3}",-248771874,1fa22c2b5ebef5f8f09692d9ba1e5baa,Assets/Plugins/LeTai.TrueShadow.dll,0,"{x: 1.7881396E-07, y: -3}",90,3,0,6,0,1,0
LevelManager,Assets/GameObject/LevelManager.prefab,LeTai.TrueShadow,1fa22c2b5ebef5f8f09692d9ba1e5baa,-248771874,0,[],1,"{r: 0.4764151, g: 1, b: 0.62022334, a: 1}",2,0,0,1,1,1,{fileID: 0},0,0,1,{fileID: 1821127302725012},1821127302725012,0,{fileID: 0},0,{fileID: 0},0,"{fileID: -248771874, guid: 1fa22c2b5ebef5f8f09692d9ba1e5baa, type: 3}",-248771874,1fa22c2b5ebef5f8f09692d9ba1e5baa,Assets/Plugins/LeTai.TrueShadow.dll,0,"{x: 0, y: -0}",90,0,0,17.85,0,0,0
LevelManager,Assets/GameObject/LevelManager.prefab,LeTai.TrueShadow,1fa22c2b5ebef5f8f09692d9ba1e5baa,-248771874,0,[],0,"{r: 0, g: 0, b: 0, a: 0.6}",2,0,0,0,0,0,{fileID: 0},0,0,0,{fileID: 1392297708797720},1392297708797720,0,{fileID: 0},0,{fileID: 0},0,"{fileID: -248771874, guid: 1fa22c2b5ebef5f8f09692d9ba1e5baa, type: 3}",-248771874,1fa22c2b5ebef5f8f09692d9ba1e5baa,Assets/Plugins/LeTai.TrueShadow.dll,0,"{x: 1.4142134, y: -1.4142137}",45,2,0,8,0,1,0
LevelManager,Assets/GameObject/LevelManager.prefab,LeTai.TrueShadow,1fa22c2b5ebef5f8f09692d9ba1e5baa,-248771874,0,[],0,"{r: 0, g: 0, b: 0, a: 0.72156864}",2,0,0,1,1,0,{fileID: 0},0,0,1,{fileID: 1413592212855647},1413592212855647,0,{fileID: 0},0,{fileID: 0},0,"{fileID: -248771874, guid: 1fa22c2b5ebef5f8f09692d9ba1e5baa, type: 3}",-248771874,1fa22c2b5ebef5f8f09692d9ba1e5baa,Assets/Plugins/LeTai.TrueShadow.dll,0,"{x: 5.9195232, y: -5.38138}",42.273666,8,0,3,0.5,1,0
LevelManager,Assets/GameObject/LevelManager.prefab,LeTai.TrueShadow,1fa22c2b5ebef5f8f09692d9ba1e5baa,-248771874,0,[],0,"{r: 1, g: 1, b: 1, a: 1}",2,0,0,1,0,0,{fileID: 0},0,0,0,{fileID: 1735251370837682},1735251370837682,0,{fileID: 0},0,{fileID: 0},0,"{fileID: -248771874, guid: 1fa22c2b5ebef5f8f09692d9ba1e5baa, type: 3}",-248771874,1fa22c2b5ebef5f8f09692d9ba1e5baa,Assets/Plugins/LeTai.TrueShadow.dll,0,"{x: 0, y: -0}",90,0,0,1,0,1,0
LevelManager,Assets/GameObject/LevelManager.prefab,LeTai.TrueShadow,1fa22c2b5ebef5f8f09692d9ba1e5baa,-248771874,0,[],0,"{r: 1, g: 1, b: 1, a: 0.6}",2,0,0,0,0,0,{fileID: 0},0,0,1,{fileID: 1034416166067264},1034416166067264,0,{fileID: 0},0,{fileID: 0},0,"{fileID: -248771874, guid: 1fa22c2b5ebef5f8f09692d9ba1e5baa, type: 3}",-248771874,1fa22c2b5ebef5f8f09692d9ba1e5baa,Assets/Plugins/LeTai.TrueShadow.dll,0,"{x: 0, y: -0}",90,0,0,2,0,1,0
LevelManager,Assets/GameObject/LevelManager.prefab,LeTai.TrueShadow,1fa22c2b5ebef5f8f09692d9ba1e5baa,-248771874,0,[],0,"{r: 1, g: 1, b: 1, a: 0.6}",2,0,0,0,0,0,{fileID: 0},0,0,1,{fileID: 1035774090626745},1035774090626745,0,{fileID: 0},0,{fileID: 0},0,"{fileID: -248771874, guid: 1fa22c2b5ebef5f8f09692d9ba1e5baa, type: 3}",-248771874,1fa22c2b5ebef5f8f09692d9ba1e5baa,Assets/Plugins/LeTai.TrueShadow.dll,0,"{x: 0, y: -0}",90,0,0,2,0,1,0
LevelManager,Assets/GameObject/LevelManager.prefab,LeTai.TrueShadow,1fa22c2b5ebef5f8f09692d9ba1e5baa,-248771874,0,[],0,"{r: 1, g: 1, b: 1, a: 0.6}",2,0,0,0,0,0,{fileID: 0},0,0,1,{fileID: 1802314598973753},1802314598973753,0,{fileID: 0},0,{fileID: 0},0,"{fileID: -248771874, guid: 1fa22c2b5ebef5f8f09692d9ba1e5baa, type: 3}",-248771874,1fa22c2b5ebef5f8f09692d9ba1e5baa,Assets/Plugins/LeTai.TrueShadow.dll,0,"{x: 0, y: -0}",90,0,0,2,0,1,0
LevelManager,Assets/GameObject/LevelManager.prefab,LeTai.TrueShadow,1fa22c2b5ebef5f8f09692d9ba1e5baa,-248771874,0,[],0,"{r: 0, g: 0, b: 0, a: 0.6}",2,0,0,0,0,0,{fileID: 0},0,0,0,{fileID: 1408335609265126},1408335609265126,0,{fileID: 0},0,{fileID: 0},0,"{fileID: -248771874, guid: 1fa22c2b5ebef5f8f09692d9ba1e5baa, type: 3}",-248771874,1fa22c2b5ebef5f8f09692d9ba1e5baa,Assets/Plugins/LeTai.TrueShadow.dll,0,"{x: 1.7881396E-07, y: -3}",90,3,0,6,0,1,0
LevelManager,Assets/GameObject/LevelManager.prefab,LeTai.TrueShadow,1fa22c2b5ebef5f8f09692d9ba1e5baa,-248771874,0,[],0,"{r: 1, g: 0.4198113, b: 0.4198113, a: 0.49803922}",2,0,0,1,0,0,{fileID: 0},0,0,0,{fileID: 1755437445669928},1755437445669928,0,{fileID: 0},0,{fileID: 0},0,"{fileID: -248771874, guid: 1fa22c2b5ebef5f8f09692d9ba1e5baa, type: 3}",-248771874,1fa22c2b5ebef5f8f09692d9ba1e5baa,Assets/Plugins/LeTai.TrueShadow.dll,0,"{x: 0, y: -0}",45,0,0,10,0,1,0
LevelManager,Assets/GameObject/LevelManager.prefab,LeTai.TrueShadow,1fa22c2b5ebef5f8f09692d9ba1e5baa,-248771874,0,[],0,"{r: 1, g: 1, b: 1, a: 0.25490198}",2,0,0,0,0,0,{fileID: 0},0,0,0,{fileID: 1987754785062706},1987754785062706,0,{fileID: 0},0,{fileID: 0},0,"{fileID: -248771874, guid: 1fa22c2b5ebef5f8f09692d9ba1e5baa, type: 3}",-248771874,1fa22c2b5ebef5f8f09692d9ba1e5baa,Assets/Plugins/LeTai.TrueShadow.dll,0,"{x: 2.835498, y: -2.8354986}",45,4.01,0,3,0,1,0
LevelManager,Assets/GameObject/LevelManager.prefab,LeTai.TrueShadow,1fa22c2b5ebef5f8f09692d9ba1e5baa,-248771874,0,[],0,"{r: 0, g: 0, b: 0, a: 0.8156863}",2,0,0,0,0,0,{fileID: 0},0,0,1,{fileID: 1432180370686225},1432180370686225,0,{fileID: 0},0,{fileID: 0},0,"{fileID: -248771874, guid: 1fa22c2b5ebef5f8f09692d9ba1e5baa, type: 3}",-248771874,1fa22c2b5ebef5f8f09692d9ba1e5baa,Assets/Plugins/LeTai.TrueShadow.dll,0,"{x: 2.1213202, y: -2.1213205}",45,3,0,5,0,1,0
LevelManager,Assets/GameObject/LevelManager.prefab,LeTai.TrueShadow,1fa22c2b5ebef5f8f09692d9ba1e5baa,-248771874,0,[],0,"{r: 0, g: 0, b: 0, a: 0.6}",2,0,0,0,0,0,{fileID: 0},0,0,0,{fileID: 1724320860727393},1724320860727393,0,{fileID: 0},0,{fileID: 0},0,"{fileID: -248771874, guid: 1fa22c2b5ebef5f8f09692d9ba1e5baa, type: 3}",-248771874,1fa22c2b5ebef5f8f09692d9ba1e5baa,Assets/Plugins/LeTai.TrueShadow.dll,0,"{x: 1.4142134, y: -1.4142137}",45,2,0,8,0,1,0
LevelManager,Assets/GameObject/LevelManager.prefab,LeTai.TrueShadow,1fa22c2b5ebef5f8f09692d9ba1e5baa,-248771874,0,[],0,"{r: 0, g: 0, b: 0, a: 0.72156864}",2,0,0,1,1,0,{fileID: 0},0,0,1,{fileID: 1358326930566163},1358326930566163,0,{fileID: 0},0,{fileID: 0},0,"{fileID: -248771874, guid: 1fa22c2b5ebef5f8f09692d9ba1e5baa, type: 3}",-248771874,1fa22c2b5ebef5f8f09692d9ba1e5baa,Assets/Plugins/LeTai.TrueShadow.dll,0,"{x: 5.9195232, y: -5.38138}",42.273666,8,0,3,0.5,1,0
LevelManager,Assets/GameObject/LevelManager.prefab,LeTai.TrueShadow,1fa22c2b5ebef5f8f09692d9ba1e5baa,-248771874,0,[],0,"{r: 1, g: 1, b: 1, a: 1}",2,0,0,1,0,0,{fileID: 0},0,0,1,{fileID: 1609257911975380},1609257911975380,0,{fileID: 0},0,{fileID: 0},0,"{fileID: -248771874, guid: 1fa22c2b5ebef5f8f09692d9ba1e5baa, type: 3}",-248771874,1fa22c2b5ebef5f8f09692d9ba1e5baa,Assets/Plugins/LeTai.TrueShadow.dll,0,"{x: 0, y: -0}",90,0,0,1,0,1,0
LevelManager,Assets/GameObject/LevelManager.prefab,LeTai.TrueShadow,1fa22c2b5ebef5f8f09692d9ba1e5baa,-248771874,0,[],0,"{r: 1, g: 1, b: 1, a: 0.6}",2,0,0,0,0,0,{fileID: 0},0,0,1,{fileID: 1320122036341952},1320122036341952,0,{fileID: 0},0,{fileID: 0},0,"{fileID: -248771874, guid: 1fa22c2b5ebef5f8f09692d9ba1e5baa, type: 3}",-248771874,1fa22c2b5ebef5f8f09692d9ba1e5baa,Assets/Plugins/LeTai.TrueShadow.dll,0,"{x: 0, y: -0}",90,0,0,2,0,1,0
LevelManager,Assets/GameObject/LevelManager.prefab,LeTai.TrueShadow,1fa22c2b5ebef5f8f09692d9ba1e5baa,-248771874,0,[],0,"{r: 1, g: 1, b: 1, a: 0.6}",2,0,0,0,0,0,{fileID: 0},0,0,1,{fileID: 1001857825030440},1001857825030440,0,{fileID: 0},0,{fileID: 0},0,"{fileID: -248771874, guid: 1fa22c2b5ebef5f8f09692d9ba1e5baa, type: 3}",-248771874,1fa22c2b5ebef5f8f09692d9ba1e5baa,Assets/Plugins/LeTai.TrueShadow.dll,0,"{x: 0, y: -0}",90,0,0,2,0,1,0
LevelManager,Assets/GameObject/LevelManager.prefab,LeTai.TrueShadow,1fa22c2b5ebef5f8f09692d9ba1e5baa,-248771874,0,[],0,"{r: 1, g: 1, b: 1, a: 0.6}",2,0,0,0,0,0,{fileID: 0},0,0,1,{fileID: 1573239511603248},1573239511603248,0,{fileID: 0},0,{fileID: 0},0,"{fileID: -248771874, guid: 1fa22c2b5ebef5f8f09692d9ba1e5baa, type: 3}",-248771874,1fa22c2b5ebef5f8f09692d9ba1e5baa,Assets/Plugins/LeTai.TrueShadow.dll,0,"{x: 0, y: -0}",90,0,0,2,0,1,0
LevelManager,Assets/GameObject/LevelManager.prefab,LeTai.TrueShadow,1fa22c2b5ebef5f8f09692d9ba1e5baa,-248771874,0,[],0,"{r: 0, g: 0, b: 0, a: 0.6}",2,0,0,0,0,0,{fileID: 0},0,0,0,{fileID: 1361464084914800},1361464084914800,0,{fileID: 0},0,{fileID: 0},0,"{fileID: -248771874, guid: 1fa22c2b5ebef5f8f09692d9ba1e5baa, type: 3}",-248771874,1fa22c2b5ebef5f8f09692d9ba1e5baa,Assets/Plugins/LeTai.TrueShadow.dll,0,"{x: 1.7881396E-07, y: -3}",90,3,0,6,0,1,0
LevelManager,Assets/GameObject/LevelManager.prefab,LeTai.TrueShadow,1fa22c2b5ebef5f8f09692d9ba1e5baa,-248771874,0,[],0,"{r: 0, g: 0, b: 0, a: 0.6}",2,0,0,0,0,0,{fileID: 0},0,0,0,{fileID: 1322162558268543},1322162558268543,0,{fileID: 0},0,{fileID: 0},0,"{fileID: -248771874, guid: 1fa22c2b5ebef5f8f09692d9ba1e5baa, type: 3}",-248771874,1fa22c2b5ebef5f8f09692d9ba1e5baa,Assets/Plugins/LeTai.TrueShadow.dll,0,"{x: 1.4142134, y: -1.4142137}",45,2,0,8,0,1,0
LevelManager,Assets/GameObject/LevelManager.prefab,LeTai.TrueShadow,1fa22c2b5ebef5f8f09692d9ba1e5baa,-248771874,0,[],0,"{r: 0, g: 0, b: 0, a: 0.72156864}",2,0,0,1,1,0,{fileID: 0},0,0,1,{fileID: 1721746132817451},1721746132817451,0,{fileID: 0},0,{fileID: 0},0,"{fileID: -248771874, guid: 1fa22c2b5ebef5f8f09692d9ba1e5baa, type: 3}",-248771874,1fa22c2b5ebef5f8f09692d9ba1e5baa,Assets/Plugins/LeTai.TrueShadow.dll,0,"{x: 5.9195232, y: -5.38138}",42.273666,8,0,3,0.5,1,0
LevelManager,Assets/GameObject/LevelManager.prefab,LeTai.TrueShadow,1fa22c2b5ebef5f8f09692d9ba1e5baa,-248771874,0,[],0,"{r: 1, g: 1, b: 1, a: 1}",2,0,0,1,0,0,{fileID: 0},0,0,1,{fileID: 1886622180294136},1886622180294136,0,{fileID: 0},0,{fileID: 0},0,"{fileID: -248771874, guid: 1fa22c2b5ebef5f8f09692d9ba1e5baa, type: 3}",-248771874,1fa22c2b5ebef5f8f09692d9ba1e5baa,Assets/Plugins/LeTai.TrueShadow.dll,0,"{x: 0, y: -0}",90,0,0,1,0,1,0
LevelManager,Assets/GameObject/LevelManager.prefab,LeTai.TrueShadow,1fa22c2b5ebef5f8f09692d9ba1e5baa,-248771874,0,[],0,"{r: 1, g: 1, b: 1, a: 0.6}",2,0,0,0,0,0,{fileID: 0},0,0,1,{fileID: 1950183209981512},1950183209981512,0,{fileID: 0},0,{fileID: 0},0,"{fileID: -248771874, guid: 1fa22c2b5ebef5f8f09692d9ba1e5baa, type: 3}",-248771874,1fa22c2b5ebef5f8f09692d9ba1e5baa,Assets/Plugins/LeTai.TrueShadow.dll,0,"{x: 0, y: -0}",90,0,0,2,0,1,0
LevelManager,Assets/GameObject/LevelManager.prefab,LeTai.TrueShadow,1fa22c2b5ebef5f8f09692d9ba1e5baa,-248771874,0,[],0,"{r: 1, g: 1, b: 1, a: 0.6}",2,0,0,0,0,0,{fileID: 0},0,0,1,{fileID: 1849105174199405},1849105174199405,0,{fileID: 0},0,{fileID: 0},0,"{fileID: -248771874, guid: 1fa22c2b5ebef5f8f09692d9ba1e5baa, type: 3}",-248771874,1fa22c2b5ebef5f8f09692d9ba1e5baa,Assets/Plugins/LeTai.TrueShadow.dll,0,"{x: 0, y: -0}",90,0,0,2,0,1,0
LevelManager,Assets/GameObject/LevelManager.prefab,LeTai.TrueShadow,1fa22c2b5ebef5f8f09692d9ba1e5baa,-248771874,0,[],0,"{r: 1, g: 1, b: 1, a: 0.6}",2,0,0,0,0,0,{fileID: 0},0,0,1,{fileID: 1117922339996618},1117922339996618,0,{fileID: 0},0,{fileID: 0},0,"{fileID: -248771874, guid: 1fa22c2b5ebef5f8f09692d9ba1e5baa, type: 3}",-248771874,1fa22c2b5ebef5f8f09692d9ba1e5baa,Assets/Plugins/LeTai.TrueShadow.dll,0,"{x: 0, y: -0}",90,0,0,2,0,1,0
LevelManager,Assets/GameObject/LevelManager.prefab,LeTai.TrueShadow,1fa22c2b5ebef5f8f09692d9ba1e5baa,-248771874,0,[],0,"{r: 0, g: 0, b: 0, a: 0.6}",2,0,0,0,0,0,{fileID: 0},0,0,0,{fileID: 1208377859983969},1208377859983969,0,{fileID: 0},0,{fileID: 0},0,"{fileID: -248771874, guid: 1fa22c2b5ebef5f8f09692d9ba1e5baa, type: 3}",-248771874,1fa22c2b5ebef5f8f09692d9ba1e5baa,Assets/Plugins/LeTai.TrueShadow.dll,0,"{x: 1.7881396E-07, y: -3}",90,3,0,6,0,1,0
LevelManager,Assets/GameObject/LevelManager.prefab,LeTai.TrueShadow,1fa22c2b5ebef5f8f09692d9ba1e5baa,-248771874,0,[],0,"{r: 0, g: 0, b: 0, a: 0.6}",2,0,0,0,0,0,{fileID: 0},0,0,0,{fileID: 1152178743243604},1152178743243604,0,{fileID: 0},0,{fileID: 0},0,"{fileID: -248771874, guid: 1fa22c2b5ebef5f8f09692d9ba1e5baa, type: 3}",-248771874,1fa22c2b5ebef5f8f09692d9ba1e5baa,Assets/Plugins/LeTai.TrueShadow.dll,0,"{x: 1.4142134, y: -1.4142137}",45,2,0,8,0,1,0
LevelManager,Assets/GameObject/LevelManager.prefab,LeTai.TrueShadow,1fa22c2b5ebef5f8f09692d9ba1e5baa,-248771874,0,[],0,"{r: 0, g: 0, b: 0, a: 0.72156864}",2,0,0,1,1,0,{fileID: 0},0,0,1,{fileID: 1681063012342284},1681063012342284,0,{fileID: 0},0,{fileID: 0},0,"{fileID: -248771874, guid: 1fa22c2b5ebef5f8f09692d9ba1e5baa, type: 3}",-248771874,1fa22c2b5ebef5f8f09692d9ba1e5baa,Assets/Plugins/LeTai.TrueShadow.dll,0,"{x: 5.9195232, y: -5.38138}",42.273666,8,0,3,0.5,1,0
LevelManager,Assets/GameObject/LevelManager.prefab,LeTai.TrueShadow,1fa22c2b5ebef5f8f09692d9ba1e5baa,-248771874,0,[],0,"{r: 1, g: 1, b: 1, a: 1}",2,0,0,1,0,0,{fileID: 0},0,0,1,{fileID: 1901506396102944},1901506396102944,0,{fileID: 0},0,{fileID: 0},0,"{fileID: -248771874, guid: 1fa22c2b5ebef5f8f09692d9ba1e5baa, type: 3}",-248771874,1fa22c2b5ebef5f8f09692d9ba1e5baa,Assets/Plugins/LeTai.TrueShadow.dll,0,"{x: 0, y: -0}",90,0,0,1,0,1,0
LevelManager,Assets/GameObject/LevelManager.prefab,LeTai.TrueShadow,1fa22c2b5ebef5f8f09692d9ba1e5baa,-248771874,0,[],0,"{r: 1, g: 1, b: 1, a: 0.6}",2,0,0,0,0,0,{fileID: 0},0,0,1,{fileID: 1977700299386524},1977700299386524,0,{fileID: 0},0,{fileID: 0},0,"{fileID: -248771874, guid: 1fa22c2b5ebef5f8f09692d9ba1e5baa, type: 3}",-248771874,1fa22c2b5ebef5f8f09692d9ba1e5baa,Assets/Plugins/LeTai.TrueShadow.dll,0,"{x: 0, y: -0}",90,0,0,2,0,1,0
LevelManager,Assets/GameObject/LevelManager.prefab,LeTai.TrueShadow,1fa22c2b5ebef5f8f09692d9ba1e5baa,-248771874,0,[],0,"{r: 1, g: 1, b: 1, a: 0.6}",2,0,0,0,0,0,{fileID: 0},0,0,1,{fileID: 1315048427549314},1315048427549314,0,{fileID: 0},0,{fileID: 0},0,"{fileID: -248771874, guid: 1fa22c2b5ebef5f8f09692d9ba1e5baa, type: 3}",-248771874,1fa22c2b5ebef5f8f09692d9ba1e5baa,Assets/Plugins/LeTai.TrueShadow.dll,0,"{x: 0, y: -0}",90,0,0,2,0,1,0
LevelManager,Assets/GameObject/LevelManager.prefab,LeTai.TrueShadow,1fa22c2b5ebef5f8f09692d9ba1e5baa,-248771874,0,[],0,"{r: 1, g: 1, b: 1, a: 0.6}",2,0,0,0,0,0,{fileID: 0},0,0,1,{fileID: 1087461448251644},1087461448251644,0,{fileID: 0},0,{fileID: 0},0,"{fileID: -248771874, guid: 1fa22c2b5ebef5f8f09692d9ba1e5baa, type: 3}",-248771874,1fa22c2b5ebef5f8f09692d9ba1e5baa,Assets/Plugins/LeTai.TrueShadow.dll,0,"{x: 0, y: -0}",90,0,0,2,0,1,0
LevelManager,Assets/GameObject/LevelManager.prefab,LeTai.TrueShadow,1fa22c2b5ebef5f8f09692d9ba1e5baa,-248771874,0,[],0,"{r: 0, g: 0, b: 0, a: 0.6}",2,0,0,0,0,0,{fileID: 0},0,0,0,{fileID: 1868941042051169},1868941042051169,0,{fileID: 0},0,{fileID: 0},0,"{fileID: -248771874, guid: 1fa22c2b5ebef5f8f09692d9ba1e5baa, type: 3}",-248771874,1fa22c2b5ebef5f8f09692d9ba1e5baa,Assets/Plugins/LeTai.TrueShadow.dll,0,"{x: 1.7881396E-07, y: -3}",90,3,0,6,0,1,0
LevelManager,Assets/GameObject/LevelManager.prefab,LeTai.TrueShadow,1fa22c2b5ebef5f8f09692d9ba1e5baa,-248771874,0,[],0,"{r: 0, g: 0, b: 0, a: 0.6}",2,0,0,0,0,0,{fileID: 0},0,0,0,{fileID: 1906726141914972},1906726141914972,0,{fileID: 0},0,{fileID: 0},0,"{fileID: -248771874, guid: 1fa22c2b5ebef5f8f09692d9ba1e5baa, type: 3}",-248771874,1fa22c2b5ebef5f8f09692d9ba1e5baa,Assets/Plugins/LeTai.TrueShadow.dll,0,"{x: 1.4142134, y: -1.4142137}",45,2,0,8,0,1,0
LevelManager,Assets/GameObject/LevelManager.prefab,LeTai.TrueShadow,1fa22c2b5ebef5f8f09692d9ba1e5baa,-248771874,0,[],0,"{r: 0, g: 0, b: 0, a: 0.72156864}",2,0,0,1,1,0,{fileID: 0},0,0,1,{fileID: 1820827699691506},1820827699691506,0,{fileID: 0},0,{fileID: 0},0,"{fileID: -248771874, guid: 1fa22c2b5ebef5f8f09692d9ba1e5baa, type: 3}",-248771874,1fa22c2b5ebef5f8f09692d9ba1e5baa,Assets/Plugins/LeTai.TrueShadow.dll,0,"{x: 5.9195232, y: -5.38138}",42.273666,8,0,3,0.5,1,0
LevelManager,Assets/GameObject/LevelManager.prefab,LeTai.TrueShadow,1fa22c2b5ebef5f8f09692d9ba1e5baa,-248771874,0,[],0,"{r: 1, g: 1, b: 1, a: 1}",2,0,0,1,0,0,{fileID: 0},0,0,1,{fileID: 1539178490205707},1539178490205707,0,{fileID: 0},0,{fileID: 0},0,"{fileID: -248771874, guid: 1fa22c2b5ebef5f8f09692d9ba1e5baa, type: 3}",-248771874,1fa22c2b5ebef5f8f09692d9ba1e5baa,Assets/Plugins/LeTai.TrueShadow.dll,0,"{x: 0, y: -0}",90,0,0,1,0,1,0
LevelManager,Assets/GameObject/LevelManager.prefab,LeTai.TrueShadow,1fa22c2b5ebef5f8f09692d9ba1e5baa,-248771874,0,[],0,"{r: 1, g: 1, b: 1, a: 0.6}",2,0,0,0,0,0,{fileID: 0},0,0,1,{fileID: 1351750447235273},1351750447235273,0,{fileID: 0},0,{fileID: 0},0,"{fileID: -248771874, guid: 1fa22c2b5ebef5f8f09692d9ba1e5baa, type: 3}",-248771874,1fa22c2b5ebef5f8f09692d9ba1e5baa,Assets/Plugins/LeTai.TrueShadow.dll,0,"{x: 0, y: -0}",90,0,0,2,0,1,0
LevelManager,Assets/GameObject/LevelManager.prefab,LeTai.TrueShadow,1fa22c2b5ebef5f8f09692d9ba1e5baa,-248771874,0,[],0,"{r: 1, g: 1, b: 1, a: 0.6}",2,0,0,0,0,0,{fileID: 0},0,0,1,{fileID: 1521168977747519},1521168977747519,0,{fileID: 0},0,{fileID: 0},0,"{fileID: -248771874, guid: 1fa22c2b5ebef5f8f09692d9ba1e5baa, type: 3}",-248771874,1fa22c2b5ebef5f8f09692d9ba1e5baa,Assets/Plugins/LeTai.TrueShadow.dll,0,"{x: 0, y: -0}",90,0,0,2,0,1,0
LevelManager,Assets/GameObject/LevelManager.prefab,LeTai.TrueShadow,1fa22c2b5ebef5f8f09692d9ba1e5baa,-248771874,0,[],0,"{r: 1, g: 1, b: 1, a: 0.6}",2,0,0,0,0,0,{fileID: 0},0,0,1,{fileID: 1371599889829161},1371599889829161,0,{fileID: 0},0,{fileID: 0},0,"{fileID: -248771874, guid: 1fa22c2b5ebef5f8f09692d9ba1e5baa, type: 3}",-248771874,1fa22c2b5ebef5f8f09692d9ba1e5baa,Assets/Plugins/LeTai.TrueShadow.dll,0,"{x: 0, y: -0}",90,0,0,2,0,1,0
LevelManager,Assets/GameObject/LevelManager.prefab,LeTai.TrueShadow,1fa22c2b5ebef5f8f09692d9ba1e5baa,-248771874,0,[],0,"{r: 0, g: 0, b: 0, a: 0.6}",2,0,0,0,0,0,{fileID: 0},0,0,0,{fileID: 1882478582866555},1882478582866555,0,{fileID: 0},0,{fileID: 0},0,"{fileID: -248771874, guid: 1fa22c2b5ebef5f8f09692d9ba1e5baa, type: 3}",-248771874,1fa22c2b5ebef5f8f09692d9ba1e5baa,Assets/Plugins/LeTai.TrueShadow.dll,0,"{x: 1.7881396E-07, y: -3}",90,3,0,6,0,1,0
LevelManager,Assets/GameObject/LevelManager.prefab,LeTai.TrueShadow,1fa22c2b5ebef5f8f09692d9ba1e5baa,-248771874,0,[],0,"{r: 0, g: 0, b: 0, a: 0.6}",2,0,0,0,0,0,{fileID: 0},0,0,0,{fileID: 1294397266331299},1294397266331299,0,{fileID: 0},0,{fileID: 0},0,"{fileID: -248771874, guid: 1fa22c2b5ebef5f8f09692d9ba1e5baa, type: 3}",-248771874,1fa22c2b5ebef5f8f09692d9ba1e5baa,Assets/Plugins/LeTai.TrueShadow.dll,0,"{x: 1.4142134, y: -1.4142137}",45,2,0,8,0,1,0
LevelManager,Assets/GameObject/LevelManager.prefab,LeTai.TrueShadow,1fa22c2b5ebef5f8f09692d9ba1e5baa,-248771874,0,[],0,"{r: 0, g: 0, b: 0, a: 0.72156864}",2,0,0,1,1,0,{fileID: 0},0,0,1,{fileID: 1214895088392695},1214895088392695,0,{fileID: 0},0,{fileID: 0},0,"{fileID: -248771874, guid: 1fa22c2b5ebef5f8f09692d9ba1e5baa, type: 3}",-248771874,1fa22c2b5ebef5f8f09692d9ba1e5baa,Assets/Plugins/LeTai.TrueShadow.dll,0,"{x: 5.9195232, y: -5.38138}",42.273666,8,0,3,0.5,1,0
LevelManager,Assets/GameObject/LevelManager.prefab,LeTai.TrueShadow,1fa22c2b5ebef5f8f09692d9ba1e5baa,-248771874,0,[],0,"{r: 1, g: 1, b: 1, a: 1}",2,0,0,1,0,0,{fileID: 0},0,0,1,{fileID: 1558131989293265},1558131989293265,0,{fileID: 0},0,{fileID: 0},0,"{fileID: -248771874, guid: 1fa22c2b5ebef5f8f09692d9ba1e5baa, type: 3}",-248771874,1fa22c2b5ebef5f8f09692d9ba1e5baa,Assets/Plugins/LeTai.TrueShadow.dll,0,"{x: 0, y: -0}",90,0,0,1,0,1,0
LevelManager,Assets/GameObject/LevelManager.prefab,LeTai.TrueShadow,1fa22c2b5ebef5f8f09692d9ba1e5baa,-248771874,0,[],0,"{r: 1, g: 1, b: 1, a: 0.6}",2,0,0,0,0,0,{fileID: 0},0,0,1,{fileID: 1307307796207878},1307307796207878,0,{fileID: 0},0,{fileID: 0},0,"{fileID: -248771874, guid: 1fa22c2b5ebef5f8f09692d9ba1e5baa, type: 3}",-248771874,1fa22c2b5ebef5f8f09692d9ba1e5baa,Assets/Plugins/LeTai.TrueShadow.dll,0,"{x: 0, y: -0}",90,0,0,2,0,1,0
LevelManager,Assets/GameObject/LevelManager.prefab,LeTai.TrueShadow,1fa22c2b5ebef5f8f09692d9ba1e5baa,-248771874,0,[],0,"{r: 1, g: 1, b: 1, a: 0.6}",2,0,0,0,0,0,{fileID: 0},0,0,1,{fileID: 1807737206651152},1807737206651152,0,{fileID: 0},0,{fileID: 0},0,"{fileID: -248771874, guid: 1fa22c2b5ebef5f8f09692d9ba1e5baa, type: 3}",-248771874,1fa22c2b5ebef5f8f09692d9ba1e5baa,Assets/Plugins/LeTai.TrueShadow.dll,0,"{x: 0, y: -0}",90,0,0,2,0,1,0
LevelManager,Assets/GameObject/LevelManager.prefab,LeTai.TrueShadow,1fa22c2b5ebef5f8f09692d9ba1e5baa,-248771874,0,[],0,"{r: 1, g: 1, b: 1, a: 0.6}",2,0,0,0,0,0,{fileID: 0},0,0,1,{fileID: 1608534772802429},1608534772802429,0,{fileID: 0},0,{fileID: 0},0,"{fileID: -248771874, guid: 1fa22c2b5ebef5f8f09692d9ba1e5baa, type: 3}",-248771874,1fa22c2b5ebef5f8f09692d9ba1e5baa,Assets/Plugins/LeTai.TrueShadow.dll,0,"{x: 0, y: -0}",90,0,0,2,0,1,0
LevelManager,Assets/GameObject/LevelManager.prefab,LeTai.TrueShadow,1fa22c2b5ebef5f8f09692d9ba1e5baa,-248771874,0,[],0,"{r: 0, g: 0, b: 0, a: 0.6}",2,0,0,0,0,0,{fileID: 0},0,0,0,{fileID: 1954538752349412},1954538752349412,0,{fileID: 0},0,{fileID: 0},0,"{fileID: -248771874, guid: 1fa22c2b5ebef5f8f09692d9ba1e5baa, type: 3}",-248771874,1fa22c2b5ebef5f8f09692d9ba1e5baa,Assets/Plugins/LeTai.TrueShadow.dll,0,"{x: 1.7881396E-07, y: -3}",90,3,0,6,0,1,0
LevelManager,Assets/GameObject/LevelManager.prefab,LeTai.TrueShadow,1fa22c2b5ebef5f8f09692d9ba1e5baa,-248771874,0,[],0,"{r: 0, g: 0, b: 0, a: 0.6}",2,0,0,0,0,0,{fileID: 0},0,0,0,{fileID: 1435098454530235},1435098454530235,0,{fileID: 0},0,{fileID: 0},0,"{fileID: -248771874, guid: 1fa22c2b5ebef5f8f09692d9ba1e5baa, type: 3}",-248771874,1fa22c2b5ebef5f8f09692d9ba1e5baa,Assets/Plugins/LeTai.TrueShadow.dll,0,"{x: 1.4142134, y: -1.4142137}",45,2,0,8,0,1,0
LevelManager,Assets/GameObject/LevelManager.prefab,LeTai.TrueShadow,1fa22c2b5ebef5f8f09692d9ba1e5baa,-248771874,0,[],0,"{r: 0, g: 0, b: 0, a: 0.72156864}",2,0,0,1,1,0,{fileID: 0},0,0,1,{fileID: 1498707777038603},1498707777038603,0,{fileID: 0},0,{fileID: 0},0,"{fileID: -248771874, guid: 1fa22c2b5ebef5f8f09692d9ba1e5baa, type: 3}",-248771874,1fa22c2b5ebef5f8f09692d9ba1e5baa,Assets/Plugins/LeTai.TrueShadow.dll,0,"{x: 5.9195232, y: -5.38138}",42.273666,8,0,3,0.5,1,0
LevelManager,Assets/GameObject/LevelManager.prefab,LeTai.TrueShadow,1fa22c2b5ebef5f8f09692d9ba1e5baa,-248771874,0,[],0,"{r: 1, g: 1, b: 1, a: 1}",2,0,0,1,0,0,{fileID: 0},0,0,1,{fileID: 1425230409366895},1425230409366895,0,{fileID: 0},0,{fileID: 0},0,"{fileID: -248771874, guid: 1fa22c2b5ebef5f8f09692d9ba1e5baa, type: 3}",-248771874,1fa22c2b5ebef5f8f09692d9ba1e5baa,Assets/Plugins/LeTai.TrueShadow.dll,0,"{x: 0, y: -0}",90,0,0,1,0,1,0
LevelManager,Assets/GameObject/LevelManager.prefab,LeTai.TrueShadow,1fa22c2b5ebef5f8f09692d9ba1e5baa,-248771874,0,[],0,"{r: 1, g: 1, b: 1, a: 0.6}",2,0,0,0,0,0,{fileID: 0},0,0,1,{fileID: 1636319168770041},1636319168770041,0,{fileID: 0},0,{fileID: 0},0,"{fileID: -248771874, guid: 1fa22c2b5ebef5f8f09692d9ba1e5baa, type: 3}",-248771874,1fa22c2b5ebef5f8f09692d9ba1e5baa,Assets/Plugins/LeTai.TrueShadow.dll,0,"{x: 0, y: -0}",90,0,0,2,0,1,0
LevelManager,Assets/GameObject/LevelManager.prefab,LeTai.TrueShadow,1fa22c2b5ebef5f8f09692d9ba1e5baa,-248771874,0,[],0,"{r: 1, g: 1, b: 1, a: 0.6}",2,0,0,0,0,0,{fileID: 0},0,0,1,{fileID: 1297246590366254},1297246590366254,0,{fileID: 0},0,{fileID: 0},0,"{fileID: -248771874, guid: 1fa22c2b5ebef5f8f09692d9ba1e5baa, type: 3}",-248771874,1fa22c2b5ebef5f8f09692d9ba1e5baa,Assets/Plugins/LeTai.TrueShadow.dll,0,"{x: 0, y: -0}",90,0,0,2,0,1,0
LevelManager,Assets/GameObject/LevelManager.prefab,LeTai.TrueShadow,1fa22c2b5ebef5f8f09692d9ba1e5baa,-248771874,0,[],0,"{r: 1, g: 1, b: 1, a: 0.6}",2,0,0,0,0,0,{fileID: 0},0,0,1,{fileID: 1087947941635021},1087947941635021,0,{fileID: 0},0,{fileID: 0},0,"{fileID: -248771874, guid: 1fa22c2b5ebef5f8f09692d9ba1e5baa, type: 3}",-248771874,1fa22c2b5ebef5f8f09692d9ba1e5baa,Assets/Plugins/LeTai.TrueShadow.dll,0,"{x: 0, y: -0}",90,0,0,2,0,1,0
LevelManager,Assets/GameObject/LevelManager.prefab,LeTai.TrueShadow,1fa22c2b5ebef5f8f09692d9ba1e5baa,-248771874,0,[],0,"{r: 0, g: 0, b: 0, a: 0.6}",2,0,0,0,0,0,{fileID: 0},0,0,0,{fileID: 1384951775144772},1384951775144772,0,{fileID: 0},0,{fileID: 0},0,"{fileID: -248771874, guid: 1fa22c2b5ebef5f8f09692d9ba1e5baa, type: 3}",-248771874,1fa22c2b5ebef5f8f09692d9ba1e5baa,Assets/Plugins/LeTai.TrueShadow.dll,0,"{x: 1.7881396E-07, y: -3}",90,3,0,6,0,1,0
LevelManager,Assets/GameObject/LevelManager.prefab,LeTai.TrueShadow,1fa22c2b5ebef5f8f09692d9ba1e5baa,-248771874,0,[],0,"{r: 0, g: 0, b: 0, a: 0.6}",2,0,0,0,0,0,{fileID: 0},0,0,0,{fileID: 1648028025437998},1648028025437998,0,{fileID: 0},0,{fileID: 0},0,"{fileID: -248771874, guid: 1fa22c2b5ebef5f8f09692d9ba1e5baa, type: 3}",-248771874,1fa22c2b5ebef5f8f09692d9ba1e5baa,Assets/Plugins/LeTai.TrueShadow.dll,0,"{x: 1.4142134, y: -1.4142137}",45,2,0,8,0,1,0
LevelManager,Assets/GameObject/LevelManager.prefab,LeTai.TrueShadow,1fa22c2b5ebef5f8f09692d9ba1e5baa,-248771874,0,[],0,"{r: 0, g: 0, b: 0, a: 0.72156864}",2,0,0,1,1,0,{fileID: 0},0,0,1,{fileID: 1988205443896633},1988205443896633,0,{fileID: 0},0,{fileID: 0},0,"{fileID: -248771874, guid: 1fa22c2b5ebef5f8f09692d9ba1e5baa, type: 3}",-248771874,1fa22c2b5ebef5f8f09692d9ba1e5baa,Assets/Plugins/LeTai.TrueShadow.dll,0,"{x: 5.9195232, y: -5.38138}",42.273666,8,0,3,0.5,1,0
LevelManager,Assets/GameObject/LevelManager.prefab,LeTai.TrueShadow,1fa22c2b5ebef5f8f09692d9ba1e5baa,-248771874,0,[],0,"{r: 1, g: 1, b: 1, a: 1}",2,0,0,1,0,0,{fileID: 0},0,0,1,{fileID: 1272557915470910},1272557915470910,0,{fileID: 0},0,{fileID: 0},0,"{fileID: -248771874, guid: 1fa22c2b5ebef5f8f09692d9ba1e5baa, type: 3}",-248771874,1fa22c2b5ebef5f8f09692d9ba1e5baa,Assets/Plugins/LeTai.TrueShadow.dll,0,"{x: 0, y: -0}",90,0,0,1,0,1,0
LevelManager,Assets/GameObject/LevelManager.prefab,LeTai.TrueShadow,1fa22c2b5ebef5f8f09692d9ba1e5baa,-248771874,0,[],0,"{r: 1, g: 1, b: 1, a: 0.6}",2,0,0,0,0,0,{fileID: 0},0,0,1,{fileID: 1892127498541055},1892127498541055,0,{fileID: 0},0,{fileID: 0},0,"{fileID: -248771874, guid: 1fa22c2b5ebef5f8f09692d9ba1e5baa, type: 3}",-248771874,1fa22c2b5ebef5f8f09692d9ba1e5baa,Assets/Plugins/LeTai.TrueShadow.dll,0,"{x: 0, y: -0}",90,0,0,2,0,1,0
LevelManager,Assets/GameObject/LevelManager.prefab,LeTai.TrueShadow,1fa22c2b5ebef5f8f09692d9ba1e5baa,-248771874,0,[],0,"{r: 1, g: 1, b: 1, a: 0.6}",2,0,0,0,0,0,{fileID: 0},0,0,1,{fileID: 1981671582418095},1981671582418095,0,{fileID: 0},0,{fileID: 0},0,"{fileID: -248771874, guid: 1fa22c2b5ebef5f8f09692d9ba1e5baa, type: 3}",-248771874,1fa22c2b5ebef5f8f09692d9ba1e5baa,Assets/Plugins/LeTai.TrueShadow.dll,0,"{x: 0, y: -0}",90,0,0,2,0,1,0
LevelManager,Assets/GameObject/LevelManager.prefab,LeTai.TrueShadow,1fa22c2b5ebef5f8f09692d9ba1e5baa,-248771874,0,[],0,"{r: 1, g: 1, b: 1, a: 0.6}",2,0,0,0,0,0,{fileID: 0},0,0,1,{fileID: 1863687607198194},1863687607198194,0,{fileID: 0},0,{fileID: 0},0,"{fileID: -248771874, guid: 1fa22c2b5ebef5f8f09692d9ba1e5baa, type: 3}",-248771874,1fa22c2b5ebef5f8f09692d9ba1e5baa,Assets/Plugins/LeTai.TrueShadow.dll,0,"{x: 0, y: -0}",90,0,0,2,0,1,0
LevelManager,Assets/GameObject/LevelManager.prefab,LeTai.TrueShadow,1fa22c2b5ebef5f8f09692d9ba1e5baa,-248771874,0,[],0,"{r: 0, g: 0, b: 0, a: 0.6}",2,0,0,0,0,0,{fileID: 0},0,0,0,{fileID: 1697469716714674},1697469716714674,0,{fileID: 0},0,{fileID: 0},0,"{fileID: -248771874, guid: 1fa22c2b5ebef5f8f09692d9ba1e5baa, type: 3}",-248771874,1fa22c2b5ebef5f8f09692d9ba1e5baa,Assets/Plugins/LeTai.TrueShadow.dll,0,"{x: 1.7881396E-07, y: -3}",90,3,0,6,0,1,0
LevelManager,Assets/GameObject/LevelManager.prefab,LeTai.TrueShadow,1fa22c2b5ebef5f8f09692d9ba1e5baa,-248771874,0,[],0,"{r: 0, g: 0, b: 0, a: 0.6}",2,0,0,0,0,0,{fileID: 0},0,0,0,{fileID: 1221391913550197},1221391913550197,0,{fileID: 0},0,{fileID: 0},0,"{fileID: -248771874, guid: 1fa22c2b5ebef5f8f09692d9ba1e5baa, type: 3}",-248771874,1fa22c2b5ebef5f8f09692d9ba1e5baa,Assets/Plugins/LeTai.TrueShadow.dll,0,"{x: 1.4142134, y: -1.4142137}",45,2,0,8,0,1,0
LevelManager,Assets/GameObject/LevelManager.prefab,LeTai.TrueShadow,1fa22c2b5ebef5f8f09692d9ba1e5baa,-248771874,0,[],0,"{r: 0, g: 0, b: 0, a: 0.72156864}",2,0,0,1,1,0,{fileID: 0},0,0,1,{fileID: 1903485872746456},1903485872746456,0,{fileID: 0},0,{fileID: 0},0,"{fileID: -248771874, guid: 1fa22c2b5ebef5f8f09692d9ba1e5baa, type: 3}",-248771874,1fa22c2b5ebef5f8f09692d9ba1e5baa,Assets/Plugins/LeTai.TrueShadow.dll,0,"{x: 5.9195232, y: -5.38138}",42.273666,8,0,3,0.5,1,0
LevelManager,Assets/GameObject/LevelManager.prefab,LeTai.TrueShadow,1fa22c2b5ebef5f8f09692d9ba1e5baa,-248771874,0,[],0,"{r: 1, g: 1, b: 1, a: 1}",2,0,0,1,0,0,{fileID: 0},0,0,1,{fileID: 1177361675382820},1177361675382820,0,{fileID: 0},0,{fileID: 0},0,"{fileID: -248771874, guid: 1fa22c2b5ebef5f8f09692d9ba1e5baa, type: 3}",-248771874,1fa22c2b5ebef5f8f09692d9ba1e5baa,Assets/Plugins/LeTai.TrueShadow.dll,0,"{x: 0, y: -0}",90,0,0,1,0,1,0
LevelManager,Assets/GameObject/LevelManager.prefab,LeTai.TrueShadow,1fa22c2b5ebef5f8f09692d9ba1e5baa,-248771874,0,[],0,"{r: 1, g: 1, b: 1, a: 0.6}",2,0,0,0,0,0,{fileID: 0},0,0,1,{fileID: 1939540525463652},1939540525463652,0,{fileID: 0},0,{fileID: 0},0,"{fileID: -248771874, guid: 1fa22c2b5ebef5f8f09692d9ba1e5baa, type: 3}",-248771874,1fa22c2b5ebef5f8f09692d9ba1e5baa,Assets/Plugins/LeTai.TrueShadow.dll,0,"{x: 0, y: -0}",90,0,0,2,0,1,0
LevelManager,Assets/GameObject/LevelManager.prefab,LeTai.TrueShadow,1fa22c2b5ebef5f8f09692d9ba1e5baa,-248771874,0,[],0,"{r: 1, g: 1, b: 1, a: 0.6}",2,0,0,0,0,0,{fileID: 0},0,0,1,{fileID: 1116458943025081},1116458943025081,0,{fileID: 0},0,{fileID: 0},0,"{fileID: -248771874, guid: 1fa22c2b5ebef5f8f09692d9ba1e5baa, type: 3}",-248771874,1fa22c2b5ebef5f8f09692d9ba1e5baa,Assets/Plugins/LeTai.TrueShadow.dll,0,"{x: 0, y: -0}",90,0,0,2,0,1,0
LevelManager,Assets/GameObject/LevelManager.prefab,LeTai.TrueShadow,1fa22c2b5ebef5f8f09692d9ba1e5baa,-248771874,0,[],0,"{r: 1, g: 1, b: 1, a: 0.6}",2,0,0,0,0,0,{fileID: 0},0,0,1,{fileID: 1449910829403508},1449910829403508,0,{fileID: 0},0,{fileID: 0},0,"{fileID: -248771874, guid: 1fa22c2b5ebef5f8f09692d9ba1e5baa, type: 3}",-248771874,1fa22c2b5ebef5f8f09692d9ba1e5baa,Assets/Plugins/LeTai.TrueShadow.dll,0,"{x: 0, y: -0}",90,0,0,2,0,1,0
LevelManager,Assets/GameObject/LevelManager.prefab,LeTai.TrueShadow,1fa22c2b5ebef5f8f09692d9ba1e5baa,-248771874,0,[],0,"{r: 0, g: 0, b: 0, a: 0.6}",2,0,0,0,0,0,{fileID: 0},0,0,0,{fileID: 1313031281232971},1313031281232971,0,{fileID: 0},0,{fileID: 0},0,"{fileID: -248771874, guid: 1fa22c2b5ebef5f8f09692d9ba1e5baa, type: 3}",-248771874,1fa22c2b5ebef5f8f09692d9ba1e5baa,Assets/Plugins/LeTai.TrueShadow.dll,0,"{x: 1.7881396E-07, y: -3}",90,3,0,6,0,1,0
LevelManager,Assets/GameObject/LevelManager.prefab,LeTai.TrueShadow,1fa22c2b5ebef5f8f09692d9ba1e5baa,-248771874,0,[],0,"{r: 1, g: 0.4198113, b: 0.4198113, a: 0.49803922}",2,0,0,1,0,0,{fileID: 0},0,0,0,{fileID: 1994536720195700},1994536720195700,0,{fileID: 0},0,{fileID: 0},0,"{fileID: -248771874, guid: 1fa22c2b5ebef5f8f09692d9ba1e5baa, type: 3}",-248771874,1fa22c2b5ebef5f8f09692d9ba1e5baa,Assets/Plugins/LeTai.TrueShadow.dll,0,"{x: 0, y: -0}",45,0,0,10,0,1,0
LevelManager,Assets/GameObject/LevelManager.prefab,LeTai.TrueShadow,1fa22c2b5ebef5f8f09692d9ba1e5baa,-248771874,0,[],0,"{r: 1, g: 1, b: 1, a: 0.25490198}",2,0,0,0,0,0,{fileID: 0},0,0,0,{fileID: 1409788755482699},1409788755482699,0,{fileID: 0},0,{fileID: 0},0,"{fileID: -248771874, guid: 1fa22c2b5ebef5f8f09692d9ba1e5baa, type: 3}",-248771874,1fa22c2b5ebef5f8f09692d9ba1e5baa,Assets/Plugins/LeTai.TrueShadow.dll,0,"{x: 2.835498, y: -2.8354986}",45,4.01,0,3,0,1,0
LevelManager,Assets/GameObject/LevelManager.prefab,LeTai.TrueShadow,1fa22c2b5ebef5f8f09692d9ba1e5baa,-248771874,0,[],0,"{r: 0, g: 0, b: 0, a: 1}",0,0,0,0,0,0,{fileID: 0},0,0,1,{fileID: 1900375989249214},1900375989249214,0,{fileID: 0},0,{fileID: 0},0,"{fileID: -248771874, guid: 1fa22c2b5ebef5f8f09692d9ba1e5baa, type: 3}",-248771874,1fa22c2b5ebef5f8f09692d9ba1e5baa,Assets/Plugins/LeTai.TrueShadow.dll,0,"{x: 7.1525574E-07, y: -11.999999}",90,12,0,16,0,1,0
LevelManager,Assets/GameObject/LevelManager.prefab,LeTai.TrueShadow,1fa22c2b5ebef5f8f09692d9ba1e5baa,-248771874,0,[],0,"{r: 1, g: 1, b: 1, a: 1}",2,0,0,0,0,0,{fileID: 0},0,0,1,{fileID: 1169516704721133},1169516704721133,0,{fileID: 0},0,{fileID: 0},0,"{fileID: -248771874, guid: 1fa22c2b5ebef5f8f09692d9ba1e5baa, type: 3}",-248771874,1fa22c2b5ebef5f8f09692d9ba1e5baa,Assets/Plugins/LeTai.TrueShadow.dll,0,"{x: 1.192093E-07, y: 2}",270,2,0,3.4,0.197,1,0
LevelManager,Assets/GameObject/LevelManager.prefab,LeTai.TrueShadow,1fa22c2b5ebef5f8f09692d9ba1e5baa,-248771874,0,[],0,"{r: 1, g: 1, b: 1, a: 1}",2,0,0,0,0,0,{fileID: 0},0,0,1,{fileID: 1474967195175462},1474967195175462,0,{fileID: 0},0,{fileID: 0},0,"{fileID: -248771874, guid: 1fa22c2b5ebef5f8f09692d9ba1e5baa, type: 3}",-248771874,1fa22c2b5ebef5f8f09692d9ba1e5baa,Assets/Plugins/LeTai.TrueShadow.dll,0,"{x: 1.192093E-07, y: 2}",270,2,0,3.4,0.197,1,0
LevelManager,Assets/GameObject/LevelManager.prefab,LeTai.TrueShadow,1fa22c2b5ebef5f8f09692d9ba1e5baa,-248771874,0,[],0,"{r: 1, g: 0.4198113, b: 0.4198113, a: 0.49803922}",2,0,0,1,0,0,{fileID: 0},0,0,0,{fileID: 1577021688881064},1577021688881064,0,{fileID: 0},0,{fileID: 0},0,"{fileID: -248771874, guid: 1fa22c2b5ebef5f8f09692d9ba1e5baa, type: 3}",-248771874,1fa22c2b5ebef5f8f09692d9ba1e5baa,Assets/Plugins/LeTai.TrueShadow.dll,0,"{x: 0, y: -0}",45,0,0,10,0,1,0
LevelManager,Assets/GameObject/LevelManager.prefab,LeTai.TrueShadow,1fa22c2b5ebef5f8f09692d9ba1e5baa,-248771874,0,[],0,"{r: 1, g: 1, b: 1, a: 0.25490198}",2,0,0,0,0,0,{fileID: 0},0,0,0,{fileID: 1008071035124830},1008071035124830,0,{fileID: 0},0,{fileID: 0},0,"{fileID: -248771874, guid: 1fa22c2b5ebef5f8f09692d9ba1e5baa, type: 3}",-248771874,1fa22c2b5ebef5f8f09692d9ba1e5baa,Assets/Plugins/LeTai.TrueShadow.dll,0,"{x: 2.835498, y: -2.8354986}",45,4.01,0,3,0,1,0
LevelManager,Assets/GameObject/LevelManager.prefab,LeTai.TrueShadow,1fa22c2b5ebef5f8f09692d9ba1e5baa,-248771874,0,[],0,"{r: 0, g: 0, b: 0, a: 0.6}",2,0,0,0,0,0,{fileID: 0},0,0,1,{fileID: 1033913972068836},1033913972068836,0,{fileID: 0},0,{fileID: 0},0,"{fileID: -248771874, guid: 1fa22c2b5ebef5f8f09692d9ba1e5baa, type: 3}",-248771874,1fa22c2b5ebef5f8f09692d9ba1e5baa,Assets/Plugins/LeTai.TrueShadow.dll,0,"{x: 1.192093E-06, y: -20}",90,20,0,16,0,1,0
LevelManager,Assets/GameObject/LevelManager.prefab,LeTai.TrueShadow,1fa22c2b5ebef5f8f09692d9ba1e5baa,-248771874,0,[],0,"{r: 0, g: 0, b: 0, a: 0.6}",2,0,0,0,0,0,{fileID: 0},0,0,1,{fileID: 1917526029115367},1917526029115367,0,{fileID: 0},0,{fileID: 0},0,"{fileID: -248771874, guid: 1fa22c2b5ebef5f8f09692d9ba1e5baa, type: 3}",-248771874,1fa22c2b5ebef5f8f09692d9ba1e5baa,Assets/Plugins/LeTai.TrueShadow.dll,0,"{x: 2.9802325E-07, y: -5}",90,5,0,10,0,1,0
LevelManager,Assets/GameObject/LevelManager.prefab,LeTai.TrueShadow,1fa22c2b5ebef5f8f09692d9ba1e5baa,-248771874,0,[],0,"{r: 0, g: 0, b: 0, a: 1}",2,0,0,0,1,0,{fileID: 0},0,0,1,{fileID: 1100043299350692},1100043299350692,0,{fileID: 0},0,{fileID: 0},0,"{fileID: -248771874, guid: 1fa22c2b5ebef5f8f09692d9ba1e5baa, type: 3}",-248771874,1fa22c2b5ebef5f8f09692d9ba1e5baa,Assets/Plugins/LeTai.TrueShadow.dll,0,"{x: 1.796051, y: -1.7960513}",45,2.54,0,4,0,1,0
LevelManager,Assets/GameObject/LevelManager.prefab,LeTai.TrueShadow,1fa22c2b5ebef5f8f09692d9ba1e5baa,-248771874,0,[],0,"{r: 0, g: 0, b: 0, a: 0.6}",2,0,0,0,0,0,{fileID: 0},0,0,1,{fileID: 1759570249355680},1759570249355680,0,{fileID: 0},0,{fileID: 0},0,"{fileID: -248771874, guid: 1fa22c2b5ebef5f8f09692d9ba1e5baa, type: 3}",-248771874,1fa22c2b5ebef5f8f09692d9ba1e5baa,Assets/Plugins/LeTai.TrueShadow.dll,0,"{x: 2.9802325E-07, y: -5}",90,5,0,10,0,1,0
LevelManager,Assets/GameObject/LevelManager.prefab,LeTai.TrueShadow,1fa22c2b5ebef5f8f09692d9ba1e5baa,-248771874,0,[],0,"{r: 0, g: 0, b: 0, a: 1}",2,0,0,1,1,1,{fileID: 0},0,0,1,{fileID: 1742004666337152},1742004666337152,0,{fileID: 0},0,{fileID: 0},0,"{fileID: -248771874, guid: 1fa22c2b5ebef5f8f09692d9ba1e5baa, type: 3}",-248771874,1fa22c2b5ebef5f8f09692d9ba1e5baa,Assets/Plugins/LeTai.TrueShadow.dll,0,"{x: 0, y: -0}",90,0,0,90,0,1,0
LevelManager,Assets/GameObject/LevelManager.prefab,LeTai.TrueShadow,1fa22c2b5ebef5f8f09692d9ba1e5baa,-248771874,0,[],1,"{r: 1, g: 0.21226418, b: 0.21226418, a: 1}",2,0,0,1,0,0,{fileID: 0},0,0,1,{fileID: 1026011278095455},1026011278095455,0,{fileID: 0},0,{fileID: 0},0,"{fileID: -248771874, guid: 1fa22c2b5ebef5f8f09692d9ba1e5baa, type: 3}",-248771874,1fa22c2b5ebef5f8f09692d9ba1e5baa,Assets/Plugins/LeTai.TrueShadow.dll,0,"{x: 0, y: -0}",90,0,0,4,0.203,0,0
LevelManager,Assets/GameObject/LevelManager.prefab,LeTai.TrueShadow,1fa22c2b5ebef5f8f09692d9ba1e5baa,-248771874,0,[],0,"{r: 0, g: 0, b: 0, a: 0.6}",2,0,0,0,0,0,{fileID: 0},0,0,1,{fileID: 1933236481284383},1933236481284383,0,{fileID: 0},0,{fileID: 0},0,"{fileID: -248771874, guid: 1fa22c2b5ebef5f8f09692d9ba1e5baa, type: 3}",-248771874,1fa22c2b5ebef5f8f09692d9ba1e5baa,Assets/Plugins/LeTai.TrueShadow.dll,0,"{x: 5.6568537, y: -5.6568546}",45,8,0,15,0,1,0
LevelManager,Assets/GameObject/LevelManager.prefab,LeTai.TrueShadow,1fa22c2b5ebef5f8f09692d9ba1e5baa,-248771874,0,[],0,"{r: 0, g: 0, b: 0, a: 0.6}",2,0,0,0,0,0,{fileID: 0},0,0,1,{fileID: 1734940460466837},1734940460466837,0,{fileID: 0},0,{fileID: 0},0,"{fileID: -248771874, guid: 1fa22c2b5ebef5f8f09692d9ba1e5baa, type: 3}",-248771874,1fa22c2b5ebef5f8f09692d9ba1e5baa,Assets/Plugins/LeTai.TrueShadow.dll,0,"{x: 1.192093E-06, y: -20}",90,20,0,16,0,1,0
LevelManager,Assets/GameObject/LevelManager.prefab,LeTai.TrueShadow,1fa22c2b5ebef5f8f09692d9ba1e5baa,-248771874,0,[],0,"{r: 0, g: 0, b: 0, a: 0.6}",2,0,0,0,0,0,{fileID: 0},0,0,1,{fileID: 1974347711988683},1974347711988683,0,{fileID: 0},0,{fileID: 0},0,"{fileID: -248771874, guid: 1fa22c2b5ebef5f8f09692d9ba1e5baa, type: 3}",-248771874,1fa22c2b5ebef5f8f09692d9ba1e5baa,Assets/Plugins/LeTai.TrueShadow.dll,0,"{x: 2.9802325E-07, y: -5}",90,5,0,10,0,1,0
LevelManager,Assets/GameObject/LevelManager.prefab,LeTai.TrueShadow,1fa22c2b5ebef5f8f09692d9ba1e5baa,-248771874,0,[],0,"{r: 0, g: 0, b: 0, a: 1}",2,0,0,0,1,0,{fileID: 0},0,0,1,{fileID: 1815266346778474},1815266346778474,0,{fileID: 0},0,{fileID: 0},0,"{fileID: -248771874, guid: 1fa22c2b5ebef5f8f09692d9ba1e5baa, type: 3}",-248771874,1fa22c2b5ebef5f8f09692d9ba1e5baa,Assets/Plugins/LeTai.TrueShadow.dll,0,"{x: 1.796051, y: -1.7960513}",45,2.54,0,4,0,1,0
LevelManager,Assets/GameObject/LevelManager.prefab,LeTai.TrueShadow,1fa22c2b5ebef5f8f09692d9ba1e5baa,-248771874,0,[],0,"{r: 0, g: 0, b: 0, a: 0.6}",2,0,0,0,0,0,{fileID: 0},0,0,1,{fileID: 1896236178360873},1896236178360873,0,{fileID: 0},0,{fileID: 0},0,"{fileID: -248771874, guid: 1fa22c2b5ebef5f8f09692d9ba1e5baa, type: 3}",-248771874,1fa22c2b5ebef5f8f09692d9ba1e5baa,Assets/Plugins/LeTai.TrueShadow.dll,0,"{x: 2.9802325E-07, y: -5}",90,5,0,10,0,1,0
LevelManager,Assets/GameObject/LevelManager.prefab,LeTai.TrueShadow,1fa22c2b5ebef5f8f09692d9ba1e5baa,-248771874,0,[],0,"{r: 0, g: 0, b: 0, a: 1}",2,0,0,1,1,1,{fileID: 0},0,0,1,{fileID: 1384183506548225},1384183506548225,0,{fileID: 0},0,{fileID: 0},0,"{fileID: -248771874, guid: 1fa22c2b5ebef5f8f09692d9ba1e5baa, type: 3}",-248771874,1fa22c2b5ebef5f8f09692d9ba1e5baa,Assets/Plugins/LeTai.TrueShadow.dll,0,"{x: 0, y: -0}",90,0,0,90,0,1,0
LevelManager,Assets/GameObject/LevelManager.prefab,LeTai.TrueShadow,1fa22c2b5ebef5f8f09692d9ba1e5baa,-248771874,0,[],1,"{r: 1, g: 0.21226418, b: 0.21226418, a: 1}",2,0,0,1,0,0,{fileID: 0},0,0,1,{fileID: 1107425186799853},1107425186799853,0,{fileID: 0},0,{fileID: 0},0,"{fileID: -248771874, guid: 1fa22c2b5ebef5f8f09692d9ba1e5baa, type: 3}",-248771874,1fa22c2b5ebef5f8f09692d9ba1e5baa,Assets/Plugins/LeTai.TrueShadow.dll,0,"{x: 0, y: -0}",90,0,0,4,0.203,0,0
LevelManager,Assets/GameObject/LevelManager.prefab,LeTai.TrueShadow,1fa22c2b5ebef5f8f09692d9ba1e5baa,-248771874,0,[],0,"{r: 0, g: 0, b: 0, a: 0.6}",2,0,0,0,0,0,{fileID: 0},0,0,1,{fileID: 1393383633148251},1393383633148251,0,{fileID: 0},0,{fileID: 0},0,"{fileID: -248771874, guid: 1fa22c2b5ebef5f8f09692d9ba1e5baa, type: 3}",-248771874,1fa22c2b5ebef5f8f09692d9ba1e5baa,Assets/Plugins/LeTai.TrueShadow.dll,0,"{x: 5.6568537, y: -5.6568546}",45,8,0,15,0,1,0
LevelManager,Assets/GameObject/LevelManager.prefab,LeTai.TrueShadow,1fa22c2b5ebef5f8f09692d9ba1e5baa,-248771874,0,[],0,"{r: 0, g: 0, b: 0, a: 0.6}",2,0,0,0,0,0,{fileID: 0},0,0,1,{fileID: 1929864978365747},1929864978365747,0,{fileID: 0},0,{fileID: 0},0,"{fileID: -248771874, guid: 1fa22c2b5ebef5f8f09692d9ba1e5baa, type: 3}",-248771874,1fa22c2b5ebef5f8f09692d9ba1e5baa,Assets/Plugins/LeTai.TrueShadow.dll,0,"{x: 1.192093E-06, y: -20}",90,20,0,16,0,1,0
LevelManager,Assets/GameObject/LevelManager.prefab,LeTai.TrueShadow,1fa22c2b5ebef5f8f09692d9ba1e5baa,-248771874,0,[],0,"{r: 0, g: 0, b: 0, a: 0.6}",2,0,0,0,0,0,{fileID: 0},0,0,1,{fileID: 1093482151204404},1093482151204404,0,{fileID: 0},0,{fileID: 0},0,"{fileID: -248771874, guid: 1fa22c2b5ebef5f8f09692d9ba1e5baa, type: 3}",-248771874,1fa22c2b5ebef5f8f09692d9ba1e5baa,Assets/Plugins/LeTai.TrueShadow.dll,0,"{x: 2.9802325E-07, y: -5}",90,5,0,10,0,1,0
LevelManager,Assets/GameObject/LevelManager.prefab,LeTai.TrueShadow,1fa22c2b5ebef5f8f09692d9ba1e5baa,-248771874,0,[],0,"{r: 0, g: 0, b: 0, a: 1}",2,0,0,0,1,0,{fileID: 0},0,0,1,{fileID: 1524016112826009},1524016112826009,0,{fileID: 0},0,{fileID: 0},0,"{fileID: -248771874, guid: 1fa22c2b5ebef5f8f09692d9ba1e5baa, type: 3}",-248771874,1fa22c2b5ebef5f8f09692d9ba1e5baa,Assets/Plugins/LeTai.TrueShadow.dll,0,"{x: 1.796051, y: -1.7960513}",45,2.54,0,4,0,1,0
LevelManager,Assets/GameObject/LevelManager.prefab,LeTai.TrueShadow,1fa22c2b5ebef5f8f09692d9ba1e5baa,-248771874,0,[],0,"{r: 0, g: 0, b: 0, a: 0.6}",2,0,0,0,0,0,{fileID: 0},0,0,1,{fileID: 1875630271348114},1875630271348114,0,{fileID: 0},0,{fileID: 0},0,"{fileID: -248771874, guid: 1fa22c2b5ebef5f8f09692d9ba1e5baa, type: 3}",-248771874,1fa22c2b5ebef5f8f09692d9ba1e5baa,Assets/Plugins/LeTai.TrueShadow.dll,0,"{x: 2.9802325E-07, y: -5}",90,5,0,10,0,1,0
LevelManager,Assets/GameObject/LevelManager.prefab,LeTai.TrueShadow,1fa22c2b5ebef5f8f09692d9ba1e5baa,-248771874,0,[],0,"{r: 0, g: 0, b: 0, a: 1}",2,0,0,1,1,1,{fileID: 0},0,0,1,{fileID: 1381810934828689},1381810934828689,0,{fileID: 0},0,{fileID: 0},0,"{fileID: -248771874, guid: 1fa22c2b5ebef5f8f09692d9ba1e5baa, type: 3}",-248771874,1fa22c2b5ebef5f8f09692d9ba1e5baa,Assets/Plugins/LeTai.TrueShadow.dll,0,"{x: 0, y: -0}",90,0,0,90,0,1,0
LevelManager,Assets/GameObject/LevelManager.prefab,LeTai.TrueShadow,1fa22c2b5ebef5f8f09692d9ba1e5baa,-248771874,0,[],1,"{r: 1, g: 0.21226418, b: 0.21226418, a: 1}",2,0,0,1,0,0,{fileID: 0},0,0,1,{fileID: 1465281028948734},1465281028948734,0,{fileID: 0},0,{fileID: 0},0,"{fileID: -248771874, guid: 1fa22c2b5ebef5f8f09692d9ba1e5baa, type: 3}",-248771874,1fa22c2b5ebef5f8f09692d9ba1e5baa,Assets/Plugins/LeTai.TrueShadow.dll,0,"{x: 0, y: -0}",90,0,0,4,0.203,0,0
LevelManager,Assets/GameObject/LevelManager.prefab,LeTai.TrueShadow,1fa22c2b5ebef5f8f09692d9ba1e5baa,-248771874,0,[],0,"{r: 0, g: 0, b: 0, a: 0.6}",2,0,0,0,0,0,{fileID: 0},0,0,1,{fileID: 1355411013115024},1355411013115024,0,{fileID: 0},0,{fileID: 0},0,"{fileID: -248771874, guid: 1fa22c2b5ebef5f8f09692d9ba1e5baa, type: 3}",-248771874,1fa22c2b5ebef5f8f09692d9ba1e5baa,Assets/Plugins/LeTai.TrueShadow.dll,0,"{x: 5.6568537, y: -5.6568546}",45,8,0,15,0,1,0
LevelManager,Assets/GameObject/LevelManager.prefab,LeTai.TrueShadow,1fa22c2b5ebef5f8f09692d9ba1e5baa,-248771874,0,[],0,"{r: 0, g: 0, b: 0, a: 0.6}",2,0,0,0,0,0,{fileID: 0},0,0,1,{fileID: 1960981196360374},1960981196360374,0,{fileID: 0},0,{fileID: 0},0,"{fileID: -248771874, guid: 1fa22c2b5ebef5f8f09692d9ba1e5baa, type: 3}",-248771874,1fa22c2b5ebef5f8f09692d9ba1e5baa,Assets/Plugins/LeTai.TrueShadow.dll,0,"{x: 1.192093E-06, y: -20}",90,20,0,16,0,1,0
LevelManager,Assets/GameObject/LevelManager.prefab,LeTai.TrueShadow,1fa22c2b5ebef5f8f09692d9ba1e5baa,-248771874,0,[],0,"{r: 0, g: 0, b: 0, a: 0.6}",2,0,0,0,0,0,{fileID: 0},0,0,1,{fileID: 1252282441015645},1252282441015645,0,{fileID: 0},0,{fileID: 0},0,"{fileID: -248771874, guid: 1fa22c2b5ebef5f8f09692d9ba1e5baa, type: 3}",-248771874,1fa22c2b5ebef5f8f09692d9ba1e5baa,Assets/Plugins/LeTai.TrueShadow.dll,0,"{x: 2.9802325E-07, y: -5}",90,5,0,10,0,1,0
LevelManager,Assets/GameObject/LevelManager.prefab,LeTai.TrueShadow,1fa22c2b5ebef5f8f09692d9ba1e5baa,-248771874,0,[],0,"{r: 0, g: 0, b: 0, a: 1}",2,0,0,0,1,0,{fileID: 0},0,0,1,{fileID: 1381599878567986},1381599878567986,0,{fileID: 0},0,{fileID: 0},0,"{fileID: -248771874, guid: 1fa22c2b5ebef5f8f09692d9ba1e5baa, type: 3}",-248771874,1fa22c2b5ebef5f8f09692d9ba1e5baa,Assets/Plugins/LeTai.TrueShadow.dll,0,"{x: 1.796051, y: -1.7960513}",45,2.54,0,4,0,1,0
LevelManager,Assets/GameObject/LevelManager.prefab,LeTai.TrueShadow,1fa22c2b5ebef5f8f09692d9ba1e5baa,-248771874,0,[],0,"{r: 0, g: 0, b: 0, a: 0.6}",2,0,0,0,0,0,{fileID: 0},0,0,1,{fileID: 1623045239794480},1623045239794480,0,{fileID: 0},0,{fileID: 0},0,"{fileID: -248771874, guid: 1fa22c2b5ebef5f8f09692d9ba1e5baa, type: 3}",-248771874,1fa22c2b5ebef5f8f09692d9ba1e5baa,Assets/Plugins/LeTai.TrueShadow.dll,0,"{x: 2.9802325E-07, y: -5}",90,5,0,10,0,1,0
LevelManager,Assets/GameObject/LevelManager.prefab,LeTai.TrueShadow,1fa22c2b5ebef5f8f09692d9ba1e5baa,-248771874,0,[],0,"{r: 0, g: 0, b: 0, a: 1}",2,0,0,1,1,1,{fileID: 0},0,0,1,{fileID: 1073433034532327},1073433034532327,0,{fileID: 0},0,{fileID: 0},0,"{fileID: -248771874, guid: 1fa22c2b5ebef5f8f09692d9ba1e5baa, type: 3}",-248771874,1fa22c2b5ebef5f8f09692d9ba1e5baa,Assets/Plugins/LeTai.TrueShadow.dll,0,"{x: 0, y: -0}",90,0,0,90,0,1,0
LevelManager,Assets/GameObject/LevelManager.prefab,LeTai.TrueShadow,1fa22c2b5ebef5f8f09692d9ba1e5baa,-248771874,0,[],1,"{r: 1, g: 0.21226418, b: 0.21226418, a: 1}",2,0,0,1,0,0,{fileID: 0},0,0,1,{fileID: 1957401035325984},1957401035325984,0,{fileID: 0},0,{fileID: 0},0,"{fileID: -248771874, guid: 1fa22c2b5ebef5f8f09692d9ba1e5baa, type: 3}",-248771874,1fa22c2b5ebef5f8f09692d9ba1e5baa,Assets/Plugins/LeTai.TrueShadow.dll,0,"{x: 0, y: -0}",90,0,0,4,0.203,0,0
LevelManager,Assets/GameObject/LevelManager.prefab,LeTai.TrueShadow,1fa22c2b5ebef5f8f09692d9ba1e5baa,-248771874,0,[],0,"{r: 0, g: 0, b: 0, a: 0.6}",2,0,0,0,0,0,{fileID: 0},0,0,1,{fileID: 1822425235464002},1822425235464002,0,{fileID: 0},0,{fileID: 0},0,"{fileID: -248771874, guid: 1fa22c2b5ebef5f8f09692d9ba1e5baa, type: 3}",-248771874,1fa22c2b5ebef5f8f09692d9ba1e5baa,Assets/Plugins/LeTai.TrueShadow.dll,0,"{x: 5.6568537, y: -5.6568546}",45,8,0,15,0,1,0
LevelManager,Assets/GameObject/LevelManager.prefab,LeTai.TrueShadow,1fa22c2b5ebef5f8f09692d9ba1e5baa,-248771874,0,[],0,"{r: 0, g: 0, b: 0, a: 0.6}",2,0,0,0,0,0,{fileID: 0},0,0,1,{fileID: 1101358195327384},1101358195327384,0,{fileID: 0},0,{fileID: 0},0,"{fileID: -248771874, guid: 1fa22c2b5ebef5f8f09692d9ba1e5baa, type: 3}",-248771874,1fa22c2b5ebef5f8f09692d9ba1e5baa,Assets/Plugins/LeTai.TrueShadow.dll,0,"{x: 1.192093E-06, y: -20}",90,20,0,16,0,1,0
LevelManager,Assets/GameObject/LevelManager.prefab,LeTai.TrueShadow,1fa22c2b5ebef5f8f09692d9ba1e5baa,-248771874,0,[],0,"{r: 0, g: 0, b: 0, a: 0.6}",2,0,0,0,0,0,{fileID: 0},0,0,1,{fileID: 1216678515496519},1216678515496519,0,{fileID: 0},0,{fileID: 0},0,"{fileID: -248771874, guid: 1fa22c2b5ebef5f8f09692d9ba1e5baa, type: 3}",-248771874,1fa22c2b5ebef5f8f09692d9ba1e5baa,Assets/Plugins/LeTai.TrueShadow.dll,0,"{x: 2.9802325E-07, y: -5}",90,5,0,10,0,1,0
LevelManager,Assets/GameObject/LevelManager.prefab,LeTai.TrueShadow,1fa22c2b5ebef5f8f09692d9ba1e5baa,-248771874,0,[],0,"{r: 0, g: 0, b: 0, a: 1}",2,0,0,0,1,0,{fileID: 0},0,0,1,{fileID: 1608038225633246},1608038225633246,0,{fileID: 0},0,{fileID: 0},0,"{fileID: -248771874, guid: 1fa22c2b5ebef5f8f09692d9ba1e5baa, type: 3}",-248771874,1fa22c2b5ebef5f8f09692d9ba1e5baa,Assets/Plugins/LeTai.TrueShadow.dll,0,"{x: 1.796051, y: -1.7960513}",45,2.54,0,4,0,1,0
LevelManager,Assets/GameObject/LevelManager.prefab,LeTai.TrueShadow,1fa22c2b5ebef5f8f09692d9ba1e5baa,-248771874,0,[],0,"{r: 0, g: 0, b: 0, a: 0.6}",2,0,0,0,0,0,{fileID: 0},0,0,1,{fileID: 1125645975572422},1125645975572422,0,{fileID: 0},0,{fileID: 0},0,"{fileID: -248771874, guid: 1fa22c2b5ebef5f8f09692d9ba1e5baa, type: 3}",-248771874,1fa22c2b5ebef5f8f09692d9ba1e5baa,Assets/Plugins/LeTai.TrueShadow.dll,0,"{x: 2.9802325E-07, y: -5}",90,5,0,10,0,1,0
LevelManager,Assets/GameObject/LevelManager.prefab,LeTai.TrueShadow,1fa22c2b5ebef5f8f09692d9ba1e5baa,-248771874,0,[],0,"{r: 0, g: 0, b: 0, a: 1}",2,0,0,1,1,1,{fileID: 0},0,0,1,{fileID: 1471390211233513},1471390211233513,0,{fileID: 0},0,{fileID: 0},0,"{fileID: -248771874, guid: 1fa22c2b5ebef5f8f09692d9ba1e5baa, type: 3}",-248771874,1fa22c2b5ebef5f8f09692d9ba1e5baa,Assets/Plugins/LeTai.TrueShadow.dll,0,"{x: 0, y: -0}",90,0,0,90,0,1,0
LevelManager,Assets/GameObject/LevelManager.prefab,LeTai.TrueShadow,1fa22c2b5ebef5f8f09692d9ba1e5baa,-248771874,0,[],1,"{r: 1, g: 0.21226418, b: 0.21226418, a: 1}",2,0,0,1,0,0,{fileID: 0},0,0,1,{fileID: 1600373895533144},1600373895533144,0,{fileID: 0},0,{fileID: 0},0,"{fileID: -248771874, guid: 1fa22c2b5ebef5f8f09692d9ba1e5baa, type: 3}",-248771874,1fa22c2b5ebef5f8f09692d9ba1e5baa,Assets/Plugins/LeTai.TrueShadow.dll,0,"{x: 0, y: -0}",90,0,0,4,0.203,0,0
LevelManager,Assets/GameObject/LevelManager.prefab,LeTai.TrueShadow,1fa22c2b5ebef5f8f09692d9ba1e5baa,-248771874,0,[],0,"{r: 0, g: 0, b: 0, a: 0.6}",2,0,0,0,0,0,{fileID: 0},0,0,1,{fileID: 1335393026465990},1335393026465990,0,{fileID: 0},0,{fileID: 0},0,"{fileID: -248771874, guid: 1fa22c2b5ebef5f8f09692d9ba1e5baa, type: 3}",-248771874,1fa22c2b5ebef5f8f09692d9ba1e5baa,Assets/Plugins/LeTai.TrueShadow.dll,0,"{x: 5.6568537, y: -5.6568546}",45,8,0,15,0,1,0
LevelManager,Assets/GameObject/LevelManager.prefab,LeTai.TrueShadow,1fa22c2b5ebef5f8f09692d9ba1e5baa,-248771874,0,[],0,"{r: 0, g: 0, b: 0, a: 0.6}",2,0,0,0,0,0,{fileID: 0},0,0,1,{fileID: 1839281629607904},1839281629607904,0,{fileID: 0},0,{fileID: 0},0,"{fileID: -248771874, guid: 1fa22c2b5ebef5f8f09692d9ba1e5baa, type: 3}",-248771874,1fa22c2b5ebef5f8f09692d9ba1e5baa,Assets/Plugins/LeTai.TrueShadow.dll,0,"{x: 1.192093E-06, y: -20}",90,20,0,16,0,1,0
LevelManager,Assets/GameObject/LevelManager.prefab,LeTai.TrueShadow,1fa22c2b5ebef5f8f09692d9ba1e5baa,-248771874,0,[],0,"{r: 0, g: 0, b: 0, a: 0.6}",2,0,0,0,0,0,{fileID: 0},0,0,1,{fileID: 1197362473351289},1197362473351289,0,{fileID: 0},0,{fileID: 0},0,"{fileID: -248771874, guid: 1fa22c2b5ebef5f8f09692d9ba1e5baa, type: 3}",-248771874,1fa22c2b5ebef5f8f09692d9ba1e5baa,Assets/Plugins/LeTai.TrueShadow.dll,0,"{x: 2.9802325E-07, y: -5}",90,5,0,10,0,1,0
LevelManager,Assets/GameObject/LevelManager.prefab,LeTai.TrueShadow,1fa22c2b5ebef5f8f09692d9ba1e5baa,-248771874,0,[],0,"{r: 0, g: 0, b: 0, a: 1}",2,0,0,0,1,0,{fileID: 0},0,0,1,{fileID: 1600123528482493},1600123528482493,0,{fileID: 0},0,{fileID: 0},0,"{fileID: -248771874, guid: 1fa22c2b5ebef5f8f09692d9ba1e5baa, type: 3}",-248771874,1fa22c2b5ebef5f8f09692d9ba1e5baa,Assets/Plugins/LeTai.TrueShadow.dll,0,"{x: 1.796051, y: -1.7960513}",45,2.54,0,4,0,1,0
LevelManager,Assets/GameObject/LevelManager.prefab,LeTai.TrueShadow,1fa22c2b5ebef5f8f09692d9ba1e5baa,-248771874,0,[],0,"{r: 0, g: 0, b: 0, a: 0.6}",2,0,0,0,0,0,{fileID: 0},0,0,1,{fileID: 1402992611502589},1402992611502589,0,{fileID: 0},0,{fileID: 0},0,"{fileID: -248771874, guid: 1fa22c2b5ebef5f8f09692d9ba1e5baa, type: 3}",-248771874,1fa22c2b5ebef5f8f09692d9ba1e5baa,Assets/Plugins/LeTai.TrueShadow.dll,0,"{x: 2.9802325E-07, y: -5}",90,5,0,10,0,1,0
LevelManager,Assets/GameObject/LevelManager.prefab,LeTai.TrueShadow,1fa22c2b5ebef5f8f09692d9ba1e5baa,-248771874,0,[],0,"{r: 0, g: 0, b: 0, a: 1}",2,0,0,1,1,1,{fileID: 0},0,0,1,{fileID: 1251719317875736},1251719317875736,0,{fileID: 0},0,{fileID: 0},0,"{fileID: -248771874, guid: 1fa22c2b5ebef5f8f09692d9ba1e5baa, type: 3}",-248771874,1fa22c2b5ebef5f8f09692d9ba1e5baa,Assets/Plugins/LeTai.TrueShadow.dll,0,"{x: 0, y: -0}",90,0,0,90,0,1,0
LevelManager,Assets/GameObject/LevelManager.prefab,LeTai.TrueShadow,1fa22c2b5ebef5f8f09692d9ba1e5baa,-248771874,0,[],1,"{r: 1, g: 0.21226418, b: 0.21226418, a: 1}",2,0,0,1,0,0,{fileID: 0},0,0,1,{fileID: 1069895484200131},1069895484200131,0,{fileID: 0},0,{fileID: 0},0,"{fileID: -248771874, guid: 1fa22c2b5ebef5f8f09692d9ba1e5baa, type: 3}",-248771874,1fa22c2b5ebef5f8f09692d9ba1e5baa,Assets/Plugins/LeTai.TrueShadow.dll,0,"{x: 0, y: -0}",90,0,0,4,0.203,0,0
LevelManager,Assets/GameObject/LevelManager.prefab,LeTai.TrueShadow,1fa22c2b5ebef5f8f09692d9ba1e5baa,-248771874,0,[],0,"{r: 0, g: 0, b: 0, a: 0.6}",2,0,0,0,0,0,{fileID: 0},0,0,1,{fileID: 1815543521658619},1815543521658619,0,{fileID: 0},0,{fileID: 0},0,"{fileID: -248771874, guid: 1fa22c2b5ebef5f8f09692d9ba1e5baa, type: 3}",-248771874,1fa22c2b5ebef5f8f09692d9ba1e5baa,Assets/Plugins/LeTai.TrueShadow.dll,0,"{x: 5.6568537, y: -5.6568546}",45,8,0,15,0,1,0
LevelManager,Assets/GameObject/LevelManager.prefab,LeTai.TrueShadow,1fa22c2b5ebef5f8f09692d9ba1e5baa,-248771874,0,[],0,"{r: 1, g: 1, b: 1, a: 1}",2,0,0,0,0,0,{fileID: 0},0,0,0,{fileID: 1732444910870645},1732444910870645,0,{fileID: 0},0,{fileID: 0},0,"{fileID: -248771874, guid: 1fa22c2b5ebef5f8f09692d9ba1e5baa, type: 3}",-248771874,1fa22c2b5ebef5f8f09692d9ba1e5baa,Assets/Plugins/LeTai.TrueShadow.dll,0,"{x: 1.192093E-07, y: -2}",90,2,0,3.4,0.197,1,0
LevelManager,Assets/GameObject/LevelManager.prefab,LeTai.TrueShadow,1fa22c2b5ebef5f8f09692d9ba1e5baa,-248771874,0,[],0,"{r: 1, g: 1, b: 1, a: 1}",2,0,0,0,0,0,{fileID: 0},0,0,0,{fileID: 1448336585368385},1448336585368385,0,{fileID: 0},0,{fileID: 0},0,"{fileID: -248771874, guid: 1fa22c2b5ebef5f8f09692d9ba1e5baa, type: 3}",-248771874,1fa22c2b5ebef5f8f09692d9ba1e5baa,Assets/Plugins/LeTai.TrueShadow.dll,0,"{x: 1.192093E-07, y: 2}",270,2,0,3.4,0.197,1,0
LevelManager,Assets/GameObject/LevelManager.prefab,LeTai.TrueShadow,1fa22c2b5ebef5f8f09692d9ba1e5baa,-248771874,0,[],0,"{r: 1, g: 1, b: 1, a: 1}",2,0,0,0,0,0,{fileID: 0},0,0,1,{fileID: 1578457757732212},1578457757732212,0,{fileID: 0},0,{fileID: 0},0,"{fileID: -248771874, guid: 1fa22c2b5ebef5f8f09692d9ba1e5baa, type: 3}",-248771874,1fa22c2b5ebef5f8f09692d9ba1e5baa,Assets/Plugins/LeTai.TrueShadow.dll,0,"{x: 1.192093E-07, y: 2}",270,2,0,3.4,0.197,1,0
LevelManager,Assets/GameObject/LevelManager.prefab,LeTai.TrueShadow,1fa22c2b5ebef5f8f09692d9ba1e5baa,-248771874,0,[],0,"{r: 1, g: 1, b: 1, a: 1}",2,0,0,0,0,0,{fileID: 0},0,0,1,{fileID: 1946154288672618},1946154288672618,0,{fileID: 0},0,{fileID: 0},0,"{fileID: -248771874, guid: 1fa22c2b5ebef5f8f09692d9ba1e5baa, type: 3}",-248771874,1fa22c2b5ebef5f8f09692d9ba1e5baa,Assets/Plugins/LeTai.TrueShadow.dll,0,"{x: 1.192093E-07, y: 2}",270,2,0,3.4,0.197,1,0
LevelManager,Assets/GameObject/LevelManager.prefab,LeTai.TrueShadow,1fa22c2b5ebef5f8f09692d9ba1e5baa,-248771874,0,[],0,"{r: 0, g: 0, b: 0, a: 0.5686275}",2,0,0,0,0,1,{fileID: 0},0,0,1,{fileID: 1499786141265602},1499786141265602,0,{fileID: 0},0,{fileID: 0},0,"{fileID: -248771874, guid: 1fa22c2b5ebef5f8f09692d9ba1e5baa, type: 3}",-248771874,1fa22c2b5ebef5f8f09692d9ba1e5baa,Assets/Plugins/LeTai.TrueShadow.dll,0,"{x: 0.27349573, y: -1.4951923}",79.63423,1.52,0,2,0,0,0
LevelManager,Assets/GameObject/LevelManager.prefab,LeTai.TrueShadow,1fa22c2b5ebef5f8f09692d9ba1e5baa,-248771874,0,[],0,"{r: 0, g: 0, b: 0, a: 1}",2,0,0,0,0,0,{fileID: 0},0,0,1,{fileID: 1697798411482586},1697798411482586,0,{fileID: 0},0,{fileID: 0},0,"{fileID: -248771874, guid: 1fa22c2b5ebef5f8f09692d9ba1e5baa, type: 3}",-248771874,1fa22c2b5ebef5f8f09692d9ba1e5baa,Assets/Plugins/LeTai.TrueShadow.dll,0,"{x: 0, y: -0}",90,0,0,5,0,1,0
LevelManager,Assets/GameObject/LevelManager.prefab,LeTai.TrueShadow,1fa22c2b5ebef5f8f09692d9ba1e5baa,-248771874,0,[],0,"{r: 0, g: 0, b: 0, a: 0.6}",2,0,0,0,0,0,{fileID: 0},0,0,0,{fileID: 1487506390062520},1487506390062520,0,{fileID: 0},0,{fileID: 0},0,"{fileID: -248771874, guid: 1fa22c2b5ebef5f8f09692d9ba1e5baa, type: 3}",-248771874,1fa22c2b5ebef5f8f09692d9ba1e5baa,Assets/Plugins/LeTai.TrueShadow.dll,0,"{x: 7.1525585E-07, y: -12}",90,12,0,16,0,1,0
LevelManager,Assets/GameObject/LevelManager.prefab,LeTai.TrueShadow,1fa22c2b5ebef5f8f09692d9ba1e5baa,-248771874,0,[],0,"{r: 0.3341919, g: 1, b: 0.042452812, a: 1}",2,0,0,1,0,0,{fileID: 0},0,0,1,{fileID: 1222263532108319},1222263532108319,0,{fileID: 0},0,{fileID: 0},0,"{fileID: -248771874, guid: 1fa22c2b5ebef5f8f09692d9ba1e5baa, type: 3}",-248771874,1fa22c2b5ebef5f8f09692d9ba1e5baa,Assets/Plugins/LeTai.TrueShadow.dll,0,"{x: 0, y: -0}",90,0,0,32,0,1,0
LevelManager,Assets/GameObject/LevelManager.prefab,LeTai.TrueShadow,1fa22c2b5ebef5f8f09692d9ba1e5baa,-248771874,0,[],0,"{r: 0.30648077, g: 1, b: 0.2216981, a: 1}",2,0,0,1,0,0,{fileID: 0},0,0,1,{fileID: 1244489495219168},1244489495219168,0,{fileID: 0},0,{fileID: 0},0,"{fileID: -248771874, guid: 1fa22c2b5ebef5f8f09692d9ba1e5baa, type: 3}",-248771874,1fa22c2b5ebef5f8f09692d9ba1e5baa,Assets/Plugins/LeTai.TrueShadow.dll,0,"{x: 0, y: -0}",90,0,0,8,0,1,0
LevelManager,Assets/GameObject/LevelManager.prefab,LeTai.TrueShadow,1fa22c2b5ebef5f8f09692d9ba1e5baa,-248771874,0,[],0,"{r: 1, g: 0.1273585, b: 0.1273585, a: 1}",2,0,0,1,0,0,{fileID: 0},0,0,1,{fileID: 1189821373840511},1189821373840511,0,{fileID: 0},0,{fileID: 0},0,"{fileID: -248771874, guid: 1fa22c2b5ebef5f8f09692d9ba1e5baa, type: 3}",-248771874,1fa22c2b5ebef5f8f09692d9ba1e5baa,Assets/Plugins/LeTai.TrueShadow.dll,0,"{x: 0, y: -0}",90,0,0,8,0,1,0
LevelManager,Assets/GameObject/LevelManager.prefab,LeTai.TrueShadow,1fa22c2b5ebef5f8f09692d9ba1e5baa,-248771874,0,[],0,"{r: 1, g: 0.1273585, b: 0.1273585, a: 1}",2,0,0,1,0,0,{fileID: 0},0,0,1,{fileID: 1917305815982626},1917305815982626,0,{fileID: 0},0,{fileID: 0},0,"{fileID: -248771874, guid: 1fa22c2b5ebef5f8f09692d9ba1e5baa, type: 3}",-248771874,1fa22c2b5ebef5f8f09692d9ba1e5baa,Assets/Plugins/LeTai.TrueShadow.dll,0,"{x: 0, y: -0}",90,0,0,8,0,1,0
LevelManager,Assets/GameObject/LevelManager.prefab,LeTai.TrueShadow,1fa22c2b5ebef5f8f09692d9ba1e5baa,-248771874,0,[],0,"{r: 1, g: 0.4198113, b: 0.4198113, a: 0.49803922}",2,0,0,1,0,0,{fileID: 0},0,0,0,{fileID: 1827031046258119},1827031046258119,0,{fileID: 0},0,{fileID: 0},0,"{fileID: -248771874, guid: 1fa22c2b5ebef5f8f09692d9ba1e5baa, type: 3}",-248771874,1fa22c2b5ebef5f8f09692d9ba1e5baa,Assets/Plugins/LeTai.TrueShadow.dll,0,"{x: 0, y: -0}",45,0,0,10,0,1,0
LevelManager,Assets/GameObject/LevelManager.prefab,LeTai.TrueShadow,1fa22c2b5ebef5f8f09692d9ba1e5baa,-248771874,0,[],0,"{r: 1, g: 1, b: 1, a: 0.25490198}",2,0,0,0,0,0,{fileID: 0},0,0,0,{fileID: 1246070510575360},1246070510575360,0,{fileID: 0},0,{fileID: 0},0,"{fileID: -248771874, guid: 1fa22c2b5ebef5f8f09692d9ba1e5baa, type: 3}",-248771874,1fa22c2b5ebef5f8f09692d9ba1e5baa,Assets/Plugins/LeTai.TrueShadow.dll,0,"{x: 2.835498, y: -2.8354986}",45,4.01,0,3,0,1,0
LevelManager,Assets/GameObject/LevelManager.prefab,LeTai.TrueShadow,1fa22c2b5ebef5f8f09692d9ba1e5baa,-248771874,0,[],0,"{r: 0, g: 0, b: 0, a: 0.6}",2,0,0,0,0,0,{fileID: 0},0,0,0,{fileID: 1045531242797112},1045531242797112,0,{fileID: 0},0,{fileID: 0},0,"{fileID: -248771874, guid: 1fa22c2b5ebef5f8f09692d9ba1e5baa, type: 3}",-248771874,1fa22c2b5ebef5f8f09692d9ba1e5baa,Assets/Plugins/LeTai.TrueShadow.dll,0,"{x: 5.6568537, y: -5.6568546}",45,8,0,8,0,1,0
LevelManager,Assets/GameObject/LevelManager.prefab,LeTai.TrueShadow,1fa22c2b5ebef5f8f09692d9ba1e5baa,-248771874,0,[],0,"{r: 1, g: 1, b: 1, a: 0.16470589}",2,0,0,1,0,1,{fileID: 0},0,0,0,{fileID: 1045531242797112},1045531242797112,0,{fileID: 0},0,{fileID: 0},0,"{fileID: -248771874, guid: 1fa22c2b5ebef5f8f09692d9ba1e5baa, type: 3}",-248771874,1fa22c2b5ebef5f8f09692d9ba1e5baa,Assets/Plugins/LeTai.TrueShadow.dll,0,"{x: 0, y: -0}",90,0,0,288.65,0,1,0
LevelManager,Assets/GameObject/LevelManager.prefab,LeTai.TrueShadow,1fa22c2b5ebef5f8f09692d9ba1e5baa,-248771874,0,[],0,"{r: 0, g: 0, b: 0, a: 1}",2,0,0,0,1,1,{fileID: 0},0,0,1,{fileID: 1254599983455599},1254599983455599,0,{fileID: 0},0,{fileID: 0},0,"{fileID: -248771874, guid: 1fa22c2b5ebef5f8f09692d9ba1e5baa, type: 3}",-248771874,1fa22c2b5ebef5f8f09692d9ba1e5baa,Assets/Plugins/LeTai.TrueShadow.dll,0,"{x: 0, y: -0}",90,0,0,90,0,1,0
LevelManager,Assets/GameObject/LevelManager.prefab,LeTai.TrueShadow,1fa22c2b5ebef5f8f09692d9ba1e5baa,-248771874,0,[],0,"{r: 0, g: 0, b: 0, a: 0.7372549}",2,0,0,0,1,0,{fileID: 0},0,0,1,{fileID: 1342585375733756},1342585375733756,0,{fileID: 0},0,{fileID: 0},0,"{fileID: -248771874, guid: 1fa22c2b5ebef5f8f09692d9ba1e5baa, type: 3}",-248771874,1fa22c2b5ebef5f8f09692d9ba1e5baa,Assets/Plugins/LeTai.TrueShadow.dll,0,"{x: 7.707463, y: -7.707464}",45,10.9,0,12,0,1,0
LevelManager,Assets/GameObject/LevelManager.prefab,LeTai.TrueShadow,1fa22c2b5ebef5f8f09692d9ba1e5baa,-248771874,0,[],0,"{r: 0, g: 0, b: 0, a: 1}",2,0,0,0,0,0,{fileID: 0},0,0,1,{fileID: 1403453592323805},1403453592323805,0,{fileID: 0},0,{fileID: 0},0,"{fileID: -248771874, guid: 1fa22c2b5ebef5f8f09692d9ba1e5baa, type: 3}",-248771874,1fa22c2b5ebef5f8f09692d9ba1e5baa,Assets/Plugins/LeTai.TrueShadow.dll,0,"{x: 1.895046, y: -1.8950464}",45,2.68,0,2,0,1,0
LevelManager,Assets/GameObject/LevelManager.prefab,LeTai.TrueShadow,1fa22c2b5ebef5f8f09692d9ba1e5baa,-248771874,0,[],0,"{r: 0, g: 0, b: 0, a: 0.6}",2,0,0,0,0,0,{fileID: 0},0,0,1,{fileID: 1036923106538468},1036923106538468,0,{fileID: 0},0,{fileID: 0},0,"{fileID: -248771874, guid: 1fa22c2b5ebef5f8f09692d9ba1e5baa, type: 3}",-248771874,1fa22c2b5ebef5f8f09692d9ba1e5baa,Assets/Plugins/LeTai.TrueShadow.dll,0,"{x: 0, y: -0}",90,0,0,5.99,0,1,0
LevelManager,Assets/GameObject/LevelManager.prefab,LeTai.TrueShadow,1fa22c2b5ebef5f8f09692d9ba1e5baa,-248771874,0,[],0,"{r: 0, g: 0, b: 0, a: 0.5176471}",2,0,0,0,0,1,{fileID: 0},0,0,1,{fileID: 1113049054651309},1113049054651309,0,{fileID: 0},0,{fileID: 0},0,"{fileID: -248771874, guid: 1fa22c2b5ebef5f8f09692d9ba1e5baa, type: 3}",-248771874,1fa22c2b5ebef5f8f09692d9ba1e5baa,Assets/Plugins/LeTai.TrueShadow.dll,0,"{x: 0, y: -0}",90,0,0,16,0,1,0
LevelManager,Assets/GameObject/LevelManager.prefab,LeTai.TrueShadow,1fa22c2b5ebef5f8f09692d9ba1e5baa,-248771874,0,[],0,"{r: 1, g: 1, b: 1, a: 1}",2,0,0,0,0,0,{fileID: 0},0,0,0,{fileID: 1170646605312057},1170646605312057,0,{fileID: 0},0,{fileID: 0},0,"{fileID: -248771874, guid: 1fa22c2b5ebef5f8f09692d9ba1e5baa, type: 3}",-248771874,1fa22c2b5ebef5f8f09692d9ba1e5baa,Assets/Plugins/LeTai.TrueShadow.dll,0,"{x: 1.192093E-07, y: -2}",90,2,0,3.4,0.197,1,0
LevelManager,Assets/GameObject/LevelManager.prefab,LeTai.TrueShadow,1fa22c2b5ebef5f8f09692d9ba1e5baa,-248771874,0,[],0,"{r: 1, g: 1, b: 1, a: 1}",2,0,0,0,0,0,{fileID: 0},0,0,0,{fileID: 1841645182929886},1841645182929886,0,{fileID: 0},0,{fileID: 0},0,"{fileID: -248771874, guid: 1fa22c2b5ebef5f8f09692d9ba1e5baa, type: 3}",-248771874,1fa22c2b5ebef5f8f09692d9ba1e5baa,Assets/Plugins/LeTai.TrueShadow.dll,0,"{x: 1.192093E-07, y: 2}",270,2,0,3.4,0.197,1,0
LevelManager,Assets/GameObject/LevelManager.prefab,LeTai.TrueShadow,1fa22c2b5ebef5f8f09692d9ba1e5baa,-248771874,0,[],0,"{r: 0, g: 0, b: 0, a: 0.5686275}",2,0,0,0,0,1,{fileID: 0},0,0,0,{fileID: 1539104046005459},1539104046005459,0,{fileID: 0},0,{fileID: 0},0,"{fileID: -248771874, guid: 1fa22c2b5ebef5f8f09692d9ba1e5baa, type: 3}",-248771874,1fa22c2b5ebef5f8f09692d9ba1e5baa,Assets/Plugins/LeTai.TrueShadow.dll,0,"{x: 0.27349573, y: -1.4951923}",79.63423,1.52,0,2,0,0,0
LevelManager,Assets/GameObject/LevelManager.prefab,LeTai.TrueShadow,1fa22c2b5ebef5f8f09692d9ba1e5baa,-248771874,0,[],0,"{r: 0, g: 0, b: 0, a: 1}",2,0,0,0,0,0,{fileID: 0},0,0,0,{fileID: 1007211308949471},1007211308949471,0,{fileID: 0},0,{fileID: 0},0,"{fileID: -248771874, guid: 1fa22c2b5ebef5f8f09692d9ba1e5baa, type: 3}",-248771874,1fa22c2b5ebef5f8f09692d9ba1e5baa,Assets/Plugins/LeTai.TrueShadow.dll,0,"{x: 0, y: -0}",90,0,0,5,0,1,0
LevelManager,Assets/GameObject/LevelManager.prefab,LeTai.TrueShadow,1fa22c2b5ebef5f8f09692d9ba1e5baa,-248771874,0,[],0,"{r: 0, g: 0, b: 0, a: 0.8156863}",2,0,0,0,0,0,{fileID: 0},0,0,1,{fileID: 1043136701391269},1043136701391269,0,{fileID: 0},0,{fileID: 0},0,"{fileID: -248771874, guid: 1fa22c2b5ebef5f8f09692d9ba1e5baa, type: 3}",-248771874,1fa22c2b5ebef5f8f09692d9ba1e5baa,Assets/Plugins/LeTai.TrueShadow.dll,0,"{x: 2.1213202, y: -2.1213205}",45,3,0,5,0,1,0
LevelManager,Assets/GameObject/LevelManager.prefab,LeTai.TrueShadow,1fa22c2b5ebef5f8f09692d9ba1e5baa,-248771874,0,[],0,"{r: 0, g: 0, b: 0, a: 0.8}",2,0,0,0,0,0,{fileID: 0},0,0,0,{fileID: 1059791513589245},1059791513589245,0,{fileID: 0},0,{fileID: 0},0,"{fileID: -248771874, guid: 1fa22c2b5ebef5f8f09692d9ba1e5baa, type: 3}",-248771874,1fa22c2b5ebef5f8f09692d9ba1e5baa,Assets/Plugins/LeTai.TrueShadow.dll,0,"{x: 1.192093E-07, y: -2}",90,2,0,3,0,1,0
LevelManager,Assets/GameObject/LevelManager.prefab,LeTai.TrueShadow,1fa22c2b5ebef5f8f09692d9ba1e5baa,-248771874,0,[],0,"{r: 0, g: 0, b: 0, a: 0.8}",2,0,0,0,0,0,{fileID: 0},0,0,0,{fileID: 1984497954015924},1984497954015924,0,{fileID: 0},0,{fileID: 0},0,"{fileID: -248771874, guid: 1fa22c2b5ebef5f8f09692d9ba1e5baa, type: 3}",-248771874,1fa22c2b5ebef5f8f09692d9ba1e5baa,Assets/Plugins/LeTai.TrueShadow.dll,0,"{x: 1.192093E-07, y: -2}",90,2,0,3,0,1,0
LevelManager,Assets/GameObject/LevelManager.prefab,LeTai.TrueShadow,1fa22c2b5ebef5f8f09692d9ba1e5baa,-248771874,0,[],0,"{r: 0, g: 0, b: 0, a: 0.8}",2,0,0,0,0,0,{fileID: 0},0,0,0,{fileID: 1581128492533818},1581128492533818,0,{fileID: 0},0,{fileID: 0},0,"{fileID: -248771874, guid: 1fa22c2b5ebef5f8f09692d9ba1e5baa, type: 3}",-248771874,1fa22c2b5ebef5f8f09692d9ba1e5baa,Assets/Plugins/LeTai.TrueShadow.dll,0,"{x: 1.192093E-07, y: -2}",90,2,0,3,0,1,0
LevelManager,Assets/GameObject/LevelManager.prefab,LeTai.TrueShadow,1fa22c2b5ebef5f8f09692d9ba1e5baa,-248771874,0,[],0,"{r: 0, g: 0, b: 0, a: 0.8}",2,0,0,0,0,0,{fileID: 0},0,0,0,{fileID: 1738053862153409},1738053862153409,0,{fileID: 0},0,{fileID: 0},0,"{fileID: -248771874, guid: 1fa22c2b5ebef5f8f09692d9ba1e5baa, type: 3}",-248771874,1fa22c2b5ebef5f8f09692d9ba1e5baa,Assets/Plugins/LeTai.TrueShadow.dll,0,"{x: 1.192093E-07, y: -2}",90,2,0,3,0,1,0
LevelManager,Assets/GameObject/LevelManager.prefab,LeTai.TrueShadow,1fa22c2b5ebef5f8f09692d9ba1e5baa,-248771874,0,[],0,"{r: 0, g: 0, b: 0, a: 0.8}",2,0,0,0,0,0,{fileID: 0},0,0,0,{fileID: 1104158047724997},1104158047724997,0,{fileID: 0},0,{fileID: 0},0,"{fileID: -248771874, guid: 1fa22c2b5ebef5f8f09692d9ba1e5baa, type: 3}",-248771874,1fa22c2b5ebef5f8f09692d9ba1e5baa,Assets/Plugins/LeTai.TrueShadow.dll,0,"{x: 1.192093E-07, y: -2}",90,2,0,3,0,1,0
LevelManager,Assets/GameObject/LevelManager.prefab,LeTai.TrueShadow,1fa22c2b5ebef5f8f09692d9ba1e5baa,-248771874,0,[],0,"{r: 0, g: 0, b: 0, a: 0.8}",2,0,0,0,0,0,{fileID: 0},0,0,0,{fileID: 1215170645154109},1215170645154109,0,{fileID: 0},0,{fileID: 0},0,"{fileID: -248771874, guid: 1fa22c2b5ebef5f8f09692d9ba1e5baa, type: 3}",-248771874,1fa22c2b5ebef5f8f09692d9ba1e5baa,Assets/Plugins/LeTai.TrueShadow.dll,0,"{x: 1.192093E-07, y: -2}",90,2,0,3,0,1,0
LevelManager,Assets/GameObject/LevelManager.prefab,LeTai.TrueShadow,1fa22c2b5ebef5f8f09692d9ba1e5baa,-248771874,0,[],0,"{r: 0, g: 0, b: 0, a: 0.8}",2,0,0,0,0,0,{fileID: 0},0,0,0,{fileID: 1988996523727846},1988996523727846,0,{fileID: 0},0,{fileID: 0},0,"{fileID: -248771874, guid: 1fa22c2b5ebef5f8f09692d9ba1e5baa, type: 3}",-248771874,1fa22c2b5ebef5f8f09692d9ba1e5baa,Assets/Plugins/LeTai.TrueShadow.dll,0,"{x: 1.192093E-07, y: -2}",90,2,0,3,0,1,0
LevelManager,Assets/GameObject/LevelManager.prefab,LeTai.TrueShadow,1fa22c2b5ebef5f8f09692d9ba1e5baa,-248771874,0,[],0,"{r: 0, g: 0, b: 0, a: 0.6}",2,0,0,0,0,0,{fileID: 0},0,0,0,{fileID: 1986803396566144},1986803396566144,0,{fileID: 0},0,{fileID: 0},0,"{fileID: -248771874, guid: 1fa22c2b5ebef5f8f09692d9ba1e5baa, type: 3}",-248771874,1fa22c2b5ebef5f8f09692d9ba1e5baa,Assets/Plugins/LeTai.TrueShadow.dll,0,"{x: 7.1525585E-07, y: -12}",90,12,0,32,0,1,0
LevelManager,Assets/GameObject/LevelManager.prefab,LeTai.TrueShadow,1fa22c2b5ebef5f8f09692d9ba1e5baa,-248771874,0,[],0,"{r: 0, g: 0, b: 0, a: 0.8}",2,0,0,0,0,0,{fileID: 0},0,0,0,{fileID: 1413367938660625},1413367938660625,0,{fileID: 0},0,{fileID: 0},0,"{fileID: -248771874, guid: 1fa22c2b5ebef5f8f09692d9ba1e5baa, type: 3}",-248771874,1fa22c2b5ebef5f8f09692d9ba1e5baa,Assets/Plugins/LeTai.TrueShadow.dll,0,"{x: 1.192093E-07, y: -2}",90,2,0,3,0,1,0
LevelManager,Assets/GameObject/LevelManager.prefab,LeTai.TrueShadow,1fa22c2b5ebef5f8f09692d9ba1e5baa,-248771874,0,[],0,"{r: 0, g: 0, b: 0, a: 0.8}",2,0,0,0,0,0,{fileID: 0},0,0,1,{fileID: 1996493794738822},1996493794738822,0,{fileID: 0},0,{fileID: 0},0,"{fileID: -248771874, guid: 1fa22c2b5ebef5f8f09692d9ba1e5baa, type: 3}",-248771874,1fa22c2b5ebef5f8f09692d9ba1e5baa,Assets/Plugins/LeTai.TrueShadow.dll,0,"{x: 1.192093E-07, y: -2}",90,2,0,3,0,1,0
LevelManager,Assets/GameObject/LevelManager.prefab,LeTai.TrueShadow,1fa22c2b5ebef5f8f09692d9ba1e5baa,-248771874,0,[],0,"{r: 1, g: 0.4198113, b: 0.4198113, a: 0.49803922}",2,0,0,1,0,0,{fileID: 0},0,0,0,{fileID: 1996454013025075},1996454013025075,0,{fileID: 0},0,{fileID: 0},0,"{fileID: -248771874, guid: 1fa22c2b5ebef5f8f09692d9ba1e5baa, type: 3}",-248771874,1fa22c2b5ebef5f8f09692d9ba1e5baa,Assets/Plugins/LeTai.TrueShadow.dll,0,"{x: 0, y: -0}",45,0,0,10,0,1,0
LevelManager,Assets/GameObject/LevelManager.prefab,LeTai.TrueShadow,1fa22c2b5ebef5f8f09692d9ba1e5baa,-248771874,0,[],0,"{r: 1, g: 1, b: 1, a: 0.25490198}",2,0,0,0,0,0,{fileID: 0},0,0,0,{fileID: 1019767602117362},1019767602117362,0,{fileID: 0},0,{fileID: 0},0,"{fileID: -248771874, guid: 1fa22c2b5ebef5f8f09692d9ba1e5baa, type: 3}",-248771874,1fa22c2b5ebef5f8f09692d9ba1e5baa,Assets/Plugins/LeTai.TrueShadow.dll,0,"{x: 2.8354979, y: -2.835499}",45,4.01,0,3,0,1,0
LevelManager,Assets/GameObject/LevelManager.prefab,LeTai.TrueShadow,1fa22c2b5ebef5f8f09692d9ba1e5baa,-248771874,0,[],0,"{r: 0, g: 0, b: 0, a: 0.6}",2,0,0,0,0,0,{fileID: 0},0,0,1,{fileID: 1057100381966904},1057100381966904,0,{fileID: 0},0,{fileID: 0},0,"{fileID: -248771874, guid: 1fa22c2b5ebef5f8f09692d9ba1e5baa, type: 3}",-248771874,1fa22c2b5ebef5f8f09692d9ba1e5baa,Assets/Plugins/LeTai.TrueShadow.dll,0,"{x: 7.1525585E-07, y: -12}",90,12,0,32,0,1,0
LevelManager,Assets/GameObject/LevelManager.prefab,LeTai.TrueShadow,1fa22c2b5ebef5f8f09692d9ba1e5baa,-248771874,0,[],0,"{r: 0, g: 0, b: 0, a: 0.6}",2,0,0,0,0,0,{fileID: 0},0,0,1,{fileID: 1167251876049681},1167251876049681,0,{fileID: 0},0,{fileID: 0},0,"{fileID: -248771874, guid: 1fa22c2b5ebef5f8f09692d9ba1e5baa, type: 3}",-248771874,1fa22c2b5ebef5f8f09692d9ba1e5baa,Assets/Plugins/LeTai.TrueShadow.dll,0,"{x: 7.1525585E-07, y: -12}",90,12,0,32,0,1,0
LevelManager,Assets/GameObject/LevelManager.prefab,LeTai.TrueShadow,1fa22c2b5ebef5f8f09692d9ba1e5baa,-248771874,0,[],0,"{r: 0, g: 0, b: 0, a: 0.6}",2,0,0,0,0,1,{fileID: 0},0,0,1,{fileID: 1167251876049681},1167251876049681,0,{fileID: 0},0,{fileID: 0},0,"{fileID: -248771874, guid: 1fa22c2b5ebef5f8f09692d9ba1e5baa, type: 3}",-248771874,1fa22c2b5ebef5f8f09692d9ba1e5baa,Assets/Plugins/LeTai.TrueShadow.dll,0,"{x: 0, y: -0}",90,0,0,71.87,0,1,0
LevelManager,Assets/GameObject/LevelManager.prefab,LeTai.TrueShadow,1fa22c2b5ebef5f8f09692d9ba1e5baa,-248771874,0,[],0,"{r: 0, g: 0, b: 0, a: 0.6}",2,0,0,0,0,0,{fileID: 0},0,0,1,{fileID: 1478246562887138},1478246562887138,0,{fileID: 0},0,{fileID: 0},0,"{fileID: -248771874, guid: 1fa22c2b5ebef5f8f09692d9ba1e5baa, type: 3}",-248771874,1fa22c2b5ebef5f8f09692d9ba1e5baa,Assets/Plugins/LeTai.TrueShadow.dll,0,"{x: 3.5355334, y: -3.5355341}",45,5,0,15,0,1,0
LevelManager,Assets/GameObject/LevelManager.prefab,LeTai.TrueShadow,1fa22c2b5ebef5f8f09692d9ba1e5baa,-248771874,0,[],0,"{r: 0, g: 0, b: 0, a: 0.79607844}",2,0,0,0,0,0,{fileID: 0},0,0,1,{fileID: 1677168671518099},1677168671518099,0,{fileID: 0},0,{fileID: 0},0,"{fileID: -248771874, guid: 1fa22c2b5ebef5f8f09692d9ba1e5baa, type: 3}",-248771874,1fa22c2b5ebef5f8f09692d9ba1e5baa,Assets/Plugins/LeTai.TrueShadow.dll,0,"{x: 4.949747, y: -4.949748}",45,7,0,13,0,1,0
LevelManager,Assets/GameObject/LevelManager.prefab,LeTai.TrueShadow,1fa22c2b5ebef5f8f09692d9ba1e5baa,-248771874,0,[],0,"{r: 0, g: 0, b: 0, a: 0.6}",2,0,0,0,0,0,{fileID: 0},0,0,1,{fileID: 1537622331826258},1537622331826258,0,{fileID: 0},0,{fileID: 0},0,"{fileID: -248771874, guid: 1fa22c2b5ebef5f8f09692d9ba1e5baa, type: 3}",-248771874,1fa22c2b5ebef5f8f09692d9ba1e5baa,Assets/Plugins/LeTai.TrueShadow.dll,0,"{x: 3.5355334, y: -3.5355341}",45,5,0,3,0,1,0
LevelManager,Assets/GameObject/LevelManager.prefab,LeTai.TrueShadow,1fa22c2b5ebef5f8f09692d9ba1e5baa,-248771874,0,[],0,"{r: 0, g: 0, b: 0, a: 0.6}",2,0,0,0,0,0,{fileID: 0},0,0,1,{fileID: 1268085487438151},1268085487438151,0,{fileID: 0},0,{fileID: 0},0,"{fileID: -248771874, guid: 1fa22c2b5ebef5f8f09692d9ba1e5baa, type: 3}",-248771874,1fa22c2b5ebef5f8f09692d9ba1e5baa,Assets/Plugins/LeTai.TrueShadow.dll,0,"{x: 2.9802325E-07, y: -5}",90,5,0,16,0,1,0
LevelManager,Assets/GameObject/LevelManager.prefab,LeTai.TrueShadow,1fa22c2b5ebef5f8f09692d9ba1e5baa,-248771874,0,[],0,"{r: 0, g: 0, b: 0, a: 0.6}",2,0,0,0,0,0,{fileID: 0},0,0,1,{fileID: 1840890879864371},1840890879864371,0,{fileID: 0},0,{fileID: 0},0,"{fileID: -248771874, guid: 1fa22c2b5ebef5f8f09692d9ba1e5baa, type: 3}",-248771874,1fa22c2b5ebef5f8f09692d9ba1e5baa,Assets/Plugins/LeTai.TrueShadow.dll,0,"{x: 7.071067, y: -7.0710683}",45,10,0,15,0,1,0
LevelManager,Assets/GameObject/LevelManager.prefab,LeTai.TrueShadow,1fa22c2b5ebef5f8f09692d9ba1e5baa,-248771874,0,[],0,"{r: 0, g: 0, b: 0, a: 0.8156863}",2,0,0,0,0,0,{fileID: 0},0,0,1,{fileID: 1229551887058254},1229551887058254,0,{fileID: 0},0,{fileID: 0},0,"{fileID: -248771874, guid: 1fa22c2b5ebef5f8f09692d9ba1e5baa, type: 3}",-248771874,1fa22c2b5ebef5f8f09692d9ba1e5baa,Assets/Plugins/LeTai.TrueShadow.dll,0,"{x: 4.63862, y: -4.638621}",45,6.56,0,10,0,1,0
LevelManager,Assets/GameObject/LevelManager.prefab,LeTai.TrueShadow,1fa22c2b5ebef5f8f09692d9ba1e5baa,-248771874,0,[],0,"{r: 0, g: 0, b: 0, a: 0.6}",2,0,0,0,0,1,{fileID: 0},0,0,1,{fileID: 1141209016773210},1141209016773210,0,{fileID: 0},0,{fileID: 0},0,"{fileID: -248771874, guid: 1fa22c2b5ebef5f8f09692d9ba1e5baa, type: 3}",-248771874,1fa22c2b5ebef5f8f09692d9ba1e5baa,Assets/Plugins/LeTai.TrueShadow.dll,0,"{x: 2.8014185E-07, y: -4.7}",90,4.7,0,9.4,0,1,0
LevelManager,Assets/GameObject/LevelManager.prefab,LeTai.TrueShadow,1fa22c2b5ebef5f8f09692d9ba1e5baa,-248771874,0,[],0,"{r: 0, g: 0, b: 0, a: 0.6}",2,0,0,0,0,0,{fileID: 0},0,0,1,{fileID: 1594666173219116},1594666173219116,0,{fileID: 0},0,{fileID: 0},0,"{fileID: -248771874, guid: 1fa22c2b5ebef5f8f09692d9ba1e5baa, type: 3}",-248771874,1fa22c2b5ebef5f8f09692d9ba1e5baa,Assets/Plugins/LeTai.TrueShadow.dll,0,"{x: 7.1525585E-07, y: -12}",90,12,0,32,0,1,0
LevelManager,Assets/GameObject/LevelManager.prefab,LeTai.TrueShadow,1fa22c2b5ebef5f8f09692d9ba1e5baa,-248771874,0,[],0,"{r: 0, g: 0, b: 0, a: 0.6}",2,0,0,0,0,1,{fileID: 0},0,0,1,{fileID: 1594666173219116},1594666173219116,0,{fileID: 0},0,{fileID: 0},0,"{fileID: -248771874, guid: 1fa22c2b5ebef5f8f09692d9ba1e5baa, type: 3}",-248771874,1fa22c2b5ebef5f8f09692d9ba1e5baa,Assets/Plugins/LeTai.TrueShadow.dll,0,"{x: 0, y: -0}",90,0,0,86.7,0,1,0
LevelManager,Assets/GameObject/LevelManager.prefab,LeTai.TrueShadow,1fa22c2b5ebef5f8f09692d9ba1e5baa,-248771874,0,[],0,"{r: 0, g: 0, b: 0, a: 0.6}",2,0,0,0,0,0,{fileID: 0},0,0,1,{fileID: 1231251344927444},1231251344927444,0,{fileID: 0},0,{fileID: 0},0,"{fileID: -248771874, guid: 1fa22c2b5ebef5f8f09692d9ba1e5baa, type: 3}",-248771874,1fa22c2b5ebef5f8f09692d9ba1e5baa,Assets/Plugins/LeTai.TrueShadow.dll,0,"{x: 7.071067, y: -7.0710683}",45,10,0,10,0,1,0
LevelManager,Assets/GameObject/LevelManager.prefab,LeTai.TrueShadow,1fa22c2b5ebef5f8f09692d9ba1e5baa,-248771874,0,[],0,"{r: 0, g: 0, b: 0, a: 0.6}",2,0,0,0,0,0,{fileID: 0},0,0,1,{fileID: 1789137542515113},1789137542515113,0,{fileID: 0},0,{fileID: 0},0,"{fileID: -248771874, guid: 1fa22c2b5ebef5f8f09692d9ba1e5baa, type: 3}",-248771874,1fa22c2b5ebef5f8f09692d9ba1e5baa,Assets/Plugins/LeTai.TrueShadow.dll,0,"{x: 2.9802325E-07, y: -5}",90,5,0,16,0,1,0
LevelManager,Assets/GameObject/LevelManager.prefab,LeTai.TrueShadow,1fa22c2b5ebef5f8f09692d9ba1e5baa,-248771874,0,[],0,"{r: 0, g: 0, b: 0, a: 0.6}",2,0,0,0,0,0,{fileID: 0},0,0,1,{fileID: 1216830816044733},1216830816044733,0,{fileID: 0},0,{fileID: 0},0,"{fileID: -248771874, guid: 1fa22c2b5ebef5f8f09692d9ba1e5baa, type: 3}",-248771874,1fa22c2b5ebef5f8f09692d9ba1e5baa,Assets/Plugins/LeTai.TrueShadow.dll,0,"{x: 2.1213202, y: -2.1213205}",45,3,0,3,0,1,0
LevelManager,Assets/GameObject/LevelManager.prefab,LeTai.TrueShadow,1fa22c2b5ebef5f8f09692d9ba1e5baa,-248771874,0,[],0,"{r: 0, g: 0, b: 0, a: 0.8156863}",2,0,0,0,0,0,{fileID: 0},0,0,1,{fileID: 1450268597621857},1450268597621857,0,{fileID: 0},0,{fileID: 0},0,"{fileID: -248771874, guid: 1fa22c2b5ebef5f8f09692d9ba1e5baa, type: 3}",-248771874,1fa22c2b5ebef5f8f09692d9ba1e5baa,Assets/Plugins/LeTai.TrueShadow.dll,0,"{x: 2.1213202, y: -2.1213205}",45,3,0,5,0,1,0
LevelManager,Assets/GameObject/LevelManager.prefab,LeTai.TrueShadow,1fa22c2b5ebef5f8f09692d9ba1e5baa,-248771874,0,[],0,"{r: 0, g: 0, b: 0, a: 0.6}",2,0,0,0,0,0,{fileID: 0},0,0,1,{fileID: 1797137059553293},1797137059553293,0,{fileID: 0},0,{fileID: 0},0,"{fileID: -248771874, guid: 1fa22c2b5ebef5f8f09692d9ba1e5baa, type: 3}",-248771874,1fa22c2b5ebef5f8f09692d9ba1e5baa,Assets/Plugins/LeTai.TrueShadow.dll,0,"{x: 2.9802325E-07, y: -5}",90,5,0,16,0,1,0
LevelManager,Assets/GameObject/LevelManager.prefab,LeTai.TrueShadow,1fa22c2b5ebef5f8f09692d9ba1e5baa,-248771874,0,[],0,"{r: 0, g: 0.3301887, b: 0.11176691, a: 1}",2,0,0,0,0,1,{fileID: 0},0,0,1,{fileID: 1014724767731669},1014724767731669,0,{fileID: 0},0,{fileID: 0},0,"{fileID: -248771874, guid: 1fa22c2b5ebef5f8f09692d9ba1e5baa, type: 3}",-248771874,1fa22c2b5ebef5f8f09692d9ba1e5baa,Assets/Plugins/LeTai.TrueShadow.dll,0,"{x: 0, y: -0}",90,0,0,34.38,0,1,0
LevelManager,Assets/GameObject/LevelManager.prefab,LeTai.TrueShadow,1fa22c2b5ebef5f8f09692d9ba1e5baa,-248771874,0,[],0,"{r: 0, g: 0, b: 0, a: 0.6}",2,0,0,0,0,0,{fileID: 0},0,0,1,{fileID: 1181621766420387},1181621766420387,0,{fileID: 0},0,{fileID: 0},0,"{fileID: -248771874, guid: 1fa22c2b5ebef5f8f09692d9ba1e5baa, type: 3}",-248771874,1fa22c2b5ebef5f8f09692d9ba1e5baa,Assets/Plugins/LeTai.TrueShadow.dll,0,"{x: 7.1525585E-07, y: -12}",90,12,0,32,0,1,0
LevelManager,Assets/GameObject/LevelManager.prefab,LeTai.TrueShadow,1fa22c2b5ebef5f8f09692d9ba1e5baa,-248771874,0,[],0,"{r: 0, g: 0, b: 0, a: 0.49803922}",2,0,0,1,0,0,{fileID: 0},0,0,1,{fileID: 1329041272016476},1329041272016476,0,{fileID: 0},0,{fileID: 0},0,"{fileID: -248771874, guid: 1fa22c2b5ebef5f8f09692d9ba1e5baa, type: 3}",-248771874,1fa22c2b5ebef5f8f09692d9ba1e5baa,Assets/Plugins/LeTai.TrueShadow.dll,0,"{x: 0, y: -0}",45,0,0,32,0,1,0
LevelManager,Assets/GameObject/LevelManager.prefab,LeTai.TrueShadow,1fa22c2b5ebef5f8f09692d9ba1e5baa,-248771874,0,[],0,"{r: 1, g: 1, b: 1, a: 0.25490198}",2,0,0,0,0,0,{fileID: 0},0,0,0,{fileID: 1568619202454169},1568619202454169,0,{fileID: 0},0,{fileID: 0},0,"{fileID: -248771874, guid: 1fa22c2b5ebef5f8f09692d9ba1e5baa, type: 3}",-248771874,1fa22c2b5ebef5f8f09692d9ba1e5baa,Assets/Plugins/LeTai.TrueShadow.dll,0,"{x: 2.8354979, y: -2.835499}",45,4.01,0,3,0,1,0
LevelManager,Assets/GameObject/LevelManager.prefab,LeTai.TrueShadow,1fa22c2b5ebef5f8f09692d9ba1e5baa,-248771874,0,[],0,"{r: 0, g: 0, b: 0, a: 0.6}",2,0,0,0,0,1,{fileID: 0},0,0,1,{fileID: 1513345175201649},1513345175201649,0,{fileID: 0},0,{fileID: 0},0,"{fileID: -248771874, guid: 1fa22c2b5ebef5f8f09692d9ba1e5baa, type: 3}",-248771874,1fa22c2b5ebef5f8f09692d9ba1e5baa,Assets/Plugins/LeTai.TrueShadow.dll,0,"{x: 0, y: -0}",90,0,0,4,0,1,0
LevelManager,Assets/GameObject/LevelManager.prefab,LeTai.TrueShadow,1fa22c2b5ebef5f8f09692d9ba1e5baa,-248771874,0,[],1,"{r: 1, g: 1, b: 1, a: 0.6}",2,0,0,0,0,0,{fileID: 0},0,0,1,{fileID: 1125037609966267},1125037609966267,0,{fileID: 0},0,{fileID: 0},0,"{fileID: -248771874, guid: 1fa22c2b5ebef5f8f09692d9ba1e5baa, type: 3}",-248771874,1fa22c2b5ebef5f8f09692d9ba1e5baa,Assets/Plugins/LeTai.TrueShadow.dll,0,"{x: 0, y: -0}",90,0,0,4,0,1,0
LevelManager,Assets/GameObject/LevelManager.prefab,LeTai.TrueShadow,1fa22c2b5ebef5f8f09692d9ba1e5baa,-248771874,0,[],0,"{r: 1, g: 1, b: 1, a: 0.6}",2,0,0,0,0,0,{fileID: 0},0,0,1,{fileID: 1870846764994907},1870846764994907,0,{fileID: 0},0,{fileID: 0},0,"{fileID: -248771874, guid: 1fa22c2b5ebef5f8f09692d9ba1e5baa, type: 3}",-248771874,1fa22c2b5ebef5f8f09692d9ba1e5baa,Assets/Plugins/LeTai.TrueShadow.dll,0,"{x: 0, y: -0}",90,0,0,8,0,1,0
LevelManager,Assets/GameObject/LevelManager.prefab,LeTai.TrueShadow,1fa22c2b5ebef5f8f09692d9ba1e5baa,-248771874,0,[],0,"{r: 0, g: 0, b: 0, a: 1}",2,0,0,0,0,0,{fileID: 0},0,0,1,{fileID: 1340185431381946},1340185431381946,0,{fileID: 0},0,{fileID: 0},0,"{fileID: -248771874, guid: 1fa22c2b5ebef5f8f09692d9ba1e5baa, type: 3}",-248771874,1fa22c2b5ebef5f8f09692d9ba1e5baa,Assets/Plugins/LeTai.TrueShadow.dll,0,"{x: 4.768372E-07, y: -8}",90,8,0,16,0,1,0
LevelManager,Assets/GameObject/LevelManager.prefab,LeTai.TrueShadow,1fa22c2b5ebef5f8f09692d9ba1e5baa,-248771874,0,[],0,"{r: 0.3803922, g: 0.79215693, b: 0.97647065, a: 1}",2,0,0,1,0,0,{fileID: 0},0,0,1,{fileID: 1440756635321068},1440756635321068,0,{fileID: 0},0,{fileID: 0},0,"{fileID: -248771874, guid: 1fa22c2b5ebef5f8f09692d9ba1e5baa, type: 3}",-248771874,1fa22c2b5ebef5f8f09692d9ba1e5baa,Assets/Plugins/LeTai.TrueShadow.dll,0,"{x: 0, y: -0}",90,0,0,16,0,1,0
LevelManager,Assets/GameObject/LevelManager.prefab,LeTai.TrueShadow,1fa22c2b5ebef5f8f09692d9ba1e5baa,-248771874,0,[],0,"{r: 0.0990566, g: 0.620558, b: 1, a: 0.6}",2,0,0,1,0,0,{fileID: 0},0,0,1,{fileID: 1812276763973317},1812276763973317,0,{fileID: 0},0,{fileID: 0},0,"{fileID: -248771874, guid: 1fa22c2b5ebef5f8f09692d9ba1e5baa, type: 3}",-248771874,1fa22c2b5ebef5f8f09692d9ba1e5baa,Assets/Plugins/LeTai.TrueShadow.dll,0,"{x: 0, y: -0}",90,0,0,16,0,1,0
LevelManager,Assets/GameObject/LevelManager.prefab,LeTai.TrueShadow,1fa22c2b5ebef5f8f09692d9ba1e5baa,-248771874,0,[],0,"{r: 0, g: 0, b: 0, a: 0.6}",2,0,0,0,0,0,{fileID: 0},0,0,1,{fileID: 1735299059317982},1735299059317982,0,{fileID: 0},0,{fileID: 0},0,"{fileID: -248771874, guid: 1fa22c2b5ebef5f8f09692d9ba1e5baa, type: 3}",-248771874,1fa22c2b5ebef5f8f09692d9ba1e5baa,Assets/Plugins/LeTai.TrueShadow.dll,0,"{x: 2.384186E-07, y: -4}",90,4,0,16,0,1,0
LevelManager,Assets/GameObject/LevelManager.prefab,LeTai.TrueShadow,1fa22c2b5ebef5f8f09692d9ba1e5baa,-248771874,0,[],0,"{r: 0, g: 0, b: 0, a: 0.4745098}",0,0,0,0,0,1,{fileID: 0},0,0,1,{fileID: 1818927481703444},1818927481703444,0,{fileID: 0},0,{fileID: 0},0,"{fileID: -248771874, guid: 1fa22c2b5ebef5f8f09692d9ba1e5baa, type: 3}",-248771874,1fa22c2b5ebef5f8f09692d9ba1e5baa,Assets/Plugins/LeTai.TrueShadow.dll,0,"{x: 0, y: -0}",90,0,0,32,0,1,0
LevelManager,Assets/GameObject/LevelManager.prefab,LeTai.TrueShadow,1fa22c2b5ebef5f8f09692d9ba1e5baa,-248771874,0,[],0,"{r: 0, g: 0, b: 0, a: 0.6}",0,0,0,0,0,0,{fileID: 0},0,0,1,{fileID: 1481707409260760},1481707409260760,0,{fileID: 0},0,{fileID: 0},0,"{fileID: -248771874, guid: 1fa22c2b5ebef5f8f09692d9ba1e5baa, type: 3}",-248771874,1fa22c2b5ebef5f8f09692d9ba1e5baa,Assets/Plugins/LeTai.TrueShadow.dll,0,"{x: 2.9802325E-07, y: -5}",90,5,0,10,0,1,0
LevelManager,Assets/GameObject/LevelManager.prefab,LeTai.TrueShadow,1fa22c2b5ebef5f8f09692d9ba1e5baa,-248771874,0,[],1,"{r: 0.22745097, g: 0.7221681, b: 1, a: 1}",2,0,0,0,0,0,{fileID: 0},0,0,1,{fileID: 1274807724651452},1274807724651452,0,{fileID: 0},0,{fileID: 0},0,"{fileID: -248771874, guid: 1fa22c2b5ebef5f8f09692d9ba1e5baa, type: 3}",-248771874,1fa22c2b5ebef5f8f09692d9ba1e5baa,Assets/Plugins/LeTai.TrueShadow.dll,0,"{x: 0, y: -0}",90,0,0,16,0,0,0
LevelManager,Assets/GameObject/LevelManager.prefab,LeTai.TrueShadow,1fa22c2b5ebef5f8f09692d9ba1e5baa,-248771874,0,[],1,"{r: 0.22745097, g: 0.7221681, b: 1, a: 1}",2,0,0,0,0,0,{fileID: 0},0,0,1,{fileID: 1365947759816511},1365947759816511,0,{fileID: 0},0,{fileID: 0},0,"{fileID: -248771874, guid: 1fa22c2b5ebef5f8f09692d9ba1e5baa, type: 3}",-248771874,1fa22c2b5ebef5f8f09692d9ba1e5baa,Assets/Plugins/LeTai.TrueShadow.dll,0,"{x: 0, y: -0}",90,0,0,16,0,0,0
LevelManager,Assets/GameObject/LevelManager.prefab,LeTai.TrueShadow,1fa22c2b5ebef5f8f09692d9ba1e5baa,-248771874,0,[],0,"{r: 0, g: 0, b: 0, a: 0.6}",2,0,0,0,0,1,{fileID: 0},0,0,1,{fileID: 1735661111130917},1735661111130917,0,{fileID: 0},0,{fileID: 0},0,"{fileID: -248771874, guid: 1fa22c2b5ebef5f8f09692d9ba1e5baa, type: 3}",-248771874,1fa22c2b5ebef5f8f09692d9ba1e5baa,Assets/Plugins/LeTai.TrueShadow.dll,0,"{x: 5.960465E-08, y: -1}",90,1,0,16,0,1,0
LevelManager,Assets/GameObject/LevelManager.prefab,LeTai.TrueShadow,1fa22c2b5ebef5f8f09692d9ba1e5baa,-248771874,0,[],1,"{r: 0.22745097, g: 0.7221681, b: 1, a: 1}",2,0,0,0,0,0,{fileID: 0},0,0,1,{fileID: 1710461830505134},1710461830505134,0,{fileID: 0},0,{fileID: 0},0,"{fileID: -248771874, guid: 1fa22c2b5ebef5f8f09692d9ba1e5baa, type: 3}",-248771874,1fa22c2b5ebef5f8f09692d9ba1e5baa,Assets/Plugins/LeTai.TrueShadow.dll,0,"{x: 0, y: -0}",90,0,0,16,0,0,0
LevelManager,Assets/GameObject/LevelManager.prefab,LeTai.TrueShadow,1fa22c2b5ebef5f8f09692d9ba1e5baa,-248771874,0,[],0,"{r: 0, g: 0, b: 0, a: 0.6}",2,0,0,0,0,1,{fileID: 0},0,0,1,{fileID: 1848449693955513},1848449693955513,0,{fileID: 0},0,{fileID: 0},0,"{fileID: -248771874, guid: 1fa22c2b5ebef5f8f09692d9ba1e5baa, type: 3}",-248771874,1fa22c2b5ebef5f8f09692d9ba1e5baa,Assets/Plugins/LeTai.TrueShadow.dll,0,"{x: 5.960465E-08, y: -1}",90,1,0,16,0,1,0
LevelManager,Assets/GameObject/LevelManager.prefab,LeTai.TrueShadow,1fa22c2b5ebef5f8f09692d9ba1e5baa,-248771874,0,[],1,"{r: 0.22745097, g: 0.7221681, b: 1, a: 1}",2,0,0,0,0,0,{fileID: 0},0,0,1,{fileID: 1302774276013615},1302774276013615,0,{fileID: 0},0,{fileID: 0},0,"{fileID: -248771874, guid: 1fa22c2b5ebef5f8f09692d9ba1e5baa, type: 3}",-248771874,1fa22c2b5ebef5f8f09692d9ba1e5baa,Assets/Plugins/LeTai.TrueShadow.dll,0,"{x: 0, y: -0}",90,0,0,16,0,0,0
LevelManager,Assets/GameObject/LevelManager.prefab,LeTai.TrueShadow,1fa22c2b5ebef5f8f09692d9ba1e5baa,-248771874,0,[],0,"{r: 1, g: 0.4198113, b: 0.4198113, a: 0.49803922}",2,0,0,1,0,0,{fileID: 0},0,0,0,{fileID: 1754736973473574},1754736973473574,0,{fileID: 0},0,{fileID: 0},0,"{fileID: -248771874, guid: 1fa22c2b5ebef5f8f09692d9ba1e5baa, type: 3}",-248771874,1fa22c2b5ebef5f8f09692d9ba1e5baa,Assets/Plugins/LeTai.TrueShadow.dll,0,"{x: 0, y: -0}",45,0,0,10,0,1,0
LevelManager,Assets/GameObject/LevelManager.prefab,LeTai.TrueShadow,1fa22c2b5ebef5f8f09692d9ba1e5baa,-248771874,0,[],0,"{r: 1, g: 1, b: 1, a: 0.25490198}",2,0,0,0,0,0,{fileID: 0},0,0,0,{fileID: 1724800701876288},1724800701876288,0,{fileID: 0},0,{fileID: 0},0,"{fileID: -248771874, guid: 1fa22c2b5ebef5f8f09692d9ba1e5baa, type: 3}",-248771874,1fa22c2b5ebef5f8f09692d9ba1e5baa,Assets/Plugins/LeTai.TrueShadow.dll,0,"{x: 2.835498, y: -2.8354986}",45,4.01,0,3,0,1,0
LevelManager,Assets/GameObject/LevelManager.prefab,LeTai.TrueShadow,1fa22c2b5ebef5f8f09692d9ba1e5baa,-248771874,0,[],0,"{r: 0, g: 0, b: 0, a: 0.6}",2,0,0,0,0,0,{fileID: 0},0,0,0,{fileID: 1117005007160029},1117005007160029,0,{fileID: 0},0,{fileID: 0},0,"{fileID: -248771874, guid: 1fa22c2b5ebef5f8f09692d9ba1e5baa, type: 3}",-248771874,1fa22c2b5ebef5f8f09692d9ba1e5baa,Assets/Plugins/LeTai.TrueShadow.dll,0,"{x: 5.6568537, y: -5.6568546}",45,8,0,8,0,1,0
LevelManager,Assets/GameObject/LevelManager.prefab,LeTai.TrueShadow,1fa22c2b5ebef5f8f09692d9ba1e5baa,-248771874,0,[],1,"{r: 0.22745097, g: 0.7221681, b: 1, a: 1}",2,0,0,0,0,0,{fileID: 0},0,0,1,{fileID: 1758816446562662},1758816446562662,0,{fileID: 0},0,{fileID: 0},0,"{fileID: -248771874, guid: 1fa22c2b5ebef5f8f09692d9ba1e5baa, type: 3}",-248771874,1fa22c2b5ebef5f8f09692d9ba1e5baa,Assets/Plugins/LeTai.TrueShadow.dll,0,"{x: 0, y: -0}",90,0,0,16,0,0,0
LevelManager,Assets/GameObject/LevelManager.prefab,LeTai.TrueShadow,1fa22c2b5ebef5f8f09692d9ba1e5baa,-248771874,0,[],1,"{r: 0.22745097, g: 0.7221681, b: 1, a: 1}",2,0,0,0,0,0,{fileID: 0},0,0,1,{fileID: 1435823231042888},1435823231042888,0,{fileID: 0},0,{fileID: 0},0,"{fileID: -248771874, guid: 1fa22c2b5ebef5f8f09692d9ba1e5baa, type: 3}",-248771874,1fa22c2b5ebef5f8f09692d9ba1e5baa,Assets/Plugins/LeTai.TrueShadow.dll,0,"{x: 0, y: -0}",90,0,0,16,0,0,0
LevelManager,Assets/GameObject/LevelManager.prefab,LeTai.TrueShadow,1fa22c2b5ebef5f8f09692d9ba1e5baa,-248771874,0,[],1,"{r: 0.22745097, g: 0.7221681, b: 1, a: 1}",2,0,0,0,0,0,{fileID: 0},0,0,1,{fileID: 1933405386790216},1933405386790216,0,{fileID: 0},0,{fileID: 0},0,"{fileID: -248771874, guid: 1fa22c2b5ebef5f8f09692d9ba1e5baa, type: 3}",-248771874,1fa22c2b5ebef5f8f09692d9ba1e5baa,Assets/Plugins/LeTai.TrueShadow.dll,0,"{x: 0, y: -0}",90,0,0,16,0,0,0
LevelManager,Assets/GameObject/LevelManager.prefab,LeTai.TrueShadow,1fa22c2b5ebef5f8f09692d9ba1e5baa,-248771874,0,[],1,"{r: 0, g: 0, b: 0, a: 1}",2,0,0,0,0,0,{fileID: 0},0,0,1,{fileID: 1545136580112080},1545136580112080,0,{fileID: 0},0,{fileID: 0},0,"{fileID: -248771874, guid: 1fa22c2b5ebef5f8f09692d9ba1e5baa, type: 3}",-248771874,1fa22c2b5ebef5f8f09692d9ba1e5baa,Assets/Plugins/LeTai.TrueShadow.dll,0,"{x: 0, y: -0}",90,0,0,16,0,0,0
LevelManager,Assets/GameObject/LevelManager.prefab,LeTai.TrueShadow,1fa22c2b5ebef5f8f09692d9ba1e5baa,-248771874,0,[],0,"{r: 1, g: 0.6781641, b: 0.36320752, a: 0.8666667}",2,0,0,0,0,0,{fileID: 0},0,0,1,{fileID: 1411492199876722},1411492199876722,0,{fileID: 0},0,{fileID: 0},0,"{fileID: -248771874, guid: 1fa22c2b5ebef5f8f09692d9ba1e5baa, type: 3}",-248771874,1fa22c2b5ebef5f8f09692d9ba1e5baa,Assets/Plugins/LeTai.TrueShadow.dll,0,"{x: 0, y: -0}",90,0,0,9.93,0,1,0
LevelManager,Assets/GameObject/LevelManager.prefab,LeTai.TrueShadow,1fa22c2b5ebef5f8f09692d9ba1e5baa,-248771874,0,[],0,"{r: 1, g: 1, b: 1, a: 1}",2,0,0,0,0,0,{fileID: 0},0,0,0,{fileID: 1153524902116917},1153524902116917,0,{fileID: 0},0,{fileID: 0},0,"{fileID: -248771874, guid: 1fa22c2b5ebef5f8f09692d9ba1e5baa, type: 3}",-248771874,1fa22c2b5ebef5f8f09692d9ba1e5baa,Assets/Plugins/LeTai.TrueShadow.dll,0,"{x: 1.192093E-07, y: -2}",90,2,0,3.4,0.197,1,0
LevelManager,Assets/GameObject/LevelManager.prefab,LeTai.TrueShadow,1fa22c2b5ebef5f8f09692d9ba1e5baa,-248771874,0,[],0,"{r: 1, g: 1, b: 1, a: 1}",2,0,0,0,0,0,{fileID: 0},0,0,0,{fileID: 1190562672820095},1190562672820095,0,{fileID: 0},0,{fileID: 0},0,"{fileID: -248771874, guid: 1fa22c2b5ebef5f8f09692d9ba1e5baa, type: 3}",-248771874,1fa22c2b5ebef5f8f09692d9ba1e5baa,Assets/Plugins/LeTai.TrueShadow.dll,0,"{x: 1.192093E-07, y: 2}",270,2,0,3.4,0.197,1,0
LevelManager,Assets/GameObject/LevelManager.prefab,LeTai.TrueShadow,1fa22c2b5ebef5f8f09692d9ba1e5baa,-248771874,0,[],0,"{r: 0, g: 0, b: 0, a: 0.5686275}",2,0,0,0,0,1,{fileID: 0},0,0,1,{fileID: 1680173018437324},1680173018437324,0,{fileID: 0},0,{fileID: 0},0,"{fileID: -248771874, guid: 1fa22c2b5ebef5f8f09692d9ba1e5baa, type: 3}",-248771874,1fa22c2b5ebef5f8f09692d9ba1e5baa,Assets/Plugins/LeTai.TrueShadow.dll,0,"{x: 0.27349573, y: -1.4951923}",79.63423,1.52,0,2,0,0,0
LevelManager,Assets/GameObject/LevelManager.prefab,LeTai.TrueShadow,1fa22c2b5ebef5f8f09692d9ba1e5baa,-248771874,0,[],0,"{r: 0, g: 0, b: 0, a: 1}",2,0,0,0,0,0,{fileID: 0},0,0,1,{fileID: 1072592690863657},1072592690863657,0,{fileID: 0},0,{fileID: 0},0,"{fileID: -248771874, guid: 1fa22c2b5ebef5f8f09692d9ba1e5baa, type: 3}",-248771874,1fa22c2b5ebef5f8f09692d9ba1e5baa,Assets/Plugins/LeTai.TrueShadow.dll,0,"{x: 0, y: -0}",90,0,0,5,0,1,0
LevelManager,Assets/GameObject/LevelManager.prefab,LeTai.TrueShadow,1fa22c2b5ebef5f8f09692d9ba1e5baa,-248771874,0,[],0,"{r: 0, g: 0, b: 0, a: 0.8156863}",2,0,0,0,0,0,{fileID: 0},0,0,1,{fileID: 1490810918326147},1490810918326147,0,{fileID: 0},0,{fileID: 0},0,"{fileID: -248771874, guid: 1fa22c2b5ebef5f8f09692d9ba1e5baa, type: 3}",-248771874,1fa22c2b5ebef5f8f09692d9ba1e5baa,Assets/Plugins/LeTai.TrueShadow.dll,0,"{x: 2.1213202, y: -2.1213205}",45,3,0,5,0,1,0
LevelManager,Assets/GameObject/LevelManager.prefab,LeTai.TrueShadow,1fa22c2b5ebef5f8f09692d9ba1e5baa,-248771874,0,[],0,"{r: 0, g: 0, b: 0, a: 0.6}",2,0,0,0,0,0,{fileID: 0},0,0,1,{fileID: 1868807436804413},1868807436804413,0,{fileID: 0},0,{fileID: 0},0,"{fileID: -248771874, guid: 1fa22c2b5ebef5f8f09692d9ba1e5baa, type: 3}",-248771874,1fa22c2b5ebef5f8f09692d9ba1e5baa,Assets/Plugins/LeTai.TrueShadow.dll,0,"{x: 5.6568537, y: -5.6568546}",45,8,0,8,0,1,0
LevelManager,Assets/GameObject/LevelManager.prefab,LeTai.TrueShadow,1fa22c2b5ebef5f8f09692d9ba1e5baa,-248771874,0,[],1,"{r: 0.4764151, g: 1, b: 0.62022334, a: 1}",2,0,0,1,1,1,{fileID: 0},0,0,1,{fileID: 1236288659075664},1236288659075664,0,{fileID: 0},0,{fileID: 0},0,"{fileID: -248771874, guid: 1fa22c2b5ebef5f8f09692d9ba1e5baa, type: 3}",-248771874,1fa22c2b5ebef5f8f09692d9ba1e5baa,Assets/Plugins/LeTai.TrueShadow.dll,0,"{x: 0, y: -0}",90,0,0,17.85,0,0,0
LevelManager,Assets/GameObject/LevelManager.prefab,LeTai.TrueShadow,1fa22c2b5ebef5f8f09692d9ba1e5baa,-248771874,0,[],0,"{r: 0, g: 0, b: 0, a: 0.6}",2,0,0,0,0,0,{fileID: 0},0,0,0,{fileID: 1629788156046997},1629788156046997,0,{fileID: 0},0,{fileID: 0},0,"{fileID: -248771874, guid: 1fa22c2b5ebef5f8f09692d9ba1e5baa, type: 3}",-248771874,1fa22c2b5ebef5f8f09692d9ba1e5baa,Assets/Plugins/LeTai.TrueShadow.dll,0,"{x: 1.4142134, y: -1.4142137}",45,2,0,8,0,1,0
LevelManager,Assets/GameObject/LevelManager.prefab,LeTai.TrueShadow,1fa22c2b5ebef5f8f09692d9ba1e5baa,-248771874,0,[],0,"{r: 0, g: 0, b: 0, a: 0.72156864}",2,0,0,1,1,0,{fileID: 0},0,0,1,{fileID: 1166382246055803},1166382246055803,0,{fileID: 0},0,{fileID: 0},0,"{fileID: -248771874, guid: 1fa22c2b5ebef5f8f09692d9ba1e5baa, type: 3}",-248771874,1fa22c2b5ebef5f8f09692d9ba1e5baa,Assets/Plugins/LeTai.TrueShadow.dll,0,"{x: 5.9195232, y: -5.38138}",42.273666,8,0,3,0.5,1,0
LevelManager,Assets/GameObject/LevelManager.prefab,LeTai.TrueShadow,1fa22c2b5ebef5f8f09692d9ba1e5baa,-248771874,0,[],0,"{r: 1, g: 1, b: 1, a: 1}",2,0,0,1,0,0,{fileID: 0},0,0,0,{fileID: 1894941158164726},1894941158164726,0,{fileID: 0},0,{fileID: 0},0,"{fileID: -248771874, guid: 1fa22c2b5ebef5f8f09692d9ba1e5baa, type: 3}",-248771874,1fa22c2b5ebef5f8f09692d9ba1e5baa,Assets/Plugins/LeTai.TrueShadow.dll,0,"{x: 0, y: -0}",90,0,0,1,0,1,0
LevelManager,Assets/GameObject/LevelManager.prefab,LeTai.TrueShadow,1fa22c2b5ebef5f8f09692d9ba1e5baa,-248771874,0,[],0,"{r: 1, g: 1, b: 1, a: 0.6}",2,0,0,0,0,0,{fileID: 0},0,0,1,{fileID: 1135700448741624},1135700448741624,0,{fileID: 0},0,{fileID: 0},0,"{fileID: -248771874, guid: 1fa22c2b5ebef5f8f09692d9ba1e5baa, type: 3}",-248771874,1fa22c2b5ebef5f8f09692d9ba1e5baa,Assets/Plugins/LeTai.TrueShadow.dll,0,"{x: 0, y: -0}",90,0,0,2,0,1,0
LevelManager,Assets/GameObject/LevelManager.prefab,LeTai.TrueShadow,1fa22c2b5ebef5f8f09692d9ba1e5baa,-248771874,0,[],0,"{r: 1, g: 1, b: 1, a: 0.6}",2,0,0,0,0,0,{fileID: 0},0,0,1,{fileID: 1748344730755706},1748344730755706,0,{fileID: 0},0,{fileID: 0},0,"{fileID: -248771874, guid: 1fa22c2b5ebef5f8f09692d9ba1e5baa, type: 3}",-248771874,1fa22c2b5ebef5f8f09692d9ba1e5baa,Assets/Plugins/LeTai.TrueShadow.dll,0,"{x: 0, y: -0}",90,0,0,2,0,1,0
LevelManager,Assets/GameObject/LevelManager.prefab,LeTai.TrueShadow,1fa22c2b5ebef5f8f09692d9ba1e5baa,-248771874,0,[],0,"{r: 1, g: 1, b: 1, a: 0.6}",2,0,0,0,0,0,{fileID: 0},0,0,1,{fileID: 1399908859179435},1399908859179435,0,{fileID: 0},0,{fileID: 0},0,"{fileID: -248771874, guid: 1fa22c2b5ebef5f8f09692d9ba1e5baa, type: 3}",-248771874,1fa22c2b5ebef5f8f09692d9ba1e5baa,Assets/Plugins/LeTai.TrueShadow.dll,0,"{x: 0, y: -0}",90,0,0,2,0,1,0
LevelManager,Assets/GameObject/LevelManager.prefab,LeTai.TrueShadow,1fa22c2b5ebef5f8f09692d9ba1e5baa,-248771874,0,[],0,"{r: 0, g: 0, b: 0, a: 0.6}",2,0,0,0,0,0,{fileID: 0},0,0,0,{fileID: 1711413643421021},1711413643421021,0,{fileID: 0},0,{fileID: 0},0,"{fileID: -248771874, guid: 1fa22c2b5ebef5f8f09692d9ba1e5baa, type: 3}",-248771874,1fa22c2b5ebef5f8f09692d9ba1e5baa,Assets/Plugins/LeTai.TrueShadow.dll,0,"{x: 1.7881396E-07, y: -3}",90,3,0,6,0,1,0
LevelManager,Assets/GameObject/LevelManager.prefab,LeTai.TrueShadow,1fa22c2b5ebef5f8f09692d9ba1e5baa,-248771874,0,[],1,"{r: 0.4764151, g: 1, b: 0.62022334, a: 1}",2,0,0,1,1,1,{fileID: 0},0,0,1,{fileID: 1455776911063180},1455776911063180,0,{fileID: 0},0,{fileID: 0},0,"{fileID: -248771874, guid: 1fa22c2b5ebef5f8f09692d9ba1e5baa, type: 3}",-248771874,1fa22c2b5ebef5f8f09692d9ba1e5baa,Assets/Plugins/LeTai.TrueShadow.dll,0,"{x: 0, y: -0}",90,0,0,17.85,0,0,0
LevelManager,Assets/GameObject/LevelManager.prefab,LeTai.TrueShadow,1fa22c2b5ebef5f8f09692d9ba1e5baa,-248771874,0,[],0,"{r: 0, g: 0, b: 0, a: 0.6}",2,0,0,0,0,0,{fileID: 0},0,0,0,{fileID: 1363495468462292},1363495468462292,0,{fileID: 0},0,{fileID: 0},0,"{fileID: -248771874, guid: 1fa22c2b5ebef5f8f09692d9ba1e5baa, type: 3}",-248771874,1fa22c2b5ebef5f8f09692d9ba1e5baa,Assets/Plugins/LeTai.TrueShadow.dll,0,"{x: 1.4142134, y: -1.4142137}",45,2,0,8,0,1,0
LevelManager,Assets/GameObject/LevelManager.prefab,LeTai.TrueShadow,1fa22c2b5ebef5f8f09692d9ba1e5baa,-248771874,0,[],0,"{r: 0, g: 0, b: 0, a: 0.72156864}",2,0,0,1,1,0,{fileID: 0},0,0,1,{fileID: 1165244642435712},1165244642435712,0,{fileID: 0},0,{fileID: 0},0,"{fileID: -248771874, guid: 1fa22c2b5ebef5f8f09692d9ba1e5baa, type: 3}",-248771874,1fa22c2b5ebef5f8f09692d9ba1e5baa,Assets/Plugins/LeTai.TrueShadow.dll,0,"{x: 5.9195232, y: -5.38138}",42.273666,8,0,3,0.5,1,0
LevelManager,Assets/GameObject/LevelManager.prefab,LeTai.TrueShadow,1fa22c2b5ebef5f8f09692d9ba1e5baa,-248771874,0,[],0,"{r: 1, g: 1, b: 1, a: 1}",2,0,0,1,0,0,{fileID: 0},0,0,0,{fileID: 1885276984845651},1885276984845651,0,{fileID: 0},0,{fileID: 0},0,"{fileID: -248771874, guid: 1fa22c2b5ebef5f8f09692d9ba1e5baa, type: 3}",-248771874,1fa22c2b5ebef5f8f09692d9ba1e5baa,Assets/Plugins/LeTai.TrueShadow.dll,0,"{x: 0, y: -0}",90,0,0,1,0,1,0
LevelManager,Assets/GameObject/LevelManager.prefab,LeTai.TrueShadow,1fa22c2b5ebef5f8f09692d9ba1e5baa,-248771874,0,[],0,"{r: 1, g: 1, b: 1, a: 0.6}",2,0,0,0,0,0,{fileID: 0},0,0,1,{fileID: 1647653723891166},1647653723891166,0,{fileID: 0},0,{fileID: 0},0,"{fileID: -248771874, guid: 1fa22c2b5ebef5f8f09692d9ba1e5baa, type: 3}",-248771874,1fa22c2b5ebef5f8f09692d9ba1e5baa,Assets/Plugins/LeTai.TrueShadow.dll,0,"{x: 0, y: -0}",90,0,0,2,0,1,0
LevelManager,Assets/GameObject/LevelManager.prefab,LeTai.TrueShadow,1fa22c2b5ebef5f8f09692d9ba1e5baa,-248771874,0,[],0,"{r: 1, g: 1, b: 1, a: 0.6}",2,0,0,0,0,0,{fileID: 0},0,0,1,{fileID: 1013012303286098},1013012303286098,0,{fileID: 0},0,{fileID: 0},0,"{fileID: -248771874, guid: 1fa22c2b5ebef5f8f09692d9ba1e5baa, type: 3}",-248771874,1fa22c2b5ebef5f8f09692d9ba1e5baa,Assets/Plugins/LeTai.TrueShadow.dll,0,"{x: 0, y: -0}",90,0,0,2,0,1,0
LevelManager,Assets/GameObject/LevelManager.prefab,LeTai.TrueShadow,1fa22c2b5ebef5f8f09692d9ba1e5baa,-248771874,0,[],0,"{r: 1, g: 1, b: 1, a: 0.6}",2,0,0,0,0,0,{fileID: 0},0,0,1,{fileID: 1768964841234497},1768964841234497,0,{fileID: 0},0,{fileID: 0},0,"{fileID: -248771874, guid: 1fa22c2b5ebef5f8f09692d9ba1e5baa, type: 3}",-248771874,1fa22c2b5ebef5f8f09692d9ba1e5baa,Assets/Plugins/LeTai.TrueShadow.dll,0,"{x: 0, y: -0}",90,0,0,2,0,1,0
LevelManager,Assets/GameObject/LevelManager.prefab,LeTai.TrueShadow,1fa22c2b5ebef5f8f09692d9ba1e5baa,-248771874,0,[],0,"{r: 0, g: 0, b: 0, a: 0.6}",2,0,0,0,0,0,{fileID: 0},0,0,0,{fileID: 1358324100365361},1358324100365361,0,{fileID: 0},0,{fileID: 0},0,"{fileID: -248771874, guid: 1fa22c2b5ebef5f8f09692d9ba1e5baa, type: 3}",-248771874,1fa22c2b5ebef5f8f09692d9ba1e5baa,Assets/Plugins/LeTai.TrueShadow.dll,0,"{x: 1.7881396E-07, y: -3}",90,3,0,6,0,1,0
LevelManager,Assets/GameObject/LevelManager.prefab,LeTai.TrueShadow,1fa22c2b5ebef5f8f09692d9ba1e5baa,-248771874,0,[],1,"{r: 0.4764151, g: 1, b: 0.62022334, a: 1}",2,0,0,1,1,1,{fileID: 0},0,0,1,{fileID: 1989883379655302},1989883379655302,0,{fileID: 0},0,{fileID: 0},0,"{fileID: -248771874, guid: 1fa22c2b5ebef5f8f09692d9ba1e5baa, type: 3}",-248771874,1fa22c2b5ebef5f8f09692d9ba1e5baa,Assets/Plugins/LeTai.TrueShadow.dll,0,"{x: 0, y: -0}",90,0,0,17.85,0,0,0
LevelManager,Assets/GameObject/LevelManager.prefab,LeTai.TrueShadow,1fa22c2b5ebef5f8f09692d9ba1e5baa,-248771874,0,[],0,"{r: 0, g: 0, b: 0, a: 0.6}",2,0,0,0,0,0,{fileID: 0},0,0,0,{fileID: 1109098947251506},1109098947251506,0,{fileID: 0},0,{fileID: 0},0,"{fileID: -248771874, guid: 1fa22c2b5ebef5f8f09692d9ba1e5baa, type: 3}",-248771874,1fa22c2b5ebef5f8f09692d9ba1e5baa,Assets/Plugins/LeTai.TrueShadow.dll,0,"{x: 1.4142134, y: -1.4142137}",45,2,0,8,0,1,0
LevelManager,Assets/GameObject/LevelManager.prefab,LeTai.TrueShadow,1fa22c2b5ebef5f8f09692d9ba1e5baa,-248771874,0,[],0,"{r: 0, g: 0, b: 0, a: 0.72156864}",2,0,0,1,1,0,{fileID: 0},0,0,1,{fileID: 1896514348122174},1896514348122174,0,{fileID: 0},0,{fileID: 0},0,"{fileID: -248771874, guid: 1fa22c2b5ebef5f8f09692d9ba1e5baa, type: 3}",-248771874,1fa22c2b5ebef5f8f09692d9ba1e5baa,Assets/Plugins/LeTai.TrueShadow.dll,0,"{x: 5.9195232, y: -5.38138}",42.273666,8,0,3,0.5,1,0
LevelManager,Assets/GameObject/LevelManager.prefab,LeTai.TrueShadow,1fa22c2b5ebef5f8f09692d9ba1e5baa,-248771874,0,[],0,"{r: 1, g: 1, b: 1, a: 1}",2,0,0,1,0,0,{fileID: 0},0,0,0,{fileID: 1855342657899320},1855342657899320,0,{fileID: 0},0,{fileID: 0},0,"{fileID: -248771874, guid: 1fa22c2b5ebef5f8f09692d9ba1e5baa, type: 3}",-248771874,1fa22c2b5ebef5f8f09692d9ba1e5baa,Assets/Plugins/LeTai.TrueShadow.dll,0,"{x: 0, y: -0}",90,0,0,1,0,1,0
LevelManager,Assets/GameObject/LevelManager.prefab,LeTai.TrueShadow,1fa22c2b5ebef5f8f09692d9ba1e5baa,-248771874,0,[],0,"{r: 1, g: 1, b: 1, a: 0.6}",2,0,0,0,0,0,{fileID: 0},0,0,1,{fileID: 1280049236883175},1280049236883175,0,{fileID: 0},0,{fileID: 0},0,"{fileID: -248771874, guid: 1fa22c2b5ebef5f8f09692d9ba1e5baa, type: 3}",-248771874,1fa22c2b5ebef5f8f09692d9ba1e5baa,Assets/Plugins/LeTai.TrueShadow.dll,0,"{x: 0, y: -0}",90,0,0,2,0,1,0
LevelManager,Assets/GameObject/LevelManager.prefab,LeTai.TrueShadow,1fa22c2b5ebef5f8f09692d9ba1e5baa,-248771874,0,[],0,"{r: 1, g: 1, b: 1, a: 0.6}",2,0,0,0,0,0,{fileID: 0},0,0,1,{fileID: 1045885704735420},1045885704735420,0,{fileID: 0},0,{fileID: 0},0,"{fileID: -248771874, guid: 1fa22c2b5ebef5f8f09692d9ba1e5baa, type: 3}",-248771874,1fa22c2b5ebef5f8f09692d9ba1e5baa,Assets/Plugins/LeTai.TrueShadow.dll,0,"{x: 0, y: -0}",90,0,0,2,0,1,0
LevelManager,Assets/GameObject/LevelManager.prefab,LeTai.TrueShadow,1fa22c2b5ebef5f8f09692d9ba1e5baa,-248771874,0,[],0,"{r: 1, g: 1, b: 1, a: 0.6}",2,0,0,0,0,0,{fileID: 0},0,0,1,{fileID: 1247621429984990},1247621429984990,0,{fileID: 0},0,{fileID: 0},0,"{fileID: -248771874, guid: 1fa22c2b5ebef5f8f09692d9ba1e5baa, type: 3}",-248771874,1fa22c2b5ebef5f8f09692d9ba1e5baa,Assets/Plugins/LeTai.TrueShadow.dll,0,"{x: 0, y: -0}",90,0,0,2,0,1,0
LevelManager,Assets/GameObject/LevelManager.prefab,LeTai.TrueShadow,1fa22c2b5ebef5f8f09692d9ba1e5baa,-248771874,0,[],0,"{r: 0, g: 0, b: 0, a: 0.6}",2,0,0,0,0,0,{fileID: 0},0,0,0,{fileID: 1198586136544136},1198586136544136,0,{fileID: 0},0,{fileID: 0},0,"{fileID: -248771874, guid: 1fa22c2b5ebef5f8f09692d9ba1e5baa, type: 3}",-248771874,1fa22c2b5ebef5f8f09692d9ba1e5baa,Assets/Plugins/LeTai.TrueShadow.dll,0,"{x: 1.7881396E-07, y: -3}",90,3,0,6,0,1,0
LevelManager,Assets/GameObject/LevelManager.prefab,LeTai.TrueShadow,1fa22c2b5ebef5f8f09692d9ba1e5baa,-248771874,0,[],1,"{r: 0.4764151, g: 1, b: 0.62022334, a: 1}",2,0,0,1,1,1,{fileID: 0},0,0,1,{fileID: 1458580823000675},1458580823000675,0,{fileID: 0},0,{fileID: 0},0,"{fileID: -248771874, guid: 1fa22c2b5ebef5f8f09692d9ba1e5baa, type: 3}",-248771874,1fa22c2b5ebef5f8f09692d9ba1e5baa,Assets/Plugins/LeTai.TrueShadow.dll,0,"{x: 0, y: -0}",90,0,0,17.85,0,0,0
LevelManager,Assets/GameObject/LevelManager.prefab,LeTai.TrueShadow,1fa22c2b5ebef5f8f09692d9ba1e5baa,-248771874,0,[],0,"{r: 0, g: 0, b: 0, a: 0.6}",2,0,0,0,0,0,{fileID: 0},0,0,0,{fileID: 1456474594171014},1456474594171014,0,{fileID: 0},0,{fileID: 0},0,"{fileID: -248771874, guid: 1fa22c2b5ebef5f8f09692d9ba1e5baa, type: 3}",-248771874,1fa22c2b5ebef5f8f09692d9ba1e5baa,Assets/Plugins/LeTai.TrueShadow.dll,0,"{x: 1.4142134, y: -1.4142137}",45,2,0,8,0,1,0
LevelManager,Assets/GameObject/LevelManager.prefab,LeTai.TrueShadow,1fa22c2b5ebef5f8f09692d9ba1e5baa,-248771874,0,[],0,"{r: 0, g: 0, b: 0, a: 0.72156864}",2,0,0,1,1,0,{fileID: 0},0,0,1,{fileID: 1465535594064031},1465535594064031,0,{fileID: 0},0,{fileID: 0},0,"{fileID: -248771874, guid: 1fa22c2b5ebef5f8f09692d9ba1e5baa, type: 3}",-248771874,1fa22c2b5ebef5f8f09692d9ba1e5baa,Assets/Plugins/LeTai.TrueShadow.dll,0,"{x: 5.9195232, y: -5.38138}",42.273666,8,0,3,0.5,1,0
LevelManager,Assets/GameObject/LevelManager.prefab,LeTai.TrueShadow,1fa22c2b5ebef5f8f09692d9ba1e5baa,-248771874,0,[],0,"{r: 1, g: 1, b: 1, a: 1}",2,0,0,1,0,0,{fileID: 0},0,0,0,{fileID: 1241989920337248},1241989920337248,0,{fileID: 0},0,{fileID: 0},0,"{fileID: -248771874, guid: 1fa22c2b5ebef5f8f09692d9ba1e5baa, type: 3}",-248771874,1fa22c2b5ebef5f8f09692d9ba1e5baa,Assets/Plugins/LeTai.TrueShadow.dll,0,"{x: 0, y: -0}",90,0,0,1,0,1,0
LevelManager,Assets/GameObject/LevelManager.prefab,LeTai.TrueShadow,1fa22c2b5ebef5f8f09692d9ba1e5baa,-248771874,0,[],0,"{r: 1, g: 1, b: 1, a: 0.6}",2,0,0,0,0,0,{fileID: 0},0,0,1,{fileID: 1509149937697997},1509149937697997,0,{fileID: 0},0,{fileID: 0},0,"{fileID: -248771874, guid: 1fa22c2b5ebef5f8f09692d9ba1e5baa, type: 3}",-248771874,1fa22c2b5ebef5f8f09692d9ba1e5baa,Assets/Plugins/LeTai.TrueShadow.dll,0,"{x: 0, y: -0}",90,0,0,2,0,1,0
LevelManager,Assets/GameObject/LevelManager.prefab,LeTai.TrueShadow,1fa22c2b5ebef5f8f09692d9ba1e5baa,-248771874,0,[],0,"{r: 1, g: 1, b: 1, a: 0.6}",2,0,0,0,0,0,{fileID: 0},0,0,1,{fileID: 1310109261325425},1310109261325425,0,{fileID: 0},0,{fileID: 0},0,"{fileID: -248771874, guid: 1fa22c2b5ebef5f8f09692d9ba1e5baa, type: 3}",-248771874,1fa22c2b5ebef5f8f09692d9ba1e5baa,Assets/Plugins/LeTai.TrueShadow.dll,0,"{x: 0, y: -0}",90,0,0,2,0,1,0
LevelManager,Assets/GameObject/LevelManager.prefab,LeTai.TrueShadow,1fa22c2b5ebef5f8f09692d9ba1e5baa,-248771874,0,[],0,"{r: 1, g: 1, b: 1, a: 0.6}",2,0,0,0,0,0,{fileID: 0},0,0,1,{fileID: 1845908485391503},1845908485391503,0,{fileID: 0},0,{fileID: 0},0,"{fileID: -248771874, guid: 1fa22c2b5ebef5f8f09692d9ba1e5baa, type: 3}",-248771874,1fa22c2b5ebef5f8f09692d9ba1e5baa,Assets/Plugins/LeTai.TrueShadow.dll,0,"{x: 0, y: -0}",90,0,0,2,0,1,0
LevelManager,Assets/GameObject/LevelManager.prefab,LeTai.TrueShadow,1fa22c2b5ebef5f8f09692d9ba1e5baa,-248771874,0,[],0,"{r: 0, g: 0, b: 0, a: 0.6}",2,0,0,0,0,0,{fileID: 0},0,0,0,{fileID: 1912482099144938},1912482099144938,0,{fileID: 0},0,{fileID: 0},0,"{fileID: -248771874, guid: 1fa22c2b5ebef5f8f09692d9ba1e5baa, type: 3}",-248771874,1fa22c2b5ebef5f8f09692d9ba1e5baa,Assets/Plugins/LeTai.TrueShadow.dll,0,"{x: 1.7881396E-07, y: -3}",90,3,0,6,0,1,0
LevelManager,Assets/GameObject/LevelManager.prefab,LeTai.TrueShadow,1fa22c2b5ebef5f8f09692d9ba1e5baa,-248771874,0,[],1,"{r: 0.4764151, g: 1, b: 0.62022334, a: 1}",2,0,0,1,1,1,{fileID: 0},0,0,1,{fileID: 1803296539318503},1803296539318503,0,{fileID: 0},0,{fileID: 0},0,"{fileID: -248771874, guid: 1fa22c2b5ebef5f8f09692d9ba1e5baa, type: 3}",-248771874,1fa22c2b5ebef5f8f09692d9ba1e5baa,Assets/Plugins/LeTai.TrueShadow.dll,0,"{x: 0, y: -0}",90,0,0,17.85,0,0,0
LevelManager,Assets/GameObject/LevelManager.prefab,LeTai.TrueShadow,1fa22c2b5ebef5f8f09692d9ba1e5baa,-248771874,0,[],0,"{r: 0, g: 0, b: 0, a: 0.6}",2,0,0,0,0,0,{fileID: 0},0,0,0,{fileID: 1598532242177723},1598532242177723,0,{fileID: 0},0,{fileID: 0},0,"{fileID: -248771874, guid: 1fa22c2b5ebef5f8f09692d9ba1e5baa, type: 3}",-248771874,1fa22c2b5ebef5f8f09692d9ba1e5baa,Assets/Plugins/LeTai.TrueShadow.dll,0,"{x: 1.4142134, y: -1.4142137}",45,2,0,8,0,1,0
LevelManager,Assets/GameObject/LevelManager.prefab,LeTai.TrueShadow,1fa22c2b5ebef5f8f09692d9ba1e5baa,-248771874,0,[],0,"{r: 0, g: 0, b: 0, a: 0.72156864}",2,0,0,1,1,0,{fileID: 0},0,0,1,{fileID: 1120014422330123},1120014422330123,0,{fileID: 0},0,{fileID: 0},0,"{fileID: -248771874, guid: 1fa22c2b5ebef5f8f09692d9ba1e5baa, type: 3}",-248771874,1fa22c2b5ebef5f8f09692d9ba1e5baa,Assets/Plugins/LeTai.TrueShadow.dll,0,"{x: 5.9195232, y: -5.38138}",42.273666,8,0,3,0.5,1,0
LevelManager,Assets/GameObject/LevelManager.prefab,LeTai.TrueShadow,1fa22c2b5ebef5f8f09692d9ba1e5baa,-248771874,0,[],0,"{r: 1, g: 1, b: 1, a: 1}",2,0,0,1,0,0,{fileID: 0},0,0,0,{fileID: 1500729442498881},1500729442498881,0,{fileID: 0},0,{fileID: 0},0,"{fileID: -248771874, guid: 1fa22c2b5ebef5f8f09692d9ba1e5baa, type: 3}",-248771874,1fa22c2b5ebef5f8f09692d9ba1e5baa,Assets/Plugins/LeTai.TrueShadow.dll,0,"{x: 0, y: -0}",90,0,0,1,0,1,0
LevelManager,Assets/GameObject/LevelManager.prefab,LeTai.TrueShadow,1fa22c2b5ebef5f8f09692d9ba1e5baa,-248771874,0,[],0,"{r: 1, g: 1, b: 1, a: 0.6}",2,0,0,0,0,0,{fileID: 0},0,0,1,{fileID: 1246256731042830},1246256731042830,0,{fileID: 0},0,{fileID: 0},0,"{fileID: -248771874, guid: 1fa22c2b5ebef5f8f09692d9ba1e5baa, type: 3}",-248771874,1fa22c2b5ebef5f8f09692d9ba1e5baa,Assets/Plugins/LeTai.TrueShadow.dll,0,"{x: 0, y: -0}",90,0,0,2,0,1,0
LevelManager,Assets/GameObject/LevelManager.prefab,LeTai.TrueShadow,1fa22c2b5ebef5f8f09692d9ba1e5baa,-248771874,0,[],0,"{r: 1, g: 1, b: 1, a: 0.6}",2,0,0,0,0,0,{fileID: 0},0,0,1,{fileID: 1210784551691004},1210784551691004,0,{fileID: 0},0,{fileID: 0},0,"{fileID: -248771874, guid: 1fa22c2b5ebef5f8f09692d9ba1e5baa, type: 3}",-248771874,1fa22c2b5ebef5f8f09692d9ba1e5baa,Assets/Plugins/LeTai.TrueShadow.dll,0,"{x: 0, y: -0}",90,0,0,2,0,1,0
LevelManager,Assets/GameObject/LevelManager.prefab,LeTai.TrueShadow,1fa22c2b5ebef5f8f09692d9ba1e5baa,-248771874,0,[],0,"{r: 1, g: 1, b: 1, a: 0.6}",2,0,0,0,0,0,{fileID: 0},0,0,1,{fileID: 1933128755139587},1933128755139587,0,{fileID: 0},0,{fileID: 0},0,"{fileID: -248771874, guid: 1fa22c2b5ebef5f8f09692d9ba1e5baa, type: 3}",-248771874,1fa22c2b5ebef5f8f09692d9ba1e5baa,Assets/Plugins/LeTai.TrueShadow.dll,0,"{x: 0, y: -0}",90,0,0,2,0,1,0
LevelManager,Assets/GameObject/LevelManager.prefab,LeTai.TrueShadow,1fa22c2b5ebef5f8f09692d9ba1e5baa,-248771874,0,[],0,"{r: 0, g: 0, b: 0, a: 0.6}",2,0,0,0,0,0,{fileID: 0},0,0,0,{fileID: 1144944887444619},1144944887444619,0,{fileID: 0},0,{fileID: 0},0,"{fileID: -248771874, guid: 1fa22c2b5ebef5f8f09692d9ba1e5baa, type: 3}",-248771874,1fa22c2b5ebef5f8f09692d9ba1e5baa,Assets/Plugins/LeTai.TrueShadow.dll,0,"{x: 1.7881396E-07, y: -3}",90,3,0,6,0,1,0
LevelManager,Assets/GameObject/LevelManager.prefab,LeTai.TrueShadow,1fa22c2b5ebef5f8f09692d9ba1e5baa,-248771874,0,[],1,"{r: 0.4764151, g: 1, b: 0.62022334, a: 1}",2,0,0,1,1,1,{fileID: 0},0,0,1,{fileID: 1929463148928753},1929463148928753,0,{fileID: 0},0,{fileID: 0},0,"{fileID: -248771874, guid: 1fa22c2b5ebef5f8f09692d9ba1e5baa, type: 3}",-248771874,1fa22c2b5ebef5f8f09692d9ba1e5baa,Assets/Plugins/LeTai.TrueShadow.dll,0,"{x: 0, y: -0}",90,0,0,17.85,0,0,0
LevelManager,Assets/GameObject/LevelManager.prefab,LeTai.TrueShadow,1fa22c2b5ebef5f8f09692d9ba1e5baa,-248771874,0,[],0,"{r: 0, g: 0, b: 0, a: 0.6}",2,0,0,0,0,0,{fileID: 0},0,0,0,{fileID: 1577904657429287},1577904657429287,0,{fileID: 0},0,{fileID: 0},0,"{fileID: -248771874, guid: 1fa22c2b5ebef5f8f09692d9ba1e5baa, type: 3}",-248771874,1fa22c2b5ebef5f8f09692d9ba1e5baa,Assets/Plugins/LeTai.TrueShadow.dll,0,"{x: 1.4142134, y: -1.4142137}",45,2,0,8,0,1,0
LevelManager,Assets/GameObject/LevelManager.prefab,LeTai.TrueShadow,1fa22c2b5ebef5f8f09692d9ba1e5baa,-248771874,0,[],0,"{r: 0, g: 0, b: 0, a: 0.72156864}",2,0,0,1,1,0,{fileID: 0},0,0,1,{fileID: 1307628873822893},1307628873822893,0,{fileID: 0},0,{fileID: 0},0,"{fileID: -248771874, guid: 1fa22c2b5ebef5f8f09692d9ba1e5baa, type: 3}",-248771874,1fa22c2b5ebef5f8f09692d9ba1e5baa,Assets/Plugins/LeTai.TrueShadow.dll,0,"{x: 5.9195232, y: -5.38138}",42.273666,8,0,3,0.5,1,0
LevelManager,Assets/GameObject/LevelManager.prefab,LeTai.TrueShadow,1fa22c2b5ebef5f8f09692d9ba1e5baa,-248771874,0,[],0,"{r: 1, g: 1, b: 1, a: 1}",2,0,0,1,0,0,{fileID: 0},0,0,0,{fileID: 1229940890221313},1229940890221313,0,{fileID: 0},0,{fileID: 0},0,"{fileID: -248771874, guid: 1fa22c2b5ebef5f8f09692d9ba1e5baa, type: 3}",-248771874,1fa22c2b5ebef5f8f09692d9ba1e5baa,Assets/Plugins/LeTai.TrueShadow.dll,0,"{x: 0, y: -0}",90,0,0,1,0,1,0
LevelManager,Assets/GameObject/LevelManager.prefab,LeTai.TrueShadow,1fa22c2b5ebef5f8f09692d9ba1e5baa,-248771874,0,[],0,"{r: 1, g: 1, b: 1, a: 0.6}",2,0,0,0,0,0,{fileID: 0},0,0,1,{fileID: 1427096959494200},1427096959494200,0,{fileID: 0},0,{fileID: 0},0,"{fileID: -248771874, guid: 1fa22c2b5ebef5f8f09692d9ba1e5baa, type: 3}",-248771874,1fa22c2b5ebef5f8f09692d9ba1e5baa,Assets/Plugins/LeTai.TrueShadow.dll,0,"{x: 0, y: -0}",90,0,0,2,0,1,0
LevelManager,Assets/GameObject/LevelManager.prefab,LeTai.TrueShadow,1fa22c2b5ebef5f8f09692d9ba1e5baa,-248771874,0,[],0,"{r: 1, g: 1, b: 1, a: 0.6}",2,0,0,0,0,0,{fileID: 0},0,0,1,{fileID: 1219931678813694},1219931678813694,0,{fileID: 0},0,{fileID: 0},0,"{fileID: -248771874, guid: 1fa22c2b5ebef5f8f09692d9ba1e5baa, type: 3}",-248771874,1fa22c2b5ebef5f8f09692d9ba1e5baa,Assets/Plugins/LeTai.TrueShadow.dll,0,"{x: 0, y: -0}",90,0,0,2,0,1,0
LevelManager,Assets/GameObject/LevelManager.prefab,LeTai.TrueShadow,1fa22c2b5ebef5f8f09692d9ba1e5baa,-248771874,0,[],0,"{r: 1, g: 1, b: 1, a: 0.6}",2,0,0,0,0,0,{fileID: 0},0,0,1,{fileID: 1261437160923386},1261437160923386,0,{fileID: 0},0,{fileID: 0},0,"{fileID: -248771874, guid: 1fa22c2b5ebef5f8f09692d9ba1e5baa, type: 3}",-248771874,1fa22c2b5ebef5f8f09692d9ba1e5baa,Assets/Plugins/LeTai.TrueShadow.dll,0,"{x: 0, y: -0}",90,0,0,2,0,1,0
LevelManager,Assets/GameObject/LevelManager.prefab,LeTai.TrueShadow,1fa22c2b5ebef5f8f09692d9ba1e5baa,-248771874,0,[],0,"{r: 0, g: 0, b: 0, a: 0.6}",2,0,0,0,0,0,{fileID: 0},0,0,0,{fileID: 1481382521065375},1481382521065375,0,{fileID: 0},0,{fileID: 0},0,"{fileID: -248771874, guid: 1fa22c2b5ebef5f8f09692d9ba1e5baa, type: 3}",-248771874,1fa22c2b5ebef5f8f09692d9ba1e5baa,Assets/Plugins/LeTai.TrueShadow.dll,0,"{x: 1.7881396E-07, y: -3}",90,3,0,6,0,1,0
LevelManager,Assets/GameObject/LevelManager.prefab,LeTai.TrueShadow,1fa22c2b5ebef5f8f09692d9ba1e5baa,-248771874,0,[],1,"{r: 0.4764151, g: 1, b: 0.62022334, a: 1}",2,0,0,1,1,1,{fileID: 0},0,0,1,{fileID: 1177820720883909},1177820720883909,0,{fileID: 0},0,{fileID: 0},0,"{fileID: -248771874, guid: 1fa22c2b5ebef5f8f09692d9ba1e5baa, type: 3}",-248771874,1fa22c2b5ebef5f8f09692d9ba1e5baa,Assets/Plugins/LeTai.TrueShadow.dll,0,"{x: 0, y: -0}",90,0,0,17.85,0,0,0
LevelManager,Assets/GameObject/LevelManager.prefab,LeTai.TrueShadow,1fa22c2b5ebef5f8f09692d9ba1e5baa,-248771874,0,[],0,"{r: 0, g: 0, b: 0, a: 0.6}",2,0,0,0,0,0,{fileID: 0},0,0,0,{fileID: 1258716907101365},1258716907101365,0,{fileID: 0},0,{fileID: 0},0,"{fileID: -248771874, guid: 1fa22c2b5ebef5f8f09692d9ba1e5baa, type: 3}",-248771874,1fa22c2b5ebef5f8f09692d9ba1e5baa,Assets/Plugins/LeTai.TrueShadow.dll,0,"{x: 1.4142134, y: -1.4142137}",45,2,0,8,0,1,0
LevelManager,Assets/GameObject/LevelManager.prefab,LeTai.TrueShadow,1fa22c2b5ebef5f8f09692d9ba1e5baa,-248771874,0,[],0,"{r: 0, g: 0, b: 0, a: 0.72156864}",2,0,0,1,1,0,{fileID: 0},0,0,1,{fileID: 1285516727886295},1285516727886295,0,{fileID: 0},0,{fileID: 0},0,"{fileID: -248771874, guid: 1fa22c2b5ebef5f8f09692d9ba1e5baa, type: 3}",-248771874,1fa22c2b5ebef5f8f09692d9ba1e5baa,Assets/Plugins/LeTai.TrueShadow.dll,0,"{x: 5.9195232, y: -5.38138}",42.273666,8,0,3,0.5,1,0
LevelManager,Assets/GameObject/LevelManager.prefab,LeTai.TrueShadow,1fa22c2b5ebef5f8f09692d9ba1e5baa,-248771874,0,[],0,"{r: 1, g: 1, b: 1, a: 1}",2,0,0,1,0,0,{fileID: 0},0,0,0,{fileID: 1457297624653167},1457297624653167,0,{fileID: 0},0,{fileID: 0},0,"{fileID: -248771874, guid: 1fa22c2b5ebef5f8f09692d9ba1e5baa, type: 3}",-248771874,1fa22c2b5ebef5f8f09692d9ba1e5baa,Assets/Plugins/LeTai.TrueShadow.dll,0,"{x: 0, y: -0}",90,0,0,1,0,1,0
LevelManager,Assets/GameObject/LevelManager.prefab,LeTai.TrueShadow,1fa22c2b5ebef5f8f09692d9ba1e5baa,-248771874,0,[],0,"{r: 1, g: 1, b: 1, a: 0.6}",2,0,0,0,0,0,{fileID: 0},0,0,1,{fileID: 1907402744284611},1907402744284611,0,{fileID: 0},0,{fileID: 0},0,"{fileID: -248771874, guid: 1fa22c2b5ebef5f8f09692d9ba1e5baa, type: 3}",-248771874,1fa22c2b5ebef5f8f09692d9ba1e5baa,Assets/Plugins/LeTai.TrueShadow.dll,0,"{x: 0, y: -0}",90,0,0,2,0,1,0
LevelManager,Assets/GameObject/LevelManager.prefab,LeTai.TrueShadow,1fa22c2b5ebef5f8f09692d9ba1e5baa,-248771874,0,[],0,"{r: 1, g: 1, b: 1, a: 0.6}",2,0,0,0,0,0,{fileID: 0},0,0,1,{fileID: 1622909478334699},1622909478334699,0,{fileID: 0},0,{fileID: 0},0,"{fileID: -248771874, guid: 1fa22c2b5ebef5f8f09692d9ba1e5baa, type: 3}",-248771874,1fa22c2b5ebef5f8f09692d9ba1e5baa,Assets/Plugins/LeTai.TrueShadow.dll,0,"{x: 0, y: -0}",90,0,0,2,0,1,0
LevelManager,Assets/GameObject/LevelManager.prefab,LeTai.TrueShadow,1fa22c2b5ebef5f8f09692d9ba1e5baa,-248771874,0,[],0,"{r: 1, g: 1, b: 1, a: 0.6}",2,0,0,0,0,0,{fileID: 0},0,0,1,{fileID: 1012977569353667},1012977569353667,0,{fileID: 0},0,{fileID: 0},0,"{fileID: -248771874, guid: 1fa22c2b5ebef5f8f09692d9ba1e5baa, type: 3}",-248771874,1fa22c2b5ebef5f8f09692d9ba1e5baa,Assets/Plugins/LeTai.TrueShadow.dll,0,"{x: 0, y: -0}",90,0,0,2,0,1,0
LevelManager,Assets/GameObject/LevelManager.prefab,LeTai.TrueShadow,1fa22c2b5ebef5f8f09692d9ba1e5baa,-248771874,0,[],0,"{r: 0, g: 0, b: 0, a: 0.6}",2,0,0,0,0,0,{fileID: 0},0,0,0,{fileID: 1463921391057967},1463921391057967,0,{fileID: 0},0,{fileID: 0},0,"{fileID: -248771874, guid: 1fa22c2b5ebef5f8f09692d9ba1e5baa, type: 3}",-248771874,1fa22c2b5ebef5f8f09692d9ba1e5baa,Assets/Plugins/LeTai.TrueShadow.dll,0,"{x: 1.7881396E-07, y: -3}",90,3,0,6,0,1,0
LevelManager,Assets/GameObject/LevelManager.prefab,LeTai.TrueShadow,1fa22c2b5ebef5f8f09692d9ba1e5baa,-248771874,0,[],0,"{r: 0, g: 0, b: 0, a: 0.6}",2,0,0,0,1,0,{fileID: 0},0,0,1,{fileID: 1854466874924867},1854466874924867,0,{fileID: 0},0,{fileID: 0},0,"{fileID: -248771874, guid: 1fa22c2b5ebef5f8f09692d9ba1e5baa, type: 3}",-248771874,1fa22c2b5ebef5f8f09692d9ba1e5baa,Assets/Plugins/LeTai.TrueShadow.dll,0,"{x: 7.1525585E-07, y: -12}",90,12,0,32,0,1,0
LevelManager,Assets/GameObject/LevelManager.prefab,LeTai.TrueShadow,1fa22c2b5ebef5f8f09692d9ba1e5baa,-248771874,0,[],0,"{r: 0, g: 0, b: 0, a: 0.6}",2,0,0,0,0,0,{fileID: 0},0,0,1,{fileID: 1388580404400093},1388580404400093,0,{fileID: 0},0,{fileID: 0},0,"{fileID: -248771874, guid: 1fa22c2b5ebef5f8f09692d9ba1e5baa, type: 3}",-248771874,1fa22c2b5ebef5f8f09692d9ba1e5baa,Assets/Plugins/LeTai.TrueShadow.dll,1,"{x: 2.1213202, y: -2.1213205}",90,3,0,3,0,1,1
LevelManager,Assets/GameObject/LevelManager.prefab,LeTai.TrueShadow,1fa22c2b5ebef5f8f09692d9ba1e5baa,-248771874,0,[],0,"{r: 0, g: 0, b: 0, a: 0.70980394}",2,0,0,0,0,0,{fileID: 0},0,0,1,{fileID: 1130460821060309},1130460821060309,0,{fileID: 0},0,{fileID: 0},0,"{fileID: -248771874, guid: 1fa22c2b5ebef5f8f09692d9ba1e5baa, type: 3}",-248771874,1fa22c2b5ebef5f8f09692d9ba1e5baa,Assets/Plugins/LeTai.TrueShadow.dll,0,"{x: 1.3081474, y: -1.3081477}",45,1.85,0,0.1,0,1,0
LevelManager,Assets/GameObject/LevelManager.prefab,LeTai.TrueShadow,1fa22c2b5ebef5f8f09692d9ba1e5baa,-248771874,0,[],0,"{r: 0, g: 0, b: 0, a: 0.6}",2,0,0,0,0,1,{fileID: 0},0,0,1,{fileID: 1836910713070352},1836910713070352,0,{fileID: 0},0,{fileID: 0},0,"{fileID: -248771874, guid: 1fa22c2b5ebef5f8f09692d9ba1e5baa, type: 3}",-248771874,1fa22c2b5ebef5f8f09692d9ba1e5baa,Assets/Plugins/LeTai.TrueShadow.dll,0,"{x: 0, y: -0}",45,0,0,11.8,0,1,1
LevelManager,Assets/GameObject/LevelManager.prefab,LeTai.TrueShadow,1fa22c2b5ebef5f8f09692d9ba1e5baa,-248771874,0,[],0,"{r: 0, g: 0, b: 0, a: 0.8509804}",2,0,0,0,0,0,{fileID: 0},0,0,1,{fileID: 1625770770679864},1625770770679864,0,{fileID: 0},0,{fileID: 0},0,"{fileID: -248771874, guid: 1fa22c2b5ebef5f8f09692d9ba1e5baa, type: 3}",-248771874,1fa22c2b5ebef5f8f09692d9ba1e5baa,Assets/Plugins/LeTai.TrueShadow.dll,0,"{x: 1.2020814, y: -1.2020817}",45,1.7,0,1.21,0,1,0
LevelManager,Assets/GameObject/LevelManager.prefab,LeTai.TrueShadow,1fa22c2b5ebef5f8f09692d9ba1e5baa,-248771874,0,[],0,"{r: 0, g: 0, b: 0, a: 0.8}",2,0,0,0,0,0,{fileID: 0},0,0,1,{fileID: 1499989246681139},1499989246681139,0,{fileID: 0},0,{fileID: 0},0,"{fileID: -248771874, guid: 1fa22c2b5ebef5f8f09692d9ba1e5baa, type: 3}",-248771874,1fa22c2b5ebef5f8f09692d9ba1e5baa,Assets/Plugins/LeTai.TrueShadow.dll,0,"{x: 1.192093E-07, y: -2}",90,2,0,3,0,1,0
LevelManager,Assets/GameObject/LevelManager.prefab,LeTai.TrueShadow,1fa22c2b5ebef5f8f09692d9ba1e5baa,-248771874,0,[],0,"{r: 0, g: 0, b: 0, a: 0.6}",2,0,0,0,0,0,{fileID: 0},0,0,1,{fileID: 1846857963838761},1846857963838761,0,{fileID: 0},0,{fileID: 0},0,"{fileID: -248771874, guid: 1fa22c2b5ebef5f8f09692d9ba1e5baa, type: 3}",-248771874,1fa22c2b5ebef5f8f09692d9ba1e5baa,Assets/Plugins/LeTai.TrueShadow.dll,0,"{x: 7.1525585E-07, y: -12}",90,12,0,32,0,1,0
LevelManager,Assets/GameObject/LevelManager.prefab,LeTai.TrueShadow,1fa22c2b5ebef5f8f09692d9ba1e5baa,-248771874,0,[],0,"{r: 0, g: 0, b: 0, a: 0.6}",2,0,0,0,0,0,{fileID: 0},0,0,1,{fileID: 1817888025144738},1817888025144738,0,{fileID: 0},0,{fileID: 0},0,"{fileID: -248771874, guid: 1fa22c2b5ebef5f8f09692d9ba1e5baa, type: 3}",-248771874,1fa22c2b5ebef5f8f09692d9ba1e5baa,Assets/Plugins/LeTai.TrueShadow.dll,0,"{x: 7.1525585E-07, y: -12}",90,12,0,16,0,1,0
LevelManager,Assets/GameObject/LevelManager.prefab,LeTai.TrueShadow,1fa22c2b5ebef5f8f09692d9ba1e5baa,-248771874,0,[],0,"{r: 0, g: 0, b: 0, a: 0.6}",2,0,0,0,0,0,{fileID: 0},0,0,1,{fileID: 1546069260292629},1546069260292629,0,{fileID: 0},0,{fileID: 0},0,"{fileID: -248771874, guid: 1fa22c2b5ebef5f8f09692d9ba1e5baa, type: 3}",-248771874,1fa22c2b5ebef5f8f09692d9ba1e5baa,Assets/Plugins/LeTai.TrueShadow.dll,0,"{x: 7.1525585E-07, y: -12}",90,12,0,32,0,1,0
LevelManager,Assets/GameObject/LevelManager.prefab,LeTai.TrueShadow,1fa22c2b5ebef5f8f09692d9ba1e5baa,-248771874,0,[],0,"{r: 0, g: 0, b: 0, a: 0.6}",2,0,0,0,1,0,{fileID: 0},0,0,1,{fileID: 1173014807020899},1173014807020899,0,{fileID: 0},0,{fileID: 0},0,"{fileID: -248771874, guid: 1fa22c2b5ebef5f8f09692d9ba1e5baa, type: 3}",-248771874,1fa22c2b5ebef5f8f09692d9ba1e5baa,Assets/Plugins/LeTai.TrueShadow.dll,0,"{x: 7.1525585E-07, y: -12}",90,12,0,32,0,1,0
LevelManager,Assets/GameObject/LevelManager.prefab,LeTai.TrueShadow,1fa22c2b5ebef5f8f09692d9ba1e5baa,-248771874,0,[],0,"{r: 0, g: 0, b: 0, a: 0.6}",2,0,0,0,0,0,{fileID: 0},0,0,1,{fileID: 1370548614002072},1370548614002072,0,{fileID: 0},0,{fileID: 0},0,"{fileID: -248771874, guid: 1fa22c2b5ebef5f8f09692d9ba1e5baa, type: 3}",-248771874,1fa22c2b5ebef5f8f09692d9ba1e5baa,Assets/Plugins/LeTai.TrueShadow.dll,0,"{x: 7.1525585E-07, y: -12}",90,12,0,16,0,1,0
LevelManager,Assets/GameObject/LevelManager.prefab,LeTai.TrueShadow,1fa22c2b5ebef5f8f09692d9ba1e5baa,-248771874,0,[],0,"{r: 0, g: 0, b: 0, a: 0.6}",2,0,0,0,0,0,{fileID: 0},0,0,1,{fileID: 1987503510558006},1987503510558006,0,{fileID: 0},0,{fileID: 0},0,"{fileID: -248771874, guid: 1fa22c2b5ebef5f8f09692d9ba1e5baa, type: 3}",-248771874,1fa22c2b5ebef5f8f09692d9ba1e5baa,Assets/Plugins/LeTai.TrueShadow.dll,0,"{x: 7.1525585E-07, y: -12}",90,12,0,16,0,1,0
LevelManager,Assets/GameObject/LevelManager.prefab,LeTai.TrueShadow,1fa22c2b5ebef5f8f09692d9ba1e5baa,-248771874,0,[],0,"{r: 0, g: 0, b: 0, a: 0.6}",2,0,0,0,0,0,{fileID: 0},0,0,1,{fileID: 1610477735649900},1610477735649900,0,{fileID: 0},0,{fileID: 0},0,"{fileID: -248771874, guid: 1fa22c2b5ebef5f8f09692d9ba1e5baa, type: 3}",-248771874,1fa22c2b5ebef5f8f09692d9ba1e5baa,Assets/Plugins/LeTai.TrueShadow.dll,0,"{x: 7.1525585E-07, y: -12}",90,12,0,16,0,1,0
LevelManager,Assets/GameObject/LevelManager.prefab,LeTai.TrueShadow,1fa22c2b5ebef5f8f09692d9ba1e5baa,-248771874,0,[],0,"{r: 0, g: 0, b: 0, a: 0.6}",2,0,0,0,0,0,{fileID: 0},0,0,0,{fileID: 1440727273045527},1440727273045527,0,{fileID: 0},0,{fileID: 0},0,"{fileID: -248771874, guid: 1fa22c2b5ebef5f8f09692d9ba1e5baa, type: 3}",-248771874,1fa22c2b5ebef5f8f09692d9ba1e5baa,Assets/Plugins/LeTai.TrueShadow.dll,0,"{x: 5.6568537, y: -5.6568546}",45,8,0,8,0,1,0
LevelManager,Assets/GameObject/LevelManager.prefab,LeTai.TrueShadow,1fa22c2b5ebef5f8f09692d9ba1e5baa,-248771874,0,[],0,"{r: 1, g: 0.4198113, b: 0.4198113, a: 0.49803922}",2,0,0,1,0,0,{fileID: 0},0,0,0,{fileID: 1366233851572540},1366233851572540,0,{fileID: 0},0,{fileID: 0},0,"{fileID: -248771874, guid: 1fa22c2b5ebef5f8f09692d9ba1e5baa, type: 3}",-248771874,1fa22c2b5ebef5f8f09692d9ba1e5baa,Assets/Plugins/LeTai.TrueShadow.dll,0,"{x: 0, y: -0}",45,0,0,10,0,1,0
LevelManager,Assets/GameObject/LevelManager.prefab,LeTai.TrueShadow,1fa22c2b5ebef5f8f09692d9ba1e5baa,-248771874,0,[],0,"{r: 1, g: 1, b: 1, a: 0.25490198}",2,0,0,0,0,0,{fileID: 0},0,0,0,{fileID: 1002747481426305},1002747481426305,0,{fileID: 0},0,{fileID: 0},0,"{fileID: -248771874, guid: 1fa22c2b5ebef5f8f09692d9ba1e5baa, type: 3}",-248771874,1fa22c2b5ebef5f8f09692d9ba1e5baa,Assets/Plugins/LeTai.TrueShadow.dll,0,"{x: 2.835498, y: -2.8354986}",45,4.01,0,3,0,1,0
LevelManager,Assets/GameObject/LevelManager.prefab,LeTai.TrueShadow,1fa22c2b5ebef5f8f09692d9ba1e5baa,-248771874,0,[],1,"{r: 0.22745097, g: 0.7221681, b: 1, a: 1}",2,0,0,0,0,0,{fileID: 0},0,0,1,{fileID: 1906593609442091},1906593609442091,0,{fileID: 0},0,{fileID: 0},0,"{fileID: -248771874, guid: 1fa22c2b5ebef5f8f09692d9ba1e5baa, type: 3}",-248771874,1fa22c2b5ebef5f8f09692d9ba1e5baa,Assets/Plugins/LeTai.TrueShadow.dll,0,"{x: 0, y: -0}",90,0,0,16,0,0,0
LevelManager,Assets/GameObject/LevelManager.prefab,LeTai.TrueShadow,1fa22c2b5ebef5f8f09692d9ba1e5baa,-248771874,0,[],1,"{r: 0.22745097, g: 0.7221681, b: 1, a: 1}",2,0,0,0,0,0,{fileID: 0},0,0,1,{fileID: 1287838190168485},1287838190168485,0,{fileID: 0},0,{fileID: 0},0,"{fileID: -248771874, guid: 1fa22c2b5ebef5f8f09692d9ba1e5baa, type: 3}",-248771874,1fa22c2b5ebef5f8f09692d9ba1e5baa,Assets/Plugins/LeTai.TrueShadow.dll,0,"{x: 0, y: -0}",90,0,0,16,0,0,0
LevelManager,Assets/GameObject/LevelManager.prefab,LeTai.TrueShadow,1fa22c2b5ebef5f8f09692d9ba1e5baa,-248771874,0,[],0,"{r: 1, g: 1, b: 1, a: 1}",2,0,0,0,0,0,{fileID: 0},0,0,0,{fileID: 1311718286729091},1311718286729091,0,{fileID: 0},0,{fileID: 0},0,"{fileID: -248771874, guid: 1fa22c2b5ebef5f8f09692d9ba1e5baa, type: 3}",-248771874,1fa22c2b5ebef5f8f09692d9ba1e5baa,Assets/Plugins/LeTai.TrueShadow.dll,0,"{x: 1.192093E-07, y: -2}",90,2,0,3.4,0.197,1,0
LevelManager,Assets/GameObject/LevelManager.prefab,LeTai.TrueShadow,1fa22c2b5ebef5f8f09692d9ba1e5baa,-248771874,0,[],0,"{r: 1, g: 1, b: 1, a: 1}",2,0,0,0,0,0,{fileID: 0},0,0,0,{fileID: 1935867986323902},1935867986323902,0,{fileID: 0},0,{fileID: 0},0,"{fileID: -248771874, guid: 1fa22c2b5ebef5f8f09692d9ba1e5baa, type: 3}",-248771874,1fa22c2b5ebef5f8f09692d9ba1e5baa,Assets/Plugins/LeTai.TrueShadow.dll,0,"{x: 1.192093E-07, y: 2}",270,2,0,3.4,0.197,1,0
LevelManager,Assets/GameObject/LevelManager.prefab,LeTai.TrueShadow,1fa22c2b5ebef5f8f09692d9ba1e5baa,-248771874,0,[],0,"{r: 0, g: 0, b: 0, a: 0.5686275}",2,0,0,0,0,1,{fileID: 0},0,0,1,{fileID: 1324160632569527},1324160632569527,0,{fileID: 0},0,{fileID: 0},0,"{fileID: -248771874, guid: 1fa22c2b5ebef5f8f09692d9ba1e5baa, type: 3}",-248771874,1fa22c2b5ebef5f8f09692d9ba1e5baa,Assets/Plugins/LeTai.TrueShadow.dll,0,"{x: 0.27349573, y: -1.4951923}",79.63423,1.52,0,2,0,0,0
LevelManager,Assets/GameObject/LevelManager.prefab,LeTai.TrueShadow,1fa22c2b5ebef5f8f09692d9ba1e5baa,-248771874,0,[],0,"{r: 0, g: 0, b: 0, a: 1}",2,0,0,0,0,0,{fileID: 0},0,0,1,{fileID: 1410564752317195},1410564752317195,0,{fileID: 0},0,{fileID: 0},0,"{fileID: -248771874, guid: 1fa22c2b5ebef5f8f09692d9ba1e5baa, type: 3}",-248771874,1fa22c2b5ebef5f8f09692d9ba1e5baa,Assets/Plugins/LeTai.TrueShadow.dll,0,"{x: 0, y: -0}",90,0,0,5,0,1,0
LevelManager,Assets/GameObject/LevelManager.prefab,LeTai.TrueShadow,1fa22c2b5ebef5f8f09692d9ba1e5baa,-248771874,0,[],0,"{r: 0, g: 0, b: 0, a: 1}",2,0,0,0,0,0,{fileID: 0},0,0,1,{fileID: 1443167819073726},1443167819073726,0,{fileID: 0},0,{fileID: 0},0,"{fileID: -248771874, guid: 1fa22c2b5ebef5f8f09692d9ba1e5baa, type: 3}",-248771874,1fa22c2b5ebef5f8f09692d9ba1e5baa,Assets/Plugins/LeTai.TrueShadow.dll,0,"{x: 4.768372E-07, y: -8}",90,8,0,12,0,1,0
LevelManager,Assets/GameObject/LevelManager.prefab,LeTai.TrueShadow,1fa22c2b5ebef5f8f09692d9ba1e5baa,-248771874,0,[],0,"{r: 0, g: 0, b: 0, a: 1}",2,0,0,0,0,0,{fileID: 0},0,0,1,{fileID: 1297168768125093},1297168768125093,0,{fileID: 0},0,{fileID: 0},0,"{fileID: -248771874, guid: 1fa22c2b5ebef5f8f09692d9ba1e5baa, type: 3}",-248771874,1fa22c2b5ebef5f8f09692d9ba1e5baa,Assets/Plugins/LeTai.TrueShadow.dll,0,"{x: 4.768372E-07, y: -8}",90,8,0,16,0,1,0
LevelManager,Assets/GameObject/LevelManager.prefab,LeTai.TrueShadow,1fa22c2b5ebef5f8f09692d9ba1e5baa,-248771874,0,[],0,"{r: 1, g: 0.46063843, b: 0.19339621, a: 0.6}",2,0,0,1,0,0,{fileID: 0},0,0,1,{fileID: 1998542842888371},1998542842888371,0,{fileID: 0},0,{fileID: 0},0,"{fileID: -248771874, guid: 1fa22c2b5ebef5f8f09692d9ba1e5baa, type: 3}",-248771874,1fa22c2b5ebef5f8f09692d9ba1e5baa,Assets/Plugins/LeTai.TrueShadow.dll,0,"{x: 0, y: -0}",90,0,0,16,0,1,0
LevelManager,Assets/GameObject/LevelManager.prefab,LeTai.TrueShadow,1fa22c2b5ebef5f8f09692d9ba1e5baa,-248771874,0,[],0,"{r: 0.0990566, g: 0.620558, b: 1, a: 0.6}",2,0,0,1,0,0,{fileID: 0},0,0,1,{fileID: 1368084625450098},1368084625450098,0,{fileID: 0},0,{fileID: 0},0,"{fileID: -248771874, guid: 1fa22c2b5ebef5f8f09692d9ba1e5baa, type: 3}",-248771874,1fa22c2b5ebef5f8f09692d9ba1e5baa,Assets/Plugins/LeTai.TrueShadow.dll,0,"{x: 0, y: -0}",90,0,0,16,0,1,0
LevelManager,Assets/GameObject/LevelManager.prefab,LeTai.TrueShadow,1fa22c2b5ebef5f8f09692d9ba1e5baa,-248771874,0,[],0,"{r: 0, g: 0, b: 0, a: 0.6}",2,0,0,0,0,0,{fileID: 0},0,0,1,{fileID: 1800676618804645},1800676618804645,0,{fileID: 0},0,{fileID: 0},0,"{fileID: -248771874, guid: 1fa22c2b5ebef5f8f09692d9ba1e5baa, type: 3}",-248771874,1fa22c2b5ebef5f8f09692d9ba1e5baa,Assets/Plugins/LeTai.TrueShadow.dll,0,"{x: 7.1525585E-07, y: -12}",90,12,0,16,0,1,0
LevelManager,Assets/GameObject/LevelManager.prefab,LeTai.TrueShadow,1fa22c2b5ebef5f8f09692d9ba1e5baa,-248771874,0,[],0,"{r: 0, g: 0, b: 0, a: 0.4745098}",2,0,0,0,0,1,{fileID: 0},0,0,0,{fileID: 1425915108084107},1425915108084107,0,{fileID: 0},0,{fileID: 0},0,"{fileID: -248771874, guid: 1fa22c2b5ebef5f8f09692d9ba1e5baa, type: 3}",-248771874,1fa22c2b5ebef5f8f09692d9ba1e5baa,Assets/Plugins/LeTai.TrueShadow.dll,0,"{x: 0, y: -0}",90,0,0,32,0,1,0
LevelManager,Assets/GameObject/LevelManager.prefab,LeTai.TrueShadow,1fa22c2b5ebef5f8f09692d9ba1e5baa,-248771874,0,[],0,"{r: 0, g: 0, b: 0, a: 0.6}",2,0,0,0,0,0,{fileID: 0},0,0,1,{fileID: 1462600681142642},1462600681142642,0,{fileID: 0},0,{fileID: 0},0,"{fileID: -248771874, guid: 1fa22c2b5ebef5f8f09692d9ba1e5baa, type: 3}",-248771874,1fa22c2b5ebef5f8f09692d9ba1e5baa,Assets/Plugins/LeTai.TrueShadow.dll,0,"{x: 2.9802325E-07, y: -5}",90,5,0,10,0,1,0
LevelManager,Assets/GameObject/LevelManager.prefab,LeTai.TrueShadow,1fa22c2b5ebef5f8f09692d9ba1e5baa,-248771874,0,[],0,"{r: 1, g: 1, b: 1, a: 1}",2,0,0,0,0,0,{fileID: 0},0,0,0,{fileID: 1979390455745162},1979390455745162,0,{fileID: 0},0,{fileID: 0},0,"{fileID: -248771874, guid: 1fa22c2b5ebef5f8f09692d9ba1e5baa, type: 3}",-248771874,1fa22c2b5ebef5f8f09692d9ba1e5baa,Assets/Plugins/LeTai.TrueShadow.dll,0,"{x: 1.192093E-07, y: -2}",90,2,0,3.4,0.197,1,0
LevelManager,Assets/GameObject/LevelManager.prefab,LeTai.TrueShadow,1fa22c2b5ebef5f8f09692d9ba1e5baa,-248771874,0,[],0,"{r: 1, g: 1, b: 1, a: 1}",2,0,0,0,0,0,{fileID: 0},0,0,0,{fileID: 1754718012955562},1754718012955562,0,{fileID: 0},0,{fileID: 0},0,"{fileID: -248771874, guid: 1fa22c2b5ebef5f8f09692d9ba1e5baa, type: 3}",-248771874,1fa22c2b5ebef5f8f09692d9ba1e5baa,Assets/Plugins/LeTai.TrueShadow.dll,0,"{x: 1.192093E-07, y: 2}",270,2,0,3.4,0.197,1,0
LevelManager,Assets/GameObject/LevelManager.prefab,LeTai.TrueShadow,1fa22c2b5ebef5f8f09692d9ba1e5baa,-248771874,0,[],0,"{r: 0, g: 0, b: 0, a: 0.5686275}",2,0,0,0,0,1,{fileID: 0},0,0,1,{fileID: 1929130762806394},1929130762806394,0,{fileID: 0},0,{fileID: 0},0,"{fileID: -248771874, guid: 1fa22c2b5ebef5f8f09692d9ba1e5baa, type: 3}",-248771874,1fa22c2b5ebef5f8f09692d9ba1e5baa,Assets/Plugins/LeTai.TrueShadow.dll,0,"{x: 0.27349573, y: -1.4951923}",79.63423,1.52,0,2,0,0,0
LevelManager,Assets/GameObject/LevelManager.prefab,LeTai.TrueShadow,1fa22c2b5ebef5f8f09692d9ba1e5baa,-248771874,0,[],0,"{r: 0, g: 0, b: 0, a: 1}",2,0,0,0,0,0,{fileID: 0},0,0,1,{fileID: 1048910242635375},1048910242635375,0,{fileID: 0},0,{fileID: 0},0,"{fileID: -248771874, guid: 1fa22c2b5ebef5f8f09692d9ba1e5baa, type: 3}",-248771874,1fa22c2b5ebef5f8f09692d9ba1e5baa,Assets/Plugins/LeTai.TrueShadow.dll,0,"{x: 0, y: -0}",90,0,0,5,0,1,0
LevelManager,Assets/GameObject/LevelManager.prefab,LeTai.TrueShadow,1fa22c2b5ebef5f8f09692d9ba1e5baa,-248771874,0,[],0,"{r: 0, g: 0, b: 0, a: 0.6}",2,0,0,0,0,0,{fileID: 0},0,0,1,{fileID: 1464000497185089},1464000497185089,0,{fileID: 0},0,{fileID: 0},0,"{fileID: -248771874, guid: 1fa22c2b5ebef5f8f09692d9ba1e5baa, type: 3}",-248771874,1fa22c2b5ebef5f8f09692d9ba1e5baa,Assets/Plugins/LeTai.TrueShadow.dll,0,"{x: 5.960465E-08, y: -1}",90,1,0,16,0,1,0
LevelManager,Assets/GameObject/LevelManager.prefab,LeTai.TrueShadow,1fa22c2b5ebef5f8f09692d9ba1e5baa,-248771874,0,[],0,"{r: 0, g: 0, b: 0, a: 0.6}",2,0,0,0,0,0,{fileID: 0},0,0,1,{fileID: 1542755748970536},1542755748970536,0,{fileID: 0},0,{fileID: 0},0,"{fileID: -248771874, guid: 1fa22c2b5ebef5f8f09692d9ba1e5baa, type: 3}",-248771874,1fa22c2b5ebef5f8f09692d9ba1e5baa,Assets/Plugins/LeTai.TrueShadow.dll,0,"{x: 7.1525585E-07, y: -12}",90,12,0,32,0,1,0
LevelManager,Assets/GameObject/LevelManager.prefab,LeTai.TrueShadow,1fa22c2b5ebef5f8f09692d9ba1e5baa,-248771874,0,[],0,"{r: 1, g: 0.4198113, b: 0.4198113, a: 0.49803922}",2,0,0,1,0,0,{fileID: 0},0,0,0,{fileID: 1532191209456679},1532191209456679,0,{fileID: 0},0,{fileID: 0},0,"{fileID: -248771874, guid: 1fa22c2b5ebef5f8f09692d9ba1e5baa, type: 3}",-248771874,1fa22c2b5ebef5f8f09692d9ba1e5baa,Assets/Plugins/LeTai.TrueShadow.dll,0,"{x: 0, y: -0}",45,0,0,10,0,1,0
LevelManager,Assets/GameObject/LevelManager.prefab,LeTai.TrueShadow,1fa22c2b5ebef5f8f09692d9ba1e5baa,-248771874,0,[],0,"{r: 1, g: 1, b: 1, a: 0.25490198}",2,0,0,0,0,0,{fileID: 0},0,0,0,{fileID: 1927152678873898},1927152678873898,0,{fileID: 0},0,{fileID: 0},0,"{fileID: -248771874, guid: 1fa22c2b5ebef5f8f09692d9ba1e5baa, type: 3}",-248771874,1fa22c2b5ebef5f8f09692d9ba1e5baa,Assets/Plugins/LeTai.TrueShadow.dll,0,"{x: 2.835498, y: -2.8354986}",45,4.01,0,3,0,1,0
LevelManager,Assets/GameObject/LevelManager.prefab,LeTai.TrueShadow,1fa22c2b5ebef5f8f09692d9ba1e5baa,-248771874,0,[],0,"{r: 0, g: 0, b: 0, a: 0.6}",2,0,0,0,0,0,{fileID: 0},0,0,1,{fileID: 1183048399376708},1183048399376708,0,{fileID: 0},0,{fileID: 0},0,"{fileID: -248771874, guid: 1fa22c2b5ebef5f8f09692d9ba1e5baa, type: 3}",-248771874,1fa22c2b5ebef5f8f09692d9ba1e5baa,Assets/Plugins/LeTai.TrueShadow.dll,0,"{x: 5.6568537, y: -5.6568546}",45,8,0,8,0,1,0
LevelManager,Assets/GameObject/LevelManager.prefab,LeTai.TrueShadow,1fa22c2b5ebef5f8f09692d9ba1e5baa,-248771874,0,[],0,"{r: 0, g: 0, b: 0, a: 0.6}",2,0,0,0,0,0,{fileID: 0},0,0,1,{fileID: 1831776684737436},1831776684737436,0,{fileID: 0},0,{fileID: 0},0,"{fileID: -248771874, guid: 1fa22c2b5ebef5f8f09692d9ba1e5baa, type: 3}",-248771874,1fa22c2b5ebef5f8f09692d9ba1e5baa,Assets/Plugins/LeTai.TrueShadow.dll,0,"{x: 1.4142134, y: -1.4142137}",45,2,0,8,0,1,0
LevelManager,Assets/GameObject/LevelManager.prefab,LeTai.TrueShadow,1fa22c2b5ebef5f8f09692d9ba1e5baa,-248771874,0,[],0,"{r: 0, g: 0, b: 0, a: 0.72156864}",2,0,0,1,1,0,{fileID: 0},0,0,1,{fileID: 1956342248942519},1956342248942519,0,{fileID: 0},0,{fileID: 0},0,"{fileID: -248771874, guid: 1fa22c2b5ebef5f8f09692d9ba1e5baa, type: 3}",-248771874,1fa22c2b5ebef5f8f09692d9ba1e5baa,Assets/Plugins/LeTai.TrueShadow.dll,0,"{x: 5.9195232, y: -5.38138}",42.273666,8,0,3,0.5,1,0
LevelManager,Assets/GameObject/LevelManager.prefab,LeTai.TrueShadow,1fa22c2b5ebef5f8f09692d9ba1e5baa,-248771874,0,[],0,"{r: 1, g: 1, b: 1, a: 1}",2,0,0,1,0,0,{fileID: 0},0,0,1,{fileID: 1589659939725533},1589659939725533,0,{fileID: 0},0,{fileID: 0},0,"{fileID: -248771874, guid: 1fa22c2b5ebef5f8f09692d9ba1e5baa, type: 3}",-248771874,1fa22c2b5ebef5f8f09692d9ba1e5baa,Assets/Plugins/LeTai.TrueShadow.dll,0,"{x: 0, y: -0}",90,0,0,1,0,1,0
LevelManager,Assets/GameObject/LevelManager.prefab,LeTai.TrueShadow,1fa22c2b5ebef5f8f09692d9ba1e5baa,-248771874,0,[],0,"{r: 1, g: 1, b: 1, a: 0.6}",2,0,0,0,0,0,{fileID: 0},0,0,1,{fileID: 1600069274355082},1600069274355082,0,{fileID: 0},0,{fileID: 0},0,"{fileID: -248771874, guid: 1fa22c2b5ebef5f8f09692d9ba1e5baa, type: 3}",-248771874,1fa22c2b5ebef5f8f09692d9ba1e5baa,Assets/Plugins/LeTai.TrueShadow.dll,0,"{x: 0, y: -0}",90,0,0,2,0,1,0
LevelManager,Assets/GameObject/LevelManager.prefab,LeTai.TrueShadow,1fa22c2b5ebef5f8f09692d9ba1e5baa,-248771874,0,[],0,"{r: 1, g: 1, b: 1, a: 0.6}",2,0,0,0,0,0,{fileID: 0},0,0,1,{fileID: 1930541471239545},1930541471239545,0,{fileID: 0},0,{fileID: 0},0,"{fileID: -248771874, guid: 1fa22c2b5ebef5f8f09692d9ba1e5baa, type: 3}",-248771874,1fa22c2b5ebef5f8f09692d9ba1e5baa,Assets/Plugins/LeTai.TrueShadow.dll,0,"{x: 0, y: -0}",90,0,0,2,0,1,0
LevelManager,Assets/GameObject/LevelManager.prefab,LeTai.TrueShadow,1fa22c2b5ebef5f8f09692d9ba1e5baa,-248771874,0,[],0,"{r: 1, g: 1, b: 1, a: 0.6}",2,0,0,0,0,0,{fileID: 0},0,0,1,{fileID: 1627464277654158},1627464277654158,0,{fileID: 0},0,{fileID: 0},0,"{fileID: -248771874, guid: 1fa22c2b5ebef5f8f09692d9ba1e5baa, type: 3}",-248771874,1fa22c2b5ebef5f8f09692d9ba1e5baa,Assets/Plugins/LeTai.TrueShadow.dll,0,"{x: 0, y: -0}",90,0,0,2,0,1,0
LevelManager,Assets/GameObject/LevelManager.prefab,LeTai.TrueShadow,1fa22c2b5ebef5f8f09692d9ba1e5baa,-248771874,0,[],0,"{r: 0, g: 0, b: 0, a: 0.6}",2,0,0,0,0,0,{fileID: 0},0,0,1,{fileID: 1515391813512085},1515391813512085,0,{fileID: 0},0,{fileID: 0},0,"{fileID: -248771874, guid: 1fa22c2b5ebef5f8f09692d9ba1e5baa, type: 3}",-248771874,1fa22c2b5ebef5f8f09692d9ba1e5baa,Assets/Plugins/LeTai.TrueShadow.dll,0,"{x: 1.7881396E-07, y: -3}",90,3,0,6,0,1,0
LevelManager,Assets/GameObject/LevelManager.prefab,LeTai.TrueShadow,1fa22c2b5ebef5f8f09692d9ba1e5baa,-248771874,0,[],0,"{r: 1, g: 1, b: 1, a: 1}",2,0,0,0,0,0,{fileID: 0},0,0,1,{fileID: 1147415833964712},1147415833964712,0,{fileID: 0},0,{fileID: 0},0,"{fileID: -248771874, guid: 1fa22c2b5ebef5f8f09692d9ba1e5baa, type: 3}",-248771874,1fa22c2b5ebef5f8f09692d9ba1e5baa,Assets/Plugins/LeTai.TrueShadow.dll,0,"{x: 1.192093E-07, y: -2}",90,2,0,3.4,0.197,1,0
LevelManager,Assets/GameObject/LevelManager.prefab,LeTai.TrueShadow,1fa22c2b5ebef5f8f09692d9ba1e5baa,-248771874,0,[],0,"{r: 1, g: 1, b: 1, a: 1}",2,0,0,0,0,0,{fileID: 0},0,0,1,{fileID: 1739986902203392},1739986902203392,0,{fileID: 0},0,{fileID: 0},0,"{fileID: -248771874, guid: 1fa22c2b5ebef5f8f09692d9ba1e5baa, type: 3}",-248771874,1fa22c2b5ebef5f8f09692d9ba1e5baa,Assets/Plugins/LeTai.TrueShadow.dll,0,"{x: 1.192093E-07, y: 2}",270,2,0,3.4,0.197,1,0
LevelManager,Assets/GameObject/LevelManager.prefab,LeTai.TrueShadow,1fa22c2b5ebef5f8f09692d9ba1e5baa,-248771874,0,[],0,"{r: 0, g: 0, b: 0, a: 0.5686275}",2,0,0,0,0,1,{fileID: 0},0,0,1,{fileID: 1074745173086592},1074745173086592,0,{fileID: 0},0,{fileID: 0},0,"{fileID: -248771874, guid: 1fa22c2b5ebef5f8f09692d9ba1e5baa, type: 3}",-248771874,1fa22c2b5ebef5f8f09692d9ba1e5baa,Assets/Plugins/LeTai.TrueShadow.dll,0,"{x: 0.27349573, y: -1.4951923}",79.63423,1.52,0,2,0,0,0
LevelManager,Assets/GameObject/LevelManager.prefab,LeTai.TrueShadow,1fa22c2b5ebef5f8f09692d9ba1e5baa,-248771874,0,[],0,"{r: 0, g: 0, b: 0, a: 1}",2,0,0,0,0,0,{fileID: 0},0,0,1,{fileID: 1090097559308661},1090097559308661,0,{fileID: 0},0,{fileID: 0},0,"{fileID: -248771874, guid: 1fa22c2b5ebef5f8f09692d9ba1e5baa, type: 3}",-248771874,1fa22c2b5ebef5f8f09692d9ba1e5baa,Assets/Plugins/LeTai.TrueShadow.dll,0,"{x: 0, y: -0}",90,0,0,5,0,1,0
LevelManager,Assets/GameObject/LevelManager.prefab,LeTai.TrueShadow,1fa22c2b5ebef5f8f09692d9ba1e5baa,-248771874,0,[],0,"{r: 0, g: 0, b: 0, a: 0.6}",2,0,0,0,0,0,{fileID: 0},0,0,1,{fileID: 1715721727600719},1715721727600719,0,{fileID: 0},0,{fileID: 0},0,"{fileID: -248771874, guid: 1fa22c2b5ebef5f8f09692d9ba1e5baa, type: 3}",-248771874,1fa22c2b5ebef5f8f09692d9ba1e5baa,Assets/Plugins/LeTai.TrueShadow.dll,0,"{x: 7.1525585E-07, y: -12}",90,12,0,32,0,1,0
LevelManager,Assets/GameObject/LevelManager.prefab,LeTai.TrueShadow,1fa22c2b5ebef5f8f09692d9ba1e5baa,-248771874,0,[],0,"{r: 0, g: 0, b: 0, a: 0.6}",2,0,0,0,0,0,{fileID: 0},0,0,1,{fileID: 1479408793181975},1479408793181975,0,{fileID: 0},0,{fileID: 0},0,"{fileID: -248771874, guid: 1fa22c2b5ebef5f8f09692d9ba1e5baa, type: 3}",-248771874,1fa22c2b5ebef5f8f09692d9ba1e5baa,Assets/Plugins/LeTai.TrueShadow.dll,0,"{x: 7.1525585E-07, y: -12}",90,12,0,32,0,1,0
LevelManager,Assets/GameObject/LevelManager.prefab,LeTai.TrueShadow,1fa22c2b5ebef5f8f09692d9ba1e5baa,-248771874,0,[],0,"{r: 0, g: 0, b: 0, a: 0.6}",2,0,0,0,0,0,{fileID: 0},0,0,1,{fileID: 1815519099463151},1815519099463151,0,{fileID: 0},0,{fileID: 0},0,"{fileID: -248771874, guid: 1fa22c2b5ebef5f8f09692d9ba1e5baa, type: 3}",-248771874,1fa22c2b5ebef5f8f09692d9ba1e5baa,Assets/Plugins/LeTai.TrueShadow.dll,0,"{x: 5.6568537, y: -5.6568546}",45,8,0,8,0,1,0
LevelManager,Assets/GameObject/LevelManager.prefab,LeTai.TrueShadow,1fa22c2b5ebef5f8f09692d9ba1e5baa,-248771874,0,[],0,"{r: 0, g: 0, b: 0, a: 0.72156864}",2,0,0,0,0,0,{fileID: 0},0,0,1,{fileID: 1312232449947311},1312232449947311,0,{fileID: 0},0,{fileID: 0},0,"{fileID: -248771874, guid: 1fa22c2b5ebef5f8f09692d9ba1e5baa, type: 3}",-248771874,1fa22c2b5ebef5f8f09692d9ba1e5baa,Assets/Plugins/LeTai.TrueShadow.dll,0,"{x: 5.9195232, y: -5.38138}",42.273666,8,0,15,0,1,0
LevelManager,Assets/GameObject/LevelManager.prefab,LeTai.TrueShadow,1fa22c2b5ebef5f8f09692d9ba1e5baa,-248771874,0,[],0,"{r: 0, g: 0, b: 0, a: 0.6}",2,0,0,0,0,0,{fileID: 0},0,0,1,{fileID: 1614291397641046},1614291397641046,0,{fileID: 0},0,{fileID: 0},0,"{fileID: -248771874, guid: 1fa22c2b5ebef5f8f09692d9ba1e5baa, type: 3}",-248771874,1fa22c2b5ebef5f8f09692d9ba1e5baa,Assets/Plugins/LeTai.TrueShadow.dll,0,"{x: 3.5355334, y: -3.5355341}",45,5,0,5,0,1,0
LevelManager,Assets/GameObject/LevelManager.prefab,LeTai.TrueShadow,1fa22c2b5ebef5f8f09692d9ba1e5baa,-248771874,0,[],0,"{r: 1, g: 1, b: 1, a: 1}",2,0,0,0,0,0,{fileID: 0},0,0,1,{fileID: 1726924738129813},1726924738129813,0,{fileID: 0},0,{fileID: 0},0,"{fileID: -248771874, guid: 1fa22c2b5ebef5f8f09692d9ba1e5baa, type: 3}",-248771874,1fa22c2b5ebef5f8f09692d9ba1e5baa,Assets/Plugins/LeTai.TrueShadow.dll,0,"{x: 1.192093E-07, y: -2}",90,2,0,3.4,0.197,1,0
LevelManager,Assets/GameObject/LevelManager.prefab,LeTai.TrueShadow,1fa22c2b5ebef5f8f09692d9ba1e5baa,-248771874,0,[],0,"{r: 1, g: 1, b: 1, a: 1}",2,0,0,0,0,0,{fileID: 0},0,0,1,{fileID: 1149868896147491},1149868896147491,0,{fileID: 0},0,{fileID: 0},0,"{fileID: -248771874, guid: 1fa22c2b5ebef5f8f09692d9ba1e5baa, type: 3}",-248771874,1fa22c2b5ebef5f8f09692d9ba1e5baa,Assets/Plugins/LeTai.TrueShadow.dll,0,"{x: 1.192093E-07, y: 2}",270,2,0,3.4,0.197,1,0
LevelManager,Assets/GameObject/LevelManager.prefab,LeTai.TrueShadow,1fa22c2b5ebef5f8f09692d9ba1e5baa,-248771874,0,[],0,"{r: 0, g: 0, b: 0, a: 0.5686275}",2,0,0,0,0,1,{fileID: 0},0,0,1,{fileID: 1525600044004594},1525600044004594,0,{fileID: 0},0,{fileID: 0},0,"{fileID: -248771874, guid: 1fa22c2b5ebef5f8f09692d9ba1e5baa, type: 3}",-248771874,1fa22c2b5ebef5f8f09692d9ba1e5baa,Assets/Plugins/LeTai.TrueShadow.dll,0,"{x: 0.27349573, y: -1.4951923}",79.63423,1.52,0,2,0,0,0
LevelManager,Assets/GameObject/LevelManager.prefab,LeTai.TrueShadow,1fa22c2b5ebef5f8f09692d9ba1e5baa,-248771874,0,[],0,"{r: 0, g: 0, b: 0, a: 1}",2,0,0,0,0,0,{fileID: 0},0,0,1,{fileID: 1034580569066484},1034580569066484,0,{fileID: 0},0,{fileID: 0},0,"{fileID: -248771874, guid: 1fa22c2b5ebef5f8f09692d9ba1e5baa, type: 3}",-248771874,1fa22c2b5ebef5f8f09692d9ba1e5baa,Assets/Plugins/LeTai.TrueShadow.dll,0,"{x: 0, y: -0}",90,0,0,5,0,1,0
LevelManager,Assets/GameObject/LevelManager.prefab,LeTai.TrueShadow,1fa22c2b5ebef5f8f09692d9ba1e5baa,-248771874,0,[],0,"{r: 0, g: 0, b: 0, a: 0.6}",2,0,0,0,0,0,{fileID: 0},0,0,1,{fileID: 1698511284639732},1698511284639732,0,{fileID: 0},0,{fileID: 0},0,"{fileID: -248771874, guid: 1fa22c2b5ebef5f8f09692d9ba1e5baa, type: 3}",-248771874,1fa22c2b5ebef5f8f09692d9ba1e5baa,Assets/Plugins/LeTai.TrueShadow.dll,0,"{x: 3.5355334, y: -3.5355341}",45,5,0,10,0,1,0
LevelManager,Assets/GameObject/LevelManager.prefab,LeTai.TrueShadow,1fa22c2b5ebef5f8f09692d9ba1e5baa,-248771874,0,[],1,"{r: 0.4764151, g: 1, b: 0.62022334, a: 1}",2,0,0,1,1,1,{fileID: 0},0,0,1,{fileID: 1479333702714069},1479333702714069,0,{fileID: 0},0,{fileID: 0},0,"{fileID: -248771874, guid: 1fa22c2b5ebef5f8f09692d9ba1e5baa, type: 3}",-248771874,1fa22c2b5ebef5f8f09692d9ba1e5baa,Assets/Plugins/LeTai.TrueShadow.dll,0,"{x: 0, y: -0}",90,0,0,17.85,0,0,0
LevelManager,Assets/GameObject/LevelManager.prefab,LeTai.TrueShadow,1fa22c2b5ebef5f8f09692d9ba1e5baa,-248771874,0,[],0,"{r: 0, g: 0, b: 0, a: 0.6}",2,0,0,0,0,0,{fileID: 0},0,0,0,{fileID: 1007891468129361},1007891468129361,0,{fileID: 0},0,{fileID: 0},0,"{fileID: -248771874, guid: 1fa22c2b5ebef5f8f09692d9ba1e5baa, type: 3}",-248771874,1fa22c2b5ebef5f8f09692d9ba1e5baa,Assets/Plugins/LeTai.TrueShadow.dll,0,"{x: 1.4142134, y: -1.4142137}",45,2,0,8,0,1,0
LevelManager,Assets/GameObject/LevelManager.prefab,LeTai.TrueShadow,1fa22c2b5ebef5f8f09692d9ba1e5baa,-248771874,0,[],0,"{r: 0, g: 0, b: 0, a: 0.72156864}",2,0,0,1,1,0,{fileID: 0},0,0,1,{fileID: 1948114812454714},1948114812454714,0,{fileID: 0},0,{fileID: 0},0,"{fileID: -248771874, guid: 1fa22c2b5ebef5f8f09692d9ba1e5baa, type: 3}",-248771874,1fa22c2b5ebef5f8f09692d9ba1e5baa,Assets/Plugins/LeTai.TrueShadow.dll,0,"{x: 5.9195232, y: -5.38138}",42.273666,8,0,3,0.5,1,0
LevelManager,Assets/GameObject/LevelManager.prefab,LeTai.TrueShadow,1fa22c2b5ebef5f8f09692d9ba1e5baa,-248771874,0,[],0,"{r: 1, g: 1, b: 1, a: 1}",2,0,0,1,0,0,{fileID: 0},0,0,0,{fileID: 1894141916212991},1894141916212991,0,{fileID: 0},0,{fileID: 0},0,"{fileID: -248771874, guid: 1fa22c2b5ebef5f8f09692d9ba1e5baa, type: 3}",-248771874,1fa22c2b5ebef5f8f09692d9ba1e5baa,Assets/Plugins/LeTai.TrueShadow.dll,0,"{x: 0, y: -0}",90,0,0,1,0,1,0
LevelManager,Assets/GameObject/LevelManager.prefab,LeTai.TrueShadow,1fa22c2b5ebef5f8f09692d9ba1e5baa,-248771874,0,[],0,"{r: 1, g: 1, b: 1, a: 0.6}",2,0,0,0,0,0,{fileID: 0},0,0,1,{fileID: 1555314371924443},1555314371924443,0,{fileID: 0},0,{fileID: 0},0,"{fileID: -248771874, guid: 1fa22c2b5ebef5f8f09692d9ba1e5baa, type: 3}",-248771874,1fa22c2b5ebef5f8f09692d9ba1e5baa,Assets/Plugins/LeTai.TrueShadow.dll,0,"{x: 0, y: -0}",90,0,0,2,0,1,0
LevelManager,Assets/GameObject/LevelManager.prefab,LeTai.TrueShadow,1fa22c2b5ebef5f8f09692d9ba1e5baa,-248771874,0,[],0,"{r: 1, g: 1, b: 1, a: 0.6}",2,0,0,0,0,0,{fileID: 0},0,0,1,{fileID: 1418256460508036},1418256460508036,0,{fileID: 0},0,{fileID: 0},0,"{fileID: -248771874, guid: 1fa22c2b5ebef5f8f09692d9ba1e5baa, type: 3}",-248771874,1fa22c2b5ebef5f8f09692d9ba1e5baa,Assets/Plugins/LeTai.TrueShadow.dll,0,"{x: 0, y: -0}",90,0,0,2,0,1,0
LevelManager,Assets/GameObject/LevelManager.prefab,LeTai.TrueShadow,1fa22c2b5ebef5f8f09692d9ba1e5baa,-248771874,0,[],0,"{r: 1, g: 1, b: 1, a: 0.6}",2,0,0,0,0,0,{fileID: 0},0,0,1,{fileID: 1566726085548310},1566726085548310,0,{fileID: 0},0,{fileID: 0},0,"{fileID: -248771874, guid: 1fa22c2b5ebef5f8f09692d9ba1e5baa, type: 3}",-248771874,1fa22c2b5ebef5f8f09692d9ba1e5baa,Assets/Plugins/LeTai.TrueShadow.dll,0,"{x: 0, y: -0}",90,0,0,2,0,1,0
LevelManager,Assets/GameObject/LevelManager.prefab,LeTai.TrueShadow,1fa22c2b5ebef5f8f09692d9ba1e5baa,-248771874,0,[],0,"{r: 0, g: 0, b: 0, a: 0.6}",2,0,0,0,0,0,{fileID: 0},0,0,0,{fileID: 1480664125054001},1480664125054001,0,{fileID: 0},0,{fileID: 0},0,"{fileID: -248771874, guid: 1fa22c2b5ebef5f8f09692d9ba1e5baa, type: 3}",-248771874,1fa22c2b5ebef5f8f09692d9ba1e5baa,Assets/Plugins/LeTai.TrueShadow.dll,0,"{x: 1.7881396E-07, y: -3}",90,3,0,6,0,1,0
LevelManager,Assets/GameObject/LevelManager.prefab,LeTai.TrueShadow,1fa22c2b5ebef5f8f09692d9ba1e5baa,-248771874,0,[],1,"{r: 0.4764151, g: 1, b: 0.62022334, a: 1}",2,0,0,1,1,1,{fileID: 0},0,0,1,{fileID: 1367868531058068},1367868531058068,0,{fileID: 0},0,{fileID: 0},0,"{fileID: -248771874, guid: 1fa22c2b5ebef5f8f09692d9ba1e5baa, type: 3}",-248771874,1fa22c2b5ebef5f8f09692d9ba1e5baa,Assets/Plugins/LeTai.TrueShadow.dll,0,"{x: 0, y: -0}",90,0,0,17.85,0,0,0
LevelManager,Assets/GameObject/LevelManager.prefab,LeTai.TrueShadow,1fa22c2b5ebef5f8f09692d9ba1e5baa,-248771874,0,[],0,"{r: 0, g: 0, b: 0, a: 0.6}",2,0,0,0,0,0,{fileID: 0},0,0,0,{fileID: 1558135665082712},1558135665082712,0,{fileID: 0},0,{fileID: 0},0,"{fileID: -248771874, guid: 1fa22c2b5ebef5f8f09692d9ba1e5baa, type: 3}",-248771874,1fa22c2b5ebef5f8f09692d9ba1e5baa,Assets/Plugins/LeTai.TrueShadow.dll,0,"{x: 1.4142134, y: -1.4142137}",45,2,0,8,0,1,0
LevelManager,Assets/GameObject/LevelManager.prefab,LeTai.TrueShadow,1fa22c2b5ebef5f8f09692d9ba1e5baa,-248771874,0,[],0,"{r: 0, g: 0, b: 0, a: 0.72156864}",2,0,0,1,1,0,{fileID: 0},0,0,1,{fileID: 1892449087250730},1892449087250730,0,{fileID: 0},0,{fileID: 0},0,"{fileID: -248771874, guid: 1fa22c2b5ebef5f8f09692d9ba1e5baa, type: 3}",-248771874,1fa22c2b5ebef5f8f09692d9ba1e5baa,Assets/Plugins/LeTai.TrueShadow.dll,0,"{x: 5.9195232, y: -5.38138}",42.273666,8,0,3,0.5,1,0
LevelManager,Assets/GameObject/LevelManager.prefab,LeTai.TrueShadow,1fa22c2b5ebef5f8f09692d9ba1e5baa,-248771874,0,[],0,"{r: 1, g: 1, b: 1, a: 1}",2,0,0,1,0,0,{fileID: 0},0,0,0,{fileID: 1442085518369564},1442085518369564,0,{fileID: 0},0,{fileID: 0},0,"{fileID: -248771874, guid: 1fa22c2b5ebef5f8f09692d9ba1e5baa, type: 3}",-248771874,1fa22c2b5ebef5f8f09692d9ba1e5baa,Assets/Plugins/LeTai.TrueShadow.dll,0,"{x: 0, y: -0}",90,0,0,1,0,1,0
LevelManager,Assets/GameObject/LevelManager.prefab,LeTai.TrueShadow,1fa22c2b5ebef5f8f09692d9ba1e5baa,-248771874,0,[],0,"{r: 1, g: 1, b: 1, a: 0.6}",2,0,0,0,0,0,{fileID: 0},0,0,1,{fileID: 1651210406503289},1651210406503289,0,{fileID: 0},0,{fileID: 0},0,"{fileID: -248771874, guid: 1fa22c2b5ebef5f8f09692d9ba1e5baa, type: 3}",-248771874,1fa22c2b5ebef5f8f09692d9ba1e5baa,Assets/Plugins/LeTai.TrueShadow.dll,0,"{x: 0, y: -0}",90,0,0,2,0,1,0
LevelManager,Assets/GameObject/LevelManager.prefab,LeTai.TrueShadow,1fa22c2b5ebef5f8f09692d9ba1e5baa,-248771874,0,[],0,"{r: 1, g: 1, b: 1, a: 0.6}",2,0,0,0,0,0,{fileID: 0},0,0,1,{fileID: 1405965893364090},1405965893364090,0,{fileID: 0},0,{fileID: 0},0,"{fileID: -248771874, guid: 1fa22c2b5ebef5f8f09692d9ba1e5baa, type: 3}",-248771874,1fa22c2b5ebef5f8f09692d9ba1e5baa,Assets/Plugins/LeTai.TrueShadow.dll,0,"{x: 0, y: -0}",90,0,0,2,0,1,0
LevelManager,Assets/GameObject/LevelManager.prefab,LeTai.TrueShadow,1fa22c2b5ebef5f8f09692d9ba1e5baa,-248771874,0,[],0,"{r: 1, g: 1, b: 1, a: 0.6}",2,0,0,0,0,0,{fileID: 0},0,0,1,{fileID: 1104768355525779},1104768355525779,0,{fileID: 0},0,{fileID: 0},0,"{fileID: -248771874, guid: 1fa22c2b5ebef5f8f09692d9ba1e5baa, type: 3}",-248771874,1fa22c2b5ebef5f8f09692d9ba1e5baa,Assets/Plugins/LeTai.TrueShadow.dll,0,"{x: 0, y: -0}",90,0,0,2,0,1,0
LevelManager,Assets/GameObject/LevelManager.prefab,LeTai.TrueShadow,1fa22c2b5ebef5f8f09692d9ba1e5baa,-248771874,0,[],0,"{r: 0, g: 0, b: 0, a: 0.6}",2,0,0,0,0,0,{fileID: 0},0,0,0,{fileID: 1841446651593006},1841446651593006,0,{fileID: 0},0,{fileID: 0},0,"{fileID: -248771874, guid: 1fa22c2b5ebef5f8f09692d9ba1e5baa, type: 3}",-248771874,1fa22c2b5ebef5f8f09692d9ba1e5baa,Assets/Plugins/LeTai.TrueShadow.dll,0,"{x: 1.7881396E-07, y: -3}",90,3,0,6,0,1,0
LevelManager,Assets/GameObject/LevelManager.prefab,LeTai.TrueShadow,1fa22c2b5ebef5f8f09692d9ba1e5baa,-248771874,0,[],1,"{r: 0.4764151, g: 1, b: 0.62022334, a: 1}",2,0,0,1,1,1,{fileID: 0},0,0,1,{fileID: 1540738473034460},1540738473034460,0,{fileID: 0},0,{fileID: 0},0,"{fileID: -248771874, guid: 1fa22c2b5ebef5f8f09692d9ba1e5baa, type: 3}",-248771874,1fa22c2b5ebef5f8f09692d9ba1e5baa,Assets/Plugins/LeTai.TrueShadow.dll,0,"{x: 0, y: -0}",90,0,0,17.85,0,0,0
LevelManager,Assets/GameObject/LevelManager.prefab,LeTai.TrueShadow,1fa22c2b5ebef5f8f09692d9ba1e5baa,-248771874,0,[],0,"{r: 0, g: 0, b: 0, a: 0.6}",2,0,0,0,0,0,{fileID: 0},0,0,0,{fileID: 1013718097480656},1013718097480656,0,{fileID: 0},0,{fileID: 0},0,"{fileID: -248771874, guid: 1fa22c2b5ebef5f8f09692d9ba1e5baa, type: 3}",-248771874,1fa22c2b5ebef5f8f09692d9ba1e5baa,Assets/Plugins/LeTai.TrueShadow.dll,0,"{x: 1.4142134, y: -1.4142137}",45,2,0,8,0,1,0
LevelManager,Assets/GameObject/LevelManager.prefab,LeTai.TrueShadow,1fa22c2b5ebef5f8f09692d9ba1e5baa,-248771874,0,[],0,"{r: 0, g: 0, b: 0, a: 0.72156864}",2,0,0,1,1,0,{fileID: 0},0,0,1,{fileID: 1995825918106395},1995825918106395,0,{fileID: 0},0,{fileID: 0},0,"{fileID: -248771874, guid: 1fa22c2b5ebef5f8f09692d9ba1e5baa, type: 3}",-248771874,1fa22c2b5ebef5f8f09692d9ba1e5baa,Assets/Plugins/LeTai.TrueShadow.dll,0,"{x: 5.9195232, y: -5.38138}",42.273666,8,0,3,0.5,1,0
LevelManager,Assets/GameObject/LevelManager.prefab,LeTai.TrueShadow,1fa22c2b5ebef5f8f09692d9ba1e5baa,-248771874,0,[],0,"{r: 1, g: 1, b: 1, a: 1}",2,0,0,1,0,0,{fileID: 0},0,0,0,{fileID: 1104351039290105},1104351039290105,0,{fileID: 0},0,{fileID: 0},0,"{fileID: -248771874, guid: 1fa22c2b5ebef5f8f09692d9ba1e5baa, type: 3}",-248771874,1fa22c2b5ebef5f8f09692d9ba1e5baa,Assets/Plugins/LeTai.TrueShadow.dll,0,"{x: 0, y: -0}",90,0,0,1,0,1,0
LevelManager,Assets/GameObject/LevelManager.prefab,LeTai.TrueShadow,1fa22c2b5ebef5f8f09692d9ba1e5baa,-248771874,0,[],0,"{r: 1, g: 1, b: 1, a: 0.6}",2,0,0,0,0,0,{fileID: 0},0,0,1,{fileID: 1422058823588531},1422058823588531,0,{fileID: 0},0,{fileID: 0},0,"{fileID: -248771874, guid: 1fa22c2b5ebef5f8f09692d9ba1e5baa, type: 3}",-248771874,1fa22c2b5ebef5f8f09692d9ba1e5baa,Assets/Plugins/LeTai.TrueShadow.dll,0,"{x: 0, y: -0}",90,0,0,2,0,1,0
LevelManager,Assets/GameObject/LevelManager.prefab,LeTai.TrueShadow,1fa22c2b5ebef5f8f09692d9ba1e5baa,-248771874,0,[],0,"{r: 1, g: 1, b: 1, a: 0.6}",2,0,0,0,0,0,{fileID: 0},0,0,1,{fileID: 1422395424089251},1422395424089251,0,{fileID: 0},0,{fileID: 0},0,"{fileID: -248771874, guid: 1fa22c2b5ebef5f8f09692d9ba1e5baa, type: 3}",-248771874,1fa22c2b5ebef5f8f09692d9ba1e5baa,Assets/Plugins/LeTai.TrueShadow.dll,0,"{x: 0, y: -0}",90,0,0,2,0,1,0
LevelManager,Assets/GameObject/LevelManager.prefab,LeTai.TrueShadow,1fa22c2b5ebef5f8f09692d9ba1e5baa,-248771874,0,[],0,"{r: 1, g: 1, b: 1, a: 0.6}",2,0,0,0,0,0,{fileID: 0},0,0,1,{fileID: 1655177526254372},1655177526254372,0,{fileID: 0},0,{fileID: 0},0,"{fileID: -248771874, guid: 1fa22c2b5ebef5f8f09692d9ba1e5baa, type: 3}",-248771874,1fa22c2b5ebef5f8f09692d9ba1e5baa,Assets/Plugins/LeTai.TrueShadow.dll,0,"{x: 0, y: -0}",90,0,0,2,0,1,0
LevelManager,Assets/GameObject/LevelManager.prefab,LeTai.TrueShadow,1fa22c2b5ebef5f8f09692d9ba1e5baa,-248771874,0,[],0,"{r: 0, g: 0, b: 0, a: 0.6}",2,0,0,0,0,0,{fileID: 0},0,0,0,{fileID: 1336822308183415},1336822308183415,0,{fileID: 0},0,{fileID: 0},0,"{fileID: -248771874, guid: 1fa22c2b5ebef5f8f09692d9ba1e5baa, type: 3}",-248771874,1fa22c2b5ebef5f8f09692d9ba1e5baa,Assets/Plugins/LeTai.TrueShadow.dll,0,"{x: 1.7881396E-07, y: -3}",90,3,0,6,0,1,0
LevelManager,Assets/GameObject/LevelManager.prefab,LeTai.TrueShadow,1fa22c2b5ebef5f8f09692d9ba1e5baa,-248771874,0,[],1,"{r: 0.4764151, g: 1, b: 0.62022334, a: 1}",2,0,0,1,1,1,{fileID: 0},0,0,1,{fileID: 1652675219459660},1652675219459660,0,{fileID: 0},0,{fileID: 0},0,"{fileID: -248771874, guid: 1fa22c2b5ebef5f8f09692d9ba1e5baa, type: 3}",-248771874,1fa22c2b5ebef5f8f09692d9ba1e5baa,Assets/Plugins/LeTai.TrueShadow.dll,0,"{x: 0, y: -0}",90,0,0,17.85,0,0,0
LevelManager,Assets/GameObject/LevelManager.prefab,LeTai.TrueShadow,1fa22c2b5ebef5f8f09692d9ba1e5baa,-248771874,0,[],0,"{r: 0, g: 0, b: 0, a: 0.6}",2,0,0,0,0,0,{fileID: 0},0,0,0,{fileID: 1601728705880538},1601728705880538,0,{fileID: 0},0,{fileID: 0},0,"{fileID: -248771874, guid: 1fa22c2b5ebef5f8f09692d9ba1e5baa, type: 3}",-248771874,1fa22c2b5ebef5f8f09692d9ba1e5baa,Assets/Plugins/LeTai.TrueShadow.dll,0,"{x: 1.4142134, y: -1.4142137}",45,2,0,8,0,1,0
LevelManager,Assets/GameObject/LevelManager.prefab,LeTai.TrueShadow,1fa22c2b5ebef5f8f09692d9ba1e5baa,-248771874,0,[],0,"{r: 0, g: 0, b: 0, a: 0.72156864}",2,0,0,1,1,0,{fileID: 0},0,0,1,{fileID: 1255545962943370},1255545962943370,0,{fileID: 0},0,{fileID: 0},0,"{fileID: -248771874, guid: 1fa22c2b5ebef5f8f09692d9ba1e5baa, type: 3}",-248771874,1fa22c2b5ebef5f8f09692d9ba1e5baa,Assets/Plugins/LeTai.TrueShadow.dll,0,"{x: 5.9195232, y: -5.38138}",42.273666,8,0,3,0.5,1,0
LevelManager,Assets/GameObject/LevelManager.prefab,LeTai.TrueShadow,1fa22c2b5ebef5f8f09692d9ba1e5baa,-248771874,0,[],0,"{r: 1, g: 1, b: 1, a: 1}",2,0,0,1,0,0,{fileID: 0},0,0,0,{fileID: 1467696279485960},1467696279485960,0,{fileID: 0},0,{fileID: 0},0,"{fileID: -248771874, guid: 1fa22c2b5ebef5f8f09692d9ba1e5baa, type: 3}",-248771874,1fa22c2b5ebef5f8f09692d9ba1e5baa,Assets/Plugins/LeTai.TrueShadow.dll,0,"{x: 0, y: -0}",90,0,0,1,0,1,0
LevelManager,Assets/GameObject/LevelManager.prefab,LeTai.TrueShadow,1fa22c2b5ebef5f8f09692d9ba1e5baa,-248771874,0,[],0,"{r: 1, g: 1, b: 1, a: 0.6}",2,0,0,0,0,0,{fileID: 0},0,0,1,{fileID: 1427585822985384},1427585822985384,0,{fileID: 0},0,{fileID: 0},0,"{fileID: -248771874, guid: 1fa22c2b5ebef5f8f09692d9ba1e5baa, type: 3}",-248771874,1fa22c2b5ebef5f8f09692d9ba1e5baa,Assets/Plugins/LeTai.TrueShadow.dll,0,"{x: 0, y: -0}",90,0,0,2,0,1,0
LevelManager,Assets/GameObject/LevelManager.prefab,LeTai.TrueShadow,1fa22c2b5ebef5f8f09692d9ba1e5baa,-248771874,0,[],0,"{r: 1, g: 1, b: 1, a: 0.6}",2,0,0,0,0,0,{fileID: 0},0,0,1,{fileID: 1465373339178548},1465373339178548,0,{fileID: 0},0,{fileID: 0},0,"{fileID: -248771874, guid: 1fa22c2b5ebef5f8f09692d9ba1e5baa, type: 3}",-248771874,1fa22c2b5ebef5f8f09692d9ba1e5baa,Assets/Plugins/LeTai.TrueShadow.dll,0,"{x: 0, y: -0}",90,0,0,2,0,1,0
LevelManager,Assets/GameObject/LevelManager.prefab,LeTai.TrueShadow,1fa22c2b5ebef5f8f09692d9ba1e5baa,-248771874,0,[],0,"{r: 1, g: 1, b: 1, a: 0.6}",2,0,0,0,0,0,{fileID: 0},0,0,1,{fileID: 1914005094549565},1914005094549565,0,{fileID: 0},0,{fileID: 0},0,"{fileID: -248771874, guid: 1fa22c2b5ebef5f8f09692d9ba1e5baa, type: 3}",-248771874,1fa22c2b5ebef5f8f09692d9ba1e5baa,Assets/Plugins/LeTai.TrueShadow.dll,0,"{x: 0, y: -0}",90,0,0,2,0,1,0
LevelManager,Assets/GameObject/LevelManager.prefab,LeTai.TrueShadow,1fa22c2b5ebef5f8f09692d9ba1e5baa,-248771874,0,[],0,"{r: 0, g: 0, b: 0, a: 0.6}",2,0,0,0,0,0,{fileID: 0},0,0,0,{fileID: 1313172324239890},1313172324239890,0,{fileID: 0},0,{fileID: 0},0,"{fileID: -248771874, guid: 1fa22c2b5ebef5f8f09692d9ba1e5baa, type: 3}",-248771874,1fa22c2b5ebef5f8f09692d9ba1e5baa,Assets/Plugins/LeTai.TrueShadow.dll,0,"{x: 1.7881396E-07, y: -3}",90,3,0,6,0,1,0
LevelManager,Assets/GameObject/LevelManager.prefab,LeTai.TrueShadow,1fa22c2b5ebef5f8f09692d9ba1e5baa,-248771874,0,[],1,"{r: 0.4764151, g: 1, b: 0.62022334, a: 1}",2,0,0,1,1,1,{fileID: 0},0,0,1,{fileID: 1917332684585962},1917332684585962,0,{fileID: 0},0,{fileID: 0},0,"{fileID: -248771874, guid: 1fa22c2b5ebef5f8f09692d9ba1e5baa, type: 3}",-248771874,1fa22c2b5ebef5f8f09692d9ba1e5baa,Assets/Plugins/LeTai.TrueShadow.dll,0,"{x: 0, y: -0}",90,0,0,17.85,0,0,0
LevelManager,Assets/GameObject/LevelManager.prefab,LeTai.TrueShadow,1fa22c2b5ebef5f8f09692d9ba1e5baa,-248771874,0,[],0,"{r: 0, g: 0, b: 0, a: 0.6}",2,0,0,0,0,0,{fileID: 0},0,0,0,{fileID: 1141612057198348},1141612057198348,0,{fileID: 0},0,{fileID: 0},0,"{fileID: -248771874, guid: 1fa22c2b5ebef5f8f09692d9ba1e5baa, type: 3}",-248771874,1fa22c2b5ebef5f8f09692d9ba1e5baa,Assets/Plugins/LeTai.TrueShadow.dll,0,"{x: 1.4142134, y: -1.4142137}",45,2,0,8,0,1,0
LevelManager,Assets/GameObject/LevelManager.prefab,LeTai.TrueShadow,1fa22c2b5ebef5f8f09692d9ba1e5baa,-248771874,0,[],0,"{r: 0, g: 0, b: 0, a: 0.72156864}",2,0,0,1,1,0,{fileID: 0},0,0,1,{fileID: 1486233344607959},1486233344607959,0,{fileID: 0},0,{fileID: 0},0,"{fileID: -248771874, guid: 1fa22c2b5ebef5f8f09692d9ba1e5baa, type: 3}",-248771874,1fa22c2b5ebef5f8f09692d9ba1e5baa,Assets/Plugins/LeTai.TrueShadow.dll,0,"{x: 5.9195232, y: -5.38138}",42.273666,8,0,3,0.5,1,0
LevelManager,Assets/GameObject/LevelManager.prefab,LeTai.TrueShadow,1fa22c2b5ebef5f8f09692d9ba1e5baa,-248771874,0,[],0,"{r: 1, g: 1, b: 1, a: 1}",2,0,0,1,0,0,{fileID: 0},0,0,0,{fileID: 1623455276357832},1623455276357832,0,{fileID: 0},0,{fileID: 0},0,"{fileID: -248771874, guid: 1fa22c2b5ebef5f8f09692d9ba1e5baa, type: 3}",-248771874,1fa22c2b5ebef5f8f09692d9ba1e5baa,Assets/Plugins/LeTai.TrueShadow.dll,0,"{x: 0, y: -0}",90,0,0,1,0,1,0
LevelManager,Assets/GameObject/LevelManager.prefab,LeTai.TrueShadow,1fa22c2b5ebef5f8f09692d9ba1e5baa,-248771874,0,[],0,"{r: 1, g: 1, b: 1, a: 0.6}",2,0,0,0,0,0,{fileID: 0},0,0,1,{fileID: 1664806012464905},1664806012464905,0,{fileID: 0},0,{fileID: 0},0,"{fileID: -248771874, guid: 1fa22c2b5ebef5f8f09692d9ba1e5baa, type: 3}",-248771874,1fa22c2b5ebef5f8f09692d9ba1e5baa,Assets/Plugins/LeTai.TrueShadow.dll,0,"{x: 0, y: -0}",90,0,0,2,0,1,0
LevelManager,Assets/GameObject/LevelManager.prefab,LeTai.TrueShadow,1fa22c2b5ebef5f8f09692d9ba1e5baa,-248771874,0,[],0,"{r: 1, g: 1, b: 1, a: 0.6}",2,0,0,0,0,0,{fileID: 0},0,0,1,{fileID: 1005222136302188},1005222136302188,0,{fileID: 0},0,{fileID: 0},0,"{fileID: -248771874, guid: 1fa22c2b5ebef5f8f09692d9ba1e5baa, type: 3}",-248771874,1fa22c2b5ebef5f8f09692d9ba1e5baa,Assets/Plugins/LeTai.TrueShadow.dll,0,"{x: 0, y: -0}",90,0,0,2,0,1,0
LevelManager,Assets/GameObject/LevelManager.prefab,LeTai.TrueShadow,1fa22c2b5ebef5f8f09692d9ba1e5baa,-248771874,0,[],0,"{r: 1, g: 1, b: 1, a: 0.6}",2,0,0,0,0,0,{fileID: 0},0,0,1,{fileID: 1100321368379033},1100321368379033,0,{fileID: 0},0,{fileID: 0},0,"{fileID: -248771874, guid: 1fa22c2b5ebef5f8f09692d9ba1e5baa, type: 3}",-248771874,1fa22c2b5ebef5f8f09692d9ba1e5baa,Assets/Plugins/LeTai.TrueShadow.dll,0,"{x: 0, y: -0}",90,0,0,2,0,1,0
LevelManager,Assets/GameObject/LevelManager.prefab,LeTai.TrueShadow,1fa22c2b5ebef5f8f09692d9ba1e5baa,-248771874,0,[],0,"{r: 0, g: 0, b: 0, a: 0.6}",2,0,0,0,0,0,{fileID: 0},0,0,0,{fileID: 1415110597429402},1415110597429402,0,{fileID: 0},0,{fileID: 0},0,"{fileID: -248771874, guid: 1fa22c2b5ebef5f8f09692d9ba1e5baa, type: 3}",-248771874,1fa22c2b5ebef5f8f09692d9ba1e5baa,Assets/Plugins/LeTai.TrueShadow.dll,0,"{x: 1.7881396E-07, y: -3}",90,3,0,6,0,1,0
LevelManager,Assets/GameObject/LevelManager.prefab,LeTai.TrueShadow,1fa22c2b5ebef5f8f09692d9ba1e5baa,-248771874,0,[],0,"{r: 1, g: 1, b: 1, a: 1}",2,0,0,0,0,0,{fileID: 0},0,0,1,{fileID: 1285448533751355},1285448533751355,0,{fileID: 0},0,{fileID: 0},0,"{fileID: -248771874, guid: 1fa22c2b5ebef5f8f09692d9ba1e5baa, type: 3}",-248771874,1fa22c2b5ebef5f8f09692d9ba1e5baa,Assets/Plugins/LeTai.TrueShadow.dll,0,"{x: 1.192093E-07, y: -2}",90,2,0,3.4,0.197,1,0
LevelManager,Assets/GameObject/LevelManager.prefab,LeTai.TrueShadow,1fa22c2b5ebef5f8f09692d9ba1e5baa,-248771874,0,[],0,"{r: 1, g: 1, b: 1, a: 1}",2,0,0,0,0,0,{fileID: 0},0,0,1,{fileID: 1466002176323741},1466002176323741,0,{fileID: 0},0,{fileID: 0},0,"{fileID: -248771874, guid: 1fa22c2b5ebef5f8f09692d9ba1e5baa, type: 3}",-248771874,1fa22c2b5ebef5f8f09692d9ba1e5baa,Assets/Plugins/LeTai.TrueShadow.dll,0,"{x: 1.192093E-07, y: 2}",270,2,0,3.4,0.197,1,0
LevelManager,Assets/GameObject/LevelManager.prefab,LeTai.TrueShadow,1fa22c2b5ebef5f8f09692d9ba1e5baa,-248771874,0,[],0,"{r: 0, g: 0, b: 0, a: 0.5686275}",2,0,0,0,0,1,{fileID: 0},0,0,1,{fileID: 1454384654019744},1454384654019744,0,{fileID: 0},0,{fileID: 0},0,"{fileID: -248771874, guid: 1fa22c2b5ebef5f8f09692d9ba1e5baa, type: 3}",-248771874,1fa22c2b5ebef5f8f09692d9ba1e5baa,Assets/Plugins/LeTai.TrueShadow.dll,0,"{x: 0.27349573, y: -1.4951923}",79.63423,1.52,0,2,0,0,0
LevelManager,Assets/GameObject/LevelManager.prefab,LeTai.TrueShadow,1fa22c2b5ebef5f8f09692d9ba1e5baa,-248771874,0,[],0,"{r: 0, g: 0, b: 0, a: 1}",2,0,0,0,0,0,{fileID: 0},0,0,1,{fileID: 1152668911325100},1152668911325100,0,{fileID: 0},0,{fileID: 0},0,"{fileID: -248771874, guid: 1fa22c2b5ebef5f8f09692d9ba1e5baa, type: 3}",-248771874,1fa22c2b5ebef5f8f09692d9ba1e5baa,Assets/Plugins/LeTai.TrueShadow.dll,0,"{x: 0, y: -0}",90,0,0,5,0,1,0
LevelManager,Assets/GameObject/LevelManager.prefab,LeTai.TrueShadow,1fa22c2b5ebef5f8f09692d9ba1e5baa,-248771874,0,[],0,"{r: 0, g: 0, b: 0, a: 0.6}",2,0,0,0,0,0,{fileID: 0},0,0,1,{fileID: 1985456465594775},1985456465594775,0,{fileID: 0},0,{fileID: 0},0,"{fileID: -248771874, guid: 1fa22c2b5ebef5f8f09692d9ba1e5baa, type: 3}",-248771874,1fa22c2b5ebef5f8f09692d9ba1e5baa,Assets/Plugins/LeTai.TrueShadow.dll,0,"{x: 1.4142134, y: -1.4142137}",45,2,0,8,0,1,0
LevelManager,Assets/GameObject/LevelManager.prefab,LeTai.TrueShadow,1fa22c2b5ebef5f8f09692d9ba1e5baa,-248771874,0,[],0,"{r: 0, g: 0, b: 0, a: 0.72156864}",2,0,0,1,1,0,{fileID: 0},0,0,1,{fileID: 1845982913333301},1845982913333301,0,{fileID: 0},0,{fileID: 0},0,"{fileID: -248771874, guid: 1fa22c2b5ebef5f8f09692d9ba1e5baa, type: 3}",-248771874,1fa22c2b5ebef5f8f09692d9ba1e5baa,Assets/Plugins/LeTai.TrueShadow.dll,0,"{x: 5.9195232, y: -5.38138}",42.273666,8,0,3,0.5,1,0
LevelManager,Assets/GameObject/LevelManager.prefab,LeTai.TrueShadow,1fa22c2b5ebef5f8f09692d9ba1e5baa,-248771874,0,[],0,"{r: 1, g: 1, b: 1, a: 1}",2,0,0,1,0,0,{fileID: 0},0,0,1,{fileID: 1329657052438529},1329657052438529,0,{fileID: 0},0,{fileID: 0},0,"{fileID: -248771874, guid: 1fa22c2b5ebef5f8f09692d9ba1e5baa, type: 3}",-248771874,1fa22c2b5ebef5f8f09692d9ba1e5baa,Assets/Plugins/LeTai.TrueShadow.dll,0,"{x: 0, y: -0}",90,0,0,1,0,1,0
LevelManager,Assets/GameObject/LevelManager.prefab,LeTai.TrueShadow,1fa22c2b5ebef5f8f09692d9ba1e5baa,-248771874,0,[],0,"{r: 1, g: 1, b: 1, a: 0.6}",2,0,0,0,0,0,{fileID: 0},0,0,1,{fileID: 1788143599907620},1788143599907620,0,{fileID: 0},0,{fileID: 0},0,"{fileID: -248771874, guid: 1fa22c2b5ebef5f8f09692d9ba1e5baa, type: 3}",-248771874,1fa22c2b5ebef5f8f09692d9ba1e5baa,Assets/Plugins/LeTai.TrueShadow.dll,0,"{x: 0, y: -0}",90,0,0,2,0,1,0
LevelManager,Assets/GameObject/LevelManager.prefab,LeTai.TrueShadow,1fa22c2b5ebef5f8f09692d9ba1e5baa,-248771874,0,[],0,"{r: 1, g: 1, b: 1, a: 0.6}",2,0,0,0,0,0,{fileID: 0},0,0,1,{fileID: 1677393821871344},1677393821871344,0,{fileID: 0},0,{fileID: 0},0,"{fileID: -248771874, guid: 1fa22c2b5ebef5f8f09692d9ba1e5baa, type: 3}",-248771874,1fa22c2b5ebef5f8f09692d9ba1e5baa,Assets/Plugins/LeTai.TrueShadow.dll,0,"{x: 0, y: -0}",90,0,0,2,0,1,0
LevelManager,Assets/GameObject/LevelManager.prefab,LeTai.TrueShadow,1fa22c2b5ebef5f8f09692d9ba1e5baa,-248771874,0,[],0,"{r: 1, g: 1, b: 1, a: 0.6}",2,0,0,0,0,0,{fileID: 0},0,0,1,{fileID: 1324165345797630},1324165345797630,0,{fileID: 0},0,{fileID: 0},0,"{fileID: -248771874, guid: 1fa22c2b5ebef5f8f09692d9ba1e5baa, type: 3}",-248771874,1fa22c2b5ebef5f8f09692d9ba1e5baa,Assets/Plugins/LeTai.TrueShadow.dll,0,"{x: 0, y: -0}",90,0,0,2,0,1,0
LevelManager,Assets/GameObject/LevelManager.prefab,LeTai.TrueShadow,1fa22c2b5ebef5f8f09692d9ba1e5baa,-248771874,0,[],0,"{r: 0, g: 0, b: 0, a: 0.6}",2,0,0,0,0,0,{fileID: 0},0,0,1,{fileID: 1837010043499810},1837010043499810,0,{fileID: 0},0,{fileID: 0},0,"{fileID: -248771874, guid: 1fa22c2b5ebef5f8f09692d9ba1e5baa, type: 3}",-248771874,1fa22c2b5ebef5f8f09692d9ba1e5baa,Assets/Plugins/LeTai.TrueShadow.dll,0,"{x: 1.7881396E-07, y: -3}",90,3,0,6,0,1,0
LevelManager,Assets/GameObject/LevelManager.prefab,LeTai.TrueShadow,1fa22c2b5ebef5f8f09692d9ba1e5baa,-248771874,0,[],0,"{r: 0, g: 0, b: 0, a: 0.6}",2,0,0,0,0,0,{fileID: 0},0,0,1,{fileID: 1778745941280476},1778745941280476,0,{fileID: 0},0,{fileID: 0},0,"{fileID: -248771874, guid: 1fa22c2b5ebef5f8f09692d9ba1e5baa, type: 3}",-248771874,1fa22c2b5ebef5f8f09692d9ba1e5baa,Assets/Plugins/LeTai.TrueShadow.dll,0,"{x: 7.1525585E-07, y: -12}",90,12,0,32,0,1,0
LevelManager,Assets/GameObject/LevelManager.prefab,LeTai.TrueShadow,1fa22c2b5ebef5f8f09692d9ba1e5baa,-248771874,0,[],0,"{r: 0, g: 0, b: 0, a: 0.6}",2,0,0,0,0,0,{fileID: 0},0,0,1,{fileID: 1177127898908572},1177127898908572,0,{fileID: 0},0,{fileID: 0},0,"{fileID: -248771874, guid: 1fa22c2b5ebef5f8f09692d9ba1e5baa, type: 3}",-248771874,1fa22c2b5ebef5f8f09692d9ba1e5baa,Assets/Plugins/LeTai.TrueShadow.dll,0,"{x: 7.1525585E-07, y: -12}",90,12,0,32,0,1,0
LevelManager,Assets/GameObject/LevelManager.prefab,LeTai.TrueShadow,1fa22c2b5ebef5f8f09692d9ba1e5baa,-248771874,0,[],0,"{r: 0, g: 0, b: 0, a: 0.6}",2,0,0,0,0,0,{fileID: 0},0,0,0,{fileID: 1298019493134882},1298019493134882,0,{fileID: 0},0,{fileID: 0},0,"{fileID: -248771874, guid: 1fa22c2b5ebef5f8f09692d9ba1e5baa, type: 3}",-248771874,1fa22c2b5ebef5f8f09692d9ba1e5baa,Assets/Plugins/LeTai.TrueShadow.dll,0,"{x: 5.6568537, y: -5.6568546}",45,8,0,8,0,1,0
LevelManager,Assets/GameObject/LevelManager.prefab,LeTai.TrueShadow,1fa22c2b5ebef5f8f09692d9ba1e5baa,-248771874,0,[],0,"{r: 0, g: 0, b: 0, a: 0.6}",2,0,0,0,0,0,{fileID: 0},0,0,0,{fileID: 1784139432381626},1784139432381626,0,{fileID: 0},0,{fileID: 0},0,"{fileID: -248771874, guid: 1fa22c2b5ebef5f8f09692d9ba1e5baa, type: 3}",-248771874,1fa22c2b5ebef5f8f09692d9ba1e5baa,Assets/Plugins/LeTai.TrueShadow.dll,0,"{x: -6.740018, y: -9.928351}",124.17124,12,0,32,0,1,0
LevelManager,Assets/GameObject/LevelManager.prefab,LeTai.TrueShadow,1fa22c2b5ebef5f8f09692d9ba1e5baa,-248771874,0,[],0,"{r: 0, g: 0, b: 0, a: 0.6}",2,0,0,0,0,0,{fileID: 0},0,0,0,{fileID: 1718652931555082},1718652931555082,0,{fileID: 0},0,{fileID: 0},0,"{fileID: -248771874, guid: 1fa22c2b5ebef5f8f09692d9ba1e5baa, type: 3}",-248771874,1fa22c2b5ebef5f8f09692d9ba1e5baa,Assets/Plugins/LeTai.TrueShadow.dll,0,"{x: 7.1525585E-07, y: -12}",90,12,0,32,0,1,0
LevelManager,Assets/GameObject/LevelManager.prefab,LeTai.TrueShadow,1fa22c2b5ebef5f8f09692d9ba1e5baa,-248771874,0,[],0,"{r: 0, g: 0, b: 0, a: 0.6}",2,0,0,0,0,0,{fileID: 0},0,0,0,{fileID: 1508710463132220},1508710463132220,0,{fileID: 0},0,{fileID: 0},0,"{fileID: -248771874, guid: 1fa22c2b5ebef5f8f09692d9ba1e5baa, type: 3}",-248771874,1fa22c2b5ebef5f8f09692d9ba1e5baa,Assets/Plugins/LeTai.TrueShadow.dll,0,"{x: 1.4142134, y: -1.4142137}",45,2,0,8,0,1,0
LevelManager,Assets/GameObject/LevelManager.prefab,LeTai.TrueShadow,1fa22c2b5ebef5f8f09692d9ba1e5baa,-248771874,0,[],0,"{r: 0, g: 0, b: 0, a: 0.72156864}",2,0,0,1,1,0,{fileID: 0},0,0,1,{fileID: 1807602294812076},1807602294812076,0,{fileID: 0},0,{fileID: 0},0,"{fileID: -248771874, guid: 1fa22c2b5ebef5f8f09692d9ba1e5baa, type: 3}",-248771874,1fa22c2b5ebef5f8f09692d9ba1e5baa,Assets/Plugins/LeTai.TrueShadow.dll,0,"{x: 5.9195232, y: -5.38138}",42.273666,8,0,3,0.5,1,0
LevelManager,Assets/GameObject/LevelManager.prefab,LeTai.TrueShadow,1fa22c2b5ebef5f8f09692d9ba1e5baa,-248771874,0,[],0,"{r: 1, g: 1, b: 1, a: 1}",2,0,0,1,0,0,{fileID: 0},0,0,1,{fileID: 1435083230469438},1435083230469438,0,{fileID: 0},0,{fileID: 0},0,"{fileID: -248771874, guid: 1fa22c2b5ebef5f8f09692d9ba1e5baa, type: 3}",-248771874,1fa22c2b5ebef5f8f09692d9ba1e5baa,Assets/Plugins/LeTai.TrueShadow.dll,0,"{x: 0, y: -0}",90,0,0,1,0,1,0
LevelManager,Assets/GameObject/LevelManager.prefab,LeTai.TrueShadow,1fa22c2b5ebef5f8f09692d9ba1e5baa,-248771874,0,[],0,"{r: 1, g: 1, b: 1, a: 0.6}",2,0,0,0,0,0,{fileID: 0},0,0,1,{fileID: 1276745832800432},1276745832800432,0,{fileID: 0},0,{fileID: 0},0,"{fileID: -248771874, guid: 1fa22c2b5ebef5f8f09692d9ba1e5baa, type: 3}",-248771874,1fa22c2b5ebef5f8f09692d9ba1e5baa,Assets/Plugins/LeTai.TrueShadow.dll,0,"{x: 0, y: -0}",90,0,0,2,0,1,0
LevelManager,Assets/GameObject/LevelManager.prefab,LeTai.TrueShadow,1fa22c2b5ebef5f8f09692d9ba1e5baa,-248771874,0,[],0,"{r: 1, g: 1, b: 1, a: 0.6}",2,0,0,0,0,0,{fileID: 0},0,0,1,{fileID: 1038710758153860},1038710758153860,0,{fileID: 0},0,{fileID: 0},0,"{fileID: -248771874, guid: 1fa22c2b5ebef5f8f09692d9ba1e5baa, type: 3}",-248771874,1fa22c2b5ebef5f8f09692d9ba1e5baa,Assets/Plugins/LeTai.TrueShadow.dll,0,"{x: 0, y: -0}",90,0,0,2,0,1,0
LevelManager,Assets/GameObject/LevelManager.prefab,LeTai.TrueShadow,1fa22c2b5ebef5f8f09692d9ba1e5baa,-248771874,0,[],0,"{r: 1, g: 1, b: 1, a: 0.6}",2,0,0,0,0,0,{fileID: 0},0,0,1,{fileID: 1659846958890271},1659846958890271,0,{fileID: 0},0,{fileID: 0},0,"{fileID: -248771874, guid: 1fa22c2b5ebef5f8f09692d9ba1e5baa, type: 3}",-248771874,1fa22c2b5ebef5f8f09692d9ba1e5baa,Assets/Plugins/LeTai.TrueShadow.dll,0,"{x: 0, y: -0}",90,0,0,2,0,1,0
LevelManager,Assets/GameObject/LevelManager.prefab,LeTai.TrueShadow,1fa22c2b5ebef5f8f09692d9ba1e5baa,-248771874,0,[],0,"{r: 0, g: 0, b: 0, a: 0.6}",2,0,0,0,0,0,{fileID: 0},0,0,1,{fileID: 1502141979038926},1502141979038926,0,{fileID: 0},0,{fileID: 0},0,"{fileID: -248771874, guid: 1fa22c2b5ebef5f8f09692d9ba1e5baa, type: 3}",-248771874,1fa22c2b5ebef5f8f09692d9ba1e5baa,Assets/Plugins/LeTai.TrueShadow.dll,0,"{x: 1.7881396E-07, y: -3}",90,3,0,6,0,1,0
LevelManager,Assets/GameObject/LevelManager.prefab,LeTai.TrueShadow,1fa22c2b5ebef5f8f09692d9ba1e5baa,-248771874,0,[],0,"{r: 0, g: 0, b: 0, a: 0.8}",2,0,0,0,0,0,{fileID: 0},0,0,1,{fileID: 1899244611436490},1899244611436490,0,{fileID: 0},0,{fileID: 0},0,"{fileID: -248771874, guid: 1fa22c2b5ebef5f8f09692d9ba1e5baa, type: 3}",-248771874,1fa22c2b5ebef5f8f09692d9ba1e5baa,Assets/Plugins/LeTai.TrueShadow.dll,0,"{x: 1.192093E-07, y: -2}",90,2,0,3,0,1,0
LevelManager,Assets/GameObject/LevelManager.prefab,LeTai.TrueShadow,1fa22c2b5ebef5f8f09692d9ba1e5baa,-248771874,0,[],0,"{r: 0, g: 0, b: 0, a: 0.8}",2,0,0,0,0,0,{fileID: 0},0,0,0,{fileID: 1103805136770406},1103805136770406,0,{fileID: 0},0,{fileID: 0},0,"{fileID: -248771874, guid: 1fa22c2b5ebef5f8f09692d9ba1e5baa, type: 3}",-248771874,1fa22c2b5ebef5f8f09692d9ba1e5baa,Assets/Plugins/LeTai.TrueShadow.dll,0,"{x: 1.192093E-07, y: -2}",90,2,0,3,0,1,0
LevelManager,Assets/GameObject/LevelManager.prefab,LeTai.TrueShadow,1fa22c2b5ebef5f8f09692d9ba1e5baa,-248771874,0,[],0,"{r: 0, g: 0, b: 0, a: 0.8}",2,0,0,0,0,0,{fileID: 0},0,0,1,{fileID: 1736674565697910},1736674565697910,0,{fileID: 0},0,{fileID: 0},0,"{fileID: -248771874, guid: 1fa22c2b5ebef5f8f09692d9ba1e5baa, type: 3}",-248771874,1fa22c2b5ebef5f8f09692d9ba1e5baa,Assets/Plugins/LeTai.TrueShadow.dll,0,"{x: 1.192093E-07, y: -2}",90,2,0,3,0,1,0
LevelManager,Assets/GameObject/LevelManager.prefab,LeTai.TrueShadow,1fa22c2b5ebef5f8f09692d9ba1e5baa,-248771874,0,[],0,"{r: 0, g: 0, b: 0, a: 0.8}",2,0,0,0,0,0,{fileID: 0},0,0,0,{fileID: 1709932981549675},1709932981549675,0,{fileID: 0},0,{fileID: 0},0,"{fileID: -248771874, guid: 1fa22c2b5ebef5f8f09692d9ba1e5baa, type: 3}",-248771874,1fa22c2b5ebef5f8f09692d9ba1e5baa,Assets/Plugins/LeTai.TrueShadow.dll,0,"{x: 1.192093E-07, y: -2}",90,2,0,3,0,1,0
LevelManager,Assets/GameObject/LevelManager.prefab,LeTai.TrueShadow,1fa22c2b5ebef5f8f09692d9ba1e5baa,-248771874,0,[],0,"{r: 0, g: 0, b: 0, a: 0.8}",2,0,0,0,0,0,{fileID: 0},0,0,1,{fileID: 1117131477007909},1117131477007909,0,{fileID: 0},0,{fileID: 0},0,"{fileID: -248771874, guid: 1fa22c2b5ebef5f8f09692d9ba1e5baa, type: 3}",-248771874,1fa22c2b5ebef5f8f09692d9ba1e5baa,Assets/Plugins/LeTai.TrueShadow.dll,0,"{x: 1.192093E-07, y: -2}",90,2,0,3,0,1,0
LevelManager,Assets/GameObject/LevelManager.prefab,LeTai.TrueShadow,1fa22c2b5ebef5f8f09692d9ba1e5baa,-248771874,0,[],0,"{r: 0, g: 0, b: 0, a: 0.8}",2,0,0,0,0,0,{fileID: 0},0,0,0,{fileID: 1849727632281385},1849727632281385,0,{fileID: 0},0,{fileID: 0},0,"{fileID: -248771874, guid: 1fa22c2b5ebef5f8f09692d9ba1e5baa, type: 3}",-248771874,1fa22c2b5ebef5f8f09692d9ba1e5baa,Assets/Plugins/LeTai.TrueShadow.dll,0,"{x: 1.192093E-07, y: -2}",90,2,0,3,0,1,0
LevelManager,Assets/GameObject/LevelManager.prefab,LeTai.TrueShadow,1fa22c2b5ebef5f8f09692d9ba1e5baa,-248771874,0,[],0,"{r: 0, g: 0, b: 0, a: 0.8}",2,0,0,0,0,0,{fileID: 0},0,0,0,{fileID: 1213485039895186},1213485039895186,0,{fileID: 0},0,{fileID: 0},0,"{fileID: -248771874, guid: 1fa22c2b5ebef5f8f09692d9ba1e5baa, type: 3}",-248771874,1fa22c2b5ebef5f8f09692d9ba1e5baa,Assets/Plugins/LeTai.TrueShadow.dll,0,"{x: 1.192093E-07, y: -2}",90,2,0,3,0,1,0
LevelManager,Assets/GameObject/LevelManager.prefab,LeTai.TrueShadow,1fa22c2b5ebef5f8f09692d9ba1e5baa,-248771874,0,[],0,"{r: 0, g: 0, b: 0, a: 0.8}",2,0,0,0,0,0,{fileID: 0},0,0,0,{fileID: 1439956208244617},1439956208244617,0,{fileID: 0},0,{fileID: 0},0,"{fileID: -248771874, guid: 1fa22c2b5ebef5f8f09692d9ba1e5baa, type: 3}",-248771874,1fa22c2b5ebef5f8f09692d9ba1e5baa,Assets/Plugins/LeTai.TrueShadow.dll,0,"{x: 1.192093E-07, y: -2}",90,2,0,3,0,1,0
LevelManager,Assets/GameObject/LevelManager.prefab,LeTai.TrueShadow,1fa22c2b5ebef5f8f09692d9ba1e5baa,-248771874,0,[],0,"{r: 0, g: 0, b: 0, a: 0.8}",2,0,0,0,0,0,{fileID: 0},0,0,0,{fileID: 1762368294404159},1762368294404159,0,{fileID: 0},0,{fileID: 0},0,"{fileID: -248771874, guid: 1fa22c2b5ebef5f8f09692d9ba1e5baa, type: 3}",-248771874,1fa22c2b5ebef5f8f09692d9ba1e5baa,Assets/Plugins/LeTai.TrueShadow.dll,0,"{x: 1.192093E-07, y: -2}",90,2,0,3,0,1,0
LevelManager,Assets/GameObject/LevelManager.prefab,LeTai.TrueShadow,1fa22c2b5ebef5f8f09692d9ba1e5baa,-248771874,0,[],0,"{r: 0, g: 0, b: 0, a: 0.8}",2,0,0,0,0,0,{fileID: 0},0,0,0,{fileID: 1455282411573822},1455282411573822,0,{fileID: 0},0,{fileID: 0},0,"{fileID: -248771874, guid: 1fa22c2b5ebef5f8f09692d9ba1e5baa, type: 3}",-248771874,1fa22c2b5ebef5f8f09692d9ba1e5baa,Assets/Plugins/LeTai.TrueShadow.dll,0,"{x: 1.192093E-07, y: -2}",90,2,0,3,0,1,0
LevelManager,Assets/GameObject/LevelManager.prefab,LeTai.TrueShadow,1fa22c2b5ebef5f8f09692d9ba1e5baa,-248771874,0,[],0,"{r: 0, g: 0, b: 0, a: 0.8}",2,0,0,0,0,0,{fileID: 0},0,0,0,{fileID: 1927896672719668},1927896672719668,0,{fileID: 0},0,{fileID: 0},0,"{fileID: -248771874, guid: 1fa22c2b5ebef5f8f09692d9ba1e5baa, type: 3}",-248771874,1fa22c2b5ebef5f8f09692d9ba1e5baa,Assets/Plugins/LeTai.TrueShadow.dll,0,"{x: 1.192093E-07, y: -2}",90,2,0,3,0,1,0
LevelManager,Assets/GameObject/LevelManager.prefab,LeTai.TrueShadow,1fa22c2b5ebef5f8f09692d9ba1e5baa,-248771874,0,[],0,"{r: 0, g: 0, b: 0, a: 0.8}",2,0,0,0,0,0,{fileID: 0},0,0,0,{fileID: 1826371390620181},1826371390620181,0,{fileID: 0},0,{fileID: 0},0,"{fileID: -248771874, guid: 1fa22c2b5ebef5f8f09692d9ba1e5baa, type: 3}",-248771874,1fa22c2b5ebef5f8f09692d9ba1e5baa,Assets/Plugins/LeTai.TrueShadow.dll,0,"{x: 1.192093E-07, y: -2}",90,2,0,3,0,1,0
LevelManager,Assets/GameObject/LevelManager.prefab,LeTai.TrueShadow,1fa22c2b5ebef5f8f09692d9ba1e5baa,-248771874,0,[],0,"{r: 0, g: 0, b: 0, a: 0.8}",2,0,0,0,0,0,{fileID: 0},0,0,0,{fileID: 1820647650258195},1820647650258195,0,{fileID: 0},0,{fileID: 0},0,"{fileID: -248771874, guid: 1fa22c2b5ebef5f8f09692d9ba1e5baa, type: 3}",-248771874,1fa22c2b5ebef5f8f09692d9ba1e5baa,Assets/Plugins/LeTai.TrueShadow.dll,0,"{x: 1.192093E-07, y: -2}",90,2,0,3,0,1,0
LevelManager,Assets/GameObject/LevelManager.prefab,LeTai.TrueShadow,1fa22c2b5ebef5f8f09692d9ba1e5baa,-248771874,0,[],0,"{r: 0, g: 0, b: 0, a: 0.6}",2,0,0,0,0,0,{fileID: 0},0,0,1,{fileID: 1170101941661870},1170101941661870,0,{fileID: 0},0,{fileID: 0},0,"{fileID: -248771874, guid: 1fa22c2b5ebef5f8f09692d9ba1e5baa, type: 3}",-248771874,1fa22c2b5ebef5f8f09692d9ba1e5baa,Assets/Plugins/LeTai.TrueShadow.dll,0,"{x: 1.4142134, y: -1.4142137}",45,2,0,8,0,0,0
LevelManager,Assets/GameObject/LevelManager.prefab,LeTai.TrueShadow,1fa22c2b5ebef5f8f09692d9ba1e5baa,-248771874,0,[],0,"{r: 0.1012371, g: 0.3301887, b: 0.16085999, a: 0.8352941}",2,0,0,0,0,1,{fileID: 0},0,0,1,{fileID: 1882375619724925},1882375619724925,0,{fileID: 0},0,{fileID: 0},0,"{fileID: -248771874, guid: 1fa22c2b5ebef5f8f09692d9ba1e5baa, type: 3}",-248771874,1fa22c2b5ebef5f8f09692d9ba1e5baa,Assets/Plugins/LeTai.TrueShadow.dll,0,"{x: 0, y: -0}",90,0,0,32,0,1,0
LevelManager,Assets/GameObject/LevelManager.prefab,LeTai.TrueShadow,1fa22c2b5ebef5f8f09692d9ba1e5baa,-248771874,0,[],0,"{r: 0.2220336, g: 0.7075472, b: 0, a: 0.6}",2,0,0,0,0,0,{fileID: 0},0,0,1,{fileID: 1433254199705802},1433254199705802,0,{fileID: 0},0,{fileID: 0},0,"{fileID: -248771874, guid: 1fa22c2b5ebef5f8f09692d9ba1e5baa, type: 3}",-248771874,1fa22c2b5ebef5f8f09692d9ba1e5baa,Assets/Plugins/LeTai.TrueShadow.dll,0,"{x: 0, y: -0}",90,0,0,3,0,1,0
LevelManager,Assets/GameObject/LevelManager.prefab,LeTai.TrueShadow,1fa22c2b5ebef5f8f09692d9ba1e5baa,-248771874,0,[],0,"{r: 0, g: 0, b: 0, a: 0.6}",2,0,0,0,0,0,{fileID: 0},0,0,1,{fileID: 1298451813123423},1298451813123423,0,{fileID: 0},0,{fileID: 0},0,"{fileID: -248771874, guid: 1fa22c2b5ebef5f8f09692d9ba1e5baa, type: 3}",-248771874,1fa22c2b5ebef5f8f09692d9ba1e5baa,Assets/Plugins/LeTai.TrueShadow.dll,0,"{x: 1.4142134, y: -1.4142137}",45,2,0,8,0,0,0
LevelManager,Assets/GameObject/LevelManager.prefab,LeTai.TrueShadow,1fa22c2b5ebef5f8f09692d9ba1e5baa,-248771874,0,[],0,"{r: 0.1012371, g: 0.3301887, b: 0.16085999, a: 0.8352941}",2,0,0,0,0,1,{fileID: 0},0,0,1,{fileID: 1764881472988852},1764881472988852,0,{fileID: 0},0,{fileID: 0},0,"{fileID: -248771874, guid: 1fa22c2b5ebef5f8f09692d9ba1e5baa, type: 3}",-248771874,1fa22c2b5ebef5f8f09692d9ba1e5baa,Assets/Plugins/LeTai.TrueShadow.dll,0,"{x: 0, y: -0}",90,0,0,32,0,1,0
LevelManager,Assets/GameObject/LevelManager.prefab,LeTai.TrueShadow,1fa22c2b5ebef5f8f09692d9ba1e5baa,-248771874,0,[],0,"{r: 0.22352941, g: 0.7058824, b: 0, a: 0.6}",2,0,0,0,0,0,{fileID: 0},0,0,1,{fileID: 1773135189857617},1773135189857617,0,{fileID: 0},0,{fileID: 0},0,"{fileID: -248771874, guid: 1fa22c2b5ebef5f8f09692d9ba1e5baa, type: 3}",-248771874,1fa22c2b5ebef5f8f09692d9ba1e5baa,Assets/Plugins/LeTai.TrueShadow.dll,0,"{x: 0, y: -0}",90,0,0,3,0,1,0
LevelManager,Assets/GameObject/LevelManager.prefab,LeTai.TrueShadow,1fa22c2b5ebef5f8f09692d9ba1e5baa,-248771874,0,[],0,"{r: 0, g: 0, b: 0, a: 0.6}",2,0,0,0,0,0,{fileID: 0},0,0,1,{fileID: 1446633296931352},1446633296931352,0,{fileID: 0},0,{fileID: 0},0,"{fileID: -248771874, guid: 1fa22c2b5ebef5f8f09692d9ba1e5baa, type: 3}",-248771874,1fa22c2b5ebef5f8f09692d9ba1e5baa,Assets/Plugins/LeTai.TrueShadow.dll,0,"{x: 1.4142134, y: -1.4142137}",45,2,0,8,0,0,0
LevelManager,Assets/GameObject/LevelManager.prefab,LeTai.TrueShadow,1fa22c2b5ebef5f8f09692d9ba1e5baa,-248771874,0,[],0,"{r: 0.16220185, g: 0.26812646, b: 0.4245283, a: 0.6}",2,0,0,0,0,1,{fileID: 0},0,0,1,{fileID: 1614023074946987},1614023074946987,0,{fileID: 0},0,{fileID: 0},0,"{fileID: -248771874, guid: 1fa22c2b5ebef5f8f09692d9ba1e5baa, type: 3}",-248771874,1fa22c2b5ebef5f8f09692d9ba1e5baa,Assets/Plugins/LeTai.TrueShadow.dll,0,"{x: 0, y: -0}",90,0,0,32,0,1,0
LevelManager,Assets/GameObject/LevelManager.prefab,LeTai.TrueShadow,1fa22c2b5ebef5f8f09692d9ba1e5baa,-248771874,0,[],0,"{r: 0.1462264, g: 0.62383556, b: 1, a: 0.79607844}",2,0,0,0,0,0,{fileID: 0},0,0,1,{fileID: 1946195001911033},1946195001911033,0,{fileID: 0},0,{fileID: 0},0,"{fileID: -248771874, guid: 1fa22c2b5ebef5f8f09692d9ba1e5baa, type: 3}",-248771874,1fa22c2b5ebef5f8f09692d9ba1e5baa,Assets/Plugins/LeTai.TrueShadow.dll,0,"{x: 0, y: -0}",90,0,0,3,0,1,0
LevelManager,Assets/GameObject/LevelManager.prefab,LeTai.TrueShadow,1fa22c2b5ebef5f8f09692d9ba1e5baa,-248771874,0,[],0,"{r: 0, g: 0, b: 0, a: 0.6}",2,0,0,0,0,0,{fileID: 0},0,0,1,{fileID: 1234880486407303},1234880486407303,0,{fileID: 0},0,{fileID: 0},0,"{fileID: -248771874, guid: 1fa22c2b5ebef5f8f09692d9ba1e5baa, type: 3}",-248771874,1fa22c2b5ebef5f8f09692d9ba1e5baa,Assets/Plugins/LeTai.TrueShadow.dll,0,"{x: 1.4142134, y: -1.4142137}",45,2,0,8,0,0,0
LevelManager,Assets/GameObject/LevelManager.prefab,LeTai.TrueShadow,1fa22c2b5ebef5f8f09692d9ba1e5baa,-248771874,0,[],0,"{r: 0.5188679, g: 0.26157662, b: 0.18356177, a: 0.6392157}",2,0,0,0,0,1,{fileID: 0},0,0,1,{fileID: 1519351935497930},1519351935497930,0,{fileID: 0},0,{fileID: 0},0,"{fileID: -248771874, guid: 1fa22c2b5ebef5f8f09692d9ba1e5baa, type: 3}",-248771874,1fa22c2b5ebef5f8f09692d9ba1e5baa,Assets/Plugins/LeTai.TrueShadow.dll,0,"{x: 0, y: -0}",90,0,0,32,0,1,0
LevelManager,Assets/GameObject/LevelManager.prefab,LeTai.TrueShadow,1fa22c2b5ebef5f8f09692d9ba1e5baa,-248771874,0,[],0,"{r: 1, g: 0.5455838, b: 0.1745283, a: 0.6}",2,0,0,0,0,0,{fileID: 0},0,0,1,{fileID: 1215284711807171},1215284711807171,0,{fileID: 0},0,{fileID: 0},0,"{fileID: -248771874, guid: 1fa22c2b5ebef5f8f09692d9ba1e5baa, type: 3}",-248771874,1fa22c2b5ebef5f8f09692d9ba1e5baa,Assets/Plugins/LeTai.TrueShadow.dll,0,"{x: 0, y: -0}",90,0,0,3,0,1,0
LevelManager,Assets/GameObject/LevelManager.prefab,LeTai.TrueShadow,1fa22c2b5ebef5f8f09692d9ba1e5baa,-25566010,,,,,,,,,,,{fileID: 0},0,0,1,{fileID: 1215284711807171},1215284711807171,0,{fileID: 0},0,{fileID: 0},0,"{fileID: -25566010, guid: 1fa22c2b5ebef5f8f09692d9ba1e5baa, type: 3}",-25566010,1fa22c2b5ebef5f8f09692d9ba1e5baa,Assets/Plugins/LeTai.TrueShadow.dll,,,,,,,,,
LevelManager,Assets/GameObject/LevelManager.prefab,LeTai.TrueShadow,1fa22c2b5ebef5f8f09692d9ba1e5baa,-248771874,0,[],0,"{r: 0, g: 0, b: 0, a: 0.6}",2,0,0,0,0,0,{fileID: 0},0,0,1,{fileID: 1087124174963907},1087124174963907,0,{fileID: 0},0,{fileID: 0},0,"{fileID: -248771874, guid: 1fa22c2b5ebef5f8f09692d9ba1e5baa, type: 3}",-248771874,1fa22c2b5ebef5f8f09692d9ba1e5baa,Assets/Plugins/LeTai.TrueShadow.dll,0,"{x: 1.4142134, y: -1.4142137}",45,2,0,8,0,0,0
LevelManager,Assets/GameObject/LevelManager.prefab,LeTai.TrueShadow,1fa22c2b5ebef5f8f09692d9ba1e5baa,-248771874,0,[],0,"{r: 0.5188679, g: 0.26157662, b: 0.18356177, a: 0.6392157}",2,0,0,0,0,1,{fileID: 0},0,0,1,{fileID: 1784349950575754},1784349950575754,0,{fileID: 0},0,{fileID: 0},0,"{fileID: -248771874, guid: 1fa22c2b5ebef5f8f09692d9ba1e5baa, type: 3}",-248771874,1fa22c2b5ebef5f8f09692d9ba1e5baa,Assets/Plugins/LeTai.TrueShadow.dll,0,"{x: 0, y: -0}",90,0,0,32,0,1,0
LevelManager,Assets/GameObject/LevelManager.prefab,LeTai.TrueShadow,1fa22c2b5ebef5f8f09692d9ba1e5baa,-248771874,0,[],0,"{r: 1, g: 0.48702434, b: 0.3160377, a: 0.6}",2,0,0,0,0,0,{fileID: 0},0,0,1,{fileID: 1730038774486627},1730038774486627,0,{fileID: 0},0,{fileID: 0},0,"{fileID: -248771874, guid: 1fa22c2b5ebef5f8f09692d9ba1e5baa, type: 3}",-248771874,1fa22c2b5ebef5f8f09692d9ba1e5baa,Assets/Plugins/LeTai.TrueShadow.dll,0,"{x: 0, y: -0}",90,0,0,3,0,1,0
LevelManager,Assets/GameObject/LevelManager.prefab,LeTai.TrueShadow,1fa22c2b5ebef5f8f09692d9ba1e5baa,-248771874,0,[],0,"{r: 0, g: 0, b: 0, a: 0.6}",2,0,0,0,0,0,{fileID: 0},0,0,1,{fileID: 1671173484089980},1671173484089980,0,{fileID: 0},0,{fileID: 0},0,"{fileID: -248771874, guid: 1fa22c2b5ebef5f8f09692d9ba1e5baa, type: 3}",-248771874,1fa22c2b5ebef5f8f09692d9ba1e5baa,Assets/Plugins/LeTai.TrueShadow.dll,0,"{x: 1.4142134, y: -1.4142137}",45,2,0,8,0,0,0
LevelManager,Assets/GameObject/LevelManager.prefab,LeTai.TrueShadow,1fa22c2b5ebef5f8f09692d9ba1e5baa,-248771874,0,[],0,"{r: 0.18867922, g: 0, b: 0, a: 0.80784315}",2,0,0,0,0,1,{fileID: 0},0,0,1,{fileID: 1651938466185388},1651938466185388,0,{fileID: 0},0,{fileID: 0},0,"{fileID: -248771874, guid: 1fa22c2b5ebef5f8f09692d9ba1e5baa, type: 3}",-248771874,1fa22c2b5ebef5f8f09692d9ba1e5baa,Assets/Plugins/LeTai.TrueShadow.dll,0,"{x: 0, y: -0}",90,0,0,32,0,1,0
LevelManager,Assets/GameObject/LevelManager.prefab,LeTai.TrueShadow,1fa22c2b5ebef5f8f09692d9ba1e5baa,-248771874,0,[],0,"{r: 0, g: 0, b: 0, a: 0.6}",2,0,0,0,0,0,{fileID: 0},0,0,1,{fileID: 1667211389303573},1667211389303573,0,{fileID: 0},0,{fileID: 0},0,"{fileID: -248771874, guid: 1fa22c2b5ebef5f8f09692d9ba1e5baa, type: 3}",-248771874,1fa22c2b5ebef5f8f09692d9ba1e5baa,Assets/Plugins/LeTai.TrueShadow.dll,0,"{x: 0, y: -0}",90,0,0,3,0,1,0
LevelManager,Assets/GameObject/LevelManager.prefab,LeTai.TrueShadow,1fa22c2b5ebef5f8f09692d9ba1e5baa,-248771874,0,[],0,"{r: 0, g: 0, b: 0, a: 0.6}",2,0,0,0,0,0,{fileID: 0},0,0,0,{fileID: 1498774418428095},1498774418428095,0,{fileID: 0},0,{fileID: 0},0,"{fileID: -248771874, guid: 1fa22c2b5ebef5f8f09692d9ba1e5baa, type: 3}",-248771874,1fa22c2b5ebef5f8f09692d9ba1e5baa,Assets/Plugins/LeTai.TrueShadow.dll,0,"{x: 1.4142134, y: -1.4142137}",45,2,0,8,0,0,0
LevelManager,Assets/GameObject/LevelManager.prefab,LeTai.TrueShadow,1fa22c2b5ebef5f8f09692d9ba1e5baa,-248771874,0,[],0,"{r: 0.18867922, g: 0, b: 0, a: 0.80784315}",2,0,0,0,0,1,{fileID: 0},0,0,1,{fileID: 1615528058892821},1615528058892821,0,{fileID: 0},0,{fileID: 0},0,"{fileID: -248771874, guid: 1fa22c2b5ebef5f8f09692d9ba1e5baa, type: 3}",-248771874,1fa22c2b5ebef5f8f09692d9ba1e5baa,Assets/Plugins/LeTai.TrueShadow.dll,0,"{x: 0, y: -0}",90,0,0,32,0,1,0
LevelManager,Assets/GameObject/LevelManager.prefab,LeTai.TrueShadow,1fa22c2b5ebef5f8f09692d9ba1e5baa,-248771874,0,[],0,"{r: 0, g: 0, b: 0, a: 0.6}",2,0,0,0,0,0,{fileID: 0},0,0,0,{fileID: 1362292364771218},1362292364771218,0,{fileID: 0},0,{fileID: 0},0,"{fileID: -248771874, guid: 1fa22c2b5ebef5f8f09692d9ba1e5baa, type: 3}",-248771874,1fa22c2b5ebef5f8f09692d9ba1e5baa,Assets/Plugins/LeTai.TrueShadow.dll,0,"{x: 0, y: -0}",90,0,0,32,0.533,1,0
LevelManager,Assets/GameObject/LevelManager.prefab,LeTai.TrueShadow,1fa22c2b5ebef5f8f09692d9ba1e5baa,-248771874,0,[],0,"{r: 0, g: 0, b: 0, a: 1}",2,0,0,1,0,1,{fileID: 0},0,0,1,{fileID: 1578926580026784},1578926580026784,0,{fileID: 0},0,{fileID: 0},0,"{fileID: -248771874, guid: 1fa22c2b5ebef5f8f09692d9ba1e5baa, type: 3}",-248771874,1fa22c2b5ebef5f8f09692d9ba1e5baa,Assets/Plugins/LeTai.TrueShadow.dll,0,"{x: 0.5990143, y: -9.60886}",53.20067,1,0,15,0,0,0
LevelManager,Assets/GameObject/LevelManager.prefab,LeTai.TrueShadow,1fa22c2b5ebef5f8f09692d9ba1e5baa,-248771874,0,[],0,"{r: 0, g: 0, b: 0, a: 0.6}",2,0,0,0,0,1,{fileID: 0},0,0,1,{fileID: 1848911153880020},1848911153880020,0,{fileID: 0},0,{fileID: 0},0,"{fileID: -248771874, guid: 1fa22c2b5ebef5f8f09692d9ba1e5baa, type: 3}",-248771874,1fa22c2b5ebef5f8f09692d9ba1e5baa,Assets/Plugins/LeTai.TrueShadow.dll,0,"{x: 5.960465E-08, y: -1}",90,1,0,15,0,1,0
LevelManager,Assets/GameObject/LevelManager.prefab,LeTai.TrueShadow,1fa22c2b5ebef5f8f09692d9ba1e5baa,-248771874,0,[],0,"{r: 0, g: 0, b: 0, a: 0.6}",2,0,0,0,0,0,{fileID: 0},0,0,1,{fileID: 1279226814584249},1279226814584249,0,{fileID: 0},0,{fileID: 0},0,"{fileID: -248771874, guid: 1fa22c2b5ebef5f8f09692d9ba1e5baa, type: 3}",-248771874,1fa22c2b5ebef5f8f09692d9ba1e5baa,Assets/Plugins/LeTai.TrueShadow.dll,0,"{x: 5.960465E-08, y: -1}",90,1,0,15,0,1,0
LevelManager,Assets/GameObject/LevelManager.prefab,LeTai.TrueShadow,1fa22c2b5ebef5f8f09692d9ba1e5baa,-248771874,0,[],0,"{r: 0, g: 0, b: 0, a: 0.6392157}",2,0,0,0,0,1,{fileID: 0},0,0,1,{fileID: 1839540647116442},1839540647116442,0,{fileID: 0},0,{fileID: 0},0,"{fileID: -248771874, guid: 1fa22c2b5ebef5f8f09692d9ba1e5baa, type: 3}",-248771874,1fa22c2b5ebef5f8f09692d9ba1e5baa,Assets/Plugins/LeTai.TrueShadow.dll,0,"{x: 0, y: -0}",90,0,0,70.5,0,1,0
LevelManager,Assets/GameObject/LevelManager.prefab,LeTai.TrueShadow,1fa22c2b5ebef5f8f09692d9ba1e5baa,-248771874,0,[],0,"{r: 0, g: 0, b: 0, a: 0.6}",2,0,0,0,0,0,{fileID: 0},0,0,1,{fileID: 1662859683857422},1662859683857422,0,{fileID: 0},0,{fileID: 0},0,"{fileID: -248771874, guid: 1fa22c2b5ebef5f8f09692d9ba1e5baa, type: 3}",-248771874,1fa22c2b5ebef5f8f09692d9ba1e5baa,Assets/Plugins/LeTai.TrueShadow.dll,0,"{x: 7.1525585E-07, y: -12}",90,12,0,32,0,1,0
LevelManager,Assets/GameObject/LevelManager.prefab,LeTai.TrueShadow,1fa22c2b5ebef5f8f09692d9ba1e5baa,-248771874,0,[],0,"{r: 0, g: 0, b: 0, a: 0.6}",2,0,0,0,0,0,{fileID: 0},0,0,1,{fileID: 1313742729978043},1313742729978043,0,{fileID: 0},0,{fileID: 0},0,"{fileID: -248771874, guid: 1fa22c2b5ebef5f8f09692d9ba1e5baa, type: 3}",-248771874,1fa22c2b5ebef5f8f09692d9ba1e5baa,Assets/Plugins/LeTai.TrueShadow.dll,0,"{x: 7.1525585E-07, y: -12}",90,12,0,32,0,1,0
LevelManager,Assets/GameObject/LevelManager.prefab,LeTai.TrueShadow,1fa22c2b5ebef5f8f09692d9ba1e5baa,-248771874,0,[],0,"{r: 1, g: 1, b: 1, a: 1}",2,0,0,1,0,0,{fileID: 0},0,0,1,{fileID: 1224483264509943},1224483264509943,0,{fileID: 0},0,{fileID: 0},0,"{fileID: -248771874, guid: 1fa22c2b5ebef5f8f09692d9ba1e5baa, type: 3}",-248771874,1fa22c2b5ebef5f8f09692d9ba1e5baa,Assets/Plugins/LeTai.TrueShadow.dll,0,"{x: 0, y: -0}",90,0,0,5,0.3,1,0
LevelManager,Assets/GameObject/LevelManager.prefab,LeTai.TrueShadow,1fa22c2b5ebef5f8f09692d9ba1e5baa,-248771874,0,[],0,"{r: 0, g: 0, b: 0, a: 0.8}",2,0,0,0,0,0,{fileID: 0},0,0,1,{fileID: 1757021988611999},1757021988611999,0,{fileID: 0},0,{fileID: 0},0,"{fileID: -248771874, guid: 1fa22c2b5ebef5f8f09692d9ba1e5baa, type: 3}",-248771874,1fa22c2b5ebef5f8f09692d9ba1e5baa,Assets/Plugins/LeTai.TrueShadow.dll,0,"{x: 1.192093E-07, y: -2}",90,2,0,3,0,1,0
LevelManager,Assets/GameObject/LevelManager.prefab,LeTai.TrueShadow,1fa22c2b5ebef5f8f09692d9ba1e5baa,-248771874,0,[],0,"{r: 0, g: 0, b: 0, a: 0.8}",2,0,0,0,0,0,{fileID: 0},0,0,1,{fileID: 1711773648244894},1711773648244894,0,{fileID: 0},0,{fileID: 0},0,"{fileID: -248771874, guid: 1fa22c2b5ebef5f8f09692d9ba1e5baa, type: 3}",-248771874,1fa22c2b5ebef5f8f09692d9ba1e5baa,Assets/Plugins/LeTai.TrueShadow.dll,0,"{x: 1.192093E-07, y: -2}",90,2,0,3,0,1,0
LevelManager,Assets/GameObject/LevelManager.prefab,LeTai.TrueShadow,1fa22c2b5ebef5f8f09692d9ba1e5baa,-248771874,0,[],0,"{r: 0, g: 0, b: 0, a: 0.8}",2,0,0,0,0,0,{fileID: 0},0,0,1,{fileID: 1489237355348060},1489237355348060,0,{fileID: 0},0,{fileID: 0},0,"{fileID: -248771874, guid: 1fa22c2b5ebef5f8f09692d9ba1e5baa, type: 3}",-248771874,1fa22c2b5ebef5f8f09692d9ba1e5baa,Assets/Plugins/LeTai.TrueShadow.dll,0,"{x: 1.192093E-07, y: -2}",90,2,0,3,0,1,0
LevelManager,Assets/GameObject/LevelManager.prefab,LeTai.TrueShadow,1fa22c2b5ebef5f8f09692d9ba1e5baa,-248771874,0,[],0,"{r: 0, g: 0, b: 0, a: 0.8}",2,0,0,0,0,0,{fileID: 0},0,0,1,{fileID: 1654532103175120},1654532103175120,0,{fileID: 0},0,{fileID: 0},0,"{fileID: -248771874, guid: 1fa22c2b5ebef5f8f09692d9ba1e5baa, type: 3}",-248771874,1fa22c2b5ebef5f8f09692d9ba1e5baa,Assets/Plugins/LeTai.TrueShadow.dll,0,"{x: 1.192093E-07, y: -2}",90,2,0,3,0,1,0
LevelManager,Assets/GameObject/LevelManager.prefab,LeTai.TrueShadow,1fa22c2b5ebef5f8f09692d9ba1e5baa,-248771874,0,[],0,"{r: 0, g: 0, b: 0, a: 0.8}",2,0,0,0,0,0,{fileID: 0},0,0,1,{fileID: 1213147353722715},1213147353722715,0,{fileID: 0},0,{fileID: 0},0,"{fileID: -248771874, guid: 1fa22c2b5ebef5f8f09692d9ba1e5baa, type: 3}",-248771874,1fa22c2b5ebef5f8f09692d9ba1e5baa,Assets/Plugins/LeTai.TrueShadow.dll,0,"{x: 1.192093E-07, y: -2}",90,2,0,3,0,1,0
LevelManager,Assets/GameObject/LevelManager.prefab,LeTai.TrueShadow,1fa22c2b5ebef5f8f09692d9ba1e5baa,-248771874,0,[],0,"{r: 0, g: 0, b: 0, a: 0.8}",2,0,0,0,0,0,{fileID: 0},0,0,1,{fileID: 1198202666442102},1198202666442102,0,{fileID: 0},0,{fileID: 0},0,"{fileID: -248771874, guid: 1fa22c2b5ebef5f8f09692d9ba1e5baa, type: 3}",-248771874,1fa22c2b5ebef5f8f09692d9ba1e5baa,Assets/Plugins/LeTai.TrueShadow.dll,0,"{x: 1.192093E-07, y: -2}",90,2,0,3,0,1,0
LevelManager,Assets/GameObject/LevelManager.prefab,LeTai.TrueShadow,1fa22c2b5ebef5f8f09692d9ba1e5baa,-248771874,0,[],0,"{r: 0, g: 0, b: 0, a: 0.8}",2,0,0,0,0,0,{fileID: 0},0,0,1,{fileID: 1679928078492180},1679928078492180,0,{fileID: 0},0,{fileID: 0},0,"{fileID: -248771874, guid: 1fa22c2b5ebef5f8f09692d9ba1e5baa, type: 3}",-248771874,1fa22c2b5ebef5f8f09692d9ba1e5baa,Assets/Plugins/LeTai.TrueShadow.dll,0,"{x: 1.192093E-07, y: -2}",90,2,0,3,0,1,0
LevelManager,Assets/GameObject/LevelManager.prefab,LeTai.TrueShadow,1fa22c2b5ebef5f8f09692d9ba1e5baa,-248771874,0,[],0,"{r: 0, g: 0, b: 0, a: 0.8}",2,0,0,0,0,0,{fileID: 0},0,0,1,{fileID: 1313708600586155},1313708600586155,0,{fileID: 0},0,{fileID: 0},0,"{fileID: -248771874, guid: 1fa22c2b5ebef5f8f09692d9ba1e5baa, type: 3}",-248771874,1fa22c2b5ebef5f8f09692d9ba1e5baa,Assets/Plugins/LeTai.TrueShadow.dll,0,"{x: 1.192093E-07, y: -2}",90,2,0,3,0,1,0
LevelManager,Assets/GameObject/LevelManager.prefab,LeTai.TrueShadow,1fa22c2b5ebef5f8f09692d9ba1e5baa,-248771874,0,[],0,"{r: 0, g: 0, b: 0, a: 0.6}",2,0,0,0,0,0,{fileID: 0},0,0,1,{fileID: 1199424038649664},1199424038649664,0,{fileID: 0},0,{fileID: 0},0,"{fileID: -248771874, guid: 1fa22c2b5ebef5f8f09692d9ba1e5baa, type: 3}",-248771874,1fa22c2b5ebef5f8f09692d9ba1e5baa,Assets/Plugins/LeTai.TrueShadow.dll,0,"{x: 4.2426405, y: -4.242641}",45,6,0,12,0,1,0
LevelManager,Assets/GameObject/LevelManager.prefab,LeTai.TrueShadow,1fa22c2b5ebef5f8f09692d9ba1e5baa,-248771874,0,[],0,"{r: 0, g: 0, b: 0, a: 0.6}",2,0,0,0,0,0,{fileID: 0},0,0,1,{fileID: 1622399381577346},1622399381577346,0,{fileID: 0},0,{fileID: 0},0,"{fileID: -248771874, guid: 1fa22c2b5ebef5f8f09692d9ba1e5baa, type: 3}",-248771874,1fa22c2b5ebef5f8f09692d9ba1e5baa,Assets/Plugins/LeTai.TrueShadow.dll,0,"{x: 7.071067, y: -7.0710683}",45,10,0,10,0,1,0
LevelManager,Assets/GameObject/LevelManager.prefab,LeTai.TrueShadow,1fa22c2b5ebef5f8f09692d9ba1e5baa,-248771874,0,[],0,"{r: 0, g: 0, b: 0, a: 0.6}",2,0,0,1,0,0,{fileID: 0},0,0,0,{fileID: 1489266436467126},1489266436467126,0,{fileID: 0},0,{fileID: 0},0,"{fileID: -248771874, guid: 1fa22c2b5ebef5f8f09692d9ba1e5baa, type: 3}",-248771874,1fa22c2b5ebef5f8f09692d9ba1e5baa,Assets/Plugins/LeTai.TrueShadow.dll,0,"{x: 6.0669756, y: -6.0669765}",45,8.58,0,16,0,1,0
LevelManager,Assets/GameObject/LevelManager.prefab,LeTai.TrueShadow,1fa22c2b5ebef5f8f09692d9ba1e5baa,-248771874,0,[],0,"{r: 0, g: 0, b: 0, a: 0.6}",2,0,0,1,0,0,{fileID: 0},0,0,0,{fileID: 1343863044712746},1343863044712746,0,{fileID: 0},0,{fileID: 0},0,"{fileID: -248771874, guid: 1fa22c2b5ebef5f8f09692d9ba1e5baa, type: 3}",-248771874,1fa22c2b5ebef5f8f09692d9ba1e5baa,Assets/Plugins/LeTai.TrueShadow.dll,0,"{x: 6.0669756, y: -6.0669765}",45,8.58,0,16,0,1,0
LevelManager,Assets/GameObject/LevelManager.prefab,LeTai.TrueShadow,1fa22c2b5ebef5f8f09692d9ba1e5baa,-248771874,0,[],0,"{r: 0, g: 0, b: 0, a: 1}",2,0,0,0,0,0,{fileID: 0},0,0,0,{fileID: 1606334630354159},1606334630354159,0,{fileID: 0},0,{fileID: 0},0,"{fileID: -248771874, guid: 1fa22c2b5ebef5f8f09692d9ba1e5baa, type: 3}",-248771874,1fa22c2b5ebef5f8f09692d9ba1e5baa,Assets/Plugins/LeTai.TrueShadow.dll,0,"{x: 0, y: -0}",90,0,0,20,0,1,0
LevelManager,Assets/GameObject/LevelManager.prefab,LeTai.TrueShadow,1fa22c2b5ebef5f8f09692d9ba1e5baa,-248771874,0,[],0,"{r: 0, g: 0, b: 0, a: 0.6}",2,0,0,0,0,0,{fileID: 0},0,0,0,{fileID: 1700464465014903},1700464465014903,0,{fileID: 0},0,{fileID: 0},0,"{fileID: -248771874, guid: 1fa22c2b5ebef5f8f09692d9ba1e5baa, type: 3}",-248771874,1fa22c2b5ebef5f8f09692d9ba1e5baa,Assets/Plugins/LeTai.TrueShadow.dll,0,"{x: 7.1525585E-07, y: -12}",90,12,0,32,0,1,0
LevelManager,Assets/GameObject/LevelManager.prefab,LeTai.TrueShadow,1fa22c2b5ebef5f8f09692d9ba1e5baa,-248771874,0,[],0,"{r: 0, g: 0, b: 0, a: 1}",2,0,0,0,0,0,{fileID: 0},0,0,0,{fileID: 1432456838806574},1432456838806574,0,{fileID: 0},0,{fileID: 0},0,"{fileID: -248771874, guid: 1fa22c2b5ebef5f8f09692d9ba1e5baa, type: 3}",-248771874,1fa22c2b5ebef5f8f09692d9ba1e5baa,Assets/Plugins/LeTai.TrueShadow.dll,0,"{x: 4.096033, y: -3.9639008}",44.060795,5.7,0,6.7,0,1,0
LevelManager,Assets/GameObject/LevelManager.prefab,LeTai.TrueShadow,1fa22c2b5ebef5f8f09692d9ba1e5baa,-248771874,0,[],0,"{r: 0, g: 0, b: 0, a: 1}",2,0,0,0,0,0,{fileID: 0},0,0,0,{fileID: 1196529787328769},1196529787328769,0,{fileID: 0},0,{fileID: 0},0,"{fileID: -248771874, guid: 1fa22c2b5ebef5f8f09692d9ba1e5baa, type: 3}",-248771874,1fa22c2b5ebef5f8f09692d9ba1e5baa,Assets/Plugins/LeTai.TrueShadow.dll,0,"{x: 8.273149, y: -8.2731495}",45,11.7,0,24.3,0,1,0
LevelManager,Assets/GameObject/LevelManager.prefab,LeTai.TrueShadow,1fa22c2b5ebef5f8f09692d9ba1e5baa,-248771874,0,[],0,"{r: 0, g: 0, b: 0, a: 1}",2,0,0,0,0,0,{fileID: 0},0,0,1,{fileID: 1431821092971444},1431821092971444,0,{fileID: 0},0,{fileID: 0},0,"{fileID: -248771874, guid: 1fa22c2b5ebef5f8f09692d9ba1e5baa, type: 3}",-248771874,1fa22c2b5ebef5f8f09692d9ba1e5baa,Assets/Plugins/LeTai.TrueShadow.dll,0,"{x: 2.1213202, y: -2.1213205}",90,3,0,15.7,0,1,1
LevelManager,Assets/GameObject/LevelManager.prefab,LeTai.TrueShadow,1fa22c2b5ebef5f8f09692d9ba1e5baa,-248771874,0,[],0,"{r: 0, g: 0, b: 0, a: 0.6}",2,0,0,0,0,0,{fileID: 0},0,0,1,{fileID: 1986526945741044},1986526945741044,0,{fileID: 0},0,{fileID: 0},0,"{fileID: -248771874, guid: 1fa22c2b5ebef5f8f09692d9ba1e5baa, type: 3}",-248771874,1fa22c2b5ebef5f8f09692d9ba1e5baa,Assets/Plugins/LeTai.TrueShadow.dll,0,"{x: 0, y: -0}",90,0,0,17,0,1,0
LevelManager,Assets/GameObject/LevelManager.prefab,LeTai.TrueShadow,1fa22c2b5ebef5f8f09692d9ba1e5baa,-248771874,0,[],0,"{r: 0.2117647, g: 0.67725474, b: 1, a: 1}",2,0,0,0,0,0,{fileID: 0},0,0,1,{fileID: 1079089962903751},1079089962903751,0,{fileID: 0},0,{fileID: 0},0,"{fileID: -248771874, guid: 1fa22c2b5ebef5f8f09692d9ba1e5baa, type: 3}",-248771874,1fa22c2b5ebef5f8f09692d9ba1e5baa,Assets/Plugins/LeTai.TrueShadow.dll,0,"{x: 0, y: -0}",90,0,0,4.4,0,1,0
LevelManager,Assets/GameObject/LevelManager.prefab,LeTai.TrueShadow,1fa22c2b5ebef5f8f09692d9ba1e5baa,-248771874,0,[],0,"{r: 0.042452812, g: 0.501223, b: 1, a: 1}",2,0,0,0,0,0,{fileID: 0},0,0,1,{fileID: 1031576318793798},1031576318793798,0,{fileID: 0},0,{fileID: 0},0,"{fileID: -248771874, guid: 1fa22c2b5ebef5f8f09692d9ba1e5baa, type: 3}",-248771874,1fa22c2b5ebef5f8f09692d9ba1e5baa,Assets/Plugins/LeTai.TrueShadow.dll,0,"{x: 0, y: -0}",45,0,0,3,0,1,0
LevelManager,Assets/GameObject/LevelManager.prefab,LeTai.TrueShadow,1fa22c2b5ebef5f8f09692d9ba1e5baa,-248771874,0,[],0,"{r: 0, g: 0, b: 0, a: 0.6}",2,0,0,0,0,0,{fileID: 0},0,0,1,{fileID: 1657530908808960},1657530908808960,0,{fileID: 0},0,{fileID: 0},0,"{fileID: -248771874, guid: 1fa22c2b5ebef5f8f09692d9ba1e5baa, type: 3}",-248771874,1fa22c2b5ebef5f8f09692d9ba1e5baa,Assets/Plugins/LeTai.TrueShadow.dll,1,"{x: 2.1213202, y: -2.1213205}",90,3,0,3,0,1,1
LevelManager,Assets/GameObject/LevelManager.prefab,LeTai.TrueShadow,1fa22c2b5ebef5f8f09692d9ba1e5baa,-248771874,0,[],0,"{r: 0, g: 0, b: 0, a: 0.70980394}",2,0,0,0,0,0,{fileID: 0},0,0,1,{fileID: 1675421031114030},1675421031114030,0,{fileID: 0},0,{fileID: 0},0,"{fileID: -248771874, guid: 1fa22c2b5ebef5f8f09692d9ba1e5baa, type: 3}",-248771874,1fa22c2b5ebef5f8f09692d9ba1e5baa,Assets/Plugins/LeTai.TrueShadow.dll,0,"{x: 1.3081474, y: -1.3081477}",45,1.85,0,0.1,0,1,0
LevelManager,Assets/GameObject/LevelManager.prefab,LeTai.TrueShadow,1fa22c2b5ebef5f8f09692d9ba1e5baa,-248771874,0,[],0,"{r: 0, g: 0, b: 0, a: 0.6}",2,0,0,0,0,1,{fileID: 0},0,0,1,{fileID: 1337197058917413},1337197058917413,0,{fileID: 0},0,{fileID: 0},0,"{fileID: -248771874, guid: 1fa22c2b5ebef5f8f09692d9ba1e5baa, type: 3}",-248771874,1fa22c2b5ebef5f8f09692d9ba1e5baa,Assets/Plugins/LeTai.TrueShadow.dll,0,"{x: 0, y: -0}",45,0,0,11.8,0,1,1
LevelManager,Assets/GameObject/LevelManager.prefab,LeTai.TrueShadow,1fa22c2b5ebef5f8f09692d9ba1e5baa,-248771874,0,[],0,"{r: 0, g: 0, b: 0, a: 0.8509804}",2,0,0,0,0,0,{fileID: 0},0,0,1,{fileID: 1515208595932324},1515208595932324,0,{fileID: 0},0,{fileID: 0},0,"{fileID: -248771874, guid: 1fa22c2b5ebef5f8f09692d9ba1e5baa, type: 3}",-248771874,1fa22c2b5ebef5f8f09692d9ba1e5baa,Assets/Plugins/LeTai.TrueShadow.dll,0,"{x: 1.2020814, y: -1.2020817}",45,1.7,0,1.21,0,1,0
LevelManager,Assets/GameObject/LevelManager.prefab,LeTai.TrueShadow,1fa22c2b5ebef5f8f09692d9ba1e5baa,-248771874,0,[],0,"{r: 0, g: 0, b: 0, a: 1}",2,0,0,0,1,0,{fileID: 0},0,0,1,{fileID: 1284049118366506},1284049118366506,0,{fileID: 0},0,{fileID: 0},0,"{fileID: -248771874, guid: 1fa22c2b5ebef5f8f09692d9ba1e5baa, type: 3}",-248771874,1fa22c2b5ebef5f8f09692d9ba1e5baa,Assets/Plugins/LeTai.TrueShadow.dll,0,"{x: 0, y: -0}",90,0,0,9.3,0.45,1,0
LevelManager,Assets/GameObject/LevelManager.prefab,LeTai.TrueShadow,1fa22c2b5ebef5f8f09692d9ba1e5baa,-248771874,0,[],0,"{r: 0, g: 0, b: 0, a: 1}",2,0,0,0,1,0,{fileID: 0},0,0,1,{fileID: 1494677779469580},1494677779469580,0,{fileID: 0},0,{fileID: 0},0,"{fileID: -248771874, guid: 1fa22c2b5ebef5f8f09692d9ba1e5baa, type: 3}",-248771874,1fa22c2b5ebef5f8f09692d9ba1e5baa,Assets/Plugins/LeTai.TrueShadow.dll,0,"{x: 0, y: -0}",90,0,0,9.3,0.45,1,0
LevelManager,Assets/GameObject/LevelManager.prefab,LeTai.TrueShadow,1fa22c2b5ebef5f8f09692d9ba1e5baa,-248771874,0,[],0,"{r: 0, g: 0, b: 0, a: 1}",2,0,0,0,1,0,{fileID: 0},0,0,1,{fileID: 1214835626163815},1214835626163815,0,{fileID: 0},0,{fileID: 0},0,"{fileID: -248771874, guid: 1fa22c2b5ebef5f8f09692d9ba1e5baa, type: 3}",-248771874,1fa22c2b5ebef5f8f09692d9ba1e5baa,Assets/Plugins/LeTai.TrueShadow.dll,0,"{x: 0, y: -0}",90,0,0,9.3,0.45,1,0
LevelManager,Assets/GameObject/LevelManager.prefab,LeTai.TrueShadow,1fa22c2b5ebef5f8f09692d9ba1e5baa,-248771874,0,[],0,"{r: 0, g: 0, b: 0, a: 1}",2,0,0,0,1,0,{fileID: 0},0,0,1,{fileID: 1740942390382368},1740942390382368,0,{fileID: 0},0,{fileID: 0},0,"{fileID: -248771874, guid: 1fa22c2b5ebef5f8f09692d9ba1e5baa, type: 3}",-248771874,1fa22c2b5ebef5f8f09692d9ba1e5baa,Assets/Plugins/LeTai.TrueShadow.dll,0,"{x: 0, y: -0}",90,0,0,9.3,0.45,1,0
LevelManager,Assets/GameObject/LevelManager.prefab,LeTai.TrueShadow,1fa22c2b5ebef5f8f09692d9ba1e5baa,-248771874,0,[],0,"{r: 0, g: 0, b: 0, a: 0.7294118}",2,0,0,0,1,0,{fileID: 0},0,0,1,{fileID: 1934124723208333},1934124723208333,0,{fileID: 0},0,{fileID: 0},0,"{fileID: -248771874, guid: 1fa22c2b5ebef5f8f09692d9ba1e5baa, type: 3}",-248771874,1fa22c2b5ebef5f8f09692d9ba1e5baa,Assets/Plugins/LeTai.TrueShadow.dll,1,"{x: 6.081118, y: -6.081119}",45,8.6,0,14.6,0,1,0
LevelManager,Assets/GameObject/LevelManager.prefab,LeTai.TrueShadow,1fa22c2b5ebef5f8f09692d9ba1e5baa,-248771874,0,[],0,"{r: 1, g: 0.4702007, b: 0.13679248, a: 1}",2,0,0,0,1,0,{fileID: 0},0,0,1,{fileID: 1285476165670157},1285476165670157,0,{fileID: 0},0,{fileID: 0},0,"{fileID: -248771874, guid: 1fa22c2b5ebef5f8f09692d9ba1e5baa, type: 3}",-248771874,1fa22c2b5ebef5f8f09692d9ba1e5baa,Assets/Plugins/LeTai.TrueShadow.dll,1,"{x: 0, y: -0}",90,0,0,32,0.025,1,0
LevelManager,Assets/GameObject/LevelManager.prefab,LeTai.TrueShadow,1fa22c2b5ebef5f8f09692d9ba1e5baa,-248771874,0,[],0,"{r: 0, g: 0, b: 0, a: 0.8666667}",2,0,0,0,1,0,{fileID: 0},0,0,1,{fileID: 1280374005073034},1280374005073034,0,{fileID: 0},0,{fileID: 0},0,"{fileID: -248771874, guid: 1fa22c2b5ebef5f8f09692d9ba1e5baa, type: 3}",-248771874,1fa22c2b5ebef5f8f09692d9ba1e5baa,Assets/Plugins/LeTai.TrueShadow.dll,0,"{x: 4.4547725, y: -4.454773}",45,6.3,0,8.78,0,1,0
LevelManager,Assets/GameObject/LevelManager.prefab,LeTai.TrueShadow,1fa22c2b5ebef5f8f09692d9ba1e5baa,-248771874,0,[],0,"{r: 0.1745283, g: 0.711293, b: 1, a: 0.6}",2,0,0,0,1,0,{fileID: 0},0,0,1,{fileID: 1158132750160857},1158132750160857,0,{fileID: 0},0,{fileID: 0},0,"{fileID: -248771874, guid: 1fa22c2b5ebef5f8f09692d9ba1e5baa, type: 3}",-248771874,1fa22c2b5ebef5f8f09692d9ba1e5baa,Assets/Plugins/LeTai.TrueShadow.dll,0,"{x: 0, y: -0}",90,0,0,14.4,0.055,1,0
LevelManager,Assets/GameObject/LevelManager.prefab,LeTai.TrueShadow,1fa22c2b5ebef5f8f09692d9ba1e5baa,-248771874,0,[],0,"{r: 0, g: 0, b: 0, a: 1}",2,0,0,0,1,0,{fileID: 0},0,0,1,{fileID: 1455119490408359},1455119490408359,0,{fileID: 0},0,{fileID: 0},0,"{fileID: -248771874, guid: 1fa22c2b5ebef5f8f09692d9ba1e5baa, type: 3}",-248771874,1fa22c2b5ebef5f8f09692d9ba1e5baa,Assets/Plugins/LeTai.TrueShadow.dll,0,"{x: 0, y: -0}",90,0,0,5.8,0.356,1,0
LevelManager,Assets/GameObject/LevelManager.prefab,LeTai.TrueShadow,1fa22c2b5ebef5f8f09692d9ba1e5baa,-248771874,0,[],0,"{r: 0, g: 0, b: 0, a: 1}",2,0,0,0,1,0,{fileID: 0},0,0,1,{fileID: 1744142664404461},1744142664404461,0,{fileID: 0},0,{fileID: 0},0,"{fileID: -248771874, guid: 1fa22c2b5ebef5f8f09692d9ba1e5baa, type: 3}",-248771874,1fa22c2b5ebef5f8f09692d9ba1e5baa,Assets/Plugins/LeTai.TrueShadow.dll,0,"{x: 0, y: -0}",90,0,0,5.8,0.356,1,0
LevelManager,Assets/GameObject/LevelManager.prefab,LeTai.TrueShadow,1fa22c2b5ebef5f8f09692d9ba1e5baa,-248771874,0,[],0,"{r: 0, g: 0, b: 0, a: 1}",2,0,0,0,1,0,{fileID: 0},0,0,1,{fileID: 1042506580960849},1042506580960849,0,{fileID: 0},0,{fileID: 0},0,"{fileID: -248771874, guid: 1fa22c2b5ebef5f8f09692d9ba1e5baa, type: 3}",-248771874,1fa22c2b5ebef5f8f09692d9ba1e5baa,Assets/Plugins/LeTai.TrueShadow.dll,0,"{x: 0, y: -0}",90,0,0,5.8,0.356,1,0
LevelManager,Assets/GameObject/LevelManager.prefab,LeTai.TrueShadow,1fa22c2b5ebef5f8f09692d9ba1e5baa,-248771874,0,[],0,"{r: 0, g: 0, b: 0, a: 1}",2,0,0,0,1,0,{fileID: 0},0,0,1,{fileID: 1460372817424933},1460372817424933,0,{fileID: 0},0,{fileID: 0},0,"{fileID: -248771874, guid: 1fa22c2b5ebef5f8f09692d9ba1e5baa, type: 3}",-248771874,1fa22c2b5ebef5f8f09692d9ba1e5baa,Assets/Plugins/LeTai.TrueShadow.dll,0,"{x: 0, y: -0}",90,0,0,5.8,0.356,1,0
LevelManager,Assets/GameObject/LevelManager.prefab,LeTai.TrueShadow,1fa22c2b5ebef5f8f09692d9ba1e5baa,-248771874,0,[],0,"{r: 1, g: 0.3160377, b: 0.3160377, a: 0.6}",2,0,0,0,1,0,{fileID: 0},0,0,1,{fileID: 1628368016567975},1628368016567975,0,{fileID: 0},0,{fileID: 0},0,"{fileID: -248771874, guid: 1fa22c2b5ebef5f8f09692d9ba1e5baa, type: 3}",-248771874,1fa22c2b5ebef5f8f09692d9ba1e5baa,Assets/Plugins/LeTai.TrueShadow.dll,0,"{x: 0, y: -0}",90,0,0,8,0,1,0
LevelManager,Assets/GameObject/LevelManager.prefab,LeTai.TrueShadow,1fa22c2b5ebef5f8f09692d9ba1e5baa,-248771874,0,[],0,"{r: 0, g: 0, b: 0, a: 1}",2,0,0,1,0,0,{fileID: 0},0,0,1,{fileID: 1806917346936337},1806917346936337,0,{fileID: 0},0,{fileID: 0},0,"{fileID: -248771874, guid: 1fa22c2b5ebef5f8f09692d9ba1e5baa, type: 3}",-248771874,1fa22c2b5ebef5f8f09692d9ba1e5baa,Assets/Plugins/LeTai.TrueShadow.dll,0,"{x: 1.4142134, y: -1.4142137}",45,2,0,15,0,1,0
LevelManager,Assets/GameObject/LevelManager.prefab,LeTai.TrueShadow,1fa22c2b5ebef5f8f09692d9ba1e5baa,-248771874,0,[],0,"{r: 0, g: 0, b: 0, a: 0.6}",2,0,0,0,0,0,{fileID: 0},0,0,1,{fileID: 1467613626109738},1467613626109738,0,{fileID: 0},0,{fileID: 0},0,"{fileID: -248771874, guid: 1fa22c2b5ebef5f8f09692d9ba1e5baa, type: 3}",-248771874,1fa22c2b5ebef5f8f09692d9ba1e5baa,Assets/Plugins/LeTai.TrueShadow.dll,0,"{x: 0, y: -0}",90,0,0,10,0.4,1,0
LevelManager,Assets/GameObject/LevelManager.prefab,LeTai.TrueShadow,1fa22c2b5ebef5f8f09692d9ba1e5baa,-248771874,0,[],0,"{r: 0, g: 0, b: 0, a: 0.6}",2,0,0,0,0,0,{fileID: 0},0,0,1,{fileID: 1951190231034814},1951190231034814,0,{fileID: 0},0,{fileID: 0},0,"{fileID: -248771874, guid: 1fa22c2b5ebef5f8f09692d9ba1e5baa, type: 3}",-248771874,1fa22c2b5ebef5f8f09692d9ba1e5baa,Assets/Plugins/LeTai.TrueShadow.dll,0,"{x: 0, y: -0}",90,0,0,10,0.4,1,0
LevelManager,Assets/GameObject/LevelManager.prefab,LeTai.TrueShadow,1fa22c2b5ebef5f8f09692d9ba1e5baa,-248771874,0,[],0,"{r: 0, g: 0, b: 0, a: 0.6}",2,0,0,0,0,0,{fileID: 0},0,0,1,{fileID: 1347762317039818},1347762317039818,0,{fileID: 0},0,{fileID: 0},0,"{fileID: -248771874, guid: 1fa22c2b5ebef5f8f09692d9ba1e5baa, type: 3}",-248771874,1fa22c2b5ebef5f8f09692d9ba1e5baa,Assets/Plugins/LeTai.TrueShadow.dll,0,"{x: 0, y: -0}",90,0,0,10,0.4,1,0
LevelManager,Assets/GameObject/LevelManager.prefab,LeTai.TrueShadow,1fa22c2b5ebef5f8f09692d9ba1e5baa,-248771874,0,[],0,"{r: 0, g: 0, b: 0, a: 0.6}",2,0,0,0,0,0,{fileID: 0},0,0,1,{fileID: 1830164993027386},1830164993027386,0,{fileID: 0},0,{fileID: 0},0,"{fileID: -248771874, guid: 1fa22c2b5ebef5f8f09692d9ba1e5baa, type: 3}",-248771874,1fa22c2b5ebef5f8f09692d9ba1e5baa,Assets/Plugins/LeTai.TrueShadow.dll,0,"{x: 0, y: -0}",90,0,0,10,0.4,1,0
LevelManager,Assets/GameObject/LevelManager.prefab,LeTai.TrueShadow,1fa22c2b5ebef5f8f09692d9ba1e5baa,-248771874,0,[],0,"{r: 0.09878961, g: 0.31553805, b: 0.5660378, a: 1}",2,0,0,1,0,0,{fileID: 0},0,0,1,{fileID: 1294993514055652},1294993514055652,0,{fileID: 0},0,{fileID: 0},0,"{fileID: -248771874, guid: 1fa22c2b5ebef5f8f09692d9ba1e5baa, type: 3}",-248771874,1fa22c2b5ebef5f8f09692d9ba1e5baa,Assets/Plugins/LeTai.TrueShadow.dll,0,"{x: 8.34386, y: -8.343861}",45,11.8,0,15.6,0,1,0
LevelManager,Assets/GameObject/LevelManager.prefab,LeTai.TrueShadow,1fa22c2b5ebef5f8f09692d9ba1e5baa,-248771874,0,[],0,"{r: 0, g: 0, b: 0, a: 0.6862745}",2,0,0,0,0,0,{fileID: 0},0,0,1,{fileID: 1070312211564118},1070312211564118,0,{fileID: 0},0,{fileID: 0},0,"{fileID: -248771874, guid: 1fa22c2b5ebef5f8f09692d9ba1e5baa, type: 3}",-248771874,1fa22c2b5ebef5f8f09692d9ba1e5baa,Assets/Plugins/LeTai.TrueShadow.dll,0,"{x: 2.404163, y: -2.4041634}",45,3.4,0,3.76,0,1,0
LevelManager,Assets/GameObject/LevelManager.prefab,LeTai.TrueShadow,1fa22c2b5ebef5f8f09692d9ba1e5baa,-248771874,0,[],0,"{r: 0, g: 0, b: 0, a: 1}",2,0,0,0,0,0,{fileID: 0},0,0,1,{fileID: 1910737448439818},1910737448439818,0,{fileID: 0},0,{fileID: 0},0,"{fileID: -248771874, guid: 1fa22c2b5ebef5f8f09692d9ba1e5baa, type: 3}",-248771874,1fa22c2b5ebef5f8f09692d9ba1e5baa,Assets/Plugins/LeTai.TrueShadow.dll,0,"{x: 3.356373, y: -3.431437}",45.633587,4.8,0,15.9,0,1,0
LevelManager,Assets/GameObject/LevelManager.prefab,LeTai.TrueShadow,1fa22c2b5ebef5f8f09692d9ba1e5baa,-248771874,0,[],0,"{r: 0, g: 0, b: 0, a: 0.74509805}",2,0,0,0,0,0,{fileID: 0},0,0,1,{fileID: 1802473384979678},1802473384979678,0,{fileID: 0},0,{fileID: 0},0,"{fileID: -248771874, guid: 1fa22c2b5ebef5f8f09692d9ba1e5baa, type: 3}",-248771874,1fa22c2b5ebef5f8f09692d9ba1e5baa,Assets/Plugins/LeTai.TrueShadow.dll,0,"{x: 5.960465E-08, y: -1}",90,1,0,15,0,1,0
LevelManager,Assets/GameObject/LevelManager.prefab,LeTai.TrueShadow,1fa22c2b5ebef5f8f09692d9ba1e5baa,-248771874,0,[],0,"{r: 0, g: 0, b: 0, a: 0.64705884}",2,0,0,0,0,0,{fileID: 0},0,0,1,{fileID: 1888769848167147},1888769848167147,0,{fileID: 0},0,{fileID: 0},0,"{fileID: -248771874, guid: 1fa22c2b5ebef5f8f09692d9ba1e5baa, type: 3}",-248771874,1fa22c2b5ebef5f8f09692d9ba1e5baa,Assets/Plugins/LeTai.TrueShadow.dll,0,"{x: 5.960465E-08, y: -1}",90,1,0,3,0,1,0
LevelManager,Assets/GameObject/LevelManager.prefab,LeTai.TrueShadow,1fa22c2b5ebef5f8f09692d9ba1e5baa,-248771874,0,[],0,"{r: 0, g: 0, b: 0, a: 1}",2,0,0,0,0,0,{fileID: 0},0,0,1,{fileID: 1833068212072477},1833068212072477,0,{fileID: 0},0,{fileID: 0},0,"{fileID: -248771874, guid: 1fa22c2b5ebef5f8f09692d9ba1e5baa, type: 3}",-248771874,1fa22c2b5ebef5f8f09692d9ba1e5baa,Assets/Plugins/LeTai.TrueShadow.dll,0,"{x: 2.6226047E-07, y: -4.4}",90,4.4,0,6,0,1,0
LevelManager,Assets/GameObject/LevelManager.prefab,LeTai.TrueShadow,1fa22c2b5ebef5f8f09692d9ba1e5baa,-248771874,0,[],0,"{r: 0, g: 0, b: 0, a: 0.6}",2,0,0,0,0,0,{fileID: 0},0,0,1,{fileID: 1779199972066091},1779199972066091,0,{fileID: 0},0,{fileID: 0},0,"{fileID: -248771874, guid: 1fa22c2b5ebef5f8f09692d9ba1e5baa, type: 3}",-248771874,1fa22c2b5ebef5f8f09692d9ba1e5baa,Assets/Plugins/LeTai.TrueShadow.dll,0,"{x: 0, y: -0}",90,0,0,10,0.4,1,0
LevelManager,Assets/GameObject/LevelManager.prefab,LeTai.TrueShadow,1fa22c2b5ebef5f8f09692d9ba1e5baa,-248771874,0,[],0,"{r: 0, g: 0, b: 0, a: 0.6}",2,0,0,0,0,0,{fileID: 0},0,0,1,{fileID: 1155691957729299},1155691957729299,0,{fileID: 0},0,{fileID: 0},0,"{fileID: -248771874, guid: 1fa22c2b5ebef5f8f09692d9ba1e5baa, type: 3}",-248771874,1fa22c2b5ebef5f8f09692d9ba1e5baa,Assets/Plugins/LeTai.TrueShadow.dll,0,"{x: 0, y: -0}",90,0,0,10,0.4,1,0
LevelManager,Assets/GameObject/LevelManager.prefab,LeTai.TrueShadow,1fa22c2b5ebef5f8f09692d9ba1e5baa,-248771874,0,[],0,"{r: 0, g: 0, b: 0, a: 0.6}",2,0,0,0,0,0,{fileID: 0},0,0,1,{fileID: 1833608113339052},1833608113339052,0,{fileID: 0},0,{fileID: 0},0,"{fileID: -248771874, guid: 1fa22c2b5ebef5f8f09692d9ba1e5baa, type: 3}",-248771874,1fa22c2b5ebef5f8f09692d9ba1e5baa,Assets/Plugins/LeTai.TrueShadow.dll,0,"{x: 0, y: -0}",90,0,0,10,0.4,1,0
LevelManager,Assets/GameObject/LevelManager.prefab,LeTai.TrueShadow,1fa22c2b5ebef5f8f09692d9ba1e5baa,-248771874,0,[],0,"{r: 0, g: 0, b: 0, a: 0.6}",2,0,0,0,0,0,{fileID: 0},0,0,1,{fileID: 1132378653005605},1132378653005605,0,{fileID: 0},0,{fileID: 0},0,"{fileID: -248771874, guid: 1fa22c2b5ebef5f8f09692d9ba1e5baa, type: 3}",-248771874,1fa22c2b5ebef5f8f09692d9ba1e5baa,Assets/Plugins/LeTai.TrueShadow.dll,0,"{x: 1.9300942, y: -2.2966795}",49.956818,3,0,12,0,1,0
LevelManager,Assets/GameObject/LevelManager.prefab,LeTai.TrueShadow,1fa22c2b5ebef5f8f09692d9ba1e5baa,-248771874,0,[],0,"{r: 0.07042265, g: 1, b: 0, a: 1}",2,0,0,0,0,0,{fileID: 0},0,0,1,{fileID: 1196973098651593},1196973098651593,0,{fileID: 0},0,{fileID: 0},0,"{fileID: -248771874, guid: 1fa22c2b5ebef5f8f09692d9ba1e5baa, type: 3}",-248771874,1fa22c2b5ebef5f8f09692d9ba1e5baa,Assets/Plugins/LeTai.TrueShadow.dll,0,"{x: 0, y: -0}",90,0,0,16,0,1,0
LevelManager,Assets/GameObject/LevelManager.prefab,LeTai.TrueShadow,1fa22c2b5ebef5f8f09692d9ba1e5baa,-248771874,0,[],0,"{r: 0, g: 0.6792453, b: 0.021344798, a: 1}",2,0,0,0,0,0,{fileID: 0},0,0,1,{fileID: 1120690228460988},1120690228460988,0,{fileID: 0},0,{fileID: 0},0,"{fileID: -248771874, guid: 1fa22c2b5ebef5f8f09692d9ba1e5baa, type: 3}",-248771874,1fa22c2b5ebef5f8f09692d9ba1e5baa,Assets/Plugins/LeTai.TrueShadow.dll,0,"{x: 0, y: -0}",90,0,0,16,0,1,0
LevelManager,Assets/GameObject/LevelManager.prefab,LeTai.TrueShadow,1fa22c2b5ebef5f8f09692d9ba1e5baa,-248771874,0,[],0,"{r: 0, g: 0.6792453, b: 0.021344798, a: 1}",2,0,0,0,0,0,{fileID: 0},0,0,1,{fileID: 1417372210085284},1417372210085284,0,{fileID: 0},0,{fileID: 0},0,"{fileID: -248771874, guid: 1fa22c2b5ebef5f8f09692d9ba1e5baa, type: 3}",-248771874,1fa22c2b5ebef5f8f09692d9ba1e5baa,Assets/Plugins/LeTai.TrueShadow.dll,0,"{x: 0, y: -0}",90,0,0,16,0,1,0
LevelManager,Assets/GameObject/LevelManager.prefab,LeTai.TrueShadow,1fa22c2b5ebef5f8f09692d9ba1e5baa,-248771874,0,[],0,"{r: 0, g: 0.6792453, b: 0.021344798, a: 1}",2,0,0,0,0,0,{fileID: 0},0,0,1,{fileID: 1231703600809665},1231703600809665,0,{fileID: 0},0,{fileID: 0},0,"{fileID: -248771874, guid: 1fa22c2b5ebef5f8f09692d9ba1e5baa, type: 3}",-248771874,1fa22c2b5ebef5f8f09692d9ba1e5baa,Assets/Plugins/LeTai.TrueShadow.dll,0,"{x: 0, y: -0}",90,0,0,16,0,1,0
LevelManager,Assets/GameObject/LevelManager.prefab,LeTai.TrueShadow,1fa22c2b5ebef5f8f09692d9ba1e5baa,-248771874,0,[],0,"{r: 0, g: 0, b: 0, a: 0.6}",2,0,0,0,0,0,{fileID: 0},0,0,1,{fileID: 1384254793148198},1384254793148198,0,{fileID: 0},0,{fileID: 0},0,"{fileID: -248771874, guid: 1fa22c2b5ebef5f8f09692d9ba1e5baa, type: 3}",-248771874,1fa22c2b5ebef5f8f09692d9ba1e5baa,Assets/Plugins/LeTai.TrueShadow.dll,0,"{x: 6.102331, y: -6.102332}",45,8.63,0,9.7,0,0,0
LevelManager,Assets/GameObject/LevelManager.prefab,LeTai.TrueShadow,1fa22c2b5ebef5f8f09692d9ba1e5baa,-248771874,0,[],0,"{r: 0.4292453, g: 0.861838, b: 1, a: 0.6}",2,0,0,1,0,0,{fileID: 0},0,0,1,{fileID: 1461788909778316},1461788909778316,0,{fileID: 0},0,{fileID: 0},0,"{fileID: -248771874, guid: 1fa22c2b5ebef5f8f09692d9ba1e5baa, type: 3}",-248771874,1fa22c2b5ebef5f8f09692d9ba1e5baa,Assets/Plugins/LeTai.TrueShadow.dll,0,"{x: 0, y: -0}",45,0,0,8.94,0,1,0
LevelManager,Assets/GameObject/LevelManager.prefab,LeTai.TrueShadow,1fa22c2b5ebef5f8f09692d9ba1e5baa,-248771874,0,[],0,"{r: 0, g: 0, b: 0, a: 1}",2,0,0,0,0,0,{fileID: 0},0,0,1,{fileID: 1674999174065946},1674999174065946,0,{fileID: 0},0,{fileID: 0},0,"{fileID: -248771874, guid: 1fa22c2b5ebef5f8f09692d9ba1e5baa, type: 3}",-248771874,1fa22c2b5ebef5f8f09692d9ba1e5baa,Assets/Plugins/LeTai.TrueShadow.dll,0,"{x: 4.101219, y: -4.1012197}",45,5.8,0,8.8,0.142,1,0
LevelManager,Assets/GameObject/LevelManager.prefab,LeTai.TrueShadow,1fa22c2b5ebef5f8f09692d9ba1e5baa,-248771874,0,[],0,"{r: 1, g: 1, b: 1, a: 0.6}",2,0,0,0,0,0,{fileID: 0},0,0,1,{fileID: 1811544234903893},1811544234903893,0,{fileID: 0},0,{fileID: 0},0,"{fileID: -248771874, guid: 1fa22c2b5ebef5f8f09692d9ba1e5baa, type: 3}",-248771874,1fa22c2b5ebef5f8f09692d9ba1e5baa,Assets/Plugins/LeTai.TrueShadow.dll,0,"{x: 0, y: -0}",90,0,0,2.07,0,1,0
LevelManager,Assets/GameObject/LevelManager.prefab,LeTai.TrueShadow,1fa22c2b5ebef5f8f09692d9ba1e5baa,-248771874,0,[],0,"{r: 0, g: 0, b: 0, a: 0.6}",2,0,0,0,0,0,{fileID: 0},0,0,1,{fileID: 1152829463017072},1152829463017072,0,{fileID: 0},0,{fileID: 0},0,"{fileID: -248771874, guid: 1fa22c2b5ebef5f8f09692d9ba1e5baa, type: 3}",-248771874,1fa22c2b5ebef5f8f09692d9ba1e5baa,Assets/Plugins/LeTai.TrueShadow.dll,0,"{x: 6.102331, y: -6.102332}",45,8.63,0,9.7,0,0,0
LevelManager,Assets/GameObject/LevelManager.prefab,LeTai.TrueShadow,1fa22c2b5ebef5f8f09692d9ba1e5baa,-248771874,0,[],0,"{r: 0.4292453, g: 0.861838, b: 1, a: 0.6}",2,0,0,1,0,0,{fileID: 0},0,0,1,{fileID: 1616874172097879},1616874172097879,0,{fileID: 0},0,{fileID: 0},0,"{fileID: -248771874, guid: 1fa22c2b5ebef5f8f09692d9ba1e5baa, type: 3}",-248771874,1fa22c2b5ebef5f8f09692d9ba1e5baa,Assets/Plugins/LeTai.TrueShadow.dll,0,"{x: 0, y: -0}",45,0,0,8.94,0,1,0
LevelManager,Assets/GameObject/LevelManager.prefab,LeTai.TrueShadow,1fa22c2b5ebef5f8f09692d9ba1e5baa,-248771874,0,[],0,"{r: 0, g: 0, b: 0, a: 0.6}",2,0,0,0,0,0,{fileID: 0},0,0,1,{fileID: 1103750736824430},1103750736824430,0,{fileID: 0},0,{fileID: 0},0,"{fileID: -248771874, guid: 1fa22c2b5ebef5f8f09692d9ba1e5baa, type: 3}",-248771874,1fa22c2b5ebef5f8f09692d9ba1e5baa,Assets/Plugins/LeTai.TrueShadow.dll,0,"{x: 6.102331, y: -6.102332}",45,8.63,0,9.7,0,0,0
LevelManager,Assets/GameObject/LevelManager.prefab,LeTai.TrueShadow,1fa22c2b5ebef5f8f09692d9ba1e5baa,-248771874,0,[],0,"{r: 0.4292453, g: 0.861838, b: 1, a: 0.6}",2,0,0,1,0,0,{fileID: 0},0,0,1,{fileID: 1509503726418052},1509503726418052,0,{fileID: 0},0,{fileID: 0},0,"{fileID: -248771874, guid: 1fa22c2b5ebef5f8f09692d9ba1e5baa, type: 3}",-248771874,1fa22c2b5ebef5f8f09692d9ba1e5baa,Assets/Plugins/LeTai.TrueShadow.dll,0,"{x: 0, y: -0}",45,0,0,8.94,0,1,0
LevelManager,Assets/GameObject/LevelManager.prefab,LeTai.TrueShadow,1fa22c2b5ebef5f8f09692d9ba1e5baa,-248771874,0,[],0,"{r: 0, g: 0, b: 0, a: 0.6}",2,0,0,0,0,0,{fileID: 0},0,0,1,{fileID: 1960071811498702},1960071811498702,0,{fileID: 0},0,{fileID: 0},0,"{fileID: -248771874, guid: 1fa22c2b5ebef5f8f09692d9ba1e5baa, type: 3}",-248771874,1fa22c2b5ebef5f8f09692d9ba1e5baa,Assets/Plugins/LeTai.TrueShadow.dll,0,"{x: 6.102331, y: -6.102332}",45,8.63,0,9.7,0,0,0
LevelManager,Assets/GameObject/LevelManager.prefab,LeTai.TrueShadow,1fa22c2b5ebef5f8f09692d9ba1e5baa,-248771874,0,[],0,"{r: 0.4292453, g: 0.861838, b: 1, a: 0.6}",2,0,0,1,0,0,{fileID: 0},0,0,1,{fileID: 1350998453414022},1350998453414022,0,{fileID: 0},0,{fileID: 0},0,"{fileID: -248771874, guid: 1fa22c2b5ebef5f8f09692d9ba1e5baa, type: 3}",-248771874,1fa22c2b5ebef5f8f09692d9ba1e5baa,Assets/Plugins/LeTai.TrueShadow.dll,0,"{x: 0, y: -0}",45,0,0,8.94,0,1,0
LevelManager,Assets/GameObject/LevelManager.prefab,LeTai.TrueShadow,1fa22c2b5ebef5f8f09692d9ba1e5baa,-248771874,0,[],0,"{r: 0, g: 0, b: 0, a: 0.6}",2,0,0,0,0,0,{fileID: 0},0,0,1,{fileID: 1519537660661390},1519537660661390,0,{fileID: 0},0,{fileID: 0},0,"{fileID: -248771874, guid: 1fa22c2b5ebef5f8f09692d9ba1e5baa, type: 3}",-248771874,1fa22c2b5ebef5f8f09692d9ba1e5baa,Assets/Plugins/LeTai.TrueShadow.dll,0,"{x: 6.102331, y: -6.102332}",45,8.63,0,9.7,0,0,0
LevelManager,Assets/GameObject/LevelManager.prefab,LeTai.TrueShadow,1fa22c2b5ebef5f8f09692d9ba1e5baa,-248771874,0,[],0,"{r: 0.4292453, g: 0.861838, b: 1, a: 0.6}",2,0,0,1,0,0,{fileID: 0},0,0,1,{fileID: 1725929957260261},1725929957260261,0,{fileID: 0},0,{fileID: 0},0,"{fileID: -248771874, guid: 1fa22c2b5ebef5f8f09692d9ba1e5baa, type: 3}",-248771874,1fa22c2b5ebef5f8f09692d9ba1e5baa,Assets/Plugins/LeTai.TrueShadow.dll,0,"{x: 0, y: -0}",45,0,0,8.94,0,1,0
LevelManager,Assets/GameObject/LevelManager.prefab,LeTai.TrueShadow,1fa22c2b5ebef5f8f09692d9ba1e5baa,-248771874,0,[],0,"{r: 0, g: 0, b: 0, a: 0.6}",2,0,0,0,0,0,{fileID: 0},0,0,1,{fileID: 1648868711911201},1648868711911201,0,{fileID: 0},0,{fileID: 0},0,"{fileID: -248771874, guid: 1fa22c2b5ebef5f8f09692d9ba1e5baa, type: 3}",-248771874,1fa22c2b5ebef5f8f09692d9ba1e5baa,Assets/Plugins/LeTai.TrueShadow.dll,0,"{x: 1.4142134, y: -1.4142137}",45,2,0,8,0,1,0
LevelManager,Assets/GameObject/LevelManager.prefab,LeTai.TrueShadow,1fa22c2b5ebef5f8f09692d9ba1e5baa,-248771874,0,[],0,"{r: 0, g: 0, b: 0, a: 0.72156864}",2,0,0,1,1,0,{fileID: 0},0,0,1,{fileID: 1889445557836118},1889445557836118,0,{fileID: 0},0,{fileID: 0},0,"{fileID: -248771874, guid: 1fa22c2b5ebef5f8f09692d9ba1e5baa, type: 3}",-248771874,1fa22c2b5ebef5f8f09692d9ba1e5baa,Assets/Plugins/LeTai.TrueShadow.dll,0,"{x: 5.9195232, y: -5.38138}",42.273666,8,0,3,0.5,1,0
LevelManager,Assets/GameObject/LevelManager.prefab,LeTai.TrueShadow,1fa22c2b5ebef5f8f09692d9ba1e5baa,-248771874,0,[],0,"{r: 1, g: 1, b: 1, a: 1}",2,0,0,1,0,0,{fileID: 0},0,0,1,{fileID: 1385532266667417},1385532266667417,0,{fileID: 0},0,{fileID: 0},0,"{fileID: -248771874, guid: 1fa22c2b5ebef5f8f09692d9ba1e5baa, type: 3}",-248771874,1fa22c2b5ebef5f8f09692d9ba1e5baa,Assets/Plugins/LeTai.TrueShadow.dll,0,"{x: 0, y: -0}",90,0,0,1,0,1,0
LevelManager,Assets/GameObject/LevelManager.prefab,LeTai.TrueShadow,1fa22c2b5ebef5f8f09692d9ba1e5baa,-248771874,0,[],0,"{r: 0, g: 0, b: 0, a: 0.6}",2,0,0,0,0,0,{fileID: 0},0,0,1,{fileID: 1317774469300631},1317774469300631,0,{fileID: 0},0,{fileID: 0},0,"{fileID: -248771874, guid: 1fa22c2b5ebef5f8f09692d9ba1e5baa, type: 3}",-248771874,1fa22c2b5ebef5f8f09692d9ba1e5baa,Assets/Plugins/LeTai.TrueShadow.dll,0,"{x: 1.4142134, y: -1.4142137}",45,2,0,8,0,1,0
LevelManager,Assets/GameObject/LevelManager.prefab,LeTai.TrueShadow,1fa22c2b5ebef5f8f09692d9ba1e5baa,-248771874,0,[],0,"{r: 1, g: 1, b: 1, a: 0.6}",2,0,0,0,0,0,{fileID: 0},0,0,1,{fileID: 1144229402874358},1144229402874358,0,{fileID: 0},0,{fileID: 0},0,"{fileID: -248771874, guid: 1fa22c2b5ebef5f8f09692d9ba1e5baa, type: 3}",-248771874,1fa22c2b5ebef5f8f09692d9ba1e5baa,Assets/Plugins/LeTai.TrueShadow.dll,0,"{x: 0, y: -0}",90,0,0,2,0,1,0
LevelManager,Assets/GameObject/LevelManager.prefab,LeTai.TrueShadow,1fa22c2b5ebef5f8f09692d9ba1e5baa,-248771874,0,[],0,"{r: 1, g: 1, b: 1, a: 0.6}",2,0,0,0,0,0,{fileID: 0},0,0,1,{fileID: 1636563359709559},1636563359709559,0,{fileID: 0},0,{fileID: 0},0,"{fileID: -248771874, guid: 1fa22c2b5ebef5f8f09692d9ba1e5baa, type: 3}",-248771874,1fa22c2b5ebef5f8f09692d9ba1e5baa,Assets/Plugins/LeTai.TrueShadow.dll,0,"{x: 0, y: -0}",90,0,0,2,0,1,0
LevelManager,Assets/GameObject/LevelManager.prefab,LeTai.TrueShadow,1fa22c2b5ebef5f8f09692d9ba1e5baa,-248771874,0,[],0,"{r: 1, g: 1, b: 1, a: 0.6}",2,0,0,0,0,0,{fileID: 0},0,0,1,{fileID: 1511950374328471},1511950374328471,0,{fileID: 0},0,{fileID: 0},0,"{fileID: -248771874, guid: 1fa22c2b5ebef5f8f09692d9ba1e5baa, type: 3}",-248771874,1fa22c2b5ebef5f8f09692d9ba1e5baa,Assets/Plugins/LeTai.TrueShadow.dll,0,"{x: 0, y: -0}",90,0,0,2,0,1,0
LevelManager,Assets/GameObject/LevelManager.prefab,LeTai.TrueShadow,1fa22c2b5ebef5f8f09692d9ba1e5baa,-248771874,0,[],0,"{r: 0, g: 0, b: 0, a: 0.6}",2,0,0,0,0,0,{fileID: 0},0,0,1,{fileID: 1666122570588467},1666122570588467,0,{fileID: 0},0,{fileID: 0},0,"{fileID: -248771874, guid: 1fa22c2b5ebef5f8f09692d9ba1e5baa, type: 3}",-248771874,1fa22c2b5ebef5f8f09692d9ba1e5baa,Assets/Plugins/LeTai.TrueShadow.dll,0,"{x: 1.7881396E-07, y: -3}",90,3,0,6,0,1,0
LevelManager,Assets/GameObject/LevelManager.prefab,LeTai.TrueShadow,1fa22c2b5ebef5f8f09692d9ba1e5baa,-248771874,0,[],0,"{r: 0, g: 0, b: 0, a: 0.8}",2,0,0,0,0,0,{fileID: 0},0,0,1,{fileID: 1823260132447446},1823260132447446,0,{fileID: 0},0,{fileID: 0},0,"{fileID: -248771874, guid: 1fa22c2b5ebef5f8f09692d9ba1e5baa, type: 3}",-248771874,1fa22c2b5ebef5f8f09692d9ba1e5baa,Assets/Plugins/LeTai.TrueShadow.dll,0,"{x: 1.192093E-07, y: -2}",90,2,0,3,0,1,0
LevelManager,Assets/GameObject/LevelManager.prefab,LeTai.TrueShadow,1fa22c2b5ebef5f8f09692d9ba1e5baa,-248771874,0,[],0,"{r: 0, g: 0, b: 0, a: 0.6}",2,0,0,0,0,0,{fileID: 0},0,0,1,{fileID: 1802812310473382},1802812310473382,0,{fileID: 0},0,{fileID: 0},0,"{fileID: -248771874, guid: 1fa22c2b5ebef5f8f09692d9ba1e5baa, type: 3}",-248771874,1fa22c2b5ebef5f8f09692d9ba1e5baa,Assets/Plugins/LeTai.TrueShadow.dll,0,"{x: 1.4142134, y: -1.4142137}",45,2,0,8,0,1,0
LevelManager,Assets/GameObject/LevelManager.prefab,LeTai.TrueShadow,1fa22c2b5ebef5f8f09692d9ba1e5baa,-248771874,0,[],0,"{r: 0, g: 0, b: 0, a: 0.72156864}",2,0,0,1,1,0,{fileID: 0},0,0,1,{fileID: 1214294163174339},1214294163174339,0,{fileID: 0},0,{fileID: 0},0,"{fileID: -248771874, guid: 1fa22c2b5ebef5f8f09692d9ba1e5baa, type: 3}",-248771874,1fa22c2b5ebef5f8f09692d9ba1e5baa,Assets/Plugins/LeTai.TrueShadow.dll,0,"{x: 5.9195232, y: -5.38138}",42.273666,8,0,3,0.5,1,0
LevelManager,Assets/GameObject/LevelManager.prefab,LeTai.TrueShadow,1fa22c2b5ebef5f8f09692d9ba1e5baa,-248771874,0,[],0,"{r: 1, g: 1, b: 1, a: 1}",2,0,0,1,0,0,{fileID: 0},0,0,1,{fileID: 1866558039479802},1866558039479802,0,{fileID: 0},0,{fileID: 0},0,"{fileID: -248771874, guid: 1fa22c2b5ebef5f8f09692d9ba1e5baa, type: 3}",-248771874,1fa22c2b5ebef5f8f09692d9ba1e5baa,Assets/Plugins/LeTai.TrueShadow.dll,0,"{x: 0, y: -0}",90,0,0,1,0,1,0
LevelManager,Assets/GameObject/LevelManager.prefab,LeTai.TrueShadow,1fa22c2b5ebef5f8f09692d9ba1e5baa,-248771874,0,[],0,"{r: 0, g: 0, b: 0, a: 0.6}",2,0,0,0,0,0,{fileID: 0},0,0,1,{fileID: 1058368276069917},1058368276069917,0,{fileID: 0},0,{fileID: 0},0,"{fileID: -248771874, guid: 1fa22c2b5ebef5f8f09692d9ba1e5baa, type: 3}",-248771874,1fa22c2b5ebef5f8f09692d9ba1e5baa,Assets/Plugins/LeTai.TrueShadow.dll,0,"{x: 1.4142134, y: -1.4142137}",45,2,0,8,0,1,0
LevelManager,Assets/GameObject/LevelManager.prefab,LeTai.TrueShadow,1fa22c2b5ebef5f8f09692d9ba1e5baa,-248771874,0,[],0,"{r: 1, g: 1, b: 1, a: 0.6}",2,0,0,0,0,0,{fileID: 0},0,0,1,{fileID: 1517924686290639},1517924686290639,0,{fileID: 0},0,{fileID: 0},0,"{fileID: -248771874, guid: 1fa22c2b5ebef5f8f09692d9ba1e5baa, type: 3}",-248771874,1fa22c2b5ebef5f8f09692d9ba1e5baa,Assets/Plugins/LeTai.TrueShadow.dll,0,"{x: 0, y: -0}",90,0,0,2,0,1,0
LevelManager,Assets/GameObject/LevelManager.prefab,LeTai.TrueShadow,1fa22c2b5ebef5f8f09692d9ba1e5baa,-248771874,0,[],0,"{r: 1, g: 1, b: 1, a: 0.6}",2,0,0,0,0,0,{fileID: 0},0,0,1,{fileID: 1877981164245197},1877981164245197,0,{fileID: 0},0,{fileID: 0},0,"{fileID: -248771874, guid: 1fa22c2b5ebef5f8f09692d9ba1e5baa, type: 3}",-248771874,1fa22c2b5ebef5f8f09692d9ba1e5baa,Assets/Plugins/LeTai.TrueShadow.dll,0,"{x: 0, y: -0}",90,0,0,2,0,1,0
LevelManager,Assets/GameObject/LevelManager.prefab,LeTai.TrueShadow,1fa22c2b5ebef5f8f09692d9ba1e5baa,-248771874,0,[],0,"{r: 1, g: 1, b: 1, a: 0.6}",2,0,0,0,0,0,{fileID: 0},0,0,1,{fileID: 1803931950954905},1803931950954905,0,{fileID: 0},0,{fileID: 0},0,"{fileID: -248771874, guid: 1fa22c2b5ebef5f8f09692d9ba1e5baa, type: 3}",-248771874,1fa22c2b5ebef5f8f09692d9ba1e5baa,Assets/Plugins/LeTai.TrueShadow.dll,0,"{x: 0, y: -0}",90,0,0,2,0,1,0
LevelManager,Assets/GameObject/LevelManager.prefab,LeTai.TrueShadow,1fa22c2b5ebef5f8f09692d9ba1e5baa,-248771874,0,[],0,"{r: 0, g: 0, b: 0, a: 0.6}",2,0,0,0,0,0,{fileID: 0},0,0,1,{fileID: 1332027656318964},1332027656318964,0,{fileID: 0},0,{fileID: 0},0,"{fileID: -248771874, guid: 1fa22c2b5ebef5f8f09692d9ba1e5baa, type: 3}",-248771874,1fa22c2b5ebef5f8f09692d9ba1e5baa,Assets/Plugins/LeTai.TrueShadow.dll,0,"{x: 1.7881396E-07, y: -3}",90,3,0,6,0,1,0
LevelManager,Assets/GameObject/LevelManager.prefab,LeTai.TrueShadow,1fa22c2b5ebef5f8f09692d9ba1e5baa,-248771874,0,[],0,"{r: 0, g: 0, b: 0, a: 0.8}",2,0,0,0,0,0,{fileID: 0},0,0,1,{fileID: 1336857321886461},1336857321886461,0,{fileID: 0},0,{fileID: 0},0,"{fileID: -248771874, guid: 1fa22c2b5ebef5f8f09692d9ba1e5baa, type: 3}",-248771874,1fa22c2b5ebef5f8f09692d9ba1e5baa,Assets/Plugins/LeTai.TrueShadow.dll,0,"{x: 1.192093E-07, y: -2}",90,2,0,3,0,1,0
LevelManager,Assets/GameObject/LevelManager.prefab,LeTai.TrueShadow,1fa22c2b5ebef5f8f09692d9ba1e5baa,-248771874,0,[],0,"{r: 0, g: 0, b: 0, a: 0.6}",2,0,0,0,0,0,{fileID: 0},0,0,1,{fileID: 1327705438782971},1327705438782971,0,{fileID: 0},0,{fileID: 0},0,"{fileID: -248771874, guid: 1fa22c2b5ebef5f8f09692d9ba1e5baa, type: 3}",-248771874,1fa22c2b5ebef5f8f09692d9ba1e5baa,Assets/Plugins/LeTai.TrueShadow.dll,0,"{x: 1.4142134, y: -1.4142137}",45,2,0,8,0,1,0
LevelManager,Assets/GameObject/LevelManager.prefab,LeTai.TrueShadow,1fa22c2b5ebef5f8f09692d9ba1e5baa,-248771874,0,[],0,"{r: 0, g: 0, b: 0, a: 0.72156864}",2,0,0,1,1,0,{fileID: 0},0,0,1,{fileID: 1518979940094516},1518979940094516,0,{fileID: 0},0,{fileID: 0},0,"{fileID: -248771874, guid: 1fa22c2b5ebef5f8f09692d9ba1e5baa, type: 3}",-248771874,1fa22c2b5ebef5f8f09692d9ba1e5baa,Assets/Plugins/LeTai.TrueShadow.dll,0,"{x: 5.9195232, y: -5.38138}",42.273666,8,0,3,0.5,1,0
LevelManager,Assets/GameObject/LevelManager.prefab,LeTai.TrueShadow,1fa22c2b5ebef5f8f09692d9ba1e5baa,-248771874,0,[],0,"{r: 1, g: 1, b: 1, a: 1}",2,0,0,1,0,0,{fileID: 0},0,0,1,{fileID: 1305382853616304},1305382853616304,0,{fileID: 0},0,{fileID: 0},0,"{fileID: -248771874, guid: 1fa22c2b5ebef5f8f09692d9ba1e5baa, type: 3}",-248771874,1fa22c2b5ebef5f8f09692d9ba1e5baa,Assets/Plugins/LeTai.TrueShadow.dll,0,"{x: 0, y: -0}",90,0,0,1,0,1,0
LevelManager,Assets/GameObject/LevelManager.prefab,LeTai.TrueShadow,1fa22c2b5ebef5f8f09692d9ba1e5baa,-248771874,0,[],0,"{r: 0, g: 0, b: 0, a: 0.6}",2,0,0,0,0,0,{fileID: 0},0,0,1,{fileID: 1702312471570643},1702312471570643,0,{fileID: 0},0,{fileID: 0},0,"{fileID: -248771874, guid: 1fa22c2b5ebef5f8f09692d9ba1e5baa, type: 3}",-248771874,1fa22c2b5ebef5f8f09692d9ba1e5baa,Assets/Plugins/LeTai.TrueShadow.dll,0,"{x: 1.4142134, y: -1.4142137}",45,2,0,8,0,1,0
LevelManager,Assets/GameObject/LevelManager.prefab,LeTai.TrueShadow,1fa22c2b5ebef5f8f09692d9ba1e5baa,-248771874,0,[],0,"{r: 1, g: 1, b: 1, a: 0.6}",2,0,0,0,0,0,{fileID: 0},0,0,1,{fileID: 1713030804113834},1713030804113834,0,{fileID: 0},0,{fileID: 0},0,"{fileID: -248771874, guid: 1fa22c2b5ebef5f8f09692d9ba1e5baa, type: 3}",-248771874,1fa22c2b5ebef5f8f09692d9ba1e5baa,Assets/Plugins/LeTai.TrueShadow.dll,0,"{x: 0, y: -0}",90,0,0,2,0,1,0
LevelManager,Assets/GameObject/LevelManager.prefab,LeTai.TrueShadow,1fa22c2b5ebef5f8f09692d9ba1e5baa,-248771874,0,[],0,"{r: 1, g: 1, b: 1, a: 0.6}",2,0,0,0,0,0,{fileID: 0},0,0,1,{fileID: 1844915444540079},1844915444540079,0,{fileID: 0},0,{fileID: 0},0,"{fileID: -248771874, guid: 1fa22c2b5ebef5f8f09692d9ba1e5baa, type: 3}",-248771874,1fa22c2b5ebef5f8f09692d9ba1e5baa,Assets/Plugins/LeTai.TrueShadow.dll,0,"{x: 0, y: -0}",90,0,0,2,0,1,0
LevelManager,Assets/GameObject/LevelManager.prefab,LeTai.TrueShadow,1fa22c2b5ebef5f8f09692d9ba1e5baa,-248771874,0,[],0,"{r: 1, g: 1, b: 1, a: 0.6}",2,0,0,0,0,0,{fileID: 0},0,0,1,{fileID: 1766313181266693},1766313181266693,0,{fileID: 0},0,{fileID: 0},0,"{fileID: -248771874, guid: 1fa22c2b5ebef5f8f09692d9ba1e5baa, type: 3}",-248771874,1fa22c2b5ebef5f8f09692d9ba1e5baa,Assets/Plugins/LeTai.TrueShadow.dll,0,"{x: 0, y: -0}",90,0,0,2,0,1,0
LevelManager,Assets/GameObject/LevelManager.prefab,LeTai.TrueShadow,1fa22c2b5ebef5f8f09692d9ba1e5baa,-248771874,0,[],0,"{r: 0, g: 0, b: 0, a: 0.6}",2,0,0,0,0,0,{fileID: 0},0,0,1,{fileID: 1362216170191871},1362216170191871,0,{fileID: 0},0,{fileID: 0},0,"{fileID: -248771874, guid: 1fa22c2b5ebef5f8f09692d9ba1e5baa, type: 3}",-248771874,1fa22c2b5ebef5f8f09692d9ba1e5baa,Assets/Plugins/LeTai.TrueShadow.dll,0,"{x: 1.7881396E-07, y: -3}",90,3,0,6,0,1,0
LevelManager,Assets/GameObject/LevelManager.prefab,LeTai.TrueShadow,1fa22c2b5ebef5f8f09692d9ba1e5baa,-248771874,0,[],0,"{r: 0, g: 0, b: 0, a: 0.8}",2,0,0,0,0,0,{fileID: 0},0,0,1,{fileID: 1804313147491880},1804313147491880,0,{fileID: 0},0,{fileID: 0},0,"{fileID: -248771874, guid: 1fa22c2b5ebef5f8f09692d9ba1e5baa, type: 3}",-248771874,1fa22c2b5ebef5f8f09692d9ba1e5baa,Assets/Plugins/LeTai.TrueShadow.dll,0,"{x: 1.192093E-07, y: -2}",90,2,0,3,0,1,0
LevelManager,Assets/GameObject/LevelManager.prefab,LeTai.TrueShadow,1fa22c2b5ebef5f8f09692d9ba1e5baa,-248771874,0,[],0,"{r: 0, g: 0, b: 0, a: 0.6}",2,0,0,0,0,0,{fileID: 0},0,0,1,{fileID: 1890404998682910},1890404998682910,0,{fileID: 0},0,{fileID: 0},0,"{fileID: -248771874, guid: 1fa22c2b5ebef5f8f09692d9ba1e5baa, type: 3}",-248771874,1fa22c2b5ebef5f8f09692d9ba1e5baa,Assets/Plugins/LeTai.TrueShadow.dll,0,"{x: 1.4142134, y: -1.4142137}",45,2,0,8,0,1,0
LevelManager,Assets/GameObject/LevelManager.prefab,LeTai.TrueShadow,1fa22c2b5ebef5f8f09692d9ba1e5baa,-248771874,0,[],0,"{r: 0, g: 0, b: 0, a: 0.72156864}",2,0,0,1,1,0,{fileID: 0},0,0,1,{fileID: 1159214710734505},1159214710734505,0,{fileID: 0},0,{fileID: 0},0,"{fileID: -248771874, guid: 1fa22c2b5ebef5f8f09692d9ba1e5baa, type: 3}",-248771874,1fa22c2b5ebef5f8f09692d9ba1e5baa,Assets/Plugins/LeTai.TrueShadow.dll,0,"{x: 5.9195232, y: -5.38138}",42.273666,8,0,3,0.5,1,0
LevelManager,Assets/GameObject/LevelManager.prefab,LeTai.TrueShadow,1fa22c2b5ebef5f8f09692d9ba1e5baa,-248771874,0,[],0,"{r: 1, g: 1, b: 1, a: 1}",2,0,0,1,0,0,{fileID: 0},0,0,1,{fileID: 1476624987930974},1476624987930974,0,{fileID: 0},0,{fileID: 0},0,"{fileID: -248771874, guid: 1fa22c2b5ebef5f8f09692d9ba1e5baa, type: 3}",-248771874,1fa22c2b5ebef5f8f09692d9ba1e5baa,Assets/Plugins/LeTai.TrueShadow.dll,0,"{x: 0, y: -0}",90,0,0,1,0,1,0
LevelManager,Assets/GameObject/LevelManager.prefab,LeTai.TrueShadow,1fa22c2b5ebef5f8f09692d9ba1e5baa,-248771874,0,[],0,"{r: 0, g: 0, b: 0, a: 0.6}",2,0,0,0,0,0,{fileID: 0},0,0,1,{fileID: 1507907792596054},1507907792596054,0,{fileID: 0},0,{fileID: 0},0,"{fileID: -248771874, guid: 1fa22c2b5ebef5f8f09692d9ba1e5baa, type: 3}",-248771874,1fa22c2b5ebef5f8f09692d9ba1e5baa,Assets/Plugins/LeTai.TrueShadow.dll,0,"{x: 1.4142134, y: -1.4142137}",45,2,0,8,0,1,0
LevelManager,Assets/GameObject/LevelManager.prefab,LeTai.TrueShadow,1fa22c2b5ebef5f8f09692d9ba1e5baa,-248771874,0,[],0,"{r: 1, g: 1, b: 1, a: 0.6}",2,0,0,0,0,0,{fileID: 0},0,0,1,{fileID: 1004252063228543},1004252063228543,0,{fileID: 0},0,{fileID: 0},0,"{fileID: -248771874, guid: 1fa22c2b5ebef5f8f09692d9ba1e5baa, type: 3}",-248771874,1fa22c2b5ebef5f8f09692d9ba1e5baa,Assets/Plugins/LeTai.TrueShadow.dll,0,"{x: 0, y: -0}",90,0,0,2,0,1,0
LevelManager,Assets/GameObject/LevelManager.prefab,LeTai.TrueShadow,1fa22c2b5ebef5f8f09692d9ba1e5baa,-248771874,0,[],0,"{r: 1, g: 1, b: 1, a: 0.6}",2,0,0,0,0,0,{fileID: 0},0,0,1,{fileID: 1722103250555861},1722103250555861,0,{fileID: 0},0,{fileID: 0},0,"{fileID: -248771874, guid: 1fa22c2b5ebef5f8f09692d9ba1e5baa, type: 3}",-248771874,1fa22c2b5ebef5f8f09692d9ba1e5baa,Assets/Plugins/LeTai.TrueShadow.dll,0,"{x: 0, y: -0}",90,0,0,2,0,1,0
LevelManager,Assets/GameObject/LevelManager.prefab,LeTai.TrueShadow,1fa22c2b5ebef5f8f09692d9ba1e5baa,-248771874,0,[],0,"{r: 1, g: 1, b: 1, a: 0.6}",2,0,0,0,0,0,{fileID: 0},0,0,1,{fileID: 1049754880034654},1049754880034654,0,{fileID: 0},0,{fileID: 0},0,"{fileID: -248771874, guid: 1fa22c2b5ebef5f8f09692d9ba1e5baa, type: 3}",-248771874,1fa22c2b5ebef5f8f09692d9ba1e5baa,Assets/Plugins/LeTai.TrueShadow.dll,0,"{x: 0, y: -0}",90,0,0,2,0,1,0
LevelManager,Assets/GameObject/LevelManager.prefab,LeTai.TrueShadow,1fa22c2b5ebef5f8f09692d9ba1e5baa,-248771874,0,[],0,"{r: 0, g: 0, b: 0, a: 0.6}",2,0,0,0,0,0,{fileID: 0},0,0,1,{fileID: 1359269987242397},1359269987242397,0,{fileID: 0},0,{fileID: 0},0,"{fileID: -248771874, guid: 1fa22c2b5ebef5f8f09692d9ba1e5baa, type: 3}",-248771874,1fa22c2b5ebef5f8f09692d9ba1e5baa,Assets/Plugins/LeTai.TrueShadow.dll,0,"{x: 1.7881396E-07, y: -3}",90,3,0,6,0,1,0
LevelManager,Assets/GameObject/LevelManager.prefab,LeTai.TrueShadow,1fa22c2b5ebef5f8f09692d9ba1e5baa,-248771874,0,[],0,"{r: 0, g: 0, b: 0, a: 0.8}",2,0,0,0,0,0,{fileID: 0},0,0,1,{fileID: 1806670200443496},1806670200443496,0,{fileID: 0},0,{fileID: 0},0,"{fileID: -248771874, guid: 1fa22c2b5ebef5f8f09692d9ba1e5baa, type: 3}",-248771874,1fa22c2b5ebef5f8f09692d9ba1e5baa,Assets/Plugins/LeTai.TrueShadow.dll,0,"{x: 1.192093E-07, y: -2}",90,2,0,3,0,1,0
LevelManager,Assets/GameObject/LevelManager.prefab,LeTai.TrueShadow,1fa22c2b5ebef5f8f09692d9ba1e5baa,-248771874,0,[],0,"{r: 0, g: 0, b: 0, a: 0.6}",2,0,0,0,0,0,{fileID: 0},0,0,1,{fileID: 1886240505356201},1886240505356201,0,{fileID: 0},0,{fileID: 0},0,"{fileID: -248771874, guid: 1fa22c2b5ebef5f8f09692d9ba1e5baa, type: 3}",-248771874,1fa22c2b5ebef5f8f09692d9ba1e5baa,Assets/Plugins/LeTai.TrueShadow.dll,0,"{x: 1.4142134, y: -1.4142137}",45,2,0,8,0,1,0
LevelManager,Assets/GameObject/LevelManager.prefab,LeTai.TrueShadow,1fa22c2b5ebef5f8f09692d9ba1e5baa,-248771874,0,[],0,"{r: 0, g: 0, b: 0, a: 0.72156864}",2,0,0,1,1,0,{fileID: 0},0,0,1,{fileID: 1910384759774206},1910384759774206,0,{fileID: 0},0,{fileID: 0},0,"{fileID: -248771874, guid: 1fa22c2b5ebef5f8f09692d9ba1e5baa, type: 3}",-248771874,1fa22c2b5ebef5f8f09692d9ba1e5baa,Assets/Plugins/LeTai.TrueShadow.dll,0,"{x: 5.9195232, y: -5.38138}",42.273666,8,0,3,0.5,1,0
LevelManager,Assets/GameObject/LevelManager.prefab,LeTai.TrueShadow,1fa22c2b5ebef5f8f09692d9ba1e5baa,-248771874,0,[],0,"{r: 1, g: 1, b: 1, a: 1}",2,0,0,1,0,0,{fileID: 0},0,0,1,{fileID: 1651557458426047},1651557458426047,0,{fileID: 0},0,{fileID: 0},0,"{fileID: -248771874, guid: 1fa22c2b5ebef5f8f09692d9ba1e5baa, type: 3}",-248771874,1fa22c2b5ebef5f8f09692d9ba1e5baa,Assets/Plugins/LeTai.TrueShadow.dll,0,"{x: 0, y: -0}",90,0,0,1,0,1,0
LevelManager,Assets/GameObject/LevelManager.prefab,LeTai.TrueShadow,1fa22c2b5ebef5f8f09692d9ba1e5baa,-248771874,0,[],0,"{r: 0, g: 0, b: 0, a: 0.6}",2,0,0,0,0,0,{fileID: 0},0,0,1,{fileID: 1484163001598119},1484163001598119,0,{fileID: 0},0,{fileID: 0},0,"{fileID: -248771874, guid: 1fa22c2b5ebef5f8f09692d9ba1e5baa, type: 3}",-248771874,1fa22c2b5ebef5f8f09692d9ba1e5baa,Assets/Plugins/LeTai.TrueShadow.dll,0,"{x: 1.4142134, y: -1.4142137}",45,2,0,8,0,1,0
LevelManager,Assets/GameObject/LevelManager.prefab,LeTai.TrueShadow,1fa22c2b5ebef5f8f09692d9ba1e5baa,-248771874,0,[],0,"{r: 1, g: 1, b: 1, a: 0.6}",2,0,0,0,0,0,{fileID: 0},0,0,1,{fileID: 1023025335848838},1023025335848838,0,{fileID: 0},0,{fileID: 0},0,"{fileID: -248771874, guid: 1fa22c2b5ebef5f8f09692d9ba1e5baa, type: 3}",-248771874,1fa22c2b5ebef5f8f09692d9ba1e5baa,Assets/Plugins/LeTai.TrueShadow.dll,0,"{x: 0, y: -0}",90,0,0,2,0,1,0
LevelManager,Assets/GameObject/LevelManager.prefab,LeTai.TrueShadow,1fa22c2b5ebef5f8f09692d9ba1e5baa,-248771874,0,[],0,"{r: 1, g: 1, b: 1, a: 0.6}",2,0,0,0,0,0,{fileID: 0},0,0,1,{fileID: 1802738924214581},1802738924214581,0,{fileID: 0},0,{fileID: 0},0,"{fileID: -248771874, guid: 1fa22c2b5ebef5f8f09692d9ba1e5baa, type: 3}",-248771874,1fa22c2b5ebef5f8f09692d9ba1e5baa,Assets/Plugins/LeTai.TrueShadow.dll,0,"{x: 0, y: -0}",90,0,0,2,0,1,0
LevelManager,Assets/GameObject/LevelManager.prefab,LeTai.TrueShadow,1fa22c2b5ebef5f8f09692d9ba1e5baa,-248771874,0,[],0,"{r: 1, g: 1, b: 1, a: 0.6}",2,0,0,0,0,0,{fileID: 0},0,0,1,{fileID: 1789957365999215},1789957365999215,0,{fileID: 0},0,{fileID: 0},0,"{fileID: -248771874, guid: 1fa22c2b5ebef5f8f09692d9ba1e5baa, type: 3}",-248771874,1fa22c2b5ebef5f8f09692d9ba1e5baa,Assets/Plugins/LeTai.TrueShadow.dll,0,"{x: 0, y: -0}",90,0,0,2,0,1,0
LevelManager,Assets/GameObject/LevelManager.prefab,LeTai.TrueShadow,1fa22c2b5ebef5f8f09692d9ba1e5baa,-248771874,0,[],0,"{r: 0, g: 0, b: 0, a: 0.6}",2,0,0,0,0,0,{fileID: 0},0,0,1,{fileID: 1742595806468015},1742595806468015,0,{fileID: 0},0,{fileID: 0},0,"{fileID: -248771874, guid: 1fa22c2b5ebef5f8f09692d9ba1e5baa, type: 3}",-248771874,1fa22c2b5ebef5f8f09692d9ba1e5baa,Assets/Plugins/LeTai.TrueShadow.dll,0,"{x: 1.7881396E-07, y: -3}",90,3,0,6,0,1,0
LevelManager,Assets/GameObject/LevelManager.prefab,LeTai.TrueShadow,1fa22c2b5ebef5f8f09692d9ba1e5baa,-248771874,0,[],0,"{r: 0, g: 0, b: 0, a: 0.8}",2,0,0,0,0,0,{fileID: 0},0,0,1,{fileID: 1465036200683920},1465036200683920,0,{fileID: 0},0,{fileID: 0},0,"{fileID: -248771874, guid: 1fa22c2b5ebef5f8f09692d9ba1e5baa, type: 3}",-248771874,1fa22c2b5ebef5f8f09692d9ba1e5baa,Assets/Plugins/LeTai.TrueShadow.dll,0,"{x: 1.192093E-07, y: -2}",90,2,0,3,0,1,0
LevelManager,Assets/GameObject/LevelManager.prefab,LeTai.TrueShadow,1fa22c2b5ebef5f8f09692d9ba1e5baa,-248771874,0,[],0,"{r: 0, g: 0, b: 0, a: 0.6}",2,0,0,0,0,0,{fileID: 0},0,0,1,{fileID: 1459894375718314},1459894375718314,0,{fileID: 0},0,{fileID: 0},0,"{fileID: -248771874, guid: 1fa22c2b5ebef5f8f09692d9ba1e5baa, type: 3}",-248771874,1fa22c2b5ebef5f8f09692d9ba1e5baa,Assets/Plugins/LeTai.TrueShadow.dll,0,"{x: 1.4142134, y: -1.4142137}",45,2,0,8,0,1,0
LevelManager,Assets/GameObject/LevelManager.prefab,LeTai.TrueShadow,1fa22c2b5ebef5f8f09692d9ba1e5baa,-248771874,0,[],0,"{r: 0, g: 0, b: 0, a: 0.72156864}",2,0,0,1,1,0,{fileID: 0},0,0,1,{fileID: 1867164320318270},1867164320318270,0,{fileID: 0},0,{fileID: 0},0,"{fileID: -248771874, guid: 1fa22c2b5ebef5f8f09692d9ba1e5baa, type: 3}",-248771874,1fa22c2b5ebef5f8f09692d9ba1e5baa,Assets/Plugins/LeTai.TrueShadow.dll,0,"{x: 5.9195232, y: -5.38138}",42.273666,8,0,3,0.5,1,0
LevelManager,Assets/GameObject/LevelManager.prefab,LeTai.TrueShadow,1fa22c2b5ebef5f8f09692d9ba1e5baa,-248771874,0,[],0,"{r: 1, g: 1, b: 1, a: 1}",2,0,0,1,0,0,{fileID: 0},0,0,1,{fileID: 1874503648126078},1874503648126078,0,{fileID: 0},0,{fileID: 0},0,"{fileID: -248771874, guid: 1fa22c2b5ebef5f8f09692d9ba1e5baa, type: 3}",-248771874,1fa22c2b5ebef5f8f09692d9ba1e5baa,Assets/Plugins/LeTai.TrueShadow.dll,0,"{x: 0, y: -0}",90,0,0,1,0,1,0
LevelManager,Assets/GameObject/LevelManager.prefab,LeTai.TrueShadow,1fa22c2b5ebef5f8f09692d9ba1e5baa,-248771874,0,[],0,"{r: 0, g: 0, b: 0, a: 0.6}",2,0,0,0,0,0,{fileID: 0},0,0,1,{fileID: 1791421920451337},1791421920451337,0,{fileID: 0},0,{fileID: 0},0,"{fileID: -248771874, guid: 1fa22c2b5ebef5f8f09692d9ba1e5baa, type: 3}",-248771874,1fa22c2b5ebef5f8f09692d9ba1e5baa,Assets/Plugins/LeTai.TrueShadow.dll,0,"{x: 1.4142134, y: -1.4142137}",45,2,0,8,0,1,0
LevelManager,Assets/GameObject/LevelManager.prefab,LeTai.TrueShadow,1fa22c2b5ebef5f8f09692d9ba1e5baa,-248771874,0,[],0,"{r: 1, g: 1, b: 1, a: 0.6}",2,0,0,0,0,0,{fileID: 0},0,0,1,{fileID: 1226835301881589},1226835301881589,0,{fileID: 0},0,{fileID: 0},0,"{fileID: -248771874, guid: 1fa22c2b5ebef5f8f09692d9ba1e5baa, type: 3}",-248771874,1fa22c2b5ebef5f8f09692d9ba1e5baa,Assets/Plugins/LeTai.TrueShadow.dll,0,"{x: 0, y: -0}",90,0,0,2,0,1,0
LevelManager,Assets/GameObject/LevelManager.prefab,LeTai.TrueShadow,1fa22c2b5ebef5f8f09692d9ba1e5baa,-248771874,0,[],0,"{r: 1, g: 1, b: 1, a: 0.6}",2,0,0,0,0,0,{fileID: 0},0,0,1,{fileID: 1764044175836274},1764044175836274,0,{fileID: 0},0,{fileID: 0},0,"{fileID: -248771874, guid: 1fa22c2b5ebef5f8f09692d9ba1e5baa, type: 3}",-248771874,1fa22c2b5ebef5f8f09692d9ba1e5baa,Assets/Plugins/LeTai.TrueShadow.dll,0,"{x: 0, y: -0}",90,0,0,2,0,1,0
LevelManager,Assets/GameObject/LevelManager.prefab,LeTai.TrueShadow,1fa22c2b5ebef5f8f09692d9ba1e5baa,-248771874,0,[],0,"{r: 1, g: 1, b: 1, a: 0.6}",2,0,0,0,0,0,{fileID: 0},0,0,1,{fileID: 1336858671866816},1336858671866816,0,{fileID: 0},0,{fileID: 0},0,"{fileID: -248771874, guid: 1fa22c2b5ebef5f8f09692d9ba1e5baa, type: 3}",-248771874,1fa22c2b5ebef5f8f09692d9ba1e5baa,Assets/Plugins/LeTai.TrueShadow.dll,0,"{x: 0, y: -0}",90,0,0,2,0,1,0
LevelManager,Assets/GameObject/LevelManager.prefab,LeTai.TrueShadow,1fa22c2b5ebef5f8f09692d9ba1e5baa,-248771874,0,[],0,"{r: 0, g: 0, b: 0, a: 0.6}",2,0,0,0,0,0,{fileID: 0},0,0,1,{fileID: 1997999465104091},1997999465104091,0,{fileID: 0},0,{fileID: 0},0,"{fileID: -248771874, guid: 1fa22c2b5ebef5f8f09692d9ba1e5baa, type: 3}",-248771874,1fa22c2b5ebef5f8f09692d9ba1e5baa,Assets/Plugins/LeTai.TrueShadow.dll,0,"{x: 1.7881396E-07, y: -3}",90,3,0,6,0,1,0
LevelManager,Assets/GameObject/LevelManager.prefab,LeTai.TrueShadow,1fa22c2b5ebef5f8f09692d9ba1e5baa,-248771874,0,[],0,"{r: 0, g: 0, b: 0, a: 0.8}",2,0,0,0,0,0,{fileID: 0},0,0,1,{fileID: 1675555952308757},1675555952308757,0,{fileID: 0},0,{fileID: 0},0,"{fileID: -248771874, guid: 1fa22c2b5ebef5f8f09692d9ba1e5baa, type: 3}",-248771874,1fa22c2b5ebef5f8f09692d9ba1e5baa,Assets/Plugins/LeTai.TrueShadow.dll,0,"{x: 1.192093E-07, y: -2}",90,2,0,3,0,1,0
LevelManager,Assets/GameObject/LevelManager.prefab,LeTai.TrueShadow,1fa22c2b5ebef5f8f09692d9ba1e5baa,-248771874,0,[],0,"{r: 0, g: 0, b: 0, a: 0.6}",2,0,0,0,0,0,{fileID: 0},0,0,1,{fileID: 1752094273035012},1752094273035012,0,{fileID: 0},0,{fileID: 0},0,"{fileID: -248771874, guid: 1fa22c2b5ebef5f8f09692d9ba1e5baa, type: 3}",-248771874,1fa22c2b5ebef5f8f09692d9ba1e5baa,Assets/Plugins/LeTai.TrueShadow.dll,0,"{x: 7.1525585E-07, y: -12}",90,12,0,32,0,1,0
LevelManager,Assets/GameObject/LevelManager.prefab,LeTai.TrueShadow,1fa22c2b5ebef5f8f09692d9ba1e5baa,-248771874,0,[],0,"{r: 0, g: 0, b: 0, a: 0.7294118}",2,0,0,0,0,0,{fileID: 0},0,0,1,{fileID: 1161101835072013},1161101835072013,0,{fileID: 0},0,{fileID: 0},0,"{fileID: -248771874, guid: 1fa22c2b5ebef5f8f09692d9ba1e5baa, type: 3}",-248771874,1fa22c2b5ebef5f8f09692d9ba1e5baa,Assets/Plugins/LeTai.TrueShadow.dll,0,"{x: 6.081118, y: -6.081119}",45,8.6,0,15,0,1,0
LevelManager,Assets/GameObject/LevelManager.prefab,LeTai.TrueShadow,1fa22c2b5ebef5f8f09692d9ba1e5baa,-248771874,0,[],0,"{r: 0, g: 0, b: 0, a: 0.7294118}",2,0,0,0,0,0,{fileID: 0},0,0,1,{fileID: 1254901769527505},1254901769527505,0,{fileID: 0},0,{fileID: 0},0,"{fileID: -248771874, guid: 1fa22c2b5ebef5f8f09692d9ba1e5baa, type: 3}",-248771874,1fa22c2b5ebef5f8f09692d9ba1e5baa,Assets/Plugins/LeTai.TrueShadow.dll,0,"{x: 6.081118, y: -6.081119}",45,8.6,0,14,0,1,0
LevelManager,Assets/GameObject/LevelManager.prefab,LeTai.TrueShadow,1fa22c2b5ebef5f8f09692d9ba1e5baa,-248771874,0,[],0,"{r: 1, g: 0.5749079, b: 0.16470587, a: 1}",2,0,0,0,1,0,{fileID: 0},0,0,1,{fileID: 1318557965202205},1318557965202205,0,{fileID: 0},0,{fileID: 0},0,"{fileID: -248771874, guid: 1fa22c2b5ebef5f8f09692d9ba1e5baa, type: 3}",-248771874,1fa22c2b5ebef5f8f09692d9ba1e5baa,Assets/Plugins/LeTai.TrueShadow.dll,0,"{x: 0, y: -0}",90,0,0,8,0.1,1,0
LevelManager,Assets/GameObject/LevelManager.prefab,LeTai.TrueShadow,1fa22c2b5ebef5f8f09692d9ba1e5baa,-248771874,0,[],0,"{r: 1, g: 0.59510684, b: 0.16470587, a: 1}",2,0,0,0,1,0,{fileID: 0},0,0,1,{fileID: 1234879414635305},1234879414635305,0,{fileID: 0},0,{fileID: 0},0,"{fileID: -248771874, guid: 1fa22c2b5ebef5f8f09692d9ba1e5baa, type: 3}",-248771874,1fa22c2b5ebef5f8f09692d9ba1e5baa,Assets/Plugins/LeTai.TrueShadow.dll,0,"{x: 0, y: -0}",90,0,0,8,0.1,1,0
LevelManager,Assets/GameObject/LevelManager.prefab,LeTai.TrueShadow,1fa22c2b5ebef5f8f09692d9ba1e5baa,-248771874,0,[],0,"{r: 0, g: 0, b: 0, a: 0.7294118}",2,0,0,0,0,0,{fileID: 0},0,0,1,{fileID: 1205653310253079},1205653310253079,0,{fileID: 0},0,{fileID: 0},0,"{fileID: -248771874, guid: 1fa22c2b5ebef5f8f09692d9ba1e5baa, type: 3}",-248771874,1fa22c2b5ebef5f8f09692d9ba1e5baa,Assets/Plugins/LeTai.TrueShadow.dll,0,"{x: 6.081118, y: -6.081119}",45,8.6,0,15,0,1,0
LevelManager,Assets/GameObject/LevelManager.prefab,LeTai.TrueShadow,1fa22c2b5ebef5f8f09692d9ba1e5baa,-248771874,0,[],0,"{r: 0, g: 0, b: 0, a: 0.7294118}",2,0,0,0,0,0,{fileID: 0},0,0,1,{fileID: 1450409200637903},1450409200637903,0,{fileID: 0},0,{fileID: 0},0,"{fileID: -248771874, guid: 1fa22c2b5ebef5f8f09692d9ba1e5baa, type: 3}",-248771874,1fa22c2b5ebef5f8f09692d9ba1e5baa,Assets/Plugins/LeTai.TrueShadow.dll,0,"{x: 6.081118, y: -6.081119}",45,8.6,0,14,0,1,0
LevelManager,Assets/GameObject/LevelManager.prefab,LeTai.TrueShadow,1fa22c2b5ebef5f8f09692d9ba1e5baa,-248771874,0,[],0,"{r: 0.16470587, g: 0.62839216, b: 1, a: 1}",2,0,0,0,1,0,{fileID: 0},0,0,1,{fileID: 1265862635619092},1265862635619092,0,{fileID: 0},0,{fileID: 0},0,"{fileID: -248771874, guid: 1fa22c2b5ebef5f8f09692d9ba1e5baa, type: 3}",-248771874,1fa22c2b5ebef5f8f09692d9ba1e5baa,Assets/Plugins/LeTai.TrueShadow.dll,0,"{x: 0, y: -0}",90,0,0,8,0.1,1,0
LevelManager,Assets/GameObject/LevelManager.prefab,LeTai.TrueShadow,1fa22c2b5ebef5f8f09692d9ba1e5baa,-248771874,0,[],0,"{r: 0.16470587, g: 0.6787493, b: 1, a: 1}",2,0,0,0,1,0,{fileID: 0},0,0,1,{fileID: 1958410531473923},1958410531473923,0,{fileID: 0},0,{fileID: 0},0,"{fileID: -248771874, guid: 1fa22c2b5ebef5f8f09692d9ba1e5baa, type: 3}",-248771874,1fa22c2b5ebef5f8f09692d9ba1e5baa,Assets/Plugins/LeTai.TrueShadow.dll,0,"{x: 0, y: -0}",90,0,0,8,0.1,1,0
LevelManager,Assets/GameObject/LevelManager.prefab,LeTai.TrueShadow,1fa22c2b5ebef5f8f09692d9ba1e5baa,-248771874,0,[],0,"{r: 0, g: 0, b: 0, a: 0.7294118}",2,0,0,0,0,0,{fileID: 0},0,0,1,{fileID: 1861416701532054},1861416701532054,0,{fileID: 0},0,{fileID: 0},0,"{fileID: -248771874, guid: 1fa22c2b5ebef5f8f09692d9ba1e5baa, type: 3}",-248771874,1fa22c2b5ebef5f8f09692d9ba1e5baa,Assets/Plugins/LeTai.TrueShadow.dll,0,"{x: 6.081118, y: -6.081119}",45,8.6,0,15,0,1,0
LevelManager,Assets/GameObject/LevelManager.prefab,LeTai.TrueShadow,1fa22c2b5ebef5f8f09692d9ba1e5baa,-248771874,0,[],0,"{r: 1, g: 0.23529412, b: 0.23529412, a: 1}",2,0,0,0,1,0,{fileID: 0},0,0,1,{fileID: 1059458297358126},1059458297358126,0,{fileID: 0},0,{fileID: 0},0,"{fileID: -248771874, guid: 1fa22c2b5ebef5f8f09692d9ba1e5baa, type: 3}",-248771874,1fa22c2b5ebef5f8f09692d9ba1e5baa,Assets/Plugins/LeTai.TrueShadow.dll,0,"{x: 0, y: -0}",90,0,0,8,0.1,1,0
LevelManager,Assets/GameObject/LevelManager.prefab,LeTai.TrueShadow,1fa22c2b5ebef5f8f09692d9ba1e5baa,-248771874,0,[],0,"{r: 0, g: 0, b: 0, a: 1}",2,0,0,0,1,0,{fileID: 0},0,0,0,{fileID: 1294956880349848},1294956880349848,0,{fileID: 0},0,{fileID: 0},0,"{fileID: -248771874, guid: 1fa22c2b5ebef5f8f09692d9ba1e5baa, type: 3}",-248771874,1fa22c2b5ebef5f8f09692d9ba1e5baa,Assets/Plugins/LeTai.TrueShadow.dll,0,"{x: 0, y: -0}",45,0,0,8,0.1,1,0
LevelManager,Assets/GameObject/LevelManager.prefab,LeTai.TrueShadow,1fa22c2b5ebef5f8f09692d9ba1e5baa,-248771874,0,[],0,"{r: 1, g: 0.23529412, b: 0.23529412, a: 1}",2,0,0,0,1,0,{fileID: 0},0,0,1,{fileID: 1192244513851955},1192244513851955,0,{fileID: 0},0,{fileID: 0},0,"{fileID: -248771874, guid: 1fa22c2b5ebef5f8f09692d9ba1e5baa, type: 3}",-248771874,1fa22c2b5ebef5f8f09692d9ba1e5baa,Assets/Plugins/LeTai.TrueShadow.dll,0,"{x: 0, y: -0}",90,0,0,8,0.1,1,0
LevelManager,Assets/GameObject/LevelManager.prefab,LeTai.TrueShadow,1fa22c2b5ebef5f8f09692d9ba1e5baa,-248771874,0,[],0,"{r: 0, g: 0, b: 0, a: 0.8666667}",2,0,0,0,0,0,{fileID: 0},0,0,1,{fileID: 1773613510470898},1773613510470898,0,{fileID: 0},0,{fileID: 0},0,"{fileID: -248771874, guid: 1fa22c2b5ebef5f8f09692d9ba1e5baa, type: 3}",-248771874,1fa22c2b5ebef5f8f09692d9ba1e5baa,Assets/Plugins/LeTai.TrueShadow.dll,0,"{x: 4.4547725, y: -4.454773}",45,6.3,0,8.78,0,1,0
LevelManager,Assets/GameObject/LevelManager.prefab,LeTai.TrueShadow,1fa22c2b5ebef5f8f09692d9ba1e5baa,-248771874,0,[],0,"{r: 0.1745283, g: 0.711293, b: 1, a: 0.6}",2,0,0,0,0,0,{fileID: 0},0,0,1,{fileID: 1160526964375022},1160526964375022,0,{fileID: 0},0,{fileID: 0},0,"{fileID: -248771874, guid: 1fa22c2b5ebef5f8f09692d9ba1e5baa, type: 3}",-248771874,1fa22c2b5ebef5f8f09692d9ba1e5baa,Assets/Plugins/LeTai.TrueShadow.dll,0,"{x: 0, y: -0}",90,0,0,14.4,0.055,1,0
LevelManager,Assets/GameObject/LevelManager.prefab,LeTai.TrueShadow,1fa22c2b5ebef5f8f09692d9ba1e5baa,-248771874,0,[],0,"{r: 0, g: 0, b: 0, a: 1}",2,0,0,0,0,0,{fileID: 0},0,0,1,{fileID: 1591755223190469},1591755223190469,0,{fileID: 0},0,{fileID: 0},0,"{fileID: -248771874, guid: 1fa22c2b5ebef5f8f09692d9ba1e5baa, type: 3}",-248771874,1fa22c2b5ebef5f8f09692d9ba1e5baa,Assets/Plugins/LeTai.TrueShadow.dll,0,"{x: 1.192093E-07, y: -2}",90,2,0,3.21,0,1,0
LevelManager,Assets/GameObject/LevelManager.prefab,LeTai.TrueShadow,1fa22c2b5ebef5f8f09692d9ba1e5baa,-248771874,0,[],0,"{r: 0, g: 0, b: 0, a: 0.7294118}",2,0,0,0,0,0,{fileID: 0},0,0,1,{fileID: 1466289294728446},1466289294728446,0,{fileID: 0},0,{fileID: 0},0,"{fileID: -248771874, guid: 1fa22c2b5ebef5f8f09692d9ba1e5baa, type: 3}",-248771874,1fa22c2b5ebef5f8f09692d9ba1e5baa,Assets/Plugins/LeTai.TrueShadow.dll,0,"{x: 6.081118, y: -6.081119}",45,8.6,0,14.6,0,1,0
LevelManager,Assets/GameObject/LevelManager.prefab,LeTai.TrueShadow,1fa22c2b5ebef5f8f09692d9ba1e5baa,-248771874,0,[],0,"{r: 0, g: 0, b: 0, a: 1}",2,0,0,0,0,0,{fileID: 0},0,0,1,{fileID: 1641026554590286},1641026554590286,0,{fileID: 0},0,{fileID: 0},0,"{fileID: -248771874, guid: 1fa22c2b5ebef5f8f09692d9ba1e5baa, type: 3}",-248771874,1fa22c2b5ebef5f8f09692d9ba1e5baa,Assets/Plugins/LeTai.TrueShadow.dll,0,"{x: 5.1194525, y: -5.1194534}",45,7.24,0,6.4,0,1,0
LevelManager,Assets/GameObject/LevelManager.prefab,LeTai.TrueShadow,1fa22c2b5ebef5f8f09692d9ba1e5baa,-248771874,0,[],0,"{r: 0.46691844, g: 1, b: 0.19339621, a: 1}",2,0,0,0,0,0,{fileID: 0},0,0,1,{fileID: 1107316949665269},1107316949665269,0,{fileID: 0},0,{fileID: 0},0,"{fileID: -248771874, guid: 1fa22c2b5ebef5f8f09692d9ba1e5baa, type: 3}",-248771874,1fa22c2b5ebef5f8f09692d9ba1e5baa,Assets/Plugins/LeTai.TrueShadow.dll,0,"{x: 0, y: -0}",45,0,0,16.3,0,1,0
LevelManager,Assets/GameObject/LevelManager.prefab,LeTai.TrueShadow,1fa22c2b5ebef5f8f09692d9ba1e5baa,-248771874,0,[],0,"{r: 0.09878961, g: 0.31553805, b: 0.5660378, a: 1}",2,0,0,1,0,0,{fileID: 0},0,0,1,{fileID: 1797943400404326},1797943400404326,0,{fileID: 0},0,{fileID: 0},0,"{fileID: -248771874, guid: 1fa22c2b5ebef5f8f09692d9ba1e5baa, type: 3}",-248771874,1fa22c2b5ebef5f8f09692d9ba1e5baa,Assets/Plugins/LeTai.TrueShadow.dll,0,"{x: 8.34386, y: -8.343861}",45,11.8,0,15.6,0,1,0
LevelManager,Assets/GameObject/LevelManager.prefab,LeTai.TrueShadow,1fa22c2b5ebef5f8f09692d9ba1e5baa,-248771874,0,[],0,"{r: 0, g: 0, b: 0, a: 1}",2,0,0,0,0,0,{fileID: 0},0,0,1,{fileID: 1364843344137177},1364843344137177,0,{fileID: 0},0,{fileID: 0},0,"{fileID: -248771874, guid: 1fa22c2b5ebef5f8f09692d9ba1e5baa, type: 3}",-248771874,1fa22c2b5ebef5f8f09692d9ba1e5baa,Assets/Plugins/LeTai.TrueShadow.dll,0,"{x: 3.356373, y: -3.431437}",45.633587,4.8,0,15.9,0,1,0
LevelManager,Assets/GameObject/LevelManager.prefab,LeTai.TrueShadow,1fa22c2b5ebef5f8f09692d9ba1e5baa,-248771874,0,[],0,"{r: 0, g: 0, b: 0, a: 0.6}",2,0,0,0,0,0,{fileID: 0},0,0,1,{fileID: 1708920870496291},1708920870496291,0,{fileID: 0},0,{fileID: 0},0,"{fileID: -248771874, guid: 1fa22c2b5ebef5f8f09692d9ba1e5baa, type: 3}",-248771874,1fa22c2b5ebef5f8f09692d9ba1e5baa,Assets/Plugins/LeTai.TrueShadow.dll,0,"{x: 6.102331, y: -6.102332}",45,8.63,0,9.7,0,0,0
LevelManager,Assets/GameObject/LevelManager.prefab,LeTai.TrueShadow,1fa22c2b5ebef5f8f09692d9ba1e5baa,-248771874,0,[],0,"{r: 1, g: 0.45217535, b: 0.19339621, a: 0.6}",2,0,0,0,0,0,{fileID: 0},0,0,1,{fileID: 1321142968035497},1321142968035497,0,{fileID: 0},0,{fileID: 0},0,"{fileID: -248771874, guid: 1fa22c2b5ebef5f8f09692d9ba1e5baa, type: 3}",-248771874,1fa22c2b5ebef5f8f09692d9ba1e5baa,Assets/Plugins/LeTai.TrueShadow.dll,0,"{x: 0, y: -0}",90,0,0,6.5,0,1,0
LevelManager,Assets/GameObject/LevelManager.prefab,LeTai.TrueShadow,1fa22c2b5ebef5f8f09692d9ba1e5baa,-248771874,0,[],0,"{r: 0, g: 0, b: 0, a: 0.6}",2,0,0,1,0,0,{fileID: 0},0,0,1,{fileID: 1921363985083328},1921363985083328,0,{fileID: 0},0,{fileID: 0},0,"{fileID: -248771874, guid: 1fa22c2b5ebef5f8f09692d9ba1e5baa, type: 3}",-248771874,1fa22c2b5ebef5f8f09692d9ba1e5baa,Assets/Plugins/LeTai.TrueShadow.dll,0,"{x: 8.485281, y: -8.485282}",45,12,0,8.38,0.5,1,0
LevelManager,Assets/GameObject/LevelManager.prefab,LeTai.TrueShadow,1fa22c2b5ebef5f8f09692d9ba1e5baa,-248771874,0,[],0,"{r: 0, g: 0, b: 0, a: 0.8}",2,0,0,0,0,0,{fileID: 0},0,0,1,{fileID: 1167359616174225},1167359616174225,0,{fileID: 0},0,{fileID: 0},0,"{fileID: -248771874, guid: 1fa22c2b5ebef5f8f09692d9ba1e5baa, type: 3}",-248771874,1fa22c2b5ebef5f8f09692d9ba1e5baa,Assets/Plugins/LeTai.TrueShadow.dll,0,"{x: 1.192093E-07, y: -2}",90,2,0,3,0,1,0
LevelManager,Assets/GameObject/LevelManager.prefab,LeTai.TrueShadow,1fa22c2b5ebef5f8f09692d9ba1e5baa,-248771874,0,[],0,"{r: 0, g: 0, b: 0, a: 0.6}",2,0,0,0,0,0,{fileID: 0},0,0,1,{fileID: 1082907333624128},1082907333624128,0,{fileID: 0},0,{fileID: 0},0,"{fileID: -248771874, guid: 1fa22c2b5ebef5f8f09692d9ba1e5baa, type: 3}",-248771874,1fa22c2b5ebef5f8f09692d9ba1e5baa,Assets/Plugins/LeTai.TrueShadow.dll,0,"{x: 6.102331, y: -6.102332}",45,8.63,0,9.7,0,0,0
LevelManager,Assets/GameObject/LevelManager.prefab,LeTai.TrueShadow,1fa22c2b5ebef5f8f09692d9ba1e5baa,-248771874,0,[],0,"{r: 1, g: 0.45217535, b: 0.19339621, a: 0.6}",2,0,0,0,0,0,{fileID: 0},0,0,1,{fileID: 1556880690803682},1556880690803682,0,{fileID: 0},0,{fileID: 0},0,"{fileID: -248771874, guid: 1fa22c2b5ebef5f8f09692d9ba1e5baa, type: 3}",-248771874,1fa22c2b5ebef5f8f09692d9ba1e5baa,Assets/Plugins/LeTai.TrueShadow.dll,0,"{x: 0, y: -0}",90,0,0,6.5,0,1,0
LevelManager,Assets/GameObject/LevelManager.prefab,LeTai.TrueShadow,1fa22c2b5ebef5f8f09692d9ba1e5baa,-248771874,0,[],0,"{r: 0, g: 0, b: 0, a: 0.6}",2,0,0,1,0,0,{fileID: 0},0,0,1,{fileID: 1744567058655261},1744567058655261,0,{fileID: 0},0,{fileID: 0},0,"{fileID: -248771874, guid: 1fa22c2b5ebef5f8f09692d9ba1e5baa, type: 3}",-248771874,1fa22c2b5ebef5f8f09692d9ba1e5baa,Assets/Plugins/LeTai.TrueShadow.dll,0,"{x: 8.485281, y: -8.485282}",45,12,0,8.38,0.5,1,0
LevelManager,Assets/GameObject/LevelManager.prefab,LeTai.TrueShadow,1fa22c2b5ebef5f8f09692d9ba1e5baa,-248771874,0,[],0,"{r: 0, g: 0, b: 0, a: 0.8}",2,0,0,0,0,0,{fileID: 0},0,0,1,{fileID: 1881022474181308},1881022474181308,0,{fileID: 0},0,{fileID: 0},0,"{fileID: -248771874, guid: 1fa22c2b5ebef5f8f09692d9ba1e5baa, type: 3}",-248771874,1fa22c2b5ebef5f8f09692d9ba1e5baa,Assets/Plugins/LeTai.TrueShadow.dll,0,"{x: 1.192093E-07, y: -2}",90,2,0,3,0,1,0
LevelManager,Assets/GameObject/LevelManager.prefab,LeTai.TrueShadow,1fa22c2b5ebef5f8f09692d9ba1e5baa,-248771874,0,[],0,"{r: 0, g: 0, b: 0, a: 0.6}",2,0,0,0,0,0,{fileID: 0},0,0,1,{fileID: 1635294897967656},1635294897967656,0,{fileID: 0},0,{fileID: 0},0,"{fileID: -248771874, guid: 1fa22c2b5ebef5f8f09692d9ba1e5baa, type: 3}",-248771874,1fa22c2b5ebef5f8f09692d9ba1e5baa,Assets/Plugins/LeTai.TrueShadow.dll,0,"{x: 6.102331, y: -6.102332}",45,8.63,0,9.7,0,0,0
LevelManager,Assets/GameObject/LevelManager.prefab,LeTai.TrueShadow,1fa22c2b5ebef5f8f09692d9ba1e5baa,-248771874,0,[],0,"{r: 1, g: 0.45217535, b: 0.19339621, a: 0.6}",2,0,0,0,0,0,{fileID: 0},0,0,1,{fileID: 1883349135243281},1883349135243281,0,{fileID: 0},0,{fileID: 0},0,"{fileID: -248771874, guid: 1fa22c2b5ebef5f8f09692d9ba1e5baa, type: 3}",-248771874,1fa22c2b5ebef5f8f09692d9ba1e5baa,Assets/Plugins/LeTai.TrueShadow.dll,0,"{x: 0, y: -0}",90,0,0,6.5,0,1,0
LevelManager,Assets/GameObject/LevelManager.prefab,LeTai.TrueShadow,1fa22c2b5ebef5f8f09692d9ba1e5baa,-248771874,0,[],0,"{r: 0, g: 0, b: 0, a: 0.6}",2,0,0,1,0,0,{fileID: 0},0,0,1,{fileID: 1669351225075850},1669351225075850,0,{fileID: 0},0,{fileID: 0},0,"{fileID: -248771874, guid: 1fa22c2b5ebef5f8f09692d9ba1e5baa, type: 3}",-248771874,1fa22c2b5ebef5f8f09692d9ba1e5baa,Assets/Plugins/LeTai.TrueShadow.dll,0,"{x: 8.485281, y: -8.485282}",45,12,0,8.38,0.5,1,0
LevelManager,Assets/GameObject/LevelManager.prefab,LeTai.TrueShadow,1fa22c2b5ebef5f8f09692d9ba1e5baa,-248771874,0,[],0,"{r: 0, g: 0, b: 0, a: 0.8}",2,0,0,0,0,0,{fileID: 0},0,0,1,{fileID: 1781532154861437},1781532154861437,0,{fileID: 0},0,{fileID: 0},0,"{fileID: -248771874, guid: 1fa22c2b5ebef5f8f09692d9ba1e5baa, type: 3}",-248771874,1fa22c2b5ebef5f8f09692d9ba1e5baa,Assets/Plugins/LeTai.TrueShadow.dll,0,"{x: 1.192093E-07, y: -2}",90,2,0,3,0,1,0
LevelManager,Assets/GameObject/LevelManager.prefab,LeTai.TrueShadow,1fa22c2b5ebef5f8f09692d9ba1e5baa,-248771874,0,[],0,"{r: 0, g: 0, b: 0, a: 0.7294118}",2,0,0,0,0,0,{fileID: 0},0,0,1,{fileID: 1540034770049318},1540034770049318,0,{fileID: 0},0,{fileID: 0},0,"{fileID: -248771874, guid: 1fa22c2b5ebef5f8f09692d9ba1e5baa, type: 3}",-248771874,1fa22c2b5ebef5f8f09692d9ba1e5baa,Assets/Plugins/LeTai.TrueShadow.dll,0,"{x: 6.081118, y: -6.081119}",45,8.6,0,14.6,0,1,0
LevelManager,Assets/GameObject/LevelManager.prefab,LeTai.TrueShadow,1fa22c2b5ebef5f8f09692d9ba1e5baa,-248771874,0,[],0,"{r: 0, g: 0, b: 0, a: 0.8}",2,0,0,0,0,0,{fileID: 0},0,0,1,{fileID: 1181908121155674},1181908121155674,0,{fileID: 0},0,{fileID: 0},0,"{fileID: -248771874, guid: 1fa22c2b5ebef5f8f09692d9ba1e5baa, type: 3}",-248771874,1fa22c2b5ebef5f8f09692d9ba1e5baa,Assets/Plugins/LeTai.TrueShadow.dll,0,"{x: 1.192093E-07, y: -2}",90,2,0,3,0,1,0
LevelManager,Assets/GameObject/LevelManager.prefab,LeTai.TrueShadow,1fa22c2b5ebef5f8f09692d9ba1e5baa,-248771874,0,[],0,"{r: 0, g: 0, b: 0, a: 0.7294118}",2,0,0,0,0,0,{fileID: 0},0,0,1,{fileID: 1766907174942513},1766907174942513,0,{fileID: 0},0,{fileID: 0},0,"{fileID: -248771874, guid: 1fa22c2b5ebef5f8f09692d9ba1e5baa, type: 3}",-248771874,1fa22c2b5ebef5f8f09692d9ba1e5baa,Assets/Plugins/LeTai.TrueShadow.dll,0,"{x: 6.081118, y: -6.081119}",45,8.6,0,14.6,0,1,0
LevelManager,Assets/GameObject/LevelManager.prefab,LeTai.TrueShadow,1fa22c2b5ebef5f8f09692d9ba1e5baa,-248771874,0,[],0,"{r: 0.3803922, g: 0.7769355, b: 1, a: 1}",2,0,0,1,0,0,{fileID: 0},0,0,0,{fileID: 1766907174942513},1766907174942513,0,{fileID: 0},0,{fileID: 0},0,"{fileID: -248771874, guid: 1fa22c2b5ebef5f8f09692d9ba1e5baa, type: 3}",-248771874,1fa22c2b5ebef5f8f09692d9ba1e5baa,Assets/Plugins/LeTai.TrueShadow.dll,0,"{x: 0, y: -0}",45,0,0,12.24,0.3,1,0
LevelManager,Assets/GameObject/LevelManager.prefab,LeTai.TrueShadow,1fa22c2b5ebef5f8f09692d9ba1e5baa,-248771874,0,[],0,"{r: 0, g: 0, b: 0, a: 0.8}",2,0,0,0,0,0,{fileID: 0},0,0,1,{fileID: 1315363525732909},1315363525732909,0,{fileID: 0},0,{fileID: 0},0,"{fileID: -248771874, guid: 1fa22c2b5ebef5f8f09692d9ba1e5baa, type: 3}",-248771874,1fa22c2b5ebef5f8f09692d9ba1e5baa,Assets/Plugins/LeTai.TrueShadow.dll,0,"{x: 1.192093E-07, y: -2}",90,2,0,3,0,1,0
LevelManager,Assets/GameObject/LevelManager.prefab,LeTai.TrueShadow,1fa22c2b5ebef5f8f09692d9ba1e5baa,-248771874,0,[],0,"{r: 0, g: 0, b: 0, a: 0.7294118}",2,0,0,0,0,0,{fileID: 0},0,0,1,{fileID: 1242077910415558},1242077910415558,0,{fileID: 0},0,{fileID: 0},0,"{fileID: -248771874, guid: 1fa22c2b5ebef5f8f09692d9ba1e5baa, type: 3}",-248771874,1fa22c2b5ebef5f8f09692d9ba1e5baa,Assets/Plugins/LeTai.TrueShadow.dll,0,"{x: 6.081118, y: -6.081119}",45,8.6,0,14.6,0,1,0
LevelManager,Assets/GameObject/LevelManager.prefab,LeTai.TrueShadow,1fa22c2b5ebef5f8f09692d9ba1e5baa,-248771874,0,[],0,"{r: 1, g: 0.4702007, b: 0.13679248, a: 1}",2,0,0,0,0,0,{fileID: 0},0,0,1,{fileID: 1662795384878347},1662795384878347,0,{fileID: 0},0,{fileID: 0},0,"{fileID: -248771874, guid: 1fa22c2b5ebef5f8f09692d9ba1e5baa, type: 3}",-248771874,1fa22c2b5ebef5f8f09692d9ba1e5baa,Assets/Plugins/LeTai.TrueShadow.dll,0,"{x: 0, y: -0}",90,0,0,32,0.025,1,0
LevelManager,Assets/GameObject/LevelManager.prefab,LeTai.TrueShadow,1fa22c2b5ebef5f8f09692d9ba1e5baa,-248771874,0,[],0,"{r: 0, g: 0, b: 0, a: 0.68235296}",2,0,0,0,0,0,{fileID: 0},0,0,1,{fileID: 1241491753814690},1241491753814690,0,{fileID: 0},0,{fileID: 0},0,"{fileID: -248771874, guid: 1fa22c2b5ebef5f8f09692d9ba1e5baa, type: 3}",-248771874,1fa22c2b5ebef5f8f09692d9ba1e5baa,Assets/Plugins/LeTai.TrueShadow.dll,0,"{x: 1.192093E-07, y: -2}",90,2,0,8,0,1,0
LevelManager,Assets/GameObject/LevelManager.prefab,LeTai.TrueShadow,1fa22c2b5ebef5f8f09692d9ba1e5baa,-248771874,0,[],0,"{r: 0, g: 0, b: 0, a: 0.68235296}",2,0,0,0,0,0,{fileID: 0},0,0,1,{fileID: 1227837895378112},1227837895378112,0,{fileID: 0},0,{fileID: 0},0,"{fileID: -248771874, guid: 1fa22c2b5ebef5f8f09692d9ba1e5baa, type: 3}",-248771874,1fa22c2b5ebef5f8f09692d9ba1e5baa,Assets/Plugins/LeTai.TrueShadow.dll,0,"{x: 1.192093E-07, y: -2}",90,2,0,8,0,1,0
LevelManager,Assets/GameObject/LevelManager.prefab,LeTai.TrueShadow,1fa22c2b5ebef5f8f09692d9ba1e5baa,-248771874,0,[],0,"{r: 0, g: 0, b: 0, a: 0.68235296}",2,0,0,0,0,0,{fileID: 0},0,0,1,{fileID: 1263415872098980},1263415872098980,0,{fileID: 0},0,{fileID: 0},0,"{fileID: -248771874, guid: 1fa22c2b5ebef5f8f09692d9ba1e5baa, type: 3}",-248771874,1fa22c2b5ebef5f8f09692d9ba1e5baa,Assets/Plugins/LeTai.TrueShadow.dll,0,"{x: 1.192093E-07, y: -2}",90,2,0,8,0,1,0
LevelManager,Assets/GameObject/LevelManager.prefab,LeTai.TrueShadow,1fa22c2b5ebef5f8f09692d9ba1e5baa,-248771874,0,[],0,"{r: 0, g: 0, b: 0, a: 0.68235296}",2,0,0,0,0,0,{fileID: 0},0,0,1,{fileID: 1178577422924247},1178577422924247,0,{fileID: 0},0,{fileID: 0},0,"{fileID: -248771874, guid: 1fa22c2b5ebef5f8f09692d9ba1e5baa, type: 3}",-248771874,1fa22c2b5ebef5f8f09692d9ba1e5baa,Assets/Plugins/LeTai.TrueShadow.dll,0,"{x: 1.192093E-07, y: -2}",90,2,0,8,0,1,0
LevelManager,Assets/GameObject/LevelManager.prefab,LeTai.TrueShadow,1fa22c2b5ebef5f8f09692d9ba1e5baa,-248771874,0,[],0,"{r: 0, g: 0, b: 0, a: 0.68235296}",2,0,0,0,0,0,{fileID: 0},0,0,1,{fileID: 1849609965973762},1849609965973762,0,{fileID: 0},0,{fileID: 0},0,"{fileID: -248771874, guid: 1fa22c2b5ebef5f8f09692d9ba1e5baa, type: 3}",-248771874,1fa22c2b5ebef5f8f09692d9ba1e5baa,Assets/Plugins/LeTai.TrueShadow.dll,0,"{x: 1.192093E-07, y: -2}",90,2,0,8,0,1,0
LevelManager,Assets/GameObject/LevelManager.prefab,LeTai.TrueShadow,1fa22c2b5ebef5f8f09692d9ba1e5baa,-248771874,0,[],0,"{r: 0, g: 0, b: 0, a: 0.68235296}",2,0,0,0,0,0,{fileID: 0},0,0,1,{fileID: 1421197305444088},1421197305444088,0,{fileID: 0},0,{fileID: 0},0,"{fileID: -248771874, guid: 1fa22c2b5ebef5f8f09692d9ba1e5baa, type: 3}",-248771874,1fa22c2b5ebef5f8f09692d9ba1e5baa,Assets/Plugins/LeTai.TrueShadow.dll,0,"{x: 1.192093E-07, y: -2}",90,2,0,8,0,1,0
LevelManager,Assets/GameObject/LevelManager.prefab,LeTai.TrueShadow,1fa22c2b5ebef5f8f09692d9ba1e5baa,-248771874,0,[],0,"{r: 0, g: 0, b: 0, a: 0.68235296}",2,0,0,0,0,0,{fileID: 0},0,0,1,{fileID: 1611172634916363},1611172634916363,0,{fileID: 0},0,{fileID: 0},0,"{fileID: -248771874, guid: 1fa22c2b5ebef5f8f09692d9ba1e5baa, type: 3}",-248771874,1fa22c2b5ebef5f8f09692d9ba1e5baa,Assets/Plugins/LeTai.TrueShadow.dll,0,"{x: 1.192093E-07, y: -2}",90,2,0,8,0,1,0
LevelManager,Assets/GameObject/LevelManager.prefab,LeTai.TrueShadow,1fa22c2b5ebef5f8f09692d9ba1e5baa,-248771874,0,[],0,"{r: 0, g: 0, b: 0, a: 0.68235296}",2,0,0,0,0,0,{fileID: 0},0,0,1,{fileID: 1527872422038120},1527872422038120,0,{fileID: 0},0,{fileID: 0},0,"{fileID: -248771874, guid: 1fa22c2b5ebef5f8f09692d9ba1e5baa, type: 3}",-248771874,1fa22c2b5ebef5f8f09692d9ba1e5baa,Assets/Plugins/LeTai.TrueShadow.dll,0,"{x: 1.192093E-07, y: -2}",90,2,0,8,0,1,0
LevelManager,Assets/GameObject/LevelManager.prefab,LeTai.TrueShadow,1fa22c2b5ebef5f8f09692d9ba1e5baa,-248771874,0,[],0,"{r: 0, g: 0, b: 0, a: 0.68235296}",2,0,0,0,0,0,{fileID: 0},0,0,1,{fileID: 1264643915137823},1264643915137823,0,{fileID: 0},0,{fileID: 0},0,"{fileID: -248771874, guid: 1fa22c2b5ebef5f8f09692d9ba1e5baa, type: 3}",-248771874,1fa22c2b5ebef5f8f09692d9ba1e5baa,Assets/Plugins/LeTai.TrueShadow.dll,0,"{x: 1.192093E-07, y: -2}",90,2,0,8,0,1,0
LevelManager,Assets/GameObject/LevelManager.prefab,LeTai.TrueShadow,1fa22c2b5ebef5f8f09692d9ba1e5baa,-248771874,0,[],0,"{r: 0, g: 0, b: 0, a: 0.68235296}",2,0,0,0,0,0,{fileID: 0},0,0,0,{fileID: 1043794256630965},1043794256630965,0,{fileID: 0},0,{fileID: 0},0,"{fileID: -248771874, guid: 1fa22c2b5ebef5f8f09692d9ba1e5baa, type: 3}",-248771874,1fa22c2b5ebef5f8f09692d9ba1e5baa,Assets/Plugins/LeTai.TrueShadow.dll,0,"{x: 1.192093E-07, y: -2}",90,2,0,8,0,1,0
LevelManager,Assets/GameObject/LevelManager.prefab,LeTai.TrueShadow,1fa22c2b5ebef5f8f09692d9ba1e5baa,-248771874,0,[],0,"{r: 0, g: 0, b: 0, a: 0.68235296}",2,0,0,0,0,0,{fileID: 0},0,0,0,{fileID: 1832094192366709},1832094192366709,0,{fileID: 0},0,{fileID: 0},0,"{fileID: -248771874, guid: 1fa22c2b5ebef5f8f09692d9ba1e5baa, type: 3}",-248771874,1fa22c2b5ebef5f8f09692d9ba1e5baa,Assets/Plugins/LeTai.TrueShadow.dll,0,"{x: 1.192093E-07, y: -2}",90,2,0,8,0,1,0
LevelManager,Assets/GameObject/LevelManager.prefab,LeTai.TrueShadow,1fa22c2b5ebef5f8f09692d9ba1e5baa,-248771874,0,[],0,"{r: 0, g: 0, b: 0, a: 0.68235296}",2,0,0,0,0,0,{fileID: 0},0,0,0,{fileID: 1622892660469669},1622892660469669,0,{fileID: 0},0,{fileID: 0},0,"{fileID: -248771874, guid: 1fa22c2b5ebef5f8f09692d9ba1e5baa, type: 3}",-248771874,1fa22c2b5ebef5f8f09692d9ba1e5baa,Assets/Plugins/LeTai.TrueShadow.dll,0,"{x: 1.192093E-07, y: -2}",90,2,0,8,0,1,0
LevelManager,Assets/GameObject/LevelManager.prefab,LeTai.TrueShadow,1fa22c2b5ebef5f8f09692d9ba1e5baa,-248771874,0,[],0,"{r: 0, g: 0, b: 0, a: 0.6}",2,0,0,0,0,0,{fileID: 0},0,0,0,{fileID: 1235664372525576},1235664372525576,0,{fileID: 0},0,{fileID: 0},0,"{fileID: -248771874, guid: 1fa22c2b5ebef5f8f09692d9ba1e5baa, type: 3}",-248771874,1fa22c2b5ebef5f8f09692d9ba1e5baa,Assets/Plugins/LeTai.TrueShadow.dll,0,"{x: 5.960465E-08, y: -1}",90,1,0,16,0,1,0
LevelManager,Assets/GameObject/LevelManager.prefab,LeTai.TrueShadow,1fa22c2b5ebef5f8f09692d9ba1e5baa,-248771874,0,[],0,"{r: 0.8719724, g: 0.19339621, b: 1, a: 0.6}",2,0,0,0,0,0,{fileID: 0},0,0,1,{fileID: 1167899657329981},1167899657329981,0,{fileID: 0},0,{fileID: 0},0,"{fileID: -248771874, guid: 1fa22c2b5ebef5f8f09692d9ba1e5baa, type: 3}",-248771874,1fa22c2b5ebef5f8f09692d9ba1e5baa,Assets/Plugins/LeTai.TrueShadow.dll,0,"{x: 0, y: -0}",90,0,0,10,0,1,0
LevelManager,Assets/GameObject/LevelManager.prefab,LeTai.TrueShadow,1fa22c2b5ebef5f8f09692d9ba1e5baa,-248771874,0,[],0,"{r: 1, g: 0.13679248, b: 0.91879356, a: 0.6}",2,0,0,0,0,0,{fileID: 0},0,0,1,{fileID: 1736292609216305},1736292609216305,0,{fileID: 0},0,{fileID: 0},0,"{fileID: -248771874, guid: 1fa22c2b5ebef5f8f09692d9ba1e5baa, type: 3}",-248771874,1fa22c2b5ebef5f8f09692d9ba1e5baa,Assets/Plugins/LeTai.TrueShadow.dll,0,"{x: 0, y: -0}",90,0,0,8,0,1,0
LevelManager,Assets/GameObject/LevelManager.prefab,LeTai.TrueShadow,1fa22c2b5ebef5f8f09692d9ba1e5baa,-248771874,0,[],0,"{r: 0, g: 0, b: 0, a: 0.50980395}",2,0,0,0,0,0,{fileID: 0},0,0,1,{fileID: 1777944177797332},1777944177797332,0,{fileID: 0},0,{fileID: 0},0,"{fileID: -248771874, guid: 1fa22c2b5ebef5f8f09692d9ba1e5baa, type: 3}",-248771874,1fa22c2b5ebef5f8f09692d9ba1e5baa,Assets/Plugins/LeTai.TrueShadow.dll,0,"{x: 0, y: -0}",90,0,0,4.45,0.057,1,0
LevelManager,Assets/GameObject/LevelManager.prefab,LeTai.TrueShadow,1fa22c2b5ebef5f8f09692d9ba1e5baa,-248771874,0,[],0,"{r: 1, g: 0.28773582, b: 0.9255149, a: 1}",2,0,0,0,0,0,{fileID: 0},0,0,1,{fileID: 1279145461780768},1279145461780768,0,{fileID: 0},0,{fileID: 0},0,"{fileID: -248771874, guid: 1fa22c2b5ebef5f8f09692d9ba1e5baa, type: 3}",-248771874,1fa22c2b5ebef5f8f09692d9ba1e5baa,Assets/Plugins/LeTai.TrueShadow.dll,0,"{x: 0, y: -0}",90,0,0,4.24,0.057,1,0
LevelManager,Assets/GameObject/LevelManager.prefab,LeTai.TrueShadow,1fa22c2b5ebef5f8f09692d9ba1e5baa,-248771874,0,[],0,"{r: 0, g: 0, b: 0, a: 1}",2,0,0,0,0,0,{fileID: 0},0,0,1,{fileID: 1975005154658678},1975005154658678,0,{fileID: 0},0,{fileID: 0},0,"{fileID: -248771874, guid: 1fa22c2b5ebef5f8f09692d9ba1e5baa, type: 3}",-248771874,1fa22c2b5ebef5f8f09692d9ba1e5baa,Assets/Plugins/LeTai.TrueShadow.dll,0,"{x: 0, y: -0}",90,0,0,4.9,0,1,0
LevelManager,Assets/GameObject/LevelManager.prefab,LeTai.TrueShadow,1fa22c2b5ebef5f8f09692d9ba1e5baa,-248771874,0,[],0,"{r: 0, g: 0, b: 0, a: 1}",2,0,0,0,0,0,{fileID: 0},0,0,1,{fileID: 1728845486755128},1728845486755128,0,{fileID: 0},0,{fileID: 0},0,"{fileID: -248771874, guid: 1fa22c2b5ebef5f8f09692d9ba1e5baa, type: 3}",-248771874,1fa22c2b5ebef5f8f09692d9ba1e5baa,Assets/Plugins/LeTai.TrueShadow.dll,0,"{x: 0, y: -0}",90,0,0,4.9,0,1,0
LevelManager,Assets/GameObject/LevelManager.prefab,LeTai.TrueShadow,1fa22c2b5ebef5f8f09692d9ba1e5baa,-248771874,0,[],0,"{r: 0, g: 0, b: 0, a: 1}",2,0,0,0,0,0,{fileID: 0},0,0,1,{fileID: 1639327079859440},1639327079859440,0,{fileID: 0},0,{fileID: 0},0,"{fileID: -248771874, guid: 1fa22c2b5ebef5f8f09692d9ba1e5baa, type: 3}",-248771874,1fa22c2b5ebef5f8f09692d9ba1e5baa,Assets/Plugins/LeTai.TrueShadow.dll,0,"{x: 0, y: -0}",90,0,0,4.9,0,1,0
LevelManager,Assets/GameObject/LevelManager.prefab,LeTai.TrueShadow,1fa22c2b5ebef5f8f09692d9ba1e5baa,-248771874,0,[],0,"{r: 0, g: 0, b: 0, a: 0.6}",2,0,0,0,0,0,{fileID: 0},0,0,1,{fileID: 1689477500208682},1689477500208682,0,{fileID: 0},0,{fileID: 0},0,"{fileID: -248771874, guid: 1fa22c2b5ebef5f8f09692d9ba1e5baa, type: 3}",-248771874,1fa22c2b5ebef5f8f09692d9ba1e5baa,Assets/Plugins/LeTai.TrueShadow.dll,0,"{x: 1.7881396E-07, y: -3}",90,3,0,15,0,1,0
LevelManager,Assets/GameObject/LevelManager.prefab,LeTai.TrueShadow,1fa22c2b5ebef5f8f09692d9ba1e5baa,-248771874,0,[],0,"{r: 0.8658489, g: 0.4292453, b: 1, a: 0.6}",2,0,0,0,0,0,{fileID: 0},0,0,1,{fileID: 1588935626719113},1588935626719113,0,{fileID: 0},0,{fileID: 0},0,"{fileID: -248771874, guid: 1fa22c2b5ebef5f8f09692d9ba1e5baa, type: 3}",-248771874,1fa22c2b5ebef5f8f09692d9ba1e5baa,Assets/Plugins/LeTai.TrueShadow.dll,0,"{x: 0, y: -0}",90,0,0,15,0,1,0
LevelManager,Assets/GameObject/LevelManager.prefab,LeTai.TrueShadow,1fa22c2b5ebef5f8f09692d9ba1e5baa,-248771874,0,[],0,"{r: 0, g: 0, b: 0, a: 0.6}",2,0,0,0,0,0,{fileID: 0},0,0,1,{fileID: 1797162001539723},1797162001539723,0,{fileID: 0},0,{fileID: 0},0,"{fileID: -248771874, guid: 1fa22c2b5ebef5f8f09692d9ba1e5baa, type: 3}",-248771874,1fa22c2b5ebef5f8f09692d9ba1e5baa,Assets/Plugins/LeTai.TrueShadow.dll,0,"{x: 1.7881396E-07, y: -3}",90,3,0,15,0,1,0
LevelManager,Assets/GameObject/LevelManager.prefab,LeTai.TrueShadow,1fa22c2b5ebef5f8f09692d9ba1e5baa,-248771874,0,[],0,"{r: 1, g: 0, b: 0, a: 1}",2,0,0,0,0,0,{fileID: 0},0,0,1,{fileID: 1950534775203811},1950534775203811,0,{fileID: 0},0,{fileID: 0},0,"{fileID: -248771874, guid: 1fa22c2b5ebef5f8f09692d9ba1e5baa, type: 3}",-248771874,1fa22c2b5ebef5f8f09692d9ba1e5baa,Assets/Plugins/LeTai.TrueShadow.dll,0,"{x: 0, y: -0}",90,0,0,16,0,1,0
LevelManager,Assets/GameObject/LevelManager.prefab,LeTai.TrueShadow,1fa22c2b5ebef5f8f09692d9ba1e5baa,-248771874,0,[],0,"{r: 1, g: 0.24056602, b: 0.24056602, a: 0.6}",2,0,0,0,0,0,{fileID: 0},0,0,1,{fileID: 1083863634863758},1083863634863758,0,{fileID: 0},0,{fileID: 0},0,"{fileID: -248771874, guid: 1fa22c2b5ebef5f8f09692d9ba1e5baa, type: 3}",-248771874,1fa22c2b5ebef5f8f09692d9ba1e5baa,Assets/Plugins/LeTai.TrueShadow.dll,0,"{x: 0, y: -0}",90,0,0,2.9,0,1,0
LevelManager,Assets/GameObject/LevelManager.prefab,LeTai.TrueShadow,1fa22c2b5ebef5f8f09692d9ba1e5baa,-248771874,0,[],0,"{r: 1, g: 0, b: 0, a: 1}",2,0,0,0,0,0,{fileID: 0},0,0,1,{fileID: 1732459787838329},1732459787838329,0,{fileID: 0},0,{fileID: 0},0,"{fileID: -248771874, guid: 1fa22c2b5ebef5f8f09692d9ba1e5baa, type: 3}",-248771874,1fa22c2b5ebef5f8f09692d9ba1e5baa,Assets/Plugins/LeTai.TrueShadow.dll,0,"{x: 0, y: -0}",90,0,0,16,0,1,0
LevelManager,Assets/GameObject/LevelManager.prefab,LeTai.TrueShadow,1fa22c2b5ebef5f8f09692d9ba1e5baa,-248771874,0,[],0,"{r: 0, g: 0, b: 0, a: 1}",2,0,0,0,0,0,{fileID: 0},0,0,1,{fileID: 1359104389302511},1359104389302511,0,{fileID: 0},0,{fileID: 0},0,"{fileID: -248771874, guid: 1fa22c2b5ebef5f8f09692d9ba1e5baa, type: 3}",-248771874,1fa22c2b5ebef5f8f09692d9ba1e5baa,Assets/Plugins/LeTai.TrueShadow.dll,0,"{x: 0, y: -0}",90,0,0,18.67,0.014,1,0
LevelManager,Assets/GameObject/LevelManager.prefab,LeTai.TrueShadow,1fa22c2b5ebef5f8f09692d9ba1e5baa,-248771874,0,[],0,"{r: 0, g: 0, b: 0, a: 1}",2,0,0,0,0,0,{fileID: 0},0,0,1,{fileID: 1251056823679654},1251056823679654,0,{fileID: 0},0,{fileID: 0},0,"{fileID: -248771874, guid: 1fa22c2b5ebef5f8f09692d9ba1e5baa, type: 3}",-248771874,1fa22c2b5ebef5f8f09692d9ba1e5baa,Assets/Plugins/LeTai.TrueShadow.dll,0,"{x: 0, y: -0}",90,0,0,30,0.094,1,0
LevelManager,Assets/GameObject/LevelManager.prefab,LeTai.TrueShadow,1fa22c2b5ebef5f8f09692d9ba1e5baa,-248771874,0,[],0,"{r: 0.21226418, g: 0.6304442, b: 1, a: 1}",2,0,0,0,0,0,{fileID: 0},0,0,1,{fileID: 1854405909413859},1854405909413859,0,{fileID: 0},0,{fileID: 0},0,"{fileID: -248771874, guid: 1fa22c2b5ebef5f8f09692d9ba1e5baa, type: 3}",-248771874,1fa22c2b5ebef5f8f09692d9ba1e5baa,Assets/Plugins/LeTai.TrueShadow.dll,0,"{x: 0, y: -0}",90,0,0,13.8,0,1,0
LevelManager,Assets/GameObject/LevelManager.prefab,LeTai.TrueShadow,1fa22c2b5ebef5f8f09692d9ba1e5baa,-248771874,0,[],0,"{r: 0, g: 0, b: 0, a: 1}",2,0,0,0,0,0,{fileID: 0},0,0,1,{fileID: 1279579197040130},1279579197040130,0,{fileID: 0},0,{fileID: 0},0,"{fileID: -248771874, guid: 1fa22c2b5ebef5f8f09692d9ba1e5baa, type: 3}",-248771874,1fa22c2b5ebef5f8f09692d9ba1e5baa,Assets/Plugins/LeTai.TrueShadow.dll,0,"{x: 0, y: -0}",90,0,0,18.67,0.014,1,0
LevelManager,Assets/GameObject/LevelManager.prefab,LeTai.TrueShadow,1fa22c2b5ebef5f8f09692d9ba1e5baa,-248771874,0,[],0,"{r: 0, g: 0, b: 0, a: 1}",2,0,0,0,0,0,{fileID: 0},0,0,1,{fileID: 1100669742695525},1100669742695525,0,{fileID: 0},0,{fileID: 0},0,"{fileID: -248771874, guid: 1fa22c2b5ebef5f8f09692d9ba1e5baa, type: 3}",-248771874,1fa22c2b5ebef5f8f09692d9ba1e5baa,Assets/Plugins/LeTai.TrueShadow.dll,0,"{x: 0, y: -0}",90,0,0,30,0.094,1,0
LevelManager,Assets/GameObject/LevelManager.prefab,LeTai.TrueShadow,1fa22c2b5ebef5f8f09692d9ba1e5baa,-248771874,0,[],0,"{r: 1, g: 0.6112099, b: 0.2117647, a: 1}",2,0,0,0,0,0,{fileID: 0},0,0,1,{fileID: 1086593213165959},1086593213165959,0,{fileID: 0},0,{fileID: 0},0,"{fileID: -248771874, guid: 1fa22c2b5ebef5f8f09692d9ba1e5baa, type: 3}",-248771874,1fa22c2b5ebef5f8f09692d9ba1e5baa,Assets/Plugins/LeTai.TrueShadow.dll,0,"{x: 0, y: -0}",90,0,0,13.8,0,1,0
LevelManager,Assets/GameObject/LevelManager.prefab,LeTai.TrueShadow,1fa22c2b5ebef5f8f09692d9ba1e5baa,-248771874,0,[],0,"{r: 0, g: 0, b: 0, a: 1}",2,0,0,0,0,0,{fileID: 0},0,0,1,{fileID: 1487118517956503},1487118517956503,0,{fileID: 0},0,{fileID: 0},0,"{fileID: -248771874, guid: 1fa22c2b5ebef5f8f09692d9ba1e5baa, type: 3}",-248771874,1fa22c2b5ebef5f8f09692d9ba1e5baa,Assets/Plugins/LeTai.TrueShadow.dll,0,"{x: 0, y: -0}",90,0,0,18.67,0.014,1,0
LevelManager,Assets/GameObject/LevelManager.prefab,LeTai.TrueShadow,1fa22c2b5ebef5f8f09692d9ba1e5baa,-248771874,0,[],0,"{r: 0, g: 0, b: 0, a: 1}",2,0,0,0,0,0,{fileID: 0},0,0,1,{fileID: 1504681062686413},1504681062686413,0,{fileID: 0},0,{fileID: 0},0,"{fileID: -248771874, guid: 1fa22c2b5ebef5f8f09692d9ba1e5baa, type: 3}",-248771874,1fa22c2b5ebef5f8f09692d9ba1e5baa,Assets/Plugins/LeTai.TrueShadow.dll,0,"{x: 0, y: -0}",90,0,0,30,0.094,1,0
LevelManager,Assets/GameObject/LevelManager.prefab,LeTai.TrueShadow,1fa22c2b5ebef5f8f09692d9ba1e5baa,-248771874,0,[],0,"{r: 0.21226418, g: 0.6304442, b: 1, a: 1}",2,0,0,0,0,0,{fileID: 0},0,0,1,{fileID: 1844825149962267},1844825149962267,0,{fileID: 0},0,{fileID: 0},0,"{fileID: -248771874, guid: 1fa22c2b5ebef5f8f09692d9ba1e5baa, type: 3}",-248771874,1fa22c2b5ebef5f8f09692d9ba1e5baa,Assets/Plugins/LeTai.TrueShadow.dll,0,"{x: 0, y: -0}",90,0,0,13.8,0,1,0
LevelManager,Assets/GameObject/LevelManager.prefab,LeTai.TrueShadow,1fa22c2b5ebef5f8f09692d9ba1e5baa,-248771874,0,[],0,"{r: 1, g: 0.2117647, b: 0.21981712, a: 1}",2,0,0,0,0,0,{fileID: 0},0,0,1,{fileID: 1224529414254156},1224529414254156,0,{fileID: 0},0,{fileID: 0},0,"{fileID: -248771874, guid: 1fa22c2b5ebef5f8f09692d9ba1e5baa, type: 3}",-248771874,1fa22c2b5ebef5f8f09692d9ba1e5baa,Assets/Plugins/LeTai.TrueShadow.dll,0,"{x: 0, y: -0}",90,0,0,13.8,0,1,0
LevelManager,Assets/GameObject/LevelManager.prefab,LeTai.TrueShadow,1fa22c2b5ebef5f8f09692d9ba1e5baa,-248771874,0,[],0,"{r: 1, g: 0.2117647, b: 0.21981712, a: 1}",2,0,0,0,0,0,{fileID: 0},0,0,1,{fileID: 1149514064828393},1149514064828393,0,{fileID: 0},0,{fileID: 0},0,"{fileID: -248771874, guid: 1fa22c2b5ebef5f8f09692d9ba1e5baa, type: 3}",-248771874,1fa22c2b5ebef5f8f09692d9ba1e5baa,Assets/Plugins/LeTai.TrueShadow.dll,0,"{x: 0, y: -0}",90,0,0,13.8,0,1,0
LevelManager,Assets/GameObject/LevelManager.prefab,LeTai.TrueShadow,1fa22c2b5ebef5f8f09692d9ba1e5baa,-248771874,0,[],0,"{r: 0, g: 0, b: 0, a: 1}",2,0,0,0,0,0,{fileID: 0},0,0,1,{fileID: 1537234941729344},1537234941729344,0,{fileID: 0},0,{fileID: 0},0,"{fileID: -248771874, guid: 1fa22c2b5ebef5f8f09692d9ba1e5baa, type: 3}",-248771874,1fa22c2b5ebef5f8f09692d9ba1e5baa,Assets/Plugins/LeTai.TrueShadow.dll,0,"{x: 0, y: -0}",90,0,0,9.94,0.008,1,0
LevelManager,Assets/GameObject/LevelManager.prefab,LeTai.TrueShadow,1fa22c2b5ebef5f8f09692d9ba1e5baa,-248771874,0,[],0,"{r: 0.2783019, g: 0.7293704, b: 1, a: 0.6}",2,0,0,0,0,0,{fileID: 0},0,0,1,{fileID: 1753855202719965},1753855202719965,0,{fileID: 0},0,{fileID: 0},0,"{fileID: -248771874, guid: 1fa22c2b5ebef5f8f09692d9ba1e5baa, type: 3}",-248771874,1fa22c2b5ebef5f8f09692d9ba1e5baa,Assets/Plugins/LeTai.TrueShadow.dll,0,"{x: 0, y: -0}",44.41996,0,0,7.89,0,1,0
LevelManager,Assets/GameObject/LevelManager.prefab,LeTai.TrueShadow,1fa22c2b5ebef5f8f09692d9ba1e5baa,-248771874,0,[],0,"{r: 0, g: 0, b: 0, a: 1}",2,0,0,1,0,0,{fileID: 0},0,0,1,{fileID: 1516442601815389},1516442601815389,0,{fileID: 0},0,{fileID: 0},0,"{fileID: -248771874, guid: 1fa22c2b5ebef5f8f09692d9ba1e5baa, type: 3}",-248771874,1fa22c2b5ebef5f8f09692d9ba1e5baa,Assets/Plugins/LeTai.TrueShadow.dll,0,"{x: 0, y: -0}",90,0,0,13.17,0,1,0
LevelManager,Assets/GameObject/LevelManager.prefab,LeTai.TrueShadow,1fa22c2b5ebef5f8f09692d9ba1e5baa,-248771874,0,[],0,"{r: 0, g: 0, b: 0, a: 1}",2,0,0,1,0,0,{fileID: 0},0,0,1,{fileID: 1089183686382870},1089183686382870,0,{fileID: 0},0,{fileID: 0},0,"{fileID: -248771874, guid: 1fa22c2b5ebef5f8f09692d9ba1e5baa, type: 3}",-248771874,1fa22c2b5ebef5f8f09692d9ba1e5baa,Assets/Plugins/LeTai.TrueShadow.dll,0,"{x: 11.525839, y: -11.525841}",45,16.3,0,21.1,0,1,0
LevelManager,Assets/GameObject/LevelManager.prefab,LeTai.TrueShadow,1fa22c2b5ebef5f8f09692d9ba1e5baa,-248771874,0,[],0,"{r: 0, g: 0, b: 0, a: 1}",2,0,0,0,0,0,{fileID: 0},0,0,1,{fileID: 1710076601454042},1710076601454042,0,{fileID: 0},0,{fileID: 0},0,"{fileID: -248771874, guid: 1fa22c2b5ebef5f8f09692d9ba1e5baa, type: 3}",-248771874,1fa22c2b5ebef5f8f09692d9ba1e5baa,Assets/Plugins/LeTai.TrueShadow.dll,0,"{x: 0, y: -0}",90,0,0,18.67,0.014,1,0
LevelManager,Assets/GameObject/LevelManager.prefab,LeTai.TrueShadow,1fa22c2b5ebef5f8f09692d9ba1e5baa,-248771874,0,[],0,"{r: 0, g: 0, b: 0, a: 1}",2,0,0,0,0,0,{fileID: 0},0,0,1,{fileID: 1507330920193358},1507330920193358,0,{fileID: 0},0,{fileID: 0},0,"{fileID: -248771874, guid: 1fa22c2b5ebef5f8f09692d9ba1e5baa, type: 3}",-248771874,1fa22c2b5ebef5f8f09692d9ba1e5baa,Assets/Plugins/LeTai.TrueShadow.dll,0,"{x: 0, y: -0}",90,0,0,30,0.094,1,0
LevelManager,Assets/GameObject/LevelManager.prefab,LeTai.TrueShadow,1fa22c2b5ebef5f8f09692d9ba1e5baa,-248771874,0,[],0,"{r: 0.21226418, g: 0.6304442, b: 1, a: 1}",2,0,0,0,0,0,{fileID: 0},0,0,1,{fileID: 1251764993046082},1251764993046082,0,{fileID: 0},0,{fileID: 0},0,"{fileID: -248771874, guid: 1fa22c2b5ebef5f8f09692d9ba1e5baa, type: 3}",-248771874,1fa22c2b5ebef5f8f09692d9ba1e5baa,Assets/Plugins/LeTai.TrueShadow.dll,0,"{x: 0, y: -0}",90,0,0,13.8,0,1,0
LevelManager,Assets/GameObject/LevelManager.prefab,LeTai.TrueShadow,1fa22c2b5ebef5f8f09692d9ba1e5baa,-248771874,0,[],0,"{r: 1, g: 0.2117647, b: 0.21981712, a: 1}",2,0,0,0,0,0,{fileID: 0},0,0,1,{fileID: 1283468304763035},1283468304763035,0,{fileID: 0},0,{fileID: 0},0,"{fileID: -248771874, guid: 1fa22c2b5ebef5f8f09692d9ba1e5baa, type: 3}",-248771874,1fa22c2b5ebef5f8f09692d9ba1e5baa,Assets/Plugins/LeTai.TrueShadow.dll,0,"{x: 0, y: -0}",90,0,0,13.8,0,1,0
LevelManager,Assets/GameObject/LevelManager.prefab,LeTai.TrueShadow,1fa22c2b5ebef5f8f09692d9ba1e5baa,-248771874,0,[],0,"{r: 1, g: 0.2117647, b: 0.21981712, a: 1}",2,0,0,0,0,0,{fileID: 0},0,0,1,{fileID: 1319280710755677},1319280710755677,0,{fileID: 0},0,{fileID: 0},0,"{fileID: -248771874, guid: 1fa22c2b5ebef5f8f09692d9ba1e5baa, type: 3}",-248771874,1fa22c2b5ebef5f8f09692d9ba1e5baa,Assets/Plugins/LeTai.TrueShadow.dll,0,"{x: 0, y: -0}",90,0,0,13.8,0,1,0
LevelManager,Assets/GameObject/LevelManager.prefab,LeTai.TrueShadow,1fa22c2b5ebef5f8f09692d9ba1e5baa,-248771874,0,[],0,"{r: 0, g: 0, b: 0, a: 1}",2,0,0,0,0,0,{fileID: 0},0,0,1,{fileID: 1043170689500374},1043170689500374,0,{fileID: 0},0,{fileID: 0},0,"{fileID: -248771874, guid: 1fa22c2b5ebef5f8f09692d9ba1e5baa, type: 3}",-248771874,1fa22c2b5ebef5f8f09692d9ba1e5baa,Assets/Plugins/LeTai.TrueShadow.dll,0,"{x: 0, y: -0}",90,0,0,9.94,0.008,1,0
LevelManager,Assets/GameObject/LevelManager.prefab,LeTai.TrueShadow,1fa22c2b5ebef5f8f09692d9ba1e5baa,-248771874,0,[],0,"{r: 0.2783019, g: 0.7293704, b: 1, a: 0.6}",2,0,0,0,0,0,{fileID: 0},0,0,1,{fileID: 1346315087859671},1346315087859671,0,{fileID: 0},0,{fileID: 0},0,"{fileID: -248771874, guid: 1fa22c2b5ebef5f8f09692d9ba1e5baa, type: 3}",-248771874,1fa22c2b5ebef5f8f09692d9ba1e5baa,Assets/Plugins/LeTai.TrueShadow.dll,0,"{x: 0, y: -0}",44.41996,0,0,7.89,0,1,0
LevelManager,Assets/GameObject/LevelManager.prefab,LeTai.TrueShadow,1fa22c2b5ebef5f8f09692d9ba1e5baa,-248771874,0,[],0,"{r: 0, g: 0, b: 0, a: 1}",2,0,0,1,0,0,{fileID: 0},0,0,1,{fileID: 1983434400170803},1983434400170803,0,{fileID: 0},0,{fileID: 0},0,"{fileID: -248771874, guid: 1fa22c2b5ebef5f8f09692d9ba1e5baa, type: 3}",-248771874,1fa22c2b5ebef5f8f09692d9ba1e5baa,Assets/Plugins/LeTai.TrueShadow.dll,0,"{x: 0, y: -0}",90,0,0,13.17,0,1,0
LevelManager,Assets/GameObject/LevelManager.prefab,LeTai.TrueShadow,1fa22c2b5ebef5f8f09692d9ba1e5baa,-248771874,0,[],0,"{r: 0, g: 0, b: 0, a: 1}",2,0,0,1,0,0,{fileID: 0},0,0,1,{fileID: 1777643171696398},1777643171696398,0,{fileID: 0},0,{fileID: 0},0,"{fileID: -248771874, guid: 1fa22c2b5ebef5f8f09692d9ba1e5baa, type: 3}",-248771874,1fa22c2b5ebef5f8f09692d9ba1e5baa,Assets/Plugins/LeTai.TrueShadow.dll,0,"{x: 11.525839, y: -11.525841}",45,16.3,0,21.1,0,1,0
LevelManager,Assets/GameObject/LevelManager.prefab,LeTai.TrueShadow,1fa22c2b5ebef5f8f09692d9ba1e5baa,-248771874,0,[],0,"{r: 0.09878961, g: 0.31553805, b: 0.5660378, a: 1}",2,0,0,1,0,0,{fileID: 0},0,0,1,{fileID: 1085153446086509},1085153446086509,0,{fileID: 0},0,{fileID: 0},0,"{fileID: -248771874, guid: 1fa22c2b5ebef5f8f09692d9ba1e5baa, type: 3}",-248771874,1fa22c2b5ebef5f8f09692d9ba1e5baa,Assets/Plugins/LeTai.TrueShadow.dll,0,"{x: 8.34386, y: -8.343861}",45,11.8,0,15.6,0,1,0
LevelManager,Assets/GameObject/LevelManager.prefab,LeTai.TrueShadow,1fa22c2b5ebef5f8f09692d9ba1e5baa,-248771874,0,[],0,"{r: 0.25244746, g: 0.6909816, b: 0.8773585, a: 1}",2,0,0,0,0,0,{fileID: 0},0,0,1,{fileID: 1350579013448789},1350579013448789,0,{fileID: 0},0,{fileID: 0},0,"{fileID: -248771874, guid: 1fa22c2b5ebef5f8f09692d9ba1e5baa, type: 3}",-248771874,1fa22c2b5ebef5f8f09692d9ba1e5baa,Assets/Plugins/LeTai.TrueShadow.dll,0,"{x: 5.586143, y: -5.586144}",45,7.9,0,12,0,1,0
LevelManager,Assets/GameObject/LevelManager.prefab,LeTai.TrueShadow,1fa22c2b5ebef5f8f09692d9ba1e5baa,-248771874,0,[],0,"{r: 0.4764151, g: 0.7838018, b: 1, a: 1}",2,0,0,0,0,0,{fileID: 0},0,0,1,{fileID: 1537212281399075},1537212281399075,0,{fileID: 0},0,{fileID: 0},0,"{fileID: -248771874, guid: 1fa22c2b5ebef5f8f09692d9ba1e5baa, type: 3}",-248771874,1fa22c2b5ebef5f8f09692d9ba1e5baa,Assets/Plugins/LeTai.TrueShadow.dll,0,"{x: 0, y: -0}",90,0,0,9.44,0,1,0
LevelManager,Assets/GameObject/LevelManager.prefab,LeTai.TrueShadow,1fa22c2b5ebef5f8f09692d9ba1e5baa,-248771874,0,[],0,"{r: 0.09878961, g: 0.31553805, b: 0.5660378, a: 1}",2,0,0,1,0,0,{fileID: 0},0,0,1,{fileID: 1145212126186108},1145212126186108,0,{fileID: 0},0,{fileID: 0},0,"{fileID: -248771874, guid: 1fa22c2b5ebef5f8f09692d9ba1e5baa, type: 3}",-248771874,1fa22c2b5ebef5f8f09692d9ba1e5baa,Assets/Plugins/LeTai.TrueShadow.dll,0,"{x: 8.34386, y: -8.343861}",45,11.8,0,15.6,0,1,0
LevelManager,Assets/GameObject/LevelManager.prefab,LeTai.TrueShadow,1fa22c2b5ebef5f8f09692d9ba1e5baa,-248771874,0,[],0,"{r: 0, g: 0, b: 0, a: 1}",2,0,0,0,0,0,{fileID: 0},0,0,1,{fileID: 1070451440644045},1070451440644045,0,{fileID: 0},0,{fileID: 0},0,"{fileID: -248771874, guid: 1fa22c2b5ebef5f8f09692d9ba1e5baa, type: 3}",-248771874,1fa22c2b5ebef5f8f09692d9ba1e5baa,Assets/Plugins/LeTai.TrueShadow.dll,0,"{x: 3.356373, y: -3.431437}",45.633587,4.8,0,15.9,0,1,0
LevelManager,Assets/GameObject/LevelManager.prefab,LeTai.TrueShadow,1fa22c2b5ebef5f8f09692d9ba1e5baa,-248771874,0,[],0,"{r: 0.5235849, g: 0.7764962, b: 1, a: 1}",2,0,0,0,0,0,{fileID: 0},0,0,1,{fileID: 1914551428256248},1914551428256248,0,{fileID: 0},0,{fileID: 0},0,"{fileID: -248771874, guid: 1fa22c2b5ebef5f8f09692d9ba1e5baa, type: 3}",-248771874,1fa22c2b5ebef5f8f09692d9ba1e5baa,Assets/Plugins/LeTai.TrueShadow.dll,0,"{x: 8.34386, y: -8.343861}",45,11.8,0,15.6,0,1,0
LevelManager,Assets/GameObject/LevelManager.prefab,LeTai.TrueShadow,1fa22c2b5ebef5f8f09692d9ba1e5baa,-248771874,0,[],0,"{r: 0.2956123, g: 0.5730712, b: 0.6886792, a: 1}",2,0,0,0,0,0,{fileID: 0},0,0,1,{fileID: 1678217368097363},1678217368097363,0,{fileID: 0},0,{fileID: 0},0,"{fileID: -248771874, guid: 1fa22c2b5ebef5f8f09692d9ba1e5baa, type: 3}",-248771874,1fa22c2b5ebef5f8f09692d9ba1e5baa,Assets/Plugins/LeTai.TrueShadow.dll,0,"{x: 0, y: -0}",90,0,0,9.44,0,1,0
LevelManager,Assets/GameObject/LevelManager.prefab,LeTai.TrueShadow,1fa22c2b5ebef5f8f09692d9ba1e5baa,-248771874,0,[],0,"{r: 0, g: 0, b: 0, a: 1}",2,0,0,1,0,0,{fileID: 0},0,0,1,{fileID: 1998705795300715},1998705795300715,0,{fileID: 0},0,{fileID: 0},0,"{fileID: -248771874, guid: 1fa22c2b5ebef5f8f09692d9ba1e5baa, type: 3}",-248771874,1fa22c2b5ebef5f8f09692d9ba1e5baa,Assets/Plugins/LeTai.TrueShadow.dll,0,"{x: 8.34386, y: -8.343861}",45,11.8,0,15.6,0,1,0
LevelManager,Assets/GameObject/LevelManager.prefab,LeTai.TrueShadow,1fa22c2b5ebef5f8f09692d9ba1e5baa,-248771874,0,[],0,"{r: 0.2956123, g: 0.5730712, b: 0.6886792, a: 1}",2,0,0,0,0,0,{fileID: 0},0,0,1,{fileID: 1246470008937799},1246470008937799,0,{fileID: 0},0,{fileID: 0},0,"{fileID: -248771874, guid: 1fa22c2b5ebef5f8f09692d9ba1e5baa, type: 3}",-248771874,1fa22c2b5ebef5f8f09692d9ba1e5baa,Assets/Plugins/LeTai.TrueShadow.dll,0,"{x: 0, y: -0}",90,0,0,9.44,0,1,0
LevelManager,Assets/GameObject/LevelManager.prefab,LeTai.TrueShadow,1fa22c2b5ebef5f8f09692d9ba1e5baa,-248771874,0,[],0,"{r: 0, g: 0, b: 0, a: 0.68235296}",2,0,0,0,0,0,{fileID: 0},0,0,1,{fileID: 1616921868090833},1616921868090833,0,{fileID: 0},0,{fileID: 0},0,"{fileID: -248771874, guid: 1fa22c2b5ebef5f8f09692d9ba1e5baa, type: 3}",-248771874,1fa22c2b5ebef5f8f09692d9ba1e5baa,Assets/Plugins/LeTai.TrueShadow.dll,0,"{x: 1.192093E-07, y: -2}",90,2,0,8,0,1,0
LevelManager,Assets/GameObject/LevelManager.prefab,LeTai.TrueShadow,1fa22c2b5ebef5f8f09692d9ba1e5baa,-248771874,0,[],0,"{r: 0, g: 0, b: 0, a: 0.68235296}",2,0,0,0,0,0,{fileID: 0},0,0,0,{fileID: 1077496756381293},1077496756381293,0,{fileID: 0},0,{fileID: 0},0,"{fileID: -248771874, guid: 1fa22c2b5ebef5f8f09692d9ba1e5baa, type: 3}",-248771874,1fa22c2b5ebef5f8f09692d9ba1e5baa,Assets/Plugins/LeTai.TrueShadow.dll,0,"{x: 1.192093E-07, y: -2}",90,2,0,8,0,1,0
LevelManager,Assets/GameObject/LevelManager.prefab,LeTai.TrueShadow,1fa22c2b5ebef5f8f09692d9ba1e5baa,-248771874,0,[],0,"{r: 0, g: 0, b: 0, a: 0.68235296}",2,0,0,0,0,0,{fileID: 0},0,0,0,{fileID: 1323992568512943},1323992568512943,0,{fileID: 0},0,{fileID: 0},0,"{fileID: -248771874, guid: 1fa22c2b5ebef5f8f09692d9ba1e5baa, type: 3}",-248771874,1fa22c2b5ebef5f8f09692d9ba1e5baa,Assets/Plugins/LeTai.TrueShadow.dll,0,"{x: 1.192093E-07, y: -2}",90,2,0,8,0,1,0
LevelManager,Assets/GameObject/LevelManager.prefab,LeTai.TrueShadow,1fa22c2b5ebef5f8f09692d9ba1e5baa,-248771874,0,[],0,"{r: 0, g: 0, b: 0, a: 0.68235296}",2,0,0,0,0,0,{fileID: 0},0,0,0,{fileID: 1042745431023147},1042745431023147,0,{fileID: 0},0,{fileID: 0},0,"{fileID: -248771874, guid: 1fa22c2b5ebef5f8f09692d9ba1e5baa, type: 3}",-248771874,1fa22c2b5ebef5f8f09692d9ba1e5baa,Assets/Plugins/LeTai.TrueShadow.dll,0,"{x: 1.192093E-07, y: -2}",90,2,0,8,0,1,0
LevelManager,Assets/GameObject/LevelManager.prefab,LeTai.TrueShadow,1fa22c2b5ebef5f8f09692d9ba1e5baa,-248771874,0,[],0,"{r: 0, g: 0, b: 0, a: 0.68235296}",2,0,0,0,0,0,{fileID: 0},0,0,0,{fileID: 1034010135326379},1034010135326379,0,{fileID: 0},0,{fileID: 0},0,"{fileID: -248771874, guid: 1fa22c2b5ebef5f8f09692d9ba1e5baa, type: 3}",-248771874,1fa22c2b5ebef5f8f09692d9ba1e5baa,Assets/Plugins/LeTai.TrueShadow.dll,0,"{x: 1.192093E-07, y: -2}",90,2,0,8,0,1,0
LevelManager,Assets/GameObject/LevelManager.prefab,LeTai.TrueShadow,1fa22c2b5ebef5f8f09692d9ba1e5baa,-248771874,0,[],0,"{r: 0, g: 0, b: 0, a: 0.68235296}",2,0,0,0,0,0,{fileID: 0},0,0,0,{fileID: 1792494477404644},1792494477404644,0,{fileID: 0},0,{fileID: 0},0,"{fileID: -248771874, guid: 1fa22c2b5ebef5f8f09692d9ba1e5baa, type: 3}",-248771874,1fa22c2b5ebef5f8f09692d9ba1e5baa,Assets/Plugins/LeTai.TrueShadow.dll,0,"{x: 1.192093E-07, y: -2}",90,2,0,8,0,1,0
LevelManager,Assets/GameObject/LevelManager.prefab,LeTai.TrueShadow,1fa22c2b5ebef5f8f09692d9ba1e5baa,-248771874,0,[],0,"{r: 0, g: 0, b: 0, a: 0.68235296}",2,0,0,0,0,0,{fileID: 0},0,0,0,{fileID: 1112745210864225},1112745210864225,0,{fileID: 0},0,{fileID: 0},0,"{fileID: -248771874, guid: 1fa22c2b5ebef5f8f09692d9ba1e5baa, type: 3}",-248771874,1fa22c2b5ebef5f8f09692d9ba1e5baa,Assets/Plugins/LeTai.TrueShadow.dll,0,"{x: 1.192093E-07, y: -2}",90,2,0,8,0,1,0
LevelManager,Assets/GameObject/LevelManager.prefab,LeTai.TrueShadow,1fa22c2b5ebef5f8f09692d9ba1e5baa,-248771874,0,[],0,"{r: 0, g: 0, b: 0, a: 0.68235296}",2,0,0,0,0,0,{fileID: 0},0,0,0,{fileID: 1084686569312649},1084686569312649,0,{fileID: 0},0,{fileID: 0},0,"{fileID: -248771874, guid: 1fa22c2b5ebef5f8f09692d9ba1e5baa, type: 3}",-248771874,1fa22c2b5ebef5f8f09692d9ba1e5baa,Assets/Plugins/LeTai.TrueShadow.dll,0,"{x: 1.192093E-07, y: -2}",90,2,0,8,0,1,0
LevelManager,Assets/GameObject/LevelManager.prefab,LeTai.TrueShadow,1fa22c2b5ebef5f8f09692d9ba1e5baa,-248771874,0,[],0,"{r: 0, g: 0, b: 0, a: 0.68235296}",2,0,0,0,0,0,{fileID: 0},0,0,0,{fileID: 1554472830157560},1554472830157560,0,{fileID: 0},0,{fileID: 0},0,"{fileID: -248771874, guid: 1fa22c2b5ebef5f8f09692d9ba1e5baa, type: 3}",-248771874,1fa22c2b5ebef5f8f09692d9ba1e5baa,Assets/Plugins/LeTai.TrueShadow.dll,0,"{x: 1.192093E-07, y: -2}",90,2,0,8,0,1,0
LevelManager,Assets/GameObject/LevelManager.prefab,LeTai.TrueShadow,1fa22c2b5ebef5f8f09692d9ba1e5baa,-248771874,0,[],0,"{r: 0, g: 0, b: 0, a: 0.68235296}",2,0,0,0,0,0,{fileID: 0},0,0,0,{fileID: 1689031458874231},1689031458874231,0,{fileID: 0},0,{fileID: 0},0,"{fileID: -248771874, guid: 1fa22c2b5ebef5f8f09692d9ba1e5baa, type: 3}",-248771874,1fa22c2b5ebef5f8f09692d9ba1e5baa,Assets/Plugins/LeTai.TrueShadow.dll,0,"{x: 1.192093E-07, y: -2}",90,2,0,8,0,1,0
LevelManager,Assets/GameObject/LevelManager.prefab,LeTai.TrueShadow,1fa22c2b5ebef5f8f09692d9ba1e5baa,-248771874,0,[],0,"{r: 0, g: 0, b: 0, a: 0.68235296}",2,0,0,0,0,0,{fileID: 0},0,0,0,{fileID: 1748853920750697},1748853920750697,0,{fileID: 0},0,{fileID: 0},0,"{fileID: -248771874, guid: 1fa22c2b5ebef5f8f09692d9ba1e5baa, type: 3}",-248771874,1fa22c2b5ebef5f8f09692d9ba1e5baa,Assets/Plugins/LeTai.TrueShadow.dll,0,"{x: 1.192093E-07, y: -2}",90,2,0,8,0,1,0
LevelManager,Assets/GameObject/LevelManager.prefab,LeTai.TrueShadow,1fa22c2b5ebef5f8f09692d9ba1e5baa,-248771874,0,[],0,"{r: 0, g: 0, b: 0, a: 0.68235296}",2,0,0,0,0,0,{fileID: 0},0,0,0,{fileID: 1582872402279267},1582872402279267,0,{fileID: 0},0,{fileID: 0},0,"{fileID: -248771874, guid: 1fa22c2b5ebef5f8f09692d9ba1e5baa, type: 3}",-248771874,1fa22c2b5ebef5f8f09692d9ba1e5baa,Assets/Plugins/LeTai.TrueShadow.dll,0,"{x: 1.192093E-07, y: -2}",90,2,0,8,0,1,0
LevelManager,Assets/GameObject/LevelManager.prefab,LeTai.TrueShadow,1fa22c2b5ebef5f8f09692d9ba1e5baa,-248771874,0,[],0,"{r: 0, g: 0, b: 0, a: 0.68235296}",2,0,0,0,0,0,{fileID: 0},0,0,0,{fileID: 1930000511378566},1930000511378566,0,{fileID: 0},0,{fileID: 0},0,"{fileID: -248771874, guid: 1fa22c2b5ebef5f8f09692d9ba1e5baa, type: 3}",-248771874,1fa22c2b5ebef5f8f09692d9ba1e5baa,Assets/Plugins/LeTai.TrueShadow.dll,0,"{x: 1.192093E-07, y: -2}",90,2,0,8,0,1,0
ADSAimMarker_RedDot,Assets/GameObject/ADSAimMarker_RedDot.prefab,LeTai.TrueShadow,1fa22c2b5ebef5f8f09692d9ba1e5baa,-248771874,0,[],0,"{r: 1, g: 0.24010515, b: 0.18431371, a: 1}",2,0,0,0,1,0,{fileID: 0},0,0,1,{fileID: 1190918179214750},1190918179214750,0,{fileID: 0},0,{fileID: 0},0,"{fileID: -248771874, guid: 1fa22c2b5ebef5f8f09692d9ba1e5baa, type: 3}",-248771874,1fa22c2b5ebef5f8f09692d9ba1e5baa,Assets/Plugins/LeTai.TrueShadow.dll,0,"{x: 0, y: -0}",90,0,0,5,0,1,0
ADSAimMarker_RedDot,Assets/GameObject/ADSAimMarker_RedDot.prefab,LeTai.TrueShadow,1fa22c2b5ebef5f8f09692d9ba1e5baa,-248771874,0,[],0,"{r: 0, g: 0, b: 0, a: 0.6}",2,0,0,0,1,0,{fileID: 0},0,0,1,{fileID: 1763768622032363},1763768622032363,0,{fileID: 0},0,{fileID: 0},0,"{fileID: -248771874, guid: 1fa22c2b5ebef5f8f09692d9ba1e5baa, type: 3}",-248771874,1fa22c2b5ebef5f8f09692d9ba1e5baa,Assets/Plugins/LeTai.TrueShadow.dll,0,"{x: 0, y: -0}",90,0,0,9,0,1,0
ADSAimMarker_RedDot,Assets/GameObject/ADSAimMarker_RedDot.prefab,LeTai.TrueShadow,1fa22c2b5ebef5f8f09692d9ba1e5baa,-248771874,0,[],0,"{r: 0, g: 0, b: 0, a: 0.6}",2,0,0,0,1,0,{fileID: 0},0,0,1,{fileID: 1770646855854851},1770646855854851,0,{fileID: 0},0,{fileID: 0},0,"{fileID: -248771874, guid: 1fa22c2b5ebef5f8f09692d9ba1e5baa, type: 3}",-248771874,1fa22c2b5ebef5f8f09692d9ba1e5baa,Assets/Plugins/LeTai.TrueShadow.dll,0,"{x: 0, y: -0}",90,0,0,9,0,1,0
ADSAimMarker_Sniper,Assets/GameObject/ADSAimMarker_Sniper.prefab,LeTai.TrueShadow,1fa22c2b5ebef5f8f09692d9ba1e5baa,-248771874,0,[],0,"{r: 0, g: 0, b: 0, a: 1}",2,0,0,0,1,0,{fileID: 0},0,0,1,{fileID: 1596509112238900},1596509112238900,0,{fileID: 0},0,{fileID: 0},0,"{fileID: -248771874, guid: 1fa22c2b5ebef5f8f09692d9ba1e5baa, type: 3}",-248771874,1fa22c2b5ebef5f8f09692d9ba1e5baa,Assets/Plugins/LeTai.TrueShadow.dll,1,"{x: 0, y: -0}",90,0,0,9.3,0.45,1,0
ADSAimMarker_Sniper,Assets/GameObject/ADSAimMarker_Sniper.prefab,LeTai.TrueShadow,1fa22c2b5ebef5f8f09692d9ba1e5baa,-248771874,0,[],0,"{r: 0, g: 0, b: 0, a: 1}",2,0,0,0,1,0,{fileID: 0},0,0,1,{fileID: 1131358990902357},1131358990902357,0,{fileID: 0},0,{fileID: 0},0,"{fileID: -248771874, guid: 1fa22c2b5ebef5f8f09692d9ba1e5baa, type: 3}",-248771874,1fa22c2b5ebef5f8f09692d9ba1e5baa,Assets/Plugins/LeTai.TrueShadow.dll,1,"{x: 0, y: -0}",90,0,0,9.3,0.45,1,0
ADSAimMarker_Sniper,Assets/GameObject/ADSAimMarker_Sniper.prefab,LeTai.TrueShadow,1fa22c2b5ebef5f8f09692d9ba1e5baa,-248771874,0,[],0,"{r: 0, g: 0, b: 0, a: 1}",2,0,0,0,1,0,{fileID: 0},0,0,1,{fileID: 1847717551598653},1847717551598653,0,{fileID: 0},0,{fileID: 0},0,"{fileID: -248771874, guid: 1fa22c2b5ebef5f8f09692d9ba1e5baa, type: 3}",-248771874,1fa22c2b5ebef5f8f09692d9ba1e5baa,Assets/Plugins/LeTai.TrueShadow.dll,1,"{x: 0, y: -0}",90,0,0,9.3,0.45,1,0
ADSAimMarker_Sniper,Assets/GameObject/ADSAimMarker_Sniper.prefab,LeTai.TrueShadow,1fa22c2b5ebef5f8f09692d9ba1e5baa,-248771874,0,[],0,"{r: 0, g: 0, b: 0, a: 1}",2,0,0,0,1,0,{fileID: 0},0,0,1,{fileID: 1572834697691821},1572834697691821,0,{fileID: 0},0,{fileID: 0},0,"{fileID: -248771874, guid: 1fa22c2b5ebef5f8f09692d9ba1e5baa, type: 3}",-248771874,1fa22c2b5ebef5f8f09692d9ba1e5baa,Assets/Plugins/LeTai.TrueShadow.dll,1,"{x: 0, y: -0}",90,0,0,9.3,0.45,1,0
ADSAimMarker_Sniper,Assets/GameObject/ADSAimMarker_Sniper.prefab,LeTai.TrueShadow,1fa22c2b5ebef5f8f09692d9ba1e5baa,-248771874,0,[],0,"{r: 0, g: 0, b: 0, a: 1}",2,0,0,0,1,0,{fileID: 0},0,0,1,{fileID: 1362590144179016},1362590144179016,0,{fileID: 0},0,{fileID: 0},0,"{fileID: -248771874, guid: 1fa22c2b5ebef5f8f09692d9ba1e5baa, type: 3}",-248771874,1fa22c2b5ebef5f8f09692d9ba1e5baa,Assets/Plugins/LeTai.TrueShadow.dll,0,"{x: 0, y: -0}",90,0,0,11.5,0,1,0
ADSAimMarker_Sniper,Assets/GameObject/ADSAimMarker_Sniper.prefab,LeTai.TrueShadow,1fa22c2b5ebef5f8f09692d9ba1e5baa,-248771874,0,[],0,"{r: 0, g: 0, b: 0, a: 1}",2,0,0,0,1,0,{fileID: 0},0,0,1,{fileID: 1940655596470698},1940655596470698,0,{fileID: 0},0,{fileID: 0},0,"{fileID: -248771874, guid: 1fa22c2b5ebef5f8f09692d9ba1e5baa, type: 3}",-248771874,1fa22c2b5ebef5f8f09692d9ba1e5baa,Assets/Plugins/LeTai.TrueShadow.dll,0,"{x: 0, y: -0}",90,0,0,11.5,0,1,0
ADSAimMarker_Sniper,Assets/GameObject/ADSAimMarker_Sniper.prefab,LeTai.TrueShadow,1fa22c2b5ebef5f8f09692d9ba1e5baa,-248771874,0,[],0,"{r: 0, g: 0, b: 0, a: 1}",2,0,0,0,1,0,{fileID: 0},0,0,1,{fileID: 1583570397719777},1583570397719777,0,{fileID: 0},0,{fileID: 0},0,"{fileID: -248771874, guid: 1fa22c2b5ebef5f8f09692d9ba1e5baa, type: 3}",-248771874,1fa22c2b5ebef5f8f09692d9ba1e5baa,Assets/Plugins/LeTai.TrueShadow.dll,0,"{x: 0, y: -0}",90,0,0,57.5,0,1,0
ADSAimMarker_Sniper,Assets/GameObject/ADSAimMarker_Sniper.prefab,LeTai.TrueShadow,1fa22c2b5ebef5f8f09692d9ba1e5baa,-248771874,0,[],0,"{r: 0, g: 0, b: 0, a: 1}",2,0,0,0,1,1,{fileID: 0},0,0,1,{fileID: 1186135867390140},1186135867390140,0,{fileID: 0},0,{fileID: 0},0,"{fileID: -248771874, guid: 1fa22c2b5ebef5f8f09692d9ba1e5baa, type: 3}",-248771874,1fa22c2b5ebef5f8f09692d9ba1e5baa,Assets/Plugins/LeTai.TrueShadow.dll,1,"{x: 0, y: -0}",90,0,0,104.32,0,0,0
ADSAimMarker_Sniper,Assets/GameObject/ADSAimMarker_Sniper.prefab,LeTai.TrueShadow,1fa22c2b5ebef5f8f09692d9ba1e5baa,-248771874,0,[],0,"{r: 1, g: 0.21176471, b: 0.21176471, a: 1}",2,0,0,0,1,0,{fileID: 0},0,0,1,{fileID: 1383807168719218},1383807168719218,0,{fileID: 0},0,{fileID: 0},0,"{fileID: -248771874, guid: 1fa22c2b5ebef5f8f09692d9ba1e5baa, type: 3}",-248771874,1fa22c2b5ebef5f8f09692d9ba1e5baa,Assets/Plugins/LeTai.TrueShadow.dll,1,"{x: 0, y: -0}",90,0,0,9,0,1,0
InventoryEntry,Assets/GameObject/InventoryEntry.prefab,LeTai.TrueShadow,1fa22c2b5ebef5f8f09692d9ba1e5baa,-248771874,0,[],1,"{r: 0.47770557, g: 0.8962264, b: 0.56048983, a: 1}",2,0,0,0,1,1,{fileID: 0},0,0,1,{fileID: 1779981991178970},1779981991178970,0,{fileID: 0},0,{fileID: 0},0,"{fileID: -248771874, guid: 1fa22c2b5ebef5f8f09692d9ba1e5baa, type: 3}",-248771874,1fa22c2b5ebef5f8f09692d9ba1e5baa,Assets/Plugins/LeTai.TrueShadow.dll,0,"{x: 0, y: -0}",90,0,0,15,0,0,0
InventoryEntry,Assets/GameObject/InventoryEntry.prefab,LeTai.TrueShadow,1fa22c2b5ebef5f8f09692d9ba1e5baa,-248771874,0,[],0,"{r: 0, g: 0, b: 0, a: 0.6}",2,0,0,0,0,0,{fileID: 0},0,0,1,{fileID: 1386315914638001},1386315914638001,0,{fileID: 0},0,{fileID: 0},0,"{fileID: -248771874, guid: 1fa22c2b5ebef5f8f09692d9ba1e5baa, type: 3}",-248771874,1fa22c2b5ebef5f8f09692d9ba1e5baa,Assets/Plugins/LeTai.TrueShadow.dll,0,"{x: 1.4142134, y: -1.4142137}",45,2,0,8,0,1,0
InventoryEntry,Assets/GameObject/InventoryEntry.prefab,LeTai.TrueShadow,1fa22c2b5ebef5f8f09692d9ba1e5baa,-248771874,0,[],0,"{r: 0, g: 0, b: 0, a: 0.72156864}",2,0,0,1,1,0,{fileID: 0},0,0,1,{fileID: 1009166593110913},1009166593110913,0,{fileID: 0},0,{fileID: 0},0,"{fileID: -248771874, guid: 1fa22c2b5ebef5f8f09692d9ba1e5baa, type: 3}",-248771874,1fa22c2b5ebef5f8f09692d9ba1e5baa,Assets/Plugins/LeTai.TrueShadow.dll,0,"{x: 5.9195232, y: -5.38138}",42.273666,8,0,3,0.5,1,0
InventoryEntry,Assets/GameObject/InventoryEntry.prefab,LeTai.TrueShadow,1fa22c2b5ebef5f8f09692d9ba1e5baa,-248771874,0,[],0,"{r: 1, g: 1, b: 1, a: 1}",2,0,0,1,0,0,{fileID: 0},0,0,1,{fileID: 1275449564469349},1275449564469349,0,{fileID: 0},0,{fileID: 0},0,"{fileID: -248771874, guid: 1fa22c2b5ebef5f8f09692d9ba1e5baa, type: 3}",-248771874,1fa22c2b5ebef5f8f09692d9ba1e5baa,Assets/Plugins/LeTai.TrueShadow.dll,0,"{x: 0, y: -0}",90,0,0,1,0,1,0
InventoryEntry,Assets/GameObject/InventoryEntry.prefab,LeTai.TrueShadow,1fa22c2b5ebef5f8f09692d9ba1e5baa,-248771874,0,[],0,"{r: 1, g: 1, b: 1, a: 0.6}",2,0,0,0,0,0,{fileID: 0},0,0,1,{fileID: 1662243574850640},1662243574850640,0,{fileID: 0},0,{fileID: 0},0,"{fileID: -248771874, guid: 1fa22c2b5ebef5f8f09692d9ba1e5baa, type: 3}",-248771874,1fa22c2b5ebef5f8f09692d9ba1e5baa,Assets/Plugins/LeTai.TrueShadow.dll,0,"{x: 0, y: -0}",90,0,0,2,0,1,0
InventoryEntry,Assets/GameObject/InventoryEntry.prefab,LeTai.TrueShadow,1fa22c2b5ebef5f8f09692d9ba1e5baa,-248771874,0,[],0,"{r: 1, g: 1, b: 1, a: 0.6}",2,0,0,0,0,0,{fileID: 0},0,0,1,{fileID: 1113760207394972},1113760207394972,0,{fileID: 0},0,{fileID: 0},0,"{fileID: -248771874, guid: 1fa22c2b5ebef5f8f09692d9ba1e5baa, type: 3}",-248771874,1fa22c2b5ebef5f8f09692d9ba1e5baa,Assets/Plugins/LeTai.TrueShadow.dll,0,"{x: 0, y: -0}",90,0,0,2,0,1,0
InventoryEntry,Assets/GameObject/InventoryEntry.prefab,LeTai.TrueShadow,1fa22c2b5ebef5f8f09692d9ba1e5baa,-248771874,0,[],0,"{r: 1, g: 1, b: 1, a: 0.6}",2,0,0,0,0,0,{fileID: 0},0,0,1,{fileID: 1479099683890767},1479099683890767,0,{fileID: 0},0,{fileID: 0},0,"{fileID: -248771874, guid: 1fa22c2b5ebef5f8f09692d9ba1e5baa, type: 3}",-248771874,1fa22c2b5ebef5f8f09692d9ba1e5baa,Assets/Plugins/LeTai.TrueShadow.dll,0,"{x: 0, y: -0}",90,0,0,2,0,1,0
InventoryEntry,Assets/GameObject/InventoryEntry.prefab,LeTai.TrueShadow,1fa22c2b5ebef5f8f09692d9ba1e5baa,-248771874,0,[],0,"{r: 0, g: 0, b: 0, a: 0.6}",2,0,0,0,0,0,{fileID: 0},0,0,1,{fileID: 1304510847260078},1304510847260078,0,{fileID: 0},0,{fileID: 0},0,"{fileID: -248771874, guid: 1fa22c2b5ebef5f8f09692d9ba1e5baa, type: 3}",-248771874,1fa22c2b5ebef5f8f09692d9ba1e5baa,Assets/Plugins/LeTai.TrueShadow.dll,0,"{x: 1.7881396E-07, y: -3}",90,3,0,6,0,1,0
InventoryEntry,Assets/GameObject/InventoryEntry.prefab,LeTai.TrueShadow,1fa22c2b5ebef5f8f09692d9ba1e5baa,-248771874,0,[],0,"{r: 1, g: 1, b: 1, a: 0.6}",2,0,0,0,0,0,{fileID: 0},0,0,1,{fileID: 1393021456158024},1393021456158024,0,{fileID: 0},0,{fileID: 0},0,"{fileID: -248771874, guid: 1fa22c2b5ebef5f8f09692d9ba1e5baa, type: 3}",-248771874,1fa22c2b5ebef5f8f09692d9ba1e5baa,Assets/Plugins/LeTai.TrueShadow.dll,0,"{x: 0, y: -0}",90,0,0,2,0,1,0
ADSAimMarker_Default,Assets/GameObject/ADSAimMarker_Default.prefab,LeTai.TrueShadow,1fa22c2b5ebef5f8f09692d9ba1e5baa,-248771874,0,[],0,"{r: 0, g: 0, b: 0, a: 1}",2,0,0,1,1,0,{fileID: 0},0,0,1,{fileID: 1473453268927809},1473453268927809,0,{fileID: 0},0,{fileID: 0},0,"{fileID: -248771874, guid: 1fa22c2b5ebef5f8f09692d9ba1e5baa, type: 3}",-248771874,1fa22c2b5ebef5f8f09692d9ba1e5baa,Assets/Plugins/LeTai.TrueShadow.dll,0,"{x: 0, y: -0}",90,0,0,8,0.362,1,0
SlotDisplay,Assets/GameObject/SlotDisplay.prefab,LeTai.TrueShadow,1fa22c2b5ebef5f8f09692d9ba1e5baa,-248771874,0,[],1,"{r: 0.4764151, g: 1, b: 0.62022334, a: 1}",2,0,0,1,1,1,{fileID: 0},0,0,1,{fileID: 1311039038760744},1311039038760744,0,{fileID: 0},0,{fileID: 0},0,"{fileID: -248771874, guid: 1fa22c2b5ebef5f8f09692d9ba1e5baa, type: 3}",-248771874,1fa22c2b5ebef5f8f09692d9ba1e5baa,Assets/Plugins/LeTai.TrueShadow.dll,0,"{x: 0, y: -0}",90,0,0,17.85,0,0,0
SlotDisplay,Assets/GameObject/SlotDisplay.prefab,LeTai.TrueShadow,1fa22c2b5ebef5f8f09692d9ba1e5baa,-248771874,0,[],0,"{r: 0, g: 0, b: 0, a: 0.6}",2,0,0,0,0,0,{fileID: 0},0,0,0,{fileID: 1253461074258033},1253461074258033,0,{fileID: 0},0,{fileID: 0},0,"{fileID: -248771874, guid: 1fa22c2b5ebef5f8f09692d9ba1e5baa, type: 3}",-248771874,1fa22c2b5ebef5f8f09692d9ba1e5baa,Assets/Plugins/LeTai.TrueShadow.dll,0,"{x: 1.4142134, y: -1.4142137}",45,2,0,8,0,1,0
SlotDisplay,Assets/GameObject/SlotDisplay.prefab,LeTai.TrueShadow,1fa22c2b5ebef5f8f09692d9ba1e5baa,-248771874,0,[],0,"{r: 0, g: 0, b: 0, a: 0.72156864}",2,0,0,1,1,0,{fileID: 0},0,0,1,{fileID: 1936971131122299},1936971131122299,0,{fileID: 0},0,{fileID: 0},0,"{fileID: -248771874, guid: 1fa22c2b5ebef5f8f09692d9ba1e5baa, type: 3}",-248771874,1fa22c2b5ebef5f8f09692d9ba1e5baa,Assets/Plugins/LeTai.TrueShadow.dll,0,"{x: 5.9195232, y: -5.38138}",42.273666,8,0,3,0.5,1,0
SlotDisplay,Assets/GameObject/SlotDisplay.prefab,LeTai.TrueShadow,1fa22c2b5ebef5f8f09692d9ba1e5baa,-248771874,0,[],0,"{r: 1, g: 1, b: 1, a: 1}",2,0,0,1,0,0,{fileID: 0},0,0,0,{fileID: 1223625185263482},1223625185263482,0,{fileID: 0},0,{fileID: 0},0,"{fileID: -248771874, guid: 1fa22c2b5ebef5f8f09692d9ba1e5baa, type: 3}",-248771874,1fa22c2b5ebef5f8f09692d9ba1e5baa,Assets/Plugins/LeTai.TrueShadow.dll,0,"{x: 0, y: -0}",90,0,0,1,0,1,0
SlotDisplay,Assets/GameObject/SlotDisplay.prefab,LeTai.TrueShadow,1fa22c2b5ebef5f8f09692d9ba1e5baa,-248771874,0,[],0,"{r: 1, g: 1, b: 1, a: 0.6}",2,0,0,0,0,0,{fileID: 0},0,0,1,{fileID: 1245223869925536},1245223869925536,0,{fileID: 0},0,{fileID: 0},0,"{fileID: -248771874, guid: 1fa22c2b5ebef5f8f09692d9ba1e5baa, type: 3}",-248771874,1fa22c2b5ebef5f8f09692d9ba1e5baa,Assets/Plugins/LeTai.TrueShadow.dll,0,"{x: 0, y: -0}",90,0,0,2,0,1,0
SlotDisplay,Assets/GameObject/SlotDisplay.prefab,LeTai.TrueShadow,1fa22c2b5ebef5f8f09692d9ba1e5baa,-248771874,0,[],0,"{r: 1, g: 1, b: 1, a: 0.6}",2,0,0,0,0,0,{fileID: 0},0,0,1,{fileID: 1764575089148810},1764575089148810,0,{fileID: 0},0,{fileID: 0},0,"{fileID: -248771874, guid: 1fa22c2b5ebef5f8f09692d9ba1e5baa, type: 3}",-248771874,1fa22c2b5ebef5f8f09692d9ba1e5baa,Assets/Plugins/LeTai.TrueShadow.dll,0,"{x: 0, y: -0}",90,0,0,2,0,1,0
SlotDisplay,Assets/GameObject/SlotDisplay.prefab,LeTai.TrueShadow,1fa22c2b5ebef5f8f09692d9ba1e5baa,-248771874,0,[],0,"{r: 1, g: 1, b: 1, a: 0.6}",2,0,0,0,0,0,{fileID: 0},0,0,1,{fileID: 1134591377204945},1134591377204945,0,{fileID: 0},0,{fileID: 0},0,"{fileID: -248771874, guid: 1fa22c2b5ebef5f8f09692d9ba1e5baa, type: 3}",-248771874,1fa22c2b5ebef5f8f09692d9ba1e5baa,Assets/Plugins/LeTai.TrueShadow.dll,0,"{x: 0, y: -0}",90,0,0,2,0,1,0
SlotDisplay,Assets/GameObject/SlotDisplay.prefab,LeTai.TrueShadow,1fa22c2b5ebef5f8f09692d9ba1e5baa,-248771874,0,[],0,"{r: 0, g: 0, b: 0, a: 0.6}",2,0,0,0,0,0,{fileID: 0},0,0,0,{fileID: 1115155887383002},1115155887383002,0,{fileID: 0},0,{fileID: 0},0,"{fileID: -248771874, guid: 1fa22c2b5ebef5f8f09692d9ba1e5baa, type: 3}",-248771874,1fa22c2b5ebef5f8f09692d9ba1e5baa,Assets/Plugins/LeTai.TrueShadow.dll,0,"{x: 1.7881396E-07, y: -3}",90,3,0,6,0,1,0
HealthBar,Assets/GameObject/HealthBar.prefab,LeTai.TrueShadow,1fa22c2b5ebef5f8f09692d9ba1e5baa,-248771874,0,[],0,"{r: 0, g: 0, b: 0, a: 0.7294118}",2,0,0,0,0,0,{fileID: 0},0,0,1,{fileID: 1589261588582411},1589261588582411,0,{fileID: 0},0,{fileID: 0},0,"{fileID: -248771874, guid: 1fa22c2b5ebef5f8f09692d9ba1e5baa, type: 3}",-248771874,1fa22c2b5ebef5f8f09692d9ba1e5baa,Assets/Plugins/LeTai.TrueShadow.dll,0,"{x: 6.081118, y: -6.081119}",45,8.6,0,14.6,0,1,0
HealthBar,Assets/GameObject/HealthBar.prefab,LeTai.TrueShadow,1fa22c2b5ebef5f8f09692d9ba1e5baa,-248771874,0,[],0,"{r: 0, g: 0, b: 0, a: 0.7294118}",2,0,0,0,0,0,{fileID: 0},0,0,1,{fileID: 1759755647079019},1759755647079019,0,{fileID: 0},0,{fileID: 0},0,"{fileID: -248771874, guid: 1fa22c2b5ebef5f8f09692d9ba1e5baa, type: 3}",-248771874,1fa22c2b5ebef5f8f09692d9ba1e5baa,Assets/Plugins/LeTai.TrueShadow.dll,0,"{x: 6.081118, y: -6.081119}",45,8.6,0,14.6,0,1,0
HealthBar,Assets/GameObject/HealthBar.prefab,LeTai.TrueShadow,1fa22c2b5ebef5f8f09692d9ba1e5baa,-248771874,0,[],0,"{r: 1, g: 1, b: 1, a: 1}",2,0,0,0,0,0,{fileID: 0},0,0,1,{fileID: 1276713036750213},1276713036750213,0,{fileID: 0},0,{fileID: 0},0,"{fileID: -248771874, guid: 1fa22c2b5ebef5f8f09692d9ba1e5baa, type: 3}",-248771874,1fa22c2b5ebef5f8f09692d9ba1e5baa,Assets/Plugins/LeTai.TrueShadow.dll,0,"{x: 0, y: -0}",90,0,0,8,0,1,0
HealthBar,Assets/GameObject/HealthBar.prefab,LeTai.TrueShadow,1fa22c2b5ebef5f8f09692d9ba1e5baa,-248771874,0,[],0,"{r: 1, g: 0.3254717, b: 0.3254717, a: 1}",2,0,0,0,0,0,{fileID: 0},0,0,1,{fileID: 1416825817241876},1416825817241876,0,{fileID: 0},0,{fileID: 0},0,"{fileID: -248771874, guid: 1fa22c2b5ebef5f8f09692d9ba1e5baa, type: 3}",-248771874,1fa22c2b5ebef5f8f09692d9ba1e5baa,Assets/Plugins/LeTai.TrueShadow.dll,0,"{x: 0, y: -0}",90,0,0,8.08,0.197,1,0
HealthBar,Assets/GameObject/HealthBar.prefab,LeTai.TrueShadow,1fa22c2b5ebef5f8f09692d9ba1e5baa,-248771874,0,[],0,"{r: 1, g: 0.2688679, b: 0.2688679, a: 1}",2,0,0,0,1,0,{fileID: 0},0,0,1,{fileID: 1644003617341301},1644003617341301,0,{fileID: 0},0,{fileID: 0},0,"{fileID: -248771874, guid: 1fa22c2b5ebef5f8f09692d9ba1e5baa, type: 3}",-248771874,1fa22c2b5ebef5f8f09692d9ba1e5baa,Assets/Plugins/LeTai.TrueShadow.dll,0,"{x: 0, y: -0}",90,0,0,5,0.078,1,0
HealthBar,Assets/GameObject/HealthBar.prefab,LeTai.TrueShadow,1fa22c2b5ebef5f8f09692d9ba1e5baa,-248771874,0,[],0,"{r: 0, g: 0, b: 0, a: 1}",2,0,0,0,1,0,{fileID: 0},0,0,1,{fileID: 1524746445146464},1524746445146464,0,{fileID: 0},0,{fileID: 0},0,"{fileID: -248771874, guid: 1fa22c2b5ebef5f8f09692d9ba1e5baa, type: 3}",-248771874,1fa22c2b5ebef5f8f09692d9ba1e5baa,Assets/Plugins/LeTai.TrueShadow.dll,0,"{x: 0, y: -0}",90,0,0,8,0.076,1,0
ItemPickerEntry,Assets/GameObject/ItemPickerEntry.prefab,LeTai.TrueShadow,1fa22c2b5ebef5f8f09692d9ba1e5baa,-248771874,0,[],0,"{r: 0, g: 0, b: 0, a: 0.6}",2,0,0,0,0,0,{fileID: 0},0,0,0,{fileID: 1247719695139726},1247719695139726,0,{fileID: 0},0,{fileID: 0},0,"{fileID: -248771874, guid: 1fa22c2b5ebef5f8f09692d9ba1e5baa, type: 3}",-248771874,1fa22c2b5ebef5f8f09692d9ba1e5baa,Assets/Plugins/LeTai.TrueShadow.dll,0,"{x: 1.4142134, y: -1.4142137}",45,2,0,8,0,1,0
ItemPickerEntry,Assets/GameObject/ItemPickerEntry.prefab,LeTai.TrueShadow,1fa22c2b5ebef5f8f09692d9ba1e5baa,-248771874,0,[],0,"{r: 0, g: 0, b: 0, a: 0.72156864}",2,0,0,1,1,0,{fileID: 0},0,0,0,{fileID: 1297615832798459},1297615832798459,0,{fileID: 0},0,{fileID: 0},0,"{fileID: -248771874, guid: 1fa22c2b5ebef5f8f09692d9ba1e5baa, type: 3}",-248771874,1fa22c2b5ebef5f8f09692d9ba1e5baa,Assets/Plugins/LeTai.TrueShadow.dll,0,"{x: 5.9195232, y: -5.38138}",42.273666,8,0,3,0.5,1,0
ItemPickerEntry,Assets/GameObject/ItemPickerEntry.prefab,LeTai.TrueShadow,1fa22c2b5ebef5f8f09692d9ba1e5baa,-248771874,0,[],0,"{r: 1, g: 1, b: 1, a: 1}",2,0,0,1,0,0,{fileID: 0},0,0,0,{fileID: 1651856147832340},1651856147832340,0,{fileID: 0},0,{fileID: 0},0,"{fileID: -248771874, guid: 1fa22c2b5ebef5f8f09692d9ba1e5baa, type: 3}",-248771874,1fa22c2b5ebef5f8f09692d9ba1e5baa,Assets/Plugins/LeTai.TrueShadow.dll,0,"{x: 0, y: -0}",90,0,0,1,0,1,0
ItemPickerEntry,Assets/GameObject/ItemPickerEntry.prefab,LeTai.TrueShadow,1fa22c2b5ebef5f8f09692d9ba1e5baa,-248771874,0,[],0,"{r: 1, g: 1, b: 1, a: 0.6}",2,0,0,0,0,0,{fileID: 0},0,0,1,{fileID: 1236302235745475},1236302235745475,0,{fileID: 0},0,{fileID: 0},0,"{fileID: -248771874, guid: 1fa22c2b5ebef5f8f09692d9ba1e5baa, type: 3}",-248771874,1fa22c2b5ebef5f8f09692d9ba1e5baa,Assets/Plugins/LeTai.TrueShadow.dll,0,"{x: 0, y: -0}",90,0,0,2,0,1,0
ItemPickerEntry,Assets/GameObject/ItemPickerEntry.prefab,LeTai.TrueShadow,1fa22c2b5ebef5f8f09692d9ba1e5baa,-248771874,0,[],0,"{r: 1, g: 1, b: 1, a: 0.6}",2,0,0,0,0,0,{fileID: 0},0,0,1,{fileID: 1977788984895553},1977788984895553,0,{fileID: 0},0,{fileID: 0},0,"{fileID: -248771874, guid: 1fa22c2b5ebef5f8f09692d9ba1e5baa, type: 3}",-248771874,1fa22c2b5ebef5f8f09692d9ba1e5baa,Assets/Plugins/LeTai.TrueShadow.dll,0,"{x: 0, y: -0}",90,0,0,2,0,1,0
ItemPickerEntry,Assets/GameObject/ItemPickerEntry.prefab,LeTai.TrueShadow,1fa22c2b5ebef5f8f09692d9ba1e5baa,-248771874,0,[],0,"{r: 1, g: 1, b: 1, a: 0.6}",2,0,0,0,0,0,{fileID: 0},0,0,1,{fileID: 1084581021410349},1084581021410349,0,{fileID: 0},0,{fileID: 0},0,"{fileID: -248771874, guid: 1fa22c2b5ebef5f8f09692d9ba1e5baa, type: 3}",-248771874,1fa22c2b5ebef5f8f09692d9ba1e5baa,Assets/Plugins/LeTai.TrueShadow.dll,0,"{x: 0, y: -0}",90,0,0,2,0,1,0
ItemPickerEntry,Assets/GameObject/ItemPickerEntry.prefab,LeTai.TrueShadow,1fa22c2b5ebef5f8f09692d9ba1e5baa,-248771874,0,[],0,"{r: 0, g: 0, b: 0, a: 0.6}",2,0,0,0,0,0,{fileID: 0},0,0,0,{fileID: 1385146171307956},1385146171307956,0,{fileID: 0},0,{fileID: 0},0,"{fileID: -248771874, guid: 1fa22c2b5ebef5f8f09692d9ba1e5baa, type: 3}",-248771874,1fa22c2b5ebef5f8f09692d9ba1e5baa,Assets/Plugins/LeTai.TrueShadow.dll,0,"{x: 1.7881396E-07, y: -3}",90,3,0,6,0,1,0
BuffsDisplayEntry,Assets/GameObject/BuffsDisplayEntry.prefab,LeTai.TrueShadow,1fa22c2b5ebef5f8f09692d9ba1e5baa,-248771874,0,[],0,"{r: 0, g: 0, b: 0, a: 1}",2,0,0,0,0,0,{fileID: 0},0,0,1,{fileID: 1126754173365558},1126754173365558,0,{fileID: 0},0,{fileID: 0},0,"{fileID: -248771874, guid: 1fa22c2b5ebef5f8f09692d9ba1e5baa, type: 3}",-248771874,1fa22c2b5ebef5f8f09692d9ba1e5baa,Assets/Plugins/LeTai.TrueShadow.dll,0,"{x: 1.7881396E-07, y: -3}",90,3,0,7.69,0,1,0
BuffsDisplayEntry,Assets/GameObject/BuffsDisplayEntry.prefab,LeTai.TrueShadow,1fa22c2b5ebef5f8f09692d9ba1e5baa,-248771874,0,[],0,"{r: 0, g: 0, b: 0, a: 0.6}",2,0,0,0,0,0,{fileID: 0},0,0,1,{fileID: 1462220420712077},1462220420712077,0,{fileID: 0},0,{fileID: 0},0,"{fileID: -248771874, guid: 1fa22c2b5ebef5f8f09692d9ba1e5baa, type: 3}",-248771874,1fa22c2b5ebef5f8f09692d9ba1e5baa,Assets/Plugins/LeTai.TrueShadow.dll,0,"{x: 5.6568537, y: -5.6568546}",45,8,0,8,0,1,0
ADSAimMarker_Pistol,Assets/GameObject/ADSAimMarker_Pistol.prefab,LeTai.TrueShadow,1fa22c2b5ebef5f8f09692d9ba1e5baa,-248771874,0,[],0,"{r: 0.22688773, g: 1, b: 0.18396229, a: 1}",2,0,0,0,1,0,{fileID: 0},0,0,1,{fileID: 1981921672273147},1981921672273147,0,{fileID: 0},0,{fileID: 0},0,"{fileID: -248771874, guid: 1fa22c2b5ebef5f8f09692d9ba1e5baa, type: 3}",-248771874,1fa22c2b5ebef5f8f09692d9ba1e5baa,Assets/Plugins/LeTai.TrueShadow.dll,0,"{x: 0, y: -0}",90,0,0,5,0,1,0
ADSAimMarker_Pistol,Assets/GameObject/ADSAimMarker_Pistol.prefab,LeTai.TrueShadow,1fa22c2b5ebef5f8f09692d9ba1e5baa,-248771874,0,[],0,"{r: 0, g: 0, b: 0, a: 1}",2,0,0,0,1,0,{fileID: 0},0,0,1,{fileID: 1428067928397241},1428067928397241,0,{fileID: 0},0,{fileID: 0},0,"{fileID: -248771874, guid: 1fa22c2b5ebef5f8f09692d9ba1e5baa, type: 3}",-248771874,1fa22c2b5ebef5f8f09692d9ba1e5baa,Assets/Plugins/LeTai.TrueShadow.dll,0,"{x: 0, y: -0}",90,0,0,9.3,0.45,1,0
ADSAimMarker_Pistol,Assets/GameObject/ADSAimMarker_Pistol.prefab,LeTai.TrueShadow,1fa22c2b5ebef5f8f09692d9ba1e5baa,-248771874,0,[],0,"{r: 0, g: 0, b: 0, a: 1}",2,0,0,0,1,0,{fileID: 0},0,0,1,{fileID: 1659344839709246},1659344839709246,0,{fileID: 0},0,{fileID: 0},0,"{fileID: -248771874, guid: 1fa22c2b5ebef5f8f09692d9ba1e5baa, type: 3}",-248771874,1fa22c2b5ebef5f8f09692d9ba1e5baa,Assets/Plugins/LeTai.TrueShadow.dll,0,"{x: 0, y: -0}",90,0,0,9.3,0.45,1,0
ADSAimMarker_Pistol,Assets/GameObject/ADSAimMarker_Pistol.prefab,LeTai.TrueShadow,1fa22c2b5ebef5f8f09692d9ba1e5baa,-248771874,0,[],0,"{r: 0, g: 0, b: 0, a: 1}",2,0,0,0,1,0,{fileID: 0},0,0,1,{fileID: 1666585149430797},1666585149430797,0,{fileID: 0},0,{fileID: 0},0,"{fileID: -248771874, guid: 1fa22c2b5ebef5f8f09692d9ba1e5baa, type: 3}",-248771874,1fa22c2b5ebef5f8f09692d9ba1e5baa,Assets/Plugins/LeTai.TrueShadow.dll,0,"{x: 0, y: -0}",90,0,0,9.3,0.45,1,0
PerkEntry,Assets/GameObject/PerkEntry.prefab,LeTai.TrueShadow,1fa22c2b5ebef5f8f09692d9ba1e5baa,-248771874,0,[],0,"{r: 0, g: 0, b: 0, a: 1}",2,0,0,1,0,1,{fileID: 0},0,0,0,{fileID: 1736321339073131},1736321339073131,0,{fileID: 0},0,{fileID: 0},0,"{fileID: -248771874, guid: 1fa22c2b5ebef5f8f09692d9ba1e5baa, type: 3}",-248771874,1fa22c2b5ebef5f8f09692d9ba1e5baa,Assets/Plugins/LeTai.TrueShadow.dll,0,"{x: 0, y: -0}",90,0,0,21.38,0,1,0
PerkEntry,Assets/GameObject/PerkEntry.prefab,LeTai.TrueShadow,1fa22c2b5ebef5f8f09692d9ba1e5baa,-248771874,0,[],0,"{r: 0, g: 0, b: 0, a: 0}",2,0,0,0,0,0,{fileID: 0},0,0,0,{fileID: 1456655768085957},1456655768085957,0,{fileID: 0},0,{fileID: 0},0,"{fileID: -248771874, guid: 1fa22c2b5ebef5f8f09692d9ba1e5baa, type: 3}",-248771874,1fa22c2b5ebef5f8f09692d9ba1e5baa,Assets/Plugins/LeTai.TrueShadow.dll,0,"{x: 0, y: -0}",90,0,0,3,0,1,0
PerkEntry,Assets/GameObject/PerkEntry.prefab,LeTai.TrueShadow,1fa22c2b5ebef5f8f09692d9ba1e5baa,-248771874,0,[],0,"{r: 1, g: 0.44070056, b: 0.2688679, a: 0.6}",2,0,0,1,0,0,{fileID: 0},0,0,1,{fileID: 1230661840469699},1230661840469699,0,{fileID: 0},0,{fileID: 0},0,"{fileID: -248771874, guid: 1fa22c2b5ebef5f8f09692d9ba1e5baa, type: 3}",-248771874,1fa22c2b5ebef5f8f09692d9ba1e5baa,Assets/Plugins/LeTai.TrueShadow.dll,0,"{x: 0, y: -0}",90,0,0,8,0,0,0
PerkEntry,Assets/GameObject/PerkEntry.prefab,LeTai.TrueShadow,1fa22c2b5ebef5f8f09692d9ba1e5baa,-248771874,0,[],0,"{r: 0, g: 0, b: 0, a: 0.6}",2,0,0,0,0,0,{fileID: 0},0,0,0,{fileID: 1373085417407910},1373085417407910,0,{fileID: 0},0,{fileID: 0},0,"{fileID: -248771874, guid: 1fa22c2b5ebef5f8f09692d9ba1e5baa, type: 3}",-248771874,1fa22c2b5ebef5f8f09692d9ba1e5baa,Assets/Plugins/LeTai.TrueShadow.dll,0,"{x: 5.6568537, y: -5.6568546}",45,8,0,3,0.5,1,0
PerkEntry,Assets/GameObject/PerkEntry.prefab,LeTai.TrueShadow,1fa22c2b5ebef5f8f09692d9ba1e5baa,-248771874,0,[],0,"{r: 0.5256816, g: 1, b: 0.28773582, a: 0.6}",2,0,0,1,0,0,{fileID: 0},0,0,1,{fileID: 1277411743500467},1277411743500467,0,{fileID: 0},0,{fileID: 0},0,"{fileID: -248771874, guid: 1fa22c2b5ebef5f8f09692d9ba1e5baa, type: 3}",-248771874,1fa22c2b5ebef5f8f09692d9ba1e5baa,Assets/Plugins/LeTai.TrueShadow.dll,0,"{x: 0, y: -0}",90,0,0,8,0,0,0
PerkEntry,Assets/GameObject/PerkEntry.prefab,LeTai.TrueShadow,1fa22c2b5ebef5f8f09692d9ba1e5baa,-248771874,0,[],0,"{r: 0.5256816, g: 1, b: 0.28773582, a: 0.6}",2,0,0,1,0,0,{fileID: 0},0,0,1,{fileID: 1412969566304036},1412969566304036,0,{fileID: 0},0,{fileID: 0},0,"{fileID: -248771874, guid: 1fa22c2b5ebef5f8f09692d9ba1e5baa, type: 3}",-248771874,1fa22c2b5ebef5f8f09692d9ba1e5baa,Assets/Plugins/LeTai.TrueShadow.dll,0,"{x: 0, y: -0}",90,0,0,8,0,0,0
PerkEntry,Assets/GameObject/PerkEntry.prefab,LeTai.TrueShadow,1fa22c2b5ebef5f8f09692d9ba1e5baa,-248771874,0,[],0,"{r: 0.5256816, g: 1, b: 0.28773582, a: 0.6}",2,0,0,1,0,0,{fileID: 0},0,0,1,{fileID: 1220873377913628},1220873377913628,0,{fileID: 0},0,{fileID: 0},0,"{fileID: -248771874, guid: 1fa22c2b5ebef5f8f09692d9ba1e5baa, type: 3}",-248771874,1fa22c2b5ebef5f8f09692d9ba1e5baa,Assets/Plugins/LeTai.TrueShadow.dll,0,"{x: 0, y: -0}",90,0,0,8,0,0,0
