_ObjectName,_SourceFile,_Script,_ScriptGUID,_ScriptFileID,MonoBehaviour.key,MonoBehaviour.m_CorrespondingSourceObject,MonoBehaviour.m_CorrespondingSourceObject_fileID,MonoBehaviour.m_EditorHideFlags,MonoBehaviour.m_Enabled,MonoBehaviour.m_GameObject,MonoBehaviour.m_GameObject_fileID,MonoBehaviour.m_ObjectHideFlags,MonoBehaviour.m_PrefabAsset,MonoBehaviour.m_PrefabAsset_fileID,MonoBehaviour.m_PrefabInstance,MonoBehaviour.m_PrefabInstance_fileID,MonoBehaviour.m_Script,MonoBehaviour.m_Script_fileID,MonoBehaviour.m_Script_guid,MonoBehaviour.m_Script_path,MonoBehaviour.text,MonoBehaviour.text_fileID,MonoBehaviour.tmpText,MonoBehaviour.tmpText_fileID
GoldMiner,Assets/GameObject/GoldMiner.prefab,SodaLocalization,5da1616026de94000df426d5852afab6,479171897,MiniGame_GoldMiner_Shop,{fileID: 0},0,0,1,{fileID: 1485311889282516},1485311889282516,0,{fileID: 0},0,{fileID: 0},0,"{fileID: 479171897, guid: 5da1616026de94000df426d5852afab6, type: 3}",479171897,5da1616026de94000df426d5852afab6,Assets/Plugins/SodaLocalization.dll,{fileID: 0},0,{fileID: 114804084698616809},114804084698616809
GoldMiner,Assets/GameObject/GoldMiner.prefab,SodaLocalization,5da1616026de94000df426d5852afab6,479171897,MiniGame_GoldMiner_Refresh,{fileID: 0},0,0,1,{fileID: 1179890028558921},1179890028558921,0,{fileID: 0},0,{fileID: 0},0,"{fileID: 479171897, guid: 5da1616026de94000df426d5852afab6, type: 3}",479171897,5da1616026de94000df426d5852afab6,Assets/Plugins/SodaLocalization.dll,{fileID: 0},0,{fileID: 114573580759078291},114573580759078291
GoldMiner,Assets/GameObject/GoldMiner.prefab,SodaLocalization,5da1616026de94000df426d5852afab6,479171897,MiniGame_GoldMiner_Continue,{fileID: 0},0,0,1,{fileID: 1099546927690280},1099546927690280,0,{fileID: 0},0,{fileID: 0},0,"{fileID: 479171897, guid: 5da1616026de94000df426d5852afab6, type: 3}",479171897,5da1616026de94000df426d5852afab6,Assets/Plugins/SodaLocalization.dll,{fileID: 0},0,{fileID: 114992615683754507},114992615683754507
RewardEntry,Assets/GameObject/RewardEntry.prefab,SodaLocalization,5da1616026de94000df426d5852afab6,479171897,UI_Quest_NotifyClaimAtNPC,{fileID: 0},0,0,1,{fileID: 1627216215734573},1627216215734573,0,{fileID: 0},0,{fileID: 0},0,"{fileID: 479171897, guid: 5da1616026de94000df426d5852afab6, type: 3}",479171897,5da1616026de94000df426d5852afab6,Assets/Plugins/SodaLocalization.dll,{fileID: 0},0,{fileID: 114422873258223874},114422873258223874
LevelManager,Assets/GameObject/LevelManager.prefab,SodaLocalization,5da1616026de94000df426d5852afab6,479171897,Map_NoSignal,{fileID: 0},0,0,1,{fileID: 1758040823274066},1758040823274066,0,{fileID: 0},0,{fileID: 0},0,"{fileID: 479171897, guid: 5da1616026de94000df426d5852afab6, type: 3}",479171897,5da1616026de94000df426d5852afab6,Assets/Plugins/SodaLocalization.dll,{fileID: 0},0,{fileID: 114716872618783523},114716872618783523
LevelManager,Assets/GameObject/LevelManager.prefab,SodaLocalization,5da1616026de94000df426d5852afab6,479171897,Dir_N,{fileID: 0},0,0,1,{fileID: 1040280807454800},1040280807454800,0,{fileID: 0},0,{fileID: 0},0,"{fileID: 479171897, guid: 5da1616026de94000df426d5852afab6, type: 3}",479171897,5da1616026de94000df426d5852afab6,Assets/Plugins/SodaLocalization.dll,{fileID: 0},0,{fileID: 114323828158803119},114323828158803119
LevelManager,Assets/GameObject/LevelManager.prefab,SodaLocalization,5da1616026de94000df426d5852afab6,479171897,Map_Marker,{fileID: 0},0,0,1,{fileID: 1406482914327232},1406482914327232,0,{fileID: 0},0,{fileID: 0},0,"{fileID: 479171897, guid: 5da1616026de94000df426d5852afab6, type: 3}",479171897,5da1616026de94000df426d5852afab6,Assets/Plugins/SodaLocalization.dll,{fileID: 0},0,{fileID: 114854210065780173},114854210065780173
LevelManager,Assets/GameObject/LevelManager.prefab,SodaLocalization,5da1616026de94000df426d5852afab6,479171897,Map_Marker_Indicator,{fileID: 0},0,0,1,{fileID: 1180426636857487},1180426636857487,0,{fileID: 0},0,{fileID: 0},0,"{fileID: 479171897, guid: 5da1616026de94000df426d5852afab6, type: 3}",479171897,5da1616026de94000df426d5852afab6,Assets/Plugins/SodaLocalization.dll,{fileID: 0},0,{fileID: 114741602389345204},114741602389345204
LevelManager,Assets/GameObject/LevelManager.prefab,SodaLocalization,5da1616026de94000df426d5852afab6,479171897,Map_Marker_Icons,{fileID: 0},0,0,1,{fileID: 1919592819333532},1919592819333532,0,{fileID: 0},0,{fileID: 0},0,"{fileID: 479171897, guid: 5da1616026de94000df426d5852afab6, type: 3}",479171897,5da1616026de94000df426d5852afab6,Assets/Plugins/SodaLocalization.dll,{fileID: 0},0,{fileID: 114337155425074936},114337155425074936
LevelManager,Assets/GameObject/LevelManager.prefab,SodaLocalization,5da1616026de94000df426d5852afab6,479171897,Map_Marker_Color,{fileID: 0},0,0,1,{fileID: 1205872232137365},1205872232137365,0,{fileID: 0},0,{fileID: 0},0,"{fileID: 479171897, guid: 5da1616026de94000df426d5852afab6, type: 3}",479171897,5da1616026de94000df426d5852afab6,Assets/Plugins/SodaLocalization.dll,{fileID: 0},0,{fileID: 114432536774507374},114432536774507374
LevelManager,Assets/GameObject/LevelManager.prefab,SodaLocalization,5da1616026de94000df426d5852afab6,479171897,UI_Loot_QuickMenu_Instruction,{fileID: 0},0,0,1,{fileID: 1860601839633406},1860601839633406,0,{fileID: 0},0,{fileID: 0},0,"{fileID: 479171897, guid: 5da1616026de94000df426d5852afab6, type: 3}",479171897,5da1616026de94000df426d5852afab6,Assets/Plugins/SodaLocalization.dll,{fileID: 0},0,{fileID: 114860180243419737},114860180243419737
LevelManager,Assets/GameObject/LevelManager.prefab,SodaLocalization,5da1616026de94000df426d5852afab6,479171897,UI_Loot_Equipment,{fileID: 0},0,0,1,{fileID: 1238752140682781},1238752140682781,0,{fileID: 0},0,{fileID: 0},0,"{fileID: 479171897, guid: 5da1616026de94000df426d5852afab6, type: 3}",479171897,5da1616026de94000df426d5852afab6,Assets/Plugins/SodaLocalization.dll,{fileID: 0},0,{fileID: 114061172210552081},114061172210552081
LevelManager,Assets/GameObject/LevelManager.prefab,SodaLocalization,5da1616026de94000df426d5852afab6,479171897,UI_WorkbenchRequired,{fileID: 0},0,0,1,{fileID: 1258445182147780},1258445182147780,0,{fileID: 0},0,{fileID: 0},0,"{fileID: 479171897, guid: 5da1616026de94000df426d5852afab6, type: 3}",479171897,5da1616026de94000df426d5852afab6,Assets/Plugins/SodaLocalization.dll,{fileID: 0},0,{fileID: 114972375098978870},114972375098978870
LevelManager,Assets/GameObject/LevelManager.prefab,SodaLocalization,5da1616026de94000df426d5852afab6,479171897,UI_StoreAll,{fileID: 0},0,0,1,{fileID: 1823739798200169},1823739798200169,0,{fileID: 0},0,{fileID: 0},0,"{fileID: 479171897, guid: 5da1616026de94000df426d5852afab6, type: 3}",479171897,5da1616026de94000df426d5852afab6,Assets/Plugins/SodaLocalization.dll,{fileID: 0},0,{fileID: 114537785754868577},114537785754868577
LevelManager,Assets/GameObject/LevelManager.prefab,SodaLocalization,5da1616026de94000df426d5852afab6,479171897,UI_Sort,{fileID: 0},0,0,1,{fileID: 1951565877725775},1951565877725775,0,{fileID: 0},0,{fileID: 0},0,"{fileID: 479171897, guid: 5da1616026de94000df426d5852afab6, type: 3}",479171897,5da1616026de94000df426d5852afab6,Assets/Plugins/SodaLocalization.dll,{fileID: 0},0,{fileID: 114356946470395935},114356946470395935
LevelManager,Assets/GameObject/LevelManager.prefab,SodaLocalization,5da1616026de94000df426d5852afab6,479171897,Loading,{fileID: 0},0,0,1,{fileID: 1116904996292196},1116904996292196,0,{fileID: 0},0,{fileID: 0},0,"{fileID: 479171897, guid: 5da1616026de94000df426d5852afab6, type: 3}",479171897,5da1616026de94000df426d5852afab6,Assets/Plugins/SodaLocalization.dll,{fileID: 0},0,{fileID: 114811383585570298},114811383585570298
LevelManager,Assets/GameObject/LevelManager.prefab,SodaLocalization,5da1616026de94000df426d5852afab6,479171897,Loading,{fileID: 0},0,0,1,{fileID: 1948455436126455},1948455436126455,0,{fileID: 0},0,{fileID: 0},0,"{fileID: 479171897, guid: 5da1616026de94000df426d5852afab6, type: 3}",479171897,5da1616026de94000df426d5852afab6,Assets/Plugins/SodaLocalization.dll,{fileID: 0},0,{fileID: 114578630410099764},114578630410099764
LevelManager,Assets/GameObject/LevelManager.prefab,SodaLocalization,5da1616026de94000df426d5852afab6,479171897,Inventory_PlaceHolder,{fileID: 0},0,0,1,{fileID: 1804638275529482},1804638275529482,0,{fileID: 0},0,{fileID: 0},0,"{fileID: 479171897, guid: 5da1616026de94000df426d5852afab6, type: 3}",479171897,5da1616026de94000df426d5852afab6,Assets/Plugins/SodaLocalization.dll,{fileID: 0},0,{fileID: 114722116704001614},114722116704001614
LevelManager,Assets/GameObject/LevelManager.prefab,SodaLocalization,5da1616026de94000df426d5852afab6,479171897,UI_InventoryWeight,{fileID: 0},0,0,1,{fileID: 1865565386321955},1865565386321955,0,{fileID: 0},0,{fileID: 0},0,"{fileID: 479171897, guid: 5da1616026de94000df426d5852afab6, type: 3}",479171897,5da1616026de94000df426d5852afab6,Assets/Plugins/SodaLocalization.dll,{fileID: 0},0,{fileID: 114599690540791617},114599690540791617
LevelManager,Assets/GameObject/LevelManager.prefab,SodaLocalization,5da1616026de94000df426d5852afab6,479171897,UI_Sort,{fileID: 0},0,0,1,{fileID: 1688242254725961},1688242254725961,0,{fileID: 0},0,{fileID: 0},0,"{fileID: 479171897, guid: 5da1616026de94000df426d5852afab6, type: 3}",479171897,5da1616026de94000df426d5852afab6,Assets/Plugins/SodaLocalization.dll,{fileID: 0},0,{fileID: 114474082999891880},114474082999891880
LevelManager,Assets/GameObject/LevelManager.prefab,SodaLocalization,5da1616026de94000df426d5852afab6,479171897,Loading,{fileID: 0},0,0,1,{fileID: 1101343824653016},1101343824653016,0,{fileID: 0},0,{fileID: 0},0,"{fileID: 479171897, guid: 5da1616026de94000df426d5852afab6, type: 3}",479171897,5da1616026de94000df426d5852afab6,Assets/Plugins/SodaLocalization.dll,{fileID: 0},0,{fileID: 114057874566304277},114057874566304277
LevelManager,Assets/GameObject/LevelManager.prefab,SodaLocalization,5da1616026de94000df426d5852afab6,479171897,Loading,{fileID: 0},0,0,1,{fileID: 1404384036130169},1404384036130169,0,{fileID: 0},0,{fileID: 0},0,"{fileID: 479171897, guid: 5da1616026de94000df426d5852afab6, type: 3}",479171897,5da1616026de94000df426d5852afab6,Assets/Plugins/SodaLocalization.dll,{fileID: 0},0,{fileID: 114848847531319771},114848847531319771
LevelManager,Assets/GameObject/LevelManager.prefab,SodaLocalization,5da1616026de94000df426d5852afab6,479171897,Inventory_PlaceHolder,{fileID: 0},0,0,1,{fileID: 1326086091519057},1326086091519057,0,{fileID: 0},0,{fileID: 0},0,"{fileID: 479171897, guid: 5da1616026de94000df426d5852afab6, type: 3}",479171897,5da1616026de94000df426d5852afab6,Assets/Plugins/SodaLocalization.dll,{fileID: 0},0,{fileID: 114798780024928702},114798780024928702
LevelManager,Assets/GameObject/LevelManager.prefab,SodaLocalization,5da1616026de94000df426d5852afab6,479171897,UI_Sort,{fileID: 0},0,0,1,{fileID: 1234997853833067},1234997853833067,0,{fileID: 0},0,{fileID: 0},0,"{fileID: 479171897, guid: 5da1616026de94000df426d5852afab6, type: 3}",479171897,5da1616026de94000df426d5852afab6,Assets/Plugins/SodaLocalization.dll,{fileID: 0},0,{fileID: 114133253595307962},114133253595307962
LevelManager,Assets/GameObject/LevelManager.prefab,SodaLocalization,5da1616026de94000df426d5852afab6,479171897,Loading,{fileID: 0},0,0,1,{fileID: 1166430966945349},1166430966945349,0,{fileID: 0},0,{fileID: 0},0,"{fileID: 479171897, guid: 5da1616026de94000df426d5852afab6, type: 3}",479171897,5da1616026de94000df426d5852afab6,Assets/Plugins/SodaLocalization.dll,{fileID: 0},0,{fileID: 114170288609699199},114170288609699199
LevelManager,Assets/GameObject/LevelManager.prefab,SodaLocalization,5da1616026de94000df426d5852afab6,479171897,Loading,{fileID: 0},0,0,1,{fileID: 1239982237392264},1239982237392264,0,{fileID: 0},0,{fileID: 0},0,"{fileID: 479171897, guid: 5da1616026de94000df426d5852afab6, type: 3}",479171897,5da1616026de94000df426d5852afab6,Assets/Plugins/SodaLocalization.dll,{fileID: 0},0,{fileID: 114468805259896974},114468805259896974
LevelManager,Assets/GameObject/LevelManager.prefab,SodaLocalization,5da1616026de94000df426d5852afab6,479171897,Inventory_PlaceHolder,{fileID: 0},0,0,1,{fileID: 1217214684413005},1217214684413005,0,{fileID: 0},0,{fileID: 0},0,"{fileID: 479171897, guid: 5da1616026de94000df426d5852afab6, type: 3}",479171897,5da1616026de94000df426d5852afab6,Assets/Plugins/SodaLocalization.dll,{fileID: 0},0,{fileID: 114042374349202270},114042374349202270
LevelManager,Assets/GameObject/LevelManager.prefab,SodaLocalization,5da1616026de94000df426d5852afab6,479171897,UI_Loot_PickAll,{fileID: 0},0,0,1,{fileID: 1201958741020661},1201958741020661,0,{fileID: 0},0,{fileID: 0},0,"{fileID: 479171897, guid: 5da1616026de94000df426d5852afab6, type: 3}",479171897,5da1616026de94000df426d5852afab6,Assets/Plugins/SodaLocalization.dll,{fileID: 0},0,{fileID: 114665572191499372},114665572191499372
LevelManager,Assets/GameObject/LevelManager.prefab,SodaLocalization,5da1616026de94000df426d5852afab6,479171897,Usable,{fileID: 0},0,0,1,{fileID: 1228686398035951},1228686398035951,0,{fileID: 0},0,{fileID: 0},0,"{fileID: 479171897, guid: 5da1616026de94000df426d5852afab6, type: 3}",479171897,5da1616026de94000df426d5852afab6,Assets/Plugins/SodaLocalization.dll,{fileID: 0},0,{fileID: 114260929609819183},114260929609819183
LevelManager,Assets/GameObject/LevelManager.prefab,SodaLocalization,5da1616026de94000df426d5852afab6,479171897,UI_Registered,{fileID: 0},0,0,1,{fileID: 1206121367603840},1206121367603840,0,{fileID: 0},0,{fileID: 0},0,"{fileID: 479171897, guid: 5da1616026de94000df426d5852afab6, type: 3}",479171897,5da1616026de94000df426d5852afab6,Assets/Plugins/SodaLocalization.dll,{fileID: 0},0,{fileID: 114842132463246553},114842132463246553
LevelManager,Assets/GameObject/LevelManager.prefab,SodaLocalization,5da1616026de94000df426d5852afab6,479171897,UI_WorkbenchRequired,{fileID: 0},0,0,1,{fileID: 1223240448545860},1223240448545860,0,{fileID: 0},0,{fileID: 0},0,"{fileID: 479171897, guid: 5da1616026de94000df426d5852afab6, type: 3}",479171897,5da1616026de94000df426d5852afab6,Assets/Plugins/SodaLocalization.dll,{fileID: 0},0,{fileID: 114866444968659895},114866444968659895
LevelManager,Assets/GameObject/LevelManager.prefab,SodaLocalization,5da1616026de94000df426d5852afab6,479171897,UsageUtilities_Title,{fileID: 0},0,0,1,{fileID: 1333775523180900},1333775523180900,0,{fileID: 0},0,{fileID: 0},0,"{fileID: 479171897, guid: 5da1616026de94000df426d5852afab6, type: 3}",479171897,5da1616026de94000df426d5852afab6,Assets/Plugins/SodaLocalization.dll,{fileID: 0},0,{fileID: 114037188812035822},114037188812035822
LevelManager,Assets/GameObject/LevelManager.prefab,SodaLocalization,5da1616026de94000df426d5852afab6,479171897,UI_PlayerStatsView,{fileID: 0},0,0,1,{fileID: 1036079523428849},1036079523428849,0,{fileID: 0},0,{fileID: 0},0,"{fileID: 479171897, guid: 5da1616026de94000df426d5852afab6, type: 3}",479171897,5da1616026de94000df426d5852afab6,Assets/Plugins/SodaLocalization.dll,{fileID: 0},0,{fileID: 114341013057955421},114341013057955421
LevelManager,Assets/GameObject/LevelManager.prefab,SodaLocalization,5da1616026de94000df426d5852afab6,479171897,UI_Loot_QuickMenu_Instruction,{fileID: 0},0,0,1,{fileID: 1774790337465018},1774790337465018,0,{fileID: 0},0,{fileID: 0},0,"{fileID: 479171897, guid: 5da1616026de94000df426d5852afab6, type: 3}",479171897,5da1616026de94000df426d5852afab6,Assets/Plugins/SodaLocalization.dll,{fileID: 0},0,{fileID: 114757531758291624},114757531758291624
LevelManager,Assets/GameObject/LevelManager.prefab,SodaLocalization,5da1616026de94000df426d5852afab6,479171897,UI_Loot_Equipment,{fileID: 0},0,0,1,{fileID: 1062920231968716},1062920231968716,0,{fileID: 0},0,{fileID: 0},0,"{fileID: 479171897, guid: 5da1616026de94000df426d5852afab6, type: 3}",479171897,5da1616026de94000df426d5852afab6,Assets/Plugins/SodaLocalization.dll,{fileID: 0},0,{fileID: 114118925606680364},114118925606680364
LevelManager,Assets/GameObject/LevelManager.prefab,SodaLocalization,5da1616026de94000df426d5852afab6,479171897,UI_WorkbenchRequired,{fileID: 0},0,0,1,{fileID: 1219200901689860},1219200901689860,0,{fileID: 0},0,{fileID: 0},0,"{fileID: 479171897, guid: 5da1616026de94000df426d5852afab6, type: 3}",479171897,5da1616026de94000df426d5852afab6,Assets/Plugins/SodaLocalization.dll,{fileID: 0},0,{fileID: 114588826225648016},114588826225648016
LevelManager,Assets/GameObject/LevelManager.prefab,SodaLocalization,5da1616026de94000df426d5852afab6,479171897,UI_Sort,{fileID: 0},0,0,1,{fileID: 1895455814676886},1895455814676886,0,{fileID: 0},0,{fileID: 0},0,"{fileID: 479171897, guid: 5da1616026de94000df426d5852afab6, type: 3}",479171897,5da1616026de94000df426d5852afab6,Assets/Plugins/SodaLocalization.dll,{fileID: 0},0,{fileID: 114597562626976763},114597562626976763
LevelManager,Assets/GameObject/LevelManager.prefab,SodaLocalization,5da1616026de94000df426d5852afab6,479171897,Loading,{fileID: 0},0,0,1,{fileID: 1582363634527967},1582363634527967,0,{fileID: 0},0,{fileID: 0},0,"{fileID: 479171897, guid: 5da1616026de94000df426d5852afab6, type: 3}",479171897,5da1616026de94000df426d5852afab6,Assets/Plugins/SodaLocalization.dll,{fileID: 0},0,{fileID: 114102927968973560},114102927968973560
LevelManager,Assets/GameObject/LevelManager.prefab,SodaLocalization,5da1616026de94000df426d5852afab6,479171897,Loading,{fileID: 0},0,0,1,{fileID: 1062904545414836},1062904545414836,0,{fileID: 0},0,{fileID: 0},0,"{fileID: 479171897, guid: 5da1616026de94000df426d5852afab6, type: 3}",479171897,5da1616026de94000df426d5852afab6,Assets/Plugins/SodaLocalization.dll,{fileID: 0},0,{fileID: 114483988162159432},114483988162159432
LevelManager,Assets/GameObject/LevelManager.prefab,SodaLocalization,5da1616026de94000df426d5852afab6,479171897,Inventory_PlaceHolder,{fileID: 0},0,0,1,{fileID: 1039357006433844},1039357006433844,0,{fileID: 0},0,{fileID: 0},0,"{fileID: 479171897, guid: 5da1616026de94000df426d5852afab6, type: 3}",479171897,5da1616026de94000df426d5852afab6,Assets/Plugins/SodaLocalization.dll,{fileID: 0},0,{fileID: 114959638233891197},114959638233891197
LevelManager,Assets/GameObject/LevelManager.prefab,SodaLocalization,5da1616026de94000df426d5852afab6,479171897,Usable,{fileID: 0},0,0,1,{fileID: 1933541288813092},1933541288813092,0,{fileID: 0},0,{fileID: 0},0,"{fileID: 479171897, guid: 5da1616026de94000df426d5852afab6, type: 3}",479171897,5da1616026de94000df426d5852afab6,Assets/Plugins/SodaLocalization.dll,{fileID: 0},0,{fileID: 114706886526634572},114706886526634572
LevelManager,Assets/GameObject/LevelManager.prefab,SodaLocalization,5da1616026de94000df426d5852afab6,479171897,UI_Registered,{fileID: 0},0,0,1,{fileID: 1380084683312323},1380084683312323,0,{fileID: 0},0,{fileID: 0},0,"{fileID: 479171897, guid: 5da1616026de94000df426d5852afab6, type: 3}",479171897,5da1616026de94000df426d5852afab6,Assets/Plugins/SodaLocalization.dll,{fileID: 0},0,{fileID: 114585533802145469},114585533802145469
LevelManager,Assets/GameObject/LevelManager.prefab,SodaLocalization,5da1616026de94000df426d5852afab6,479171897,UI_WorkbenchRequired,{fileID: 0},0,0,1,{fileID: 1041253601427943},1041253601427943,0,{fileID: 0},0,{fileID: 0},0,"{fileID: 479171897, guid: 5da1616026de94000df426d5852afab6, type: 3}",479171897,5da1616026de94000df426d5852afab6,Assets/Plugins/SodaLocalization.dll,{fileID: 0},0,{fileID: 114538847342391070},114538847342391070
LevelManager,Assets/GameObject/LevelManager.prefab,SodaLocalization,5da1616026de94000df426d5852afab6,479171897,UsageUtilities_Title,{fileID: 0},0,0,1,{fileID: 1870255107360669},1870255107360669,0,{fileID: 0},0,{fileID: 0},0,"{fileID: 479171897, guid: 5da1616026de94000df426d5852afab6, type: 3}",479171897,5da1616026de94000df426d5852afab6,Assets/Plugins/SodaLocalization.dll,{fileID: 0},0,{fileID: 114116533050080599},114116533050080599
LevelManager,Assets/GameObject/LevelManager.prefab,SodaLocalization,5da1616026de94000df426d5852afab6,479171897,UI_Quest_Active,{fileID: 0},0,0,1,{fileID: 1619623544324437},1619623544324437,0,{fileID: 0},0,{fileID: 0},0,"{fileID: 479171897, guid: 5da1616026de94000df426d5852afab6, type: 3}",479171897,5da1616026de94000df426d5852afab6,Assets/Plugins/SodaLocalization.dll,{fileID: 0},0,{fileID: 114809710213339856},114809710213339856
LevelManager,Assets/GameObject/LevelManager.prefab,SodaLocalization,5da1616026de94000df426d5852afab6,479171897,UI_Quest_Completed,{fileID: 0},0,0,1,{fileID: 1363067422473946},1363067422473946,0,{fileID: 0},0,{fileID: 0},0,"{fileID: 479171897, guid: 5da1616026de94000df426d5852afab6, type: 3}",479171897,5da1616026de94000df426d5852afab6,Assets/Plugins/SodaLocalization.dll,{fileID: 0},0,{fileID: 114491787427393529},114491787427393529
LevelManager,Assets/GameObject/LevelManager.prefab,SodaLocalization,5da1616026de94000df426d5852afab6,479171897,UI_PlaceHolder_Empty,{fileID: 0},0,0,1,{fileID: 1247700649768788},1247700649768788,0,{fileID: 0},0,{fileID: 0},0,"{fileID: 479171897, guid: 5da1616026de94000df426d5852afab6, type: 3}",479171897,5da1616026de94000df426d5852afab6,Assets/Plugins/SodaLocalization.dll,{fileID: 0},0,{fileID: 114171282414795804},114171282414795804
LevelManager,Assets/GameObject/LevelManager.prefab,SodaLocalization,5da1616026de94000df426d5852afab6,479171897,UI_QuestItemRequiement,{fileID: 0},0,0,1,{fileID: 1562678174568813},1562678174568813,0,{fileID: 0},0,{fileID: 0},0,"{fileID: 479171897, guid: 5da1616026de94000df426d5852afab6, type: 3}",479171897,5da1616026de94000df426d5852afab6,Assets/Plugins/SodaLocalization.dll,{fileID: 0},0,{fileID: 114368241560039183},114368241560039183
LevelManager,Assets/GameObject/LevelManager.prefab,SodaLocalization,5da1616026de94000df426d5852afab6,479171897,UI_Quest_Tasks,{fileID: 0},0,0,1,{fileID: 1702506529547579},1702506529547579,0,{fileID: 0},0,{fileID: 0},0,"{fileID: 479171897, guid: 5da1616026de94000df426d5852afab6, type: 3}",479171897,5da1616026de94000df426d5852afab6,Assets/Plugins/SodaLocalization.dll,{fileID: 0},0,{fileID: 114061653531632635},114061653531632635
LevelManager,Assets/GameObject/LevelManager.prefab,SodaLocalization,5da1616026de94000df426d5852afab6,479171897,UI_Quest_Rewards,{fileID: 0},0,0,1,{fileID: 1141099513486369},1141099513486369,0,{fileID: 0},0,{fileID: 0},0,"{fileID: 479171897, guid: 5da1616026de94000df426d5852afab6, type: 3}",479171897,5da1616026de94000df426d5852afab6,Assets/Plugins/SodaLocalization.dll,{fileID: 0},0,{fileID: 114324097481118086},114324097481118086
LevelManager,Assets/GameObject/LevelManager.prefab,SodaLocalization,5da1616026de94000df426d5852afab6,479171897,UI_PlaceHolder_Empty,{fileID: 0},0,0,1,{fileID: 1976152645097342},1976152645097342,0,{fileID: 0},0,{fileID: 0},0,"{fileID: 479171897, guid: 5da1616026de94000df426d5852afab6, type: 3}",479171897,5da1616026de94000df426d5852afab6,Assets/Plugins/SodaLocalization.dll,{fileID: 0},0,{fileID: 114269684482579815},114269684482579815
LevelManager,Assets/GameObject/LevelManager.prefab,SodaLocalization,5da1616026de94000df426d5852afab6,479171897,UI_Quest,{fileID: 0},0,0,1,{fileID: 1073720857904891},1073720857904891,0,{fileID: 0},0,{fileID: 0},0,"{fileID: 479171897, guid: 5da1616026de94000df426d5852afab6, type: 3}",479171897,5da1616026de94000df426d5852afab6,Assets/Plugins/SodaLocalization.dll,{fileID: 0},0,{fileID: 114641978946121333},114641978946121333
LevelManager,Assets/GameObject/LevelManager.prefab,SodaLocalization,5da1616026de94000df426d5852afab6,479171897,UI_MasterKey,{fileID: 0},0,0,1,{fileID: 1452353806193033},1452353806193033,0,{fileID: 0},0,{fileID: 0},0,"{fileID: 479171897, guid: 5da1616026de94000df426d5852afab6, type: 3}",479171897,5da1616026de94000df426d5852afab6,Assets/Plugins/SodaLocalization.dll,{fileID: 0},0,{fileID: 114122815090743694},114122815090743694
LevelManager,Assets/GameObject/LevelManager.prefab,SodaLocalization,5da1616026de94000df426d5852afab6,479171897,UI_NoteIndex,{fileID: 0},0,0,1,{fileID: 1870492611302260},1870492611302260,0,{fileID: 0},0,{fileID: 0},0,"{fileID: 479171897, guid: 5da1616026de94000df426d5852afab6, type: 3}",479171897,5da1616026de94000df426d5852afab6,Assets/Plugins/SodaLocalization.dll,{fileID: 0},0,{fileID: 114983167883006712},114983167883006712
LevelManager,Assets/GameObject/LevelManager.prefab,SodaLocalization,5da1616026de94000df426d5852afab6,479171897,StorageDock_PlaceHolder,{fileID: 0},0,0,1,{fileID: 1235410266512422},1235410266512422,0,{fileID: 0},0,{fileID: 0},0,"{fileID: 479171897, guid: 5da1616026de94000df426d5852afab6, type: 3}",479171897,5da1616026de94000df426d5852afab6,Assets/Plugins/SodaLocalization.dll,{fileID: 0},0,{fileID: 114152106613209626},114152106613209626
LevelManager,Assets/GameObject/LevelManager.prefab,SodaLocalization,5da1616026de94000df426d5852afab6,479171897,StorageDock_Title,{fileID: 0},0,0,1,{fileID: 1786739739832154},1786739739832154,0,{fileID: 0},0,{fileID: 0},0,"{fileID: 479171897, guid: 5da1616026de94000df426d5852afab6, type: 3}",479171897,5da1616026de94000df426d5852afab6,Assets/Plugins/SodaLocalization.dll,{fileID: 0},0,{fileID: 114512026825854247},114512026825854247
LevelManager,Assets/GameObject/LevelManager.prefab,SodaLocalization,5da1616026de94000df426d5852afab6,479171897,UI_Crafting,{fileID: 0},0,0,1,{fileID: 1904670548995690},1904670548995690,0,{fileID: 0},0,{fileID: 0},0,"{fileID: 479171897, guid: 5da1616026de94000df426d5852afab6, type: 3}",479171897,5da1616026de94000df426d5852afab6,Assets/Plugins/SodaLocalization.dll,{fileID: 0},0,{fileID: 114750703233282320},114750703233282320
LevelManager,Assets/GameObject/LevelManager.prefab,SodaLocalization,5da1616026de94000df426d5852afab6,479171897,Usable,{fileID: 0},0,0,1,{fileID: 1385436936144035},1385436936144035,0,{fileID: 0},0,{fileID: 0},0,"{fileID: 479171897, guid: 5da1616026de94000df426d5852afab6, type: 3}",479171897,5da1616026de94000df426d5852afab6,Assets/Plugins/SodaLocalization.dll,{fileID: 0},0,{fileID: 114562345109534435},114562345109534435
LevelManager,Assets/GameObject/LevelManager.prefab,SodaLocalization,5da1616026de94000df426d5852afab6,479171897,UI_Registered,{fileID: 0},0,0,1,{fileID: 1123480260069967},1123480260069967,0,{fileID: 0},0,{fileID: 0},0,"{fileID: 479171897, guid: 5da1616026de94000df426d5852afab6, type: 3}",479171897,5da1616026de94000df426d5852afab6,Assets/Plugins/SodaLocalization.dll,{fileID: 0},0,{fileID: 114234284115061433},114234284115061433
LevelManager,Assets/GameObject/LevelManager.prefab,SodaLocalization,5da1616026de94000df426d5852afab6,479171897,UI_WorkbenchRequired,{fileID: 0},0,0,1,{fileID: 1888775483194763},1888775483194763,0,{fileID: 0},0,{fileID: 0},0,"{fileID: 479171897, guid: 5da1616026de94000df426d5852afab6, type: 3}",479171897,5da1616026de94000df426d5852afab6,Assets/Plugins/SodaLocalization.dll,{fileID: 0},0,{fileID: 114290091087758601},114290091087758601
LevelManager,Assets/GameObject/LevelManager.prefab,SodaLocalization,5da1616026de94000df426d5852afab6,479171897,UsageUtilities_Title,{fileID: 0},0,0,1,{fileID: 1426455352872296},1426455352872296,0,{fileID: 0},0,{fileID: 0},0,"{fileID: 479171897, guid: 5da1616026de94000df426d5852afab6, type: 3}",479171897,5da1616026de94000df426d5852afab6,Assets/Plugins/SodaLocalization.dll,{fileID: 0},0,{fileID: 114397316759848558},114397316759848558
LevelManager,Assets/GameObject/LevelManager.prefab,SodaLocalization,5da1616026de94000df426d5852afab6,479171897,UI_Crafting,{fileID: 0},0,0,1,{fileID: 1782087999486860},1782087999486860,0,{fileID: 0},0,{fileID: 0},0,"{fileID: 479171897, guid: 5da1616026de94000df426d5852afab6, type: 3}",479171897,5da1616026de94000df426d5852afab6,Assets/Plugins/SodaLocalization.dll,{fileID: 0},0,{fileID: 114957216527590349},114957216527590349
LevelManager,Assets/GameObject/LevelManager.prefab,SodaLocalization,5da1616026de94000df426d5852afab6,479171897,UI_Trade,{fileID: 0},0,0,1,{fileID: 1876110351660412},1876110351660412,0,{fileID: 0},0,{fileID: 0},0,"{fileID: 479171897, guid: 5da1616026de94000df426d5852afab6, type: 3}",479171897,5da1616026de94000df426d5852afab6,Assets/Plugins/SodaLocalization.dll,{fileID: 0},0,{fileID: 114241419893385527},114241419893385527
LevelManager,Assets/GameObject/LevelManager.prefab,SodaLocalization,5da1616026de94000df426d5852afab6,479171897,Usable,{fileID: 0},0,0,1,{fileID: 1073616443172485},1073616443172485,0,{fileID: 0},0,{fileID: 0},0,"{fileID: 479171897, guid: 5da1616026de94000df426d5852afab6, type: 3}",479171897,5da1616026de94000df426d5852afab6,Assets/Plugins/SodaLocalization.dll,{fileID: 0},0,{fileID: 114577483087583807},114577483087583807
LevelManager,Assets/GameObject/LevelManager.prefab,SodaLocalization,5da1616026de94000df426d5852afab6,479171897,UI_Registered,{fileID: 0},0,0,1,{fileID: 1956313930718050},1956313930718050,0,{fileID: 0},0,{fileID: 0},0,"{fileID: 479171897, guid: 5da1616026de94000df426d5852afab6, type: 3}",479171897,5da1616026de94000df426d5852afab6,Assets/Plugins/SodaLocalization.dll,{fileID: 0},0,{fileID: 114782948163043313},114782948163043313
LevelManager,Assets/GameObject/LevelManager.prefab,SodaLocalization,5da1616026de94000df426d5852afab6,479171897,UI_WorkbenchRequired,{fileID: 0},0,0,1,{fileID: 1731522157168160},1731522157168160,0,{fileID: 0},0,{fileID: 0},0,"{fileID: 479171897, guid: 5da1616026de94000df426d5852afab6, type: 3}",479171897,5da1616026de94000df426d5852afab6,Assets/Plugins/SodaLocalization.dll,{fileID: 0},0,{fileID: 114328660826529939},114328660826529939
LevelManager,Assets/GameObject/LevelManager.prefab,SodaLocalization,5da1616026de94000df426d5852afab6,479171897,UsageUtilities_Title,{fileID: 0},0,0,1,{fileID: 1794974387723915},1794974387723915,0,{fileID: 0},0,{fileID: 0},0,"{fileID: 479171897, guid: 5da1616026de94000df426d5852afab6, type: 3}",479171897,5da1616026de94000df426d5852afab6,Assets/Plugins/SodaLocalization.dll,{fileID: 0},0,{fileID: 114941575125190756},114941575125190756
LevelManager,Assets/GameObject/LevelManager.prefab,SodaLocalization,5da1616026de94000df426d5852afab6,479171897,UI_CannotBeSold,{fileID: 0},0,0,1,{fileID: 1251528079745382},1251528079745382,0,{fileID: 0},0,{fileID: 0},0,"{fileID: 479171897, guid: 5da1616026de94000df426d5852afab6, type: 3}",479171897,5da1616026de94000df426d5852afab6,Assets/Plugins/SodaLocalization.dll,{fileID: 0},0,{fileID: 114777370325360105},114777370325360105
LevelManager,Assets/GameObject/LevelManager.prefab,SodaLocalization,5da1616026de94000df426d5852afab6,479171897,UI_CashOnly,{fileID: 0},0,0,1,{fileID: 1472947579750177},1472947579750177,0,{fileID: 0},0,{fileID: 0},0,"{fileID: 479171897, guid: 5da1616026de94000df426d5852afab6, type: 3}",479171897,5da1616026de94000df426d5852afab6,Assets/Plugins/SodaLocalization.dll,{fileID: 0},0,{fileID: 114120485014485035},114120485014485035
LevelManager,Assets/GameObject/LevelManager.prefab,SodaLocalization,5da1616026de94000df426d5852afab6,479171897,UI_Sort,{fileID: 0},0,0,1,{fileID: 1709829374349447},1709829374349447,0,{fileID: 0},0,{fileID: 0},0,"{fileID: 479171897, guid: 5da1616026de94000df426d5852afab6, type: 3}",479171897,5da1616026de94000df426d5852afab6,Assets/Plugins/SodaLocalization.dll,{fileID: 0},0,{fileID: 114921635787596685},114921635787596685
LevelManager,Assets/GameObject/LevelManager.prefab,SodaLocalization,5da1616026de94000df426d5852afab6,479171897,Loading,{fileID: 0},0,0,1,{fileID: 1668617148140449},1668617148140449,0,{fileID: 0},0,{fileID: 0},0,"{fileID: 479171897, guid: 5da1616026de94000df426d5852afab6, type: 3}",479171897,5da1616026de94000df426d5852afab6,Assets/Plugins/SodaLocalization.dll,{fileID: 0},0,{fileID: 114543639553308910},114543639553308910
LevelManager,Assets/GameObject/LevelManager.prefab,SodaLocalization,5da1616026de94000df426d5852afab6,479171897,Loading,{fileID: 0},0,0,1,{fileID: 1597644513445162},1597644513445162,0,{fileID: 0},0,{fileID: 0},0,"{fileID: 479171897, guid: 5da1616026de94000df426d5852afab6, type: 3}",479171897,5da1616026de94000df426d5852afab6,Assets/Plugins/SodaLocalization.dll,{fileID: 0},0,{fileID: 114582403358131756},114582403358131756
LevelManager,Assets/GameObject/LevelManager.prefab,SodaLocalization,5da1616026de94000df426d5852afab6,479171897,Inventory_PlaceHolder,{fileID: 0},0,0,1,{fileID: 1937503485428640},1937503485428640,0,{fileID: 0},0,{fileID: 0},0,"{fileID: 479171897, guid: 5da1616026de94000df426d5852afab6, type: 3}",479171897,5da1616026de94000df426d5852afab6,Assets/Plugins/SodaLocalization.dll,{fileID: 0},0,{fileID: 114240626808374268},114240626808374268
LevelManager,Assets/GameObject/LevelManager.prefab,SodaLocalization,5da1616026de94000df426d5852afab6,479171897,UI_Sort,{fileID: 0},0,0,1,{fileID: 1575937882809094},1575937882809094,0,{fileID: 0},0,{fileID: 0},0,"{fileID: 479171897, guid: 5da1616026de94000df426d5852afab6, type: 3}",479171897,5da1616026de94000df426d5852afab6,Assets/Plugins/SodaLocalization.dll,{fileID: 0},0,{fileID: 114615525768424239},114615525768424239
LevelManager,Assets/GameObject/LevelManager.prefab,SodaLocalization,5da1616026de94000df426d5852afab6,479171897,Loading,{fileID: 0},0,0,1,{fileID: 1568393060937991},1568393060937991,0,{fileID: 0},0,{fileID: 0},0,"{fileID: 479171897, guid: 5da1616026de94000df426d5852afab6, type: 3}",479171897,5da1616026de94000df426d5852afab6,Assets/Plugins/SodaLocalization.dll,{fileID: 0},0,{fileID: 114517255166179346},114517255166179346
LevelManager,Assets/GameObject/LevelManager.prefab,SodaLocalization,5da1616026de94000df426d5852afab6,479171897,Loading,{fileID: 0},0,0,1,{fileID: 1309075182745813},1309075182745813,0,{fileID: 0},0,{fileID: 0},0,"{fileID: 479171897, guid: 5da1616026de94000df426d5852afab6, type: 3}",479171897,5da1616026de94000df426d5852afab6,Assets/Plugins/SodaLocalization.dll,{fileID: 0},0,{fileID: 114960306757524112},114960306757524112
LevelManager,Assets/GameObject/LevelManager.prefab,SodaLocalization,5da1616026de94000df426d5852afab6,479171897,Inventory_PlaceHolder,{fileID: 0},0,0,1,{fileID: 1450052303981571},1450052303981571,0,{fileID: 0},0,{fileID: 0},0,"{fileID: 479171897, guid: 5da1616026de94000df426d5852afab6, type: 3}",479171897,5da1616026de94000df426d5852afab6,Assets/Plugins/SodaLocalization.dll,{fileID: 0},0,{fileID: 114114269144230859},114114269144230859
LevelManager,Assets/GameObject/LevelManager.prefab,SodaLocalization,5da1616026de94000df426d5852afab6,479171897,UI_Sort,{fileID: 0},0,0,1,{fileID: 1334772216301074},1334772216301074,0,{fileID: 0},0,{fileID: 0},0,"{fileID: 479171897, guid: 5da1616026de94000df426d5852afab6, type: 3}",479171897,5da1616026de94000df426d5852afab6,Assets/Plugins/SodaLocalization.dll,{fileID: 0},0,{fileID: 114169398715593466},114169398715593466
LevelManager,Assets/GameObject/LevelManager.prefab,SodaLocalization,5da1616026de94000df426d5852afab6,479171897,Loading,{fileID: 0},0,0,1,{fileID: 1168714061584487},1168714061584487,0,{fileID: 0},0,{fileID: 0},0,"{fileID: 479171897, guid: 5da1616026de94000df426d5852afab6, type: 3}",479171897,5da1616026de94000df426d5852afab6,Assets/Plugins/SodaLocalization.dll,{fileID: 0},0,{fileID: 114327297411529170},114327297411529170
LevelManager,Assets/GameObject/LevelManager.prefab,SodaLocalization,5da1616026de94000df426d5852afab6,479171897,Loading,{fileID: 0},0,0,1,{fileID: 1150593208148663},1150593208148663,0,{fileID: 0},0,{fileID: 0},0,"{fileID: 479171897, guid: 5da1616026de94000df426d5852afab6, type: 3}",479171897,5da1616026de94000df426d5852afab6,Assets/Plugins/SodaLocalization.dll,{fileID: 0},0,{fileID: 114947410200334350},114947410200334350
LevelManager,Assets/GameObject/LevelManager.prefab,SodaLocalization,5da1616026de94000df426d5852afab6,479171897,Inventory_PlaceHolder,{fileID: 0},0,0,1,{fileID: 1884107363074005},1884107363074005,0,{fileID: 0},0,{fileID: 0},0,"{fileID: 479171897, guid: 5da1616026de94000df426d5852afab6, type: 3}",479171897,5da1616026de94000df426d5852afab6,Assets/Plugins/SodaLocalization.dll,{fileID: 0},0,{fileID: 114053644770038846},114053644770038846
LevelManager,Assets/GameObject/LevelManager.prefab,SodaLocalization,5da1616026de94000df426d5852afab6,479171897,UI_NextRefresh,{fileID: 0},0,0,1,{fileID: 1273321056040387},1273321056040387,0,{fileID: 0},0,{fileID: 0},0,"{fileID: 479171897, guid: 5da1616026de94000df426d5852afab6, type: 3}",479171897,5da1616026de94000df426d5852afab6,Assets/Plugins/SodaLocalization.dll,{fileID: 0},0,{fileID: 114533651703729118},114533651703729118
LevelManager,Assets/GameObject/LevelManager.prefab,SodaLocalization,5da1616026de94000df426d5852afab6,479171897,UI_WorkbenchRequired,{fileID: 0},0,0,1,{fileID: 1043235390787364},1043235390787364,0,{fileID: 0},0,{fileID: 0},0,"{fileID: 479171897, guid: 5da1616026de94000df426d5852afab6, type: 3}",479171897,5da1616026de94000df426d5852afab6,Assets/Plugins/SodaLocalization.dll,{fileID: 0},0,{fileID: 114929062148178417},114929062148178417
LevelManager,Assets/GameObject/LevelManager.prefab,SodaLocalization,5da1616026de94000df426d5852afab6,479171897,UI_Quest_Avliable,{fileID: 0},0,0,1,{fileID: 1521236848586246},1521236848586246,0,{fileID: 0},0,{fileID: 0},0,"{fileID: 479171897, guid: 5da1616026de94000df426d5852afab6, type: 3}",479171897,5da1616026de94000df426d5852afab6,Assets/Plugins/SodaLocalization.dll,{fileID: 0},0,{fileID: 114791897091698286},114791897091698286
LevelManager,Assets/GameObject/LevelManager.prefab,SodaLocalization,5da1616026de94000df426d5852afab6,479171897,UI_Quest_Active,{fileID: 0},0,0,1,{fileID: 1701538852623433},1701538852623433,0,{fileID: 0},0,{fileID: 0},0,"{fileID: 479171897, guid: 5da1616026de94000df426d5852afab6, type: 3}",479171897,5da1616026de94000df426d5852afab6,Assets/Plugins/SodaLocalization.dll,{fileID: 0},0,{fileID: 114398643199818625},114398643199818625
LevelManager,Assets/GameObject/LevelManager.prefab,SodaLocalization,5da1616026de94000df426d5852afab6,479171897,UI_Quest_Completed,{fileID: 0},0,0,1,{fileID: 1559479976557437},1559479976557437,0,{fileID: 0},0,{fileID: 0},0,"{fileID: 479171897, guid: 5da1616026de94000df426d5852afab6, type: 3}",479171897,5da1616026de94000df426d5852afab6,Assets/Plugins/SodaLocalization.dll,{fileID: 0},0,{fileID: 114776290423042941},114776290423042941
LevelManager,Assets/GameObject/LevelManager.prefab,SodaLocalization,5da1616026de94000df426d5852afab6,479171897,UI_PlaceHolder_Empty,{fileID: 0},0,0,1,{fileID: 1139632814329475},1139632814329475,0,{fileID: 0},0,{fileID: 0},0,"{fileID: 479171897, guid: 5da1616026de94000df426d5852afab6, type: 3}",479171897,5da1616026de94000df426d5852afab6,Assets/Plugins/SodaLocalization.dll,{fileID: 0},0,{fileID: 114431523437701958},114431523437701958
LevelManager,Assets/GameObject/LevelManager.prefab,SodaLocalization,5da1616026de94000df426d5852afab6,479171897,UI_QuestItemRequiement,{fileID: 0},0,0,1,{fileID: 1812664974205671},1812664974205671,0,{fileID: 0},0,{fileID: 0},0,"{fileID: 479171897, guid: 5da1616026de94000df426d5852afab6, type: 3}",479171897,5da1616026de94000df426d5852afab6,Assets/Plugins/SodaLocalization.dll,{fileID: 0},0,{fileID: 114260499717500950},114260499717500950
LevelManager,Assets/GameObject/LevelManager.prefab,SodaLocalization,5da1616026de94000df426d5852afab6,479171897,UI_Quest_TaskList,{fileID: 0},0,0,1,{fileID: 1247944047191311},1247944047191311,0,{fileID: 0},0,{fileID: 0},0,"{fileID: 479171897, guid: 5da1616026de94000df426d5852afab6, type: 3}",479171897,5da1616026de94000df426d5852afab6,Assets/Plugins/SodaLocalization.dll,{fileID: 0},0,{fileID: 114684627116020586},114684627116020586
LevelManager,Assets/GameObject/LevelManager.prefab,SodaLocalization,5da1616026de94000df426d5852afab6,479171897,UI_Quest_RewardList,{fileID: 0},0,0,1,{fileID: 1583753904578460},1583753904578460,0,{fileID: 0},0,{fileID: 0},0,"{fileID: 479171897, guid: 5da1616026de94000df426d5852afab6, type: 3}",479171897,5da1616026de94000df426d5852afab6,Assets/Plugins/SodaLocalization.dll,{fileID: 0},0,{fileID: 114011147999705387},114011147999705387
LevelManager,Assets/GameObject/LevelManager.prefab,SodaLocalization,5da1616026de94000df426d5852afab6,479171897,UI_PlaceHolder_Empty,{fileID: 0},0,0,1,{fileID: 1448902082855941},1448902082855941,0,{fileID: 0},0,{fileID: 0},0,"{fileID: 479171897, guid: 5da1616026de94000df426d5852afab6, type: 3}",479171897,5da1616026de94000df426d5852afab6,Assets/Plugins/SodaLocalization.dll,{fileID: 0},0,{fileID: 114713461348500410},114713461348500410
LevelManager,Assets/GameObject/LevelManager.prefab,SodaLocalization,5da1616026de94000df426d5852afab6,479171897,UI_Quest,{fileID: 0},0,0,1,{fileID: 1142410770870085},1142410770870085,0,{fileID: 0},0,{fileID: 0},0,"{fileID: 479171897, guid: 5da1616026de94000df426d5852afab6, type: 3}",479171897,5da1616026de94000df426d5852afab6,Assets/Plugins/SodaLocalization.dll,{fileID: 0},0,{fileID: 114822521642509936},114822521642509936
LevelManager,Assets/GameObject/LevelManager.prefab,SodaLocalization,5da1616026de94000df426d5852afab6,479171897,UI_Quest_Reward,{fileID: 0},0,0,1,{fileID: 1999349338975284},1999349338975284,0,{fileID: 0},0,{fileID: 0},0,"{fileID: 479171897, guid: 5da1616026de94000df426d5852afab6, type: 3}",479171897,5da1616026de94000df426d5852afab6,Assets/Plugins/SodaLocalization.dll,{fileID: 0},0,{fileID: 114915025079295250},114915025079295250
LevelManager,Assets/GameObject/LevelManager.prefab,SodaLocalization,5da1616026de94000df426d5852afab6,479171897,UI_TakeAll,{fileID: 0},0,0,1,{fileID: 1372685863215746},1372685863215746,0,{fileID: 0},0,{fileID: 0},0,"{fileID: 479171897, guid: 5da1616026de94000df426d5852afab6, type: 3}",479171897,5da1616026de94000df426d5852afab6,Assets/Plugins/SodaLocalization.dll,{fileID: 0},0,{fileID: 114018715534115953},114018715534115953
LevelManager,Assets/GameObject/LevelManager.prefab,SodaLocalization,5da1616026de94000df426d5852afab6,479171897,UI_Skip,{fileID: 0},0,0,1,{fileID: 1706291565108386},1706291565108386,0,{fileID: 0},0,{fileID: 0},0,"{fileID: 479171897, guid: 5da1616026de94000df426d5852afab6, type: 3}",479171897,5da1616026de94000df426d5852afab6,Assets/Plugins/SodaLocalization.dll,{fileID: 0},0,{fileID: 114721942660916208},114721942660916208
LevelManager,Assets/GameObject/LevelManager.prefab,SodaLocalization,5da1616026de94000df426d5852afab6,479171897,UI_YourStuff,{fileID: 0},0,0,1,{fileID: 1612309245118704},1612309245118704,0,{fileID: 0},0,{fileID: 0},0,"{fileID: 479171897, guid: 5da1616026de94000df426d5852afab6, type: 3}",479171897,5da1616026de94000df426d5852afab6,Assets/Plugins/SodaLocalization.dll,{fileID: 0},0,{fileID: 114930241162217570},114930241162217570
LevelManager,Assets/GameObject/LevelManager.prefab,SodaLocalization,5da1616026de94000df426d5852afab6,479171897,UI_Loot_Equipment,{fileID: 0},0,0,1,{fileID: 1827818561450253},1827818561450253,0,{fileID: 0},0,{fileID: 0},0,"{fileID: 479171897, guid: 5da1616026de94000df426d5852afab6, type: 3}",479171897,5da1616026de94000df426d5852afab6,Assets/Plugins/SodaLocalization.dll,{fileID: 0},0,{fileID: 114418506419309649},114418506419309649
LevelManager,Assets/GameObject/LevelManager.prefab,SodaLocalization,5da1616026de94000df426d5852afab6,479171897,UI_WorkbenchRequired,{fileID: 0},0,0,1,{fileID: 1682945927732202},1682945927732202,0,{fileID: 0},0,{fileID: 0},0,"{fileID: 479171897, guid: 5da1616026de94000df426d5852afab6, type: 3}",479171897,5da1616026de94000df426d5852afab6,Assets/Plugins/SodaLocalization.dll,{fileID: 0},0,{fileID: 114968435899679437},114968435899679437
LevelManager,Assets/GameObject/LevelManager.prefab,SodaLocalization,5da1616026de94000df426d5852afab6,479171897,UI_Sort,{fileID: 0},0,0,1,{fileID: 1169262529137927},1169262529137927,0,{fileID: 0},0,{fileID: 0},0,"{fileID: 479171897, guid: 5da1616026de94000df426d5852afab6, type: 3}",479171897,5da1616026de94000df426d5852afab6,Assets/Plugins/SodaLocalization.dll,{fileID: 0},0,{fileID: 114007522271801831},114007522271801831
LevelManager,Assets/GameObject/LevelManager.prefab,SodaLocalization,5da1616026de94000df426d5852afab6,479171897,Loading,{fileID: 0},0,0,1,{fileID: 1032551578126410},1032551578126410,0,{fileID: 0},0,{fileID: 0},0,"{fileID: 479171897, guid: 5da1616026de94000df426d5852afab6, type: 3}",479171897,5da1616026de94000df426d5852afab6,Assets/Plugins/SodaLocalization.dll,{fileID: 0},0,{fileID: 114494207303832137},114494207303832137
LevelManager,Assets/GameObject/LevelManager.prefab,SodaLocalization,5da1616026de94000df426d5852afab6,479171897,Loading,{fileID: 0},0,0,1,{fileID: 1100234280248638},1100234280248638,0,{fileID: 0},0,{fileID: 0},0,"{fileID: 479171897, guid: 5da1616026de94000df426d5852afab6, type: 3}",479171897,5da1616026de94000df426d5852afab6,Assets/Plugins/SodaLocalization.dll,{fileID: 0},0,{fileID: 114208295922998942},114208295922998942
LevelManager,Assets/GameObject/LevelManager.prefab,SodaLocalization,5da1616026de94000df426d5852afab6,479171897,Inventory_PlaceHolder,{fileID: 0},0,0,1,{fileID: 1353695069575422},1353695069575422,0,{fileID: 0},0,{fileID: 0},0,"{fileID: 479171897, guid: 5da1616026de94000df426d5852afab6, type: 3}",479171897,5da1616026de94000df426d5852afab6,Assets/Plugins/SodaLocalization.dll,{fileID: 0},0,{fileID: 114772624289489195},114772624289489195
LevelManager,Assets/GameObject/LevelManager.prefab,SodaLocalization,5da1616026de94000df426d5852afab6,479171897,UI_Workbench_Uncustomizable,{fileID: 0},0,0,1,{fileID: 1212847744148395},1212847744148395,0,{fileID: 0},0,{fileID: 0},0,"{fileID: 479171897, guid: 5da1616026de94000df426d5852afab6, type: 3}",479171897,5da1616026de94000df426d5852afab6,Assets/Plugins/SodaLocalization.dll,{fileID: 0},0,{fileID: 114882185454442270},114882185454442270
LevelManager,Assets/GameObject/LevelManager.prefab,SodaLocalization,5da1616026de94000df426d5852afab6,479171897,UI_Workbench_Begin,{fileID: 0},0,0,1,{fileID: 1711050474203600},1711050474203600,0,{fileID: 0},0,{fileID: 0},0,"{fileID: 479171897, guid: 5da1616026de94000df426d5852afab6, type: 3}",479171897,5da1616026de94000df426d5852afab6,Assets/Plugins/SodaLocalization.dll,{fileID: 0},0,{fileID: 114956554628973089},114956554628973089
LevelManager,Assets/GameObject/LevelManager.prefab,SodaLocalization,5da1616026de94000df426d5852afab6,479171897,UI_Workbench_NotifySelect,{fileID: 0},0,0,1,{fileID: 1060129030391758},1060129030391758,0,{fileID: 0},0,{fileID: 0},0,"{fileID: 479171897, guid: 5da1616026de94000df426d5852afab6, type: 3}",479171897,5da1616026de94000df426d5852afab6,Assets/Plugins/SodaLocalization.dll,{fileID: 0},0,{fileID: 114394291273967062},114394291273967062
LevelManager,Assets/GameObject/LevelManager.prefab,SodaLocalization,5da1616026de94000df426d5852afab6,479171897,Usable,{fileID: 0},0,0,1,{fileID: 1953142792243086},1953142792243086,0,{fileID: 0},0,{fileID: 0},0,"{fileID: 479171897, guid: 5da1616026de94000df426d5852afab6, type: 3}",479171897,5da1616026de94000df426d5852afab6,Assets/Plugins/SodaLocalization.dll,{fileID: 0},0,{fileID: 114435522684764354},114435522684764354
LevelManager,Assets/GameObject/LevelManager.prefab,SodaLocalization,5da1616026de94000df426d5852afab6,479171897,UI_Registered,{fileID: 0},0,0,1,{fileID: 1814269065585952},1814269065585952,0,{fileID: 0},0,{fileID: 0},0,"{fileID: 479171897, guid: 5da1616026de94000df426d5852afab6, type: 3}",479171897,5da1616026de94000df426d5852afab6,Assets/Plugins/SodaLocalization.dll,{fileID: 0},0,{fileID: 114005188363082456},114005188363082456
LevelManager,Assets/GameObject/LevelManager.prefab,SodaLocalization,5da1616026de94000df426d5852afab6,479171897,UI_WorkbenchRequired,{fileID: 0},0,0,1,{fileID: 1880986095398084},1880986095398084,0,{fileID: 0},0,{fileID: 0},0,"{fileID: 479171897, guid: 5da1616026de94000df426d5852afab6, type: 3}",479171897,5da1616026de94000df426d5852afab6,Assets/Plugins/SodaLocalization.dll,{fileID: 0},0,{fileID: 114378154308968654},114378154308968654
LevelManager,Assets/GameObject/LevelManager.prefab,SodaLocalization,5da1616026de94000df426d5852afab6,479171897,UsageUtilities_Title,{fileID: 0},0,0,1,{fileID: 1004998169131082},1004998169131082,0,{fileID: 0},0,{fileID: 0},0,"{fileID: 479171897, guid: 5da1616026de94000df426d5852afab6, type: 3}",479171897,5da1616026de94000df426d5852afab6,Assets/Plugins/SodaLocalization.dll,{fileID: 0},0,{fileID: 114183061170854647},114183061170854647
LevelManager,Assets/GameObject/LevelManager.prefab,SodaLocalization,5da1616026de94000df426d5852afab6,479171897,UI_Sort,{fileID: 0},0,0,1,{fileID: 1522984129447167},1522984129447167,0,{fileID: 0},0,{fileID: 0},0,"{fileID: 479171897, guid: 5da1616026de94000df426d5852afab6, type: 3}",479171897,5da1616026de94000df426d5852afab6,Assets/Plugins/SodaLocalization.dll,{fileID: 0},0,{fileID: 114233496605142741},114233496605142741
LevelManager,Assets/GameObject/LevelManager.prefab,SodaLocalization,5da1616026de94000df426d5852afab6,479171897,Loading,{fileID: 0},0,0,1,{fileID: 1460667584259828},1460667584259828,0,{fileID: 0},0,{fileID: 0},0,"{fileID: 479171897, guid: 5da1616026de94000df426d5852afab6, type: 3}",479171897,5da1616026de94000df426d5852afab6,Assets/Plugins/SodaLocalization.dll,{fileID: 0},0,{fileID: 114668778789066228},114668778789066228
LevelManager,Assets/GameObject/LevelManager.prefab,SodaLocalization,5da1616026de94000df426d5852afab6,479171897,Loading,{fileID: 0},0,0,1,{fileID: 1424081824174713},1424081824174713,0,{fileID: 0},0,{fileID: 0},0,"{fileID: 479171897, guid: 5da1616026de94000df426d5852afab6, type: 3}",479171897,5da1616026de94000df426d5852afab6,Assets/Plugins/SodaLocalization.dll,{fileID: 0},0,{fileID: 114596841005403596},114596841005403596
LevelManager,Assets/GameObject/LevelManager.prefab,SodaLocalization,5da1616026de94000df426d5852afab6,479171897,Inventory_PlaceHolder,{fileID: 0},0,0,1,{fileID: 1774797323531099},1774797323531099,0,{fileID: 0},0,{fileID: 0},0,"{fileID: 479171897, guid: 5da1616026de94000df426d5852afab6, type: 3}",479171897,5da1616026de94000df426d5852afab6,Assets/Plugins/SodaLocalization.dll,{fileID: 0},0,{fileID: 114279040689570848},114279040689570848
LevelManager,Assets/GameObject/LevelManager.prefab,SodaLocalization,5da1616026de94000df426d5852afab6,479171897,UI_Sort,{fileID: 0},0,0,1,{fileID: 1561218730401248},1561218730401248,0,{fileID: 0},0,{fileID: 0},0,"{fileID: 479171897, guid: 5da1616026de94000df426d5852afab6, type: 3}",479171897,5da1616026de94000df426d5852afab6,Assets/Plugins/SodaLocalization.dll,{fileID: 0},0,{fileID: 114991153048350015},114991153048350015
LevelManager,Assets/GameObject/LevelManager.prefab,SodaLocalization,5da1616026de94000df426d5852afab6,479171897,Loading,{fileID: 0},0,0,1,{fileID: 1328485019952873},1328485019952873,0,{fileID: 0},0,{fileID: 0},0,"{fileID: 479171897, guid: 5da1616026de94000df426d5852afab6, type: 3}",479171897,5da1616026de94000df426d5852afab6,Assets/Plugins/SodaLocalization.dll,{fileID: 0},0,{fileID: 114943956994330088},114943956994330088
LevelManager,Assets/GameObject/LevelManager.prefab,SodaLocalization,5da1616026de94000df426d5852afab6,479171897,Loading,{fileID: 0},0,0,1,{fileID: 1321256353441786},1321256353441786,0,{fileID: 0},0,{fileID: 0},0,"{fileID: 479171897, guid: 5da1616026de94000df426d5852afab6, type: 3}",479171897,5da1616026de94000df426d5852afab6,Assets/Plugins/SodaLocalization.dll,{fileID: 0},0,{fileID: 114654308833537047},114654308833537047
LevelManager,Assets/GameObject/LevelManager.prefab,SodaLocalization,5da1616026de94000df426d5852afab6,479171897,Inventory_PlaceHolder,{fileID: 0},0,0,1,{fileID: 1071315331791902},1071315331791902,0,{fileID: 0},0,{fileID: 0},0,"{fileID: 479171897, guid: 5da1616026de94000df426d5852afab6, type: 3}",479171897,5da1616026de94000df426d5852afab6,Assets/Plugins/SodaLocalization.dll,{fileID: 0},0,{fileID: 114012903148037075},114012903148037075
LevelManager,Assets/GameObject/LevelManager.prefab,SodaLocalization,5da1616026de94000df426d5852afab6,479171897,UI_Decompose_output,{fileID: 0},0,0,1,{fileID: 1363779682728137},1363779682728137,0,{fileID: 0},0,{fileID: 0},0,"{fileID: 479171897, guid: 5da1616026de94000df426d5852afab6, type: 3}",479171897,5da1616026de94000df426d5852afab6,Assets/Plugins/SodaLocalization.dll,{fileID: 0},0,{fileID: 114747363030685912},114747363030685912
LevelManager,Assets/GameObject/LevelManager.prefab,SodaLocalization,5da1616026de94000df426d5852afab6,479171897,UI_ItemDecompose,{fileID: 0},0,0,1,{fileID: 1940855250068512},1940855250068512,0,{fileID: 0},0,{fileID: 0},0,"{fileID: 479171897, guid: 5da1616026de94000df426d5852afab6, type: 3}",479171897,5da1616026de94000df426d5852afab6,Assets/Plugins/SodaLocalization.dll,{fileID: 0},0,{fileID: 114531563587432002},114531563587432002
LevelManager,Assets/GameObject/LevelManager.prefab,SodaLocalization,5da1616026de94000df426d5852afab6,479171897,UI_ItemDecompose_Invalid,{fileID: 0},0,0,1,{fileID: 1022717920996183},1022717920996183,0,{fileID: 0},0,{fileID: 0},0,"{fileID: 479171897, guid: 5da1616026de94000df426d5852afab6, type: 3}",479171897,5da1616026de94000df426d5852afab6,Assets/Plugins/SodaLocalization.dll,{fileID: 0},0,{fileID: 114366554207474147},114366554207474147
LevelManager,Assets/GameObject/LevelManager.prefab,SodaLocalization,5da1616026de94000df426d5852afab6,479171897,UI_ItemDecompose_PleaseSelect,{fileID: 0},0,0,1,{fileID: 1234083269384534},1234083269384534,0,{fileID: 0},0,{fileID: 0},0,"{fileID: 479171897, guid: 5da1616026de94000df426d5852afab6, type: 3}",479171897,5da1616026de94000df426d5852afab6,Assets/Plugins/SodaLocalization.dll,{fileID: 0},0,{fileID: 114468053777893972},114468053777893972
LevelManager,Assets/GameObject/LevelManager.prefab,SodaLocalization,5da1616026de94000df426d5852afab6,479171897,Usable,{fileID: 0},0,0,1,{fileID: 1664052218919431},1664052218919431,0,{fileID: 0},0,{fileID: 0},0,"{fileID: 479171897, guid: 5da1616026de94000df426d5852afab6, type: 3}",479171897,5da1616026de94000df426d5852afab6,Assets/Plugins/SodaLocalization.dll,{fileID: 0},0,{fileID: 114203790985828904},114203790985828904
LevelManager,Assets/GameObject/LevelManager.prefab,SodaLocalization,5da1616026de94000df426d5852afab6,479171897,UI_Registered,{fileID: 0},0,0,1,{fileID: 1274702314770166},1274702314770166,0,{fileID: 0},0,{fileID: 0},0,"{fileID: 479171897, guid: 5da1616026de94000df426d5852afab6, type: 3}",479171897,5da1616026de94000df426d5852afab6,Assets/Plugins/SodaLocalization.dll,{fileID: 0},0,{fileID: 114004027780576347},114004027780576347
LevelManager,Assets/GameObject/LevelManager.prefab,SodaLocalization,5da1616026de94000df426d5852afab6,479171897,UI_WorkbenchRequired,{fileID: 0},0,0,1,{fileID: 1699950982446183},1699950982446183,0,{fileID: 0},0,{fileID: 0},0,"{fileID: 479171897, guid: 5da1616026de94000df426d5852afab6, type: 3}",479171897,5da1616026de94000df426d5852afab6,Assets/Plugins/SodaLocalization.dll,{fileID: 0},0,{fileID: 114726292783026866},114726292783026866
LevelManager,Assets/GameObject/LevelManager.prefab,SodaLocalization,5da1616026de94000df426d5852afab6,479171897,UsageUtilities_Title,{fileID: 0},0,0,1,{fileID: 1574497964353433},1574497964353433,0,{fileID: 0},0,{fileID: 0},0,"{fileID: 479171897, guid: 5da1616026de94000df426d5852afab6, type: 3}",479171897,5da1616026de94000df426d5852afab6,Assets/Plugins/SodaLocalization.dll,{fileID: 0},0,{fileID: 114061263572252396},114061263572252396
LevelManager,Assets/GameObject/LevelManager.prefab,SodaLocalization,5da1616026de94000df426d5852afab6,479171897,Usable,{fileID: 0},0,0,1,{fileID: 1616078292209826},1616078292209826,0,{fileID: 0},0,{fileID: 0},0,"{fileID: 479171897, guid: 5da1616026de94000df426d5852afab6, type: 3}",479171897,5da1616026de94000df426d5852afab6,Assets/Plugins/SodaLocalization.dll,{fileID: 0},0,{fileID: 114443541954650727},114443541954650727
LevelManager,Assets/GameObject/LevelManager.prefab,SodaLocalization,5da1616026de94000df426d5852afab6,479171897,UI_Registered,{fileID: 0},0,0,1,{fileID: 1574966986029836},1574966986029836,0,{fileID: 0},0,{fileID: 0},0,"{fileID: 479171897, guid: 5da1616026de94000df426d5852afab6, type: 3}",479171897,5da1616026de94000df426d5852afab6,Assets/Plugins/SodaLocalization.dll,{fileID: 0},0,{fileID: 114015616051580012},114015616051580012
LevelManager,Assets/GameObject/LevelManager.prefab,SodaLocalization,5da1616026de94000df426d5852afab6,479171897,UI_WorkbenchRequired,{fileID: 0},0,0,1,{fileID: 1421035896226215},1421035896226215,0,{fileID: 0},0,{fileID: 0},0,"{fileID: 479171897, guid: 5da1616026de94000df426d5852afab6, type: 3}",479171897,5da1616026de94000df426d5852afab6,Assets/Plugins/SodaLocalization.dll,{fileID: 0},0,{fileID: 114724198753808790},114724198753808790
LevelManager,Assets/GameObject/LevelManager.prefab,SodaLocalization,5da1616026de94000df426d5852afab6,479171897,UsageUtilities_Title,{fileID: 0},0,0,1,{fileID: 1596857862767393},1596857862767393,0,{fileID: 0},0,{fileID: 0},0,"{fileID: 479171897, guid: 5da1616026de94000df426d5852afab6, type: 3}",479171897,5da1616026de94000df426d5852afab6,Assets/Plugins/SodaLocalization.dll,{fileID: 0},0,{fileID: 114682768306720172},114682768306720172
LevelManager,Assets/GameObject/LevelManager.prefab,SodaLocalization,5da1616026de94000df426d5852afab6,479171897,Usable,{fileID: 0},0,0,1,{fileID: 1536945026091814},1536945026091814,0,{fileID: 0},0,{fileID: 0},0,"{fileID: 479171897, guid: 5da1616026de94000df426d5852afab6, type: 3}",479171897,5da1616026de94000df426d5852afab6,Assets/Plugins/SodaLocalization.dll,{fileID: 0},0,{fileID: 114784941380431523},114784941380431523
LevelManager,Assets/GameObject/LevelManager.prefab,SodaLocalization,5da1616026de94000df426d5852afab6,479171897,UI_Registered,{fileID: 0},0,0,1,{fileID: 1767395564285827},1767395564285827,0,{fileID: 0},0,{fileID: 0},0,"{fileID: 479171897, guid: 5da1616026de94000df426d5852afab6, type: 3}",479171897,5da1616026de94000df426d5852afab6,Assets/Plugins/SodaLocalization.dll,{fileID: 0},0,{fileID: 114770146097445683},114770146097445683
LevelManager,Assets/GameObject/LevelManager.prefab,SodaLocalization,5da1616026de94000df426d5852afab6,479171897,UI_WorkbenchRequired,{fileID: 0},0,0,1,{fileID: 1845426382782405},1845426382782405,0,{fileID: 0},0,{fileID: 0},0,"{fileID: 479171897, guid: 5da1616026de94000df426d5852afab6, type: 3}",479171897,5da1616026de94000df426d5852afab6,Assets/Plugins/SodaLocalization.dll,{fileID: 0},0,{fileID: 114990367902502134},114990367902502134
LevelManager,Assets/GameObject/LevelManager.prefab,SodaLocalization,5da1616026de94000df426d5852afab6,479171897,UsageUtilities_Title,{fileID: 0},0,0,1,{fileID: 1734339959881090},1734339959881090,0,{fileID: 0},0,{fileID: 0},0,"{fileID: 479171897, guid: 5da1616026de94000df426d5852afab6, type: 3}",479171897,5da1616026de94000df426d5852afab6,Assets/Plugins/SodaLocalization.dll,{fileID: 0},0,{fileID: 114020199962939088},114020199962939088
LevelManager,Assets/GameObject/LevelManager.prefab,SodaLocalization,5da1616026de94000df426d5852afab6,479171897,UI_Workbench_Unequip,{fileID: 0},0,0,1,{fileID: 1283941537264984},1283941537264984,0,{fileID: 0},0,{fileID: 0},0,"{fileID: 479171897, guid: 5da1616026de94000df426d5852afab6, type: 3}",479171897,5da1616026de94000df426d5852afab6,Assets/Plugins/SodaLocalization.dll,{fileID: 0},0,{fileID: 114403615422500267},114403615422500267
LevelManager,Assets/GameObject/LevelManager.prefab,SodaLocalization,5da1616026de94000df426d5852afab6,479171897,UI_Workbench_Equip,{fileID: 0},0,0,1,{fileID: 1241586096252224},1241586096252224,0,{fileID: 0},0,{fileID: 0},0,"{fileID: 479171897, guid: 5da1616026de94000df426d5852afab6, type: 3}",479171897,5da1616026de94000df426d5852afab6,Assets/Plugins/SodaLocalization.dll,{fileID: 0},0,{fileID: 114701394302770645},114701394302770645
LevelManager,Assets/GameObject/LevelManager.prefab,SodaLocalization,5da1616026de94000df426d5852afab6,479171897,UI_Loot_Equipment,{fileID: 0},0,0,1,{fileID: 1576355264920116},1576355264920116,0,{fileID: 0},0,{fileID: 0},0,"{fileID: 479171897, guid: 5da1616026de94000df426d5852afab6, type: 3}",479171897,5da1616026de94000df426d5852afab6,Assets/Plugins/SodaLocalization.dll,{fileID: 0},0,{fileID: 114204040593260657},114204040593260657
LevelManager,Assets/GameObject/LevelManager.prefab,SodaLocalization,5da1616026de94000df426d5852afab6,479171897,UI_WorkbenchRequired,{fileID: 0},0,0,1,{fileID: 1928772709981475},1928772709981475,0,{fileID: 0},0,{fileID: 0},0,"{fileID: 479171897, guid: 5da1616026de94000df426d5852afab6, type: 3}",479171897,5da1616026de94000df426d5852afab6,Assets/Plugins/SodaLocalization.dll,{fileID: 0},0,{fileID: 114977510244017147},114977510244017147
LevelManager,Assets/GameObject/LevelManager.prefab,SodaLocalization,5da1616026de94000df426d5852afab6,479171897,UI_Sort,{fileID: 0},0,0,1,{fileID: 1543135892414759},1543135892414759,0,{fileID: 0},0,{fileID: 0},0,"{fileID: 479171897, guid: 5da1616026de94000df426d5852afab6, type: 3}",479171897,5da1616026de94000df426d5852afab6,Assets/Plugins/SodaLocalization.dll,{fileID: 0},0,{fileID: 114145768467962544},114145768467962544
LevelManager,Assets/GameObject/LevelManager.prefab,SodaLocalization,5da1616026de94000df426d5852afab6,479171897,Loading,{fileID: 0},0,0,1,{fileID: 1267209658692122},1267209658692122,0,{fileID: 0},0,{fileID: 0},0,"{fileID: 479171897, guid: 5da1616026de94000df426d5852afab6, type: 3}",479171897,5da1616026de94000df426d5852afab6,Assets/Plugins/SodaLocalization.dll,{fileID: 0},0,{fileID: 114648155809182780},114648155809182780
LevelManager,Assets/GameObject/LevelManager.prefab,SodaLocalization,5da1616026de94000df426d5852afab6,479171897,Loading,{fileID: 0},0,0,1,{fileID: 1164915326621271},1164915326621271,0,{fileID: 0},0,{fileID: 0},0,"{fileID: 479171897, guid: 5da1616026de94000df426d5852afab6, type: 3}",479171897,5da1616026de94000df426d5852afab6,Assets/Plugins/SodaLocalization.dll,{fileID: 0},0,{fileID: 114120031903096377},114120031903096377
LevelManager,Assets/GameObject/LevelManager.prefab,SodaLocalization,5da1616026de94000df426d5852afab6,479171897,Inventory_PlaceHolder,{fileID: 0},0,0,1,{fileID: 1098850147185166},1098850147185166,0,{fileID: 0},0,{fileID: 0},0,"{fileID: 479171897, guid: 5da1616026de94000df426d5852afab6, type: 3}",479171897,5da1616026de94000df426d5852afab6,Assets/Plugins/SodaLocalization.dll,{fileID: 0},0,{fileID: 114420440490213452},114420440490213452
LevelManager,Assets/GameObject/LevelManager.prefab,SodaLocalization,5da1616026de94000df426d5852afab6,479171897,UI_ItemRepair_DurabilityMax,{fileID: 0},0,0,1,{fileID: 1545664595198605},1545664595198605,0,{fileID: 0},0,{fileID: 0},0,"{fileID: 479171897, guid: 5da1616026de94000df426d5852afab6, type: 3}",479171897,5da1616026de94000df426d5852afab6,Assets/Plugins/SodaLocalization.dll,{fileID: 0},0,{fileID: 114233347471201383},114233347471201383
LevelManager,Assets/GameObject/LevelManager.prefab,SodaLocalization,5da1616026de94000df426d5852afab6,479171897,UI_ItemRepair_Broken,{fileID: 0},0,0,1,{fileID: 1386392067150116},1386392067150116,0,{fileID: 0},0,{fileID: 0},0,"{fileID: 479171897, guid: 5da1616026de94000df426d5852afab6, type: 3}",479171897,5da1616026de94000df426d5852afab6,Assets/Plugins/SodaLocalization.dll,{fileID: 0},0,{fileID: 114816053423994007},114816053423994007
LevelManager,Assets/GameObject/LevelManager.prefab,SodaLocalization,5da1616026de94000df426d5852afab6,479171897,UI_ItemRepair_CannotRepair,{fileID: 0},0,0,1,{fileID: 1842943775976417},1842943775976417,0,{fileID: 0},0,{fileID: 0},0,"{fileID: 479171897, guid: 5da1616026de94000df426d5852afab6, type: 3}",479171897,5da1616026de94000df426d5852afab6,Assets/Plugins/SodaLocalization.dll,{fileID: 0},0,{fileID: 114133245245931301},114133245245931301
LevelManager,Assets/GameObject/LevelManager.prefab,SodaLocalization,5da1616026de94000df426d5852afab6,479171897,UI_ItemRepair_Repair,{fileID: 0},0,0,1,{fileID: 1762043786929040},1762043786929040,0,{fileID: 0},0,{fileID: 0},0,"{fileID: 479171897, guid: 5da1616026de94000df426d5852afab6, type: 3}",479171897,5da1616026de94000df426d5852afab6,Assets/Plugins/SodaLocalization.dll,{fileID: 0},0,{fileID: 114380632050703460},114380632050703460
LevelManager,Assets/GameObject/LevelManager.prefab,SodaLocalization,5da1616026de94000df426d5852afab6,479171897,UI_ItemRepair_Repair,{fileID: 0},0,0,1,{fileID: 1979000381954433},1979000381954433,0,{fileID: 0},0,{fileID: 0},0,"{fileID: 479171897, guid: 5da1616026de94000df426d5852afab6, type: 3}",479171897,5da1616026de94000df426d5852afab6,Assets/Plugins/SodaLocalization.dll,{fileID: 0},0,{fileID: 114797789002418631},114797789002418631
LevelManager,Assets/GameObject/LevelManager.prefab,SodaLocalization,5da1616026de94000df426d5852afab6,479171897,UI_RepairView_PleaseSelect,{fileID: 0},0,0,1,{fileID: 1975865883683616},1975865883683616,0,{fileID: 0},0,{fileID: 0},0,"{fileID: 479171897, guid: 5da1616026de94000df426d5852afab6, type: 3}",479171897,5da1616026de94000df426d5852afab6,Assets/Plugins/SodaLocalization.dll,{fileID: 0},0,{fileID: 114824951264211242},114824951264211242
LevelManager,Assets/GameObject/LevelManager.prefab,SodaLocalization,5da1616026de94000df426d5852afab6,479171897,UI_RepairAll_PlaceHolder,{fileID: 0},0,0,1,{fileID: 1553450265779163},1553450265779163,0,{fileID: 0},0,{fileID: 0},0,"{fileID: 479171897, guid: 5da1616026de94000df426d5852afab6, type: 3}",479171897,5da1616026de94000df426d5852afab6,Assets/Plugins/SodaLocalization.dll,{fileID: 0},0,{fileID: 114104315243740928},114104315243740928
LevelManager,Assets/GameObject/LevelManager.prefab,SodaLocalization,5da1616026de94000df426d5852afab6,479171897,UI_ItemRepair_RepairAll,{fileID: 0},0,0,1,{fileID: 1896489401071676},1896489401071676,0,{fileID: 0},0,{fileID: 0},0,"{fileID: 479171897, guid: 5da1616026de94000df426d5852afab6, type: 3}",479171897,5da1616026de94000df426d5852afab6,Assets/Plugins/SodaLocalization.dll,{fileID: 0},0,{fileID: 114733580924042252},114733580924042252
LevelManager,Assets/GameObject/LevelManager.prefab,SodaLocalization,5da1616026de94000df426d5852afab6,479171897,Usable,{fileID: 0},0,0,1,{fileID: 1906063696775881},1906063696775881,0,{fileID: 0},0,{fileID: 0},0,"{fileID: 479171897, guid: 5da1616026de94000df426d5852afab6, type: 3}",479171897,5da1616026de94000df426d5852afab6,Assets/Plugins/SodaLocalization.dll,{fileID: 0},0,{fileID: 114663176317088813},114663176317088813
LevelManager,Assets/GameObject/LevelManager.prefab,SodaLocalization,5da1616026de94000df426d5852afab6,479171897,UI_Registered,{fileID: 0},0,0,1,{fileID: 1139755045411678},1139755045411678,0,{fileID: 0},0,{fileID: 0},0,"{fileID: 479171897, guid: 5da1616026de94000df426d5852afab6, type: 3}",479171897,5da1616026de94000df426d5852afab6,Assets/Plugins/SodaLocalization.dll,{fileID: 0},0,{fileID: 114655693379245366},114655693379245366
LevelManager,Assets/GameObject/LevelManager.prefab,SodaLocalization,5da1616026de94000df426d5852afab6,479171897,UI_WorkbenchRequired,{fileID: 0},0,0,1,{fileID: 1692193460621046},1692193460621046,0,{fileID: 0},0,{fileID: 0},0,"{fileID: 479171897, guid: 5da1616026de94000df426d5852afab6, type: 3}",479171897,5da1616026de94000df426d5852afab6,Assets/Plugins/SodaLocalization.dll,{fileID: 0},0,{fileID: 114286518854141836},114286518854141836
LevelManager,Assets/GameObject/LevelManager.prefab,SodaLocalization,5da1616026de94000df426d5852afab6,479171897,UsageUtilities_Title,{fileID: 0},0,0,1,{fileID: 1481047143020501},1481047143020501,0,{fileID: 0},0,{fileID: 0},0,"{fileID: 479171897, guid: 5da1616026de94000df426d5852afab6, type: 3}",479171897,5da1616026de94000df426d5852afab6,Assets/Plugins/SodaLocalization.dll,{fileID: 0},0,{fileID: 114249178511547102},114249178511547102
LevelManager,Assets/GameObject/LevelManager.prefab,SodaLocalization,5da1616026de94000df426d5852afab6,479171897,UI_Perk_Activate,{fileID: 0},0,0,1,{fileID: 1626587842219459},1626587842219459,0,{fileID: 0},0,{fileID: 0},0,"{fileID: 479171897, guid: 5da1616026de94000df426d5852afab6, type: 3}",479171897,5da1616026de94000df426d5852afab6,Assets/Plugins/SodaLocalization.dll,{fileID: 0},0,{fileID: 114017613620674718},114017613620674718
LevelManager,Assets/GameObject/LevelManager.prefab,SodaLocalization,5da1616026de94000df426d5852afab6,479171897,UI_Perk_Researching,{fileID: 0},0,0,1,{fileID: 1876867757191564},1876867757191564,0,{fileID: 0},0,{fileID: 0},0,"{fileID: 479171897, guid: 5da1616026de94000df426d5852afab6, type: 3}",479171897,5da1616026de94000df426d5852afab6,Assets/Plugins/SodaLocalization.dll,{fileID: 0},0,{fileID: 114158938941853161},114158938941853161
LevelManager,Assets/GameObject/LevelManager.prefab,SodaLocalization,5da1616026de94000df426d5852afab6,479171897,UI_Perk_BeginResearching,{fileID: 0},0,0,1,{fileID: 1171729779689802},1171729779689802,0,{fileID: 0},0,{fileID: 0},0,"{fileID: 479171897, guid: 5da1616026de94000df426d5852afab6, type: 3}",479171897,5da1616026de94000df426d5852afab6,Assets/Plugins/SodaLocalization.dll,{fileID: 0},0,{fileID: 114991891427650326},114991891427650326
LevelManager,Assets/GameObject/LevelManager.prefab,SodaLocalization,5da1616026de94000df426d5852afab6,479171897,UI_Perk_BeginResearching,{fileID: 0},0,0,1,{fileID: 1630134713497235},1630134713497235,0,{fileID: 0},0,{fileID: 0},0,"{fileID: 479171897, guid: 5da1616026de94000df426d5852afab6, type: 3}",479171897,5da1616026de94000df426d5852afab6,Assets/Plugins/SodaLocalization.dll,{fileID: 0},0,{fileID: 114838604071580331},114838604071580331
LevelManager,Assets/GameObject/LevelManager.prefab,SodaLocalization,5da1616026de94000df426d5852afab6,479171897,Usable,{fileID: 0},0,0,1,{fileID: 1511911281692833},1511911281692833,0,{fileID: 0},0,{fileID: 0},0,"{fileID: 479171897, guid: 5da1616026de94000df426d5852afab6, type: 3}",479171897,5da1616026de94000df426d5852afab6,Assets/Plugins/SodaLocalization.dll,{fileID: 0},0,{fileID: 114877941635772110},114877941635772110
LevelManager,Assets/GameObject/LevelManager.prefab,SodaLocalization,5da1616026de94000df426d5852afab6,479171897,UI_Registered,{fileID: 0},0,0,1,{fileID: 1552784717934179},1552784717934179,0,{fileID: 0},0,{fileID: 0},0,"{fileID: 479171897, guid: 5da1616026de94000df426d5852afab6, type: 3}",479171897,5da1616026de94000df426d5852afab6,Assets/Plugins/SodaLocalization.dll,{fileID: 0},0,{fileID: 114301990980381476},114301990980381476
LevelManager,Assets/GameObject/LevelManager.prefab,SodaLocalization,5da1616026de94000df426d5852afab6,479171897,UI_WorkbenchRequired,{fileID: 0},0,0,1,{fileID: 1027486755300707},1027486755300707,0,{fileID: 0},0,{fileID: 0},0,"{fileID: 479171897, guid: 5da1616026de94000df426d5852afab6, type: 3}",479171897,5da1616026de94000df426d5852afab6,Assets/Plugins/SodaLocalization.dll,{fileID: 0},0,{fileID: 114964155265047480},114964155265047480
LevelManager,Assets/GameObject/LevelManager.prefab,SodaLocalization,5da1616026de94000df426d5852afab6,479171897,UsageUtilities_Title,{fileID: 0},0,0,1,{fileID: 1634122543173720},1634122543173720,0,{fileID: 0},0,{fileID: 0},0,"{fileID: 479171897, guid: 5da1616026de94000df426d5852afab6, type: 3}",479171897,5da1616026de94000df426d5852afab6,Assets/Plugins/SodaLocalization.dll,{fileID: 0},0,{fileID: 114219423178239369},114219423178239369
LevelManager,Assets/GameObject/LevelManager.prefab,SodaLocalization,5da1616026de94000df426d5852afab6,479171897,UI_Sort,{fileID: 0},0,0,1,{fileID: 1936362805712275},1936362805712275,0,{fileID: 0},0,{fileID: 0},0,"{fileID: 479171897, guid: 5da1616026de94000df426d5852afab6, type: 3}",479171897,5da1616026de94000df426d5852afab6,Assets/Plugins/SodaLocalization.dll,{fileID: 0},0,{fileID: 114789907576570611},114789907576570611
LevelManager,Assets/GameObject/LevelManager.prefab,SodaLocalization,5da1616026de94000df426d5852afab6,479171897,Loading,{fileID: 0},0,0,1,{fileID: 1873612395230779},1873612395230779,0,{fileID: 0},0,{fileID: 0},0,"{fileID: 479171897, guid: 5da1616026de94000df426d5852afab6, type: 3}",479171897,5da1616026de94000df426d5852afab6,Assets/Plugins/SodaLocalization.dll,{fileID: 0},0,{fileID: 114054017170099114},114054017170099114
LevelManager,Assets/GameObject/LevelManager.prefab,SodaLocalization,5da1616026de94000df426d5852afab6,479171897,Loading,{fileID: 0},0,0,1,{fileID: 1052934592528394},1052934592528394,0,{fileID: 0},0,{fileID: 0},0,"{fileID: 479171897, guid: 5da1616026de94000df426d5852afab6, type: 3}",479171897,5da1616026de94000df426d5852afab6,Assets/Plugins/SodaLocalization.dll,{fileID: 0},0,{fileID: 114153954293079414},114153954293079414
LevelManager,Assets/GameObject/LevelManager.prefab,SodaLocalization,5da1616026de94000df426d5852afab6,479171897,Inventory_PlaceHolder,{fileID: 0},0,0,1,{fileID: 1675704708704833},1675704708704833,0,{fileID: 0},0,{fileID: 0},0,"{fileID: 479171897, guid: 5da1616026de94000df426d5852afab6, type: 3}",479171897,5da1616026de94000df426d5852afab6,Assets/Plugins/SodaLocalization.dll,{fileID: 0},0,{fileID: 114409194721081410},114409194721081410
LevelManager,Assets/GameObject/LevelManager.prefab,SodaLocalization,5da1616026de94000df426d5852afab6,479171897,UI_Sort,{fileID: 0},0,0,1,{fileID: 1676905425240918},1676905425240918,0,{fileID: 0},0,{fileID: 0},0,"{fileID: 479171897, guid: 5da1616026de94000df426d5852afab6, type: 3}",479171897,5da1616026de94000df426d5852afab6,Assets/Plugins/SodaLocalization.dll,{fileID: 0},0,{fileID: 114944810229255520},114944810229255520
LevelManager,Assets/GameObject/LevelManager.prefab,SodaLocalization,5da1616026de94000df426d5852afab6,479171897,Loading,{fileID: 0},0,0,1,{fileID: 1131024723806736},1131024723806736,0,{fileID: 0},0,{fileID: 0},0,"{fileID: 479171897, guid: 5da1616026de94000df426d5852afab6, type: 3}",479171897,5da1616026de94000df426d5852afab6,Assets/Plugins/SodaLocalization.dll,{fileID: 0},0,{fileID: 114677304087379927},114677304087379927
LevelManager,Assets/GameObject/LevelManager.prefab,SodaLocalization,5da1616026de94000df426d5852afab6,479171897,Loading,{fileID: 0},0,0,1,{fileID: 1479270567398211},1479270567398211,0,{fileID: 0},0,{fileID: 0},0,"{fileID: 479171897, guid: 5da1616026de94000df426d5852afab6, type: 3}",479171897,5da1616026de94000df426d5852afab6,Assets/Plugins/SodaLocalization.dll,{fileID: 0},0,{fileID: 114266107740708478},114266107740708478
LevelManager,Assets/GameObject/LevelManager.prefab,SodaLocalization,5da1616026de94000df426d5852afab6,479171897,Inventory_PlaceHolder,{fileID: 0},0,0,1,{fileID: 1983644826825482},1983644826825482,0,{fileID: 0},0,{fileID: 0},0,"{fileID: 479171897, guid: 5da1616026de94000df426d5852afab6, type: 3}",479171897,5da1616026de94000df426d5852afab6,Assets/Plugins/SodaLocalization.dll,{fileID: 0},0,{fileID: 114148273966383911},114148273966383911
LevelManager,Assets/GameObject/LevelManager.prefab,SodaLocalization,5da1616026de94000df426d5852afab6,479171897,UI_MasterKey_Register,{fileID: 0},0,0,1,{fileID: 1341231890582065},1341231890582065,0,{fileID: 0},0,{fileID: 0},0,"{fileID: 479171897, guid: 5da1616026de94000df426d5852afab6, type: 3}",479171897,5da1616026de94000df426d5852afab6,Assets/Plugins/SodaLocalization.dll,{fileID: 0},0,{fileID: 114263435868262793},114263435868262793
LevelManager,Assets/GameObject/LevelManager.prefab,SodaLocalization,5da1616026de94000df426d5852afab6,479171897,UI_MasterKey_KeyExist,{fileID: 0},0,0,1,{fileID: 1421767732399011},1421767732399011,0,{fileID: 0},0,{fileID: 0},0,"{fileID: 479171897, guid: 5da1616026de94000df426d5852afab6, type: 3}",479171897,5da1616026de94000df426d5852afab6,Assets/Plugins/SodaLocalization.dll,{fileID: 0},0,{fileID: 114178044085977404},114178044085977404
LevelManager,Assets/GameObject/LevelManager.prefab,SodaLocalization,5da1616026de94000df426d5852afab6,479171897,UI_MasterKey_RegisterBtn,{fileID: 0},0,0,1,{fileID: 1512389748391816},1512389748391816,0,{fileID: 0},0,{fileID: 0},0,"{fileID: 479171897, guid: 5da1616026de94000df426d5852afab6, type: 3}",479171897,5da1616026de94000df426d5852afab6,Assets/Plugins/SodaLocalization.dll,{fileID: 0},0,{fileID: 114415122275825680},114415122275825680
LevelManager,Assets/GameObject/LevelManager.prefab,SodaLocalization,5da1616026de94000df426d5852afab6,479171897,UI_MasterKey_RegisterSuccess,{fileID: 0},0,0,1,{fileID: 1731053959163508},1731053959163508,0,{fileID: 0},0,{fileID: 0},0,"{fileID: 479171897, guid: 5da1616026de94000df426d5852afab6, type: 3}",479171897,5da1616026de94000df426d5852afab6,Assets/Plugins/SodaLocalization.dll,{fileID: 0},0,{fileID: 114626500595646156},114626500595646156
LevelManager,Assets/GameObject/LevelManager.prefab,SodaLocalization,5da1616026de94000df426d5852afab6,479171897,UI_Formulas_Index,{fileID: 0},0,0,1,{fileID: 1429118989685702},1429118989685702,0,{fileID: 0},0,{fileID: 0},0,"{fileID: 479171897, guid: 5da1616026de94000df426d5852afab6, type: 3}",479171897,5da1616026de94000df426d5852afab6,Assets/Plugins/SodaLocalization.dll,{fileID: 0},0,{fileID: 114150071999155742},114150071999155742
LevelManager,Assets/GameObject/LevelManager.prefab,SodaLocalization,5da1616026de94000df426d5852afab6,479171897,Usable,{fileID: 0},0,0,1,{fileID: 1254576546693396},1254576546693396,0,{fileID: 0},0,{fileID: 0},0,"{fileID: 479171897, guid: 5da1616026de94000df426d5852afab6, type: 3}",479171897,5da1616026de94000df426d5852afab6,Assets/Plugins/SodaLocalization.dll,{fileID: 0},0,{fileID: 114591488569594591},114591488569594591
LevelManager,Assets/GameObject/LevelManager.prefab,SodaLocalization,5da1616026de94000df426d5852afab6,479171897,UI_Registered,{fileID: 0},0,0,1,{fileID: 1329978636951155},1329978636951155,0,{fileID: 0},0,{fileID: 0},0,"{fileID: 479171897, guid: 5da1616026de94000df426d5852afab6, type: 3}",479171897,5da1616026de94000df426d5852afab6,Assets/Plugins/SodaLocalization.dll,{fileID: 0},0,{fileID: 114729302341300791},114729302341300791
LevelManager,Assets/GameObject/LevelManager.prefab,SodaLocalization,5da1616026de94000df426d5852afab6,479171897,UI_WorkbenchRequired,{fileID: 0},0,0,1,{fileID: 1016596237651661},1016596237651661,0,{fileID: 0},0,{fileID: 0},0,"{fileID: 479171897, guid: 5da1616026de94000df426d5852afab6, type: 3}",479171897,5da1616026de94000df426d5852afab6,Assets/Plugins/SodaLocalization.dll,{fileID: 0},0,{fileID: 114932156964948363},114932156964948363
LevelManager,Assets/GameObject/LevelManager.prefab,SodaLocalization,5da1616026de94000df426d5852afab6,479171897,UsageUtilities_Title,{fileID: 0},0,0,1,{fileID: 1512691164788094},1512691164788094,0,{fileID: 0},0,{fileID: 0},0,"{fileID: 479171897, guid: 5da1616026de94000df426d5852afab6, type: 3}",479171897,5da1616026de94000df426d5852afab6,Assets/Plugins/SodaLocalization.dll,{fileID: 0},0,{fileID: 114797890304241703},114797890304241703
LevelManager,Assets/GameObject/LevelManager.prefab,SodaLocalization,5da1616026de94000df426d5852afab6,479171897,UI_Sort,{fileID: 0},0,0,1,{fileID: 1929094090947281},1929094090947281,0,{fileID: 0},0,{fileID: 0},0,"{fileID: 479171897, guid: 5da1616026de94000df426d5852afab6, type: 3}",479171897,5da1616026de94000df426d5852afab6,Assets/Plugins/SodaLocalization.dll,{fileID: 0},0,{fileID: 114292231714028416},114292231714028416
LevelManager,Assets/GameObject/LevelManager.prefab,SodaLocalization,5da1616026de94000df426d5852afab6,479171897,Loading,{fileID: 0},0,0,1,{fileID: 1581161215281841},1581161215281841,0,{fileID: 0},0,{fileID: 0},0,"{fileID: 479171897, guid: 5da1616026de94000df426d5852afab6, type: 3}",479171897,5da1616026de94000df426d5852afab6,Assets/Plugins/SodaLocalization.dll,{fileID: 0},0,{fileID: 114768013100326221},114768013100326221
LevelManager,Assets/GameObject/LevelManager.prefab,SodaLocalization,5da1616026de94000df426d5852afab6,479171897,Loading,{fileID: 0},0,0,1,{fileID: 1508178411384305},1508178411384305,0,{fileID: 0},0,{fileID: 0},0,"{fileID: 479171897, guid: 5da1616026de94000df426d5852afab6, type: 3}",479171897,5da1616026de94000df426d5852afab6,Assets/Plugins/SodaLocalization.dll,{fileID: 0},0,{fileID: 114316515658717112},114316515658717112
LevelManager,Assets/GameObject/LevelManager.prefab,SodaLocalization,5da1616026de94000df426d5852afab6,479171897,Inventory_PlaceHolder,{fileID: 0},0,0,1,{fileID: 1993047828782241},1993047828782241,0,{fileID: 0},0,{fileID: 0},0,"{fileID: 479171897, guid: 5da1616026de94000df426d5852afab6, type: 3}",479171897,5da1616026de94000df426d5852afab6,Assets/Plugins/SodaLocalization.dll,{fileID: 0},0,{fileID: 114084401187050011},114084401187050011
LevelManager,Assets/GameObject/LevelManager.prefab,SodaLocalization,5da1616026de94000df426d5852afab6,479171897,UI_Sort,{fileID: 0},0,0,1,{fileID: 1358641166611097},1358641166611097,0,{fileID: 0},0,{fileID: 0},0,"{fileID: 479171897, guid: 5da1616026de94000df426d5852afab6, type: 3}",479171897,5da1616026de94000df426d5852afab6,Assets/Plugins/SodaLocalization.dll,{fileID: 0},0,{fileID: 114603344563209547},114603344563209547
LevelManager,Assets/GameObject/LevelManager.prefab,SodaLocalization,5da1616026de94000df426d5852afab6,479171897,Loading,{fileID: 0},0,0,1,{fileID: 1421940615863266},1421940615863266,0,{fileID: 0},0,{fileID: 0},0,"{fileID: 479171897, guid: 5da1616026de94000df426d5852afab6, type: 3}",479171897,5da1616026de94000df426d5852afab6,Assets/Plugins/SodaLocalization.dll,{fileID: 0},0,{fileID: 114598351523970358},114598351523970358
LevelManager,Assets/GameObject/LevelManager.prefab,SodaLocalization,5da1616026de94000df426d5852afab6,479171897,Loading,{fileID: 0},0,0,1,{fileID: 1997020848921043},1997020848921043,0,{fileID: 0},0,{fileID: 0},0,"{fileID: 479171897, guid: 5da1616026de94000df426d5852afab6, type: 3}",479171897,5da1616026de94000df426d5852afab6,Assets/Plugins/SodaLocalization.dll,{fileID: 0},0,{fileID: 114954702026764845},114954702026764845
LevelManager,Assets/GameObject/LevelManager.prefab,SodaLocalization,5da1616026de94000df426d5852afab6,479171897,Inventory_PlaceHolder,{fileID: 0},0,0,1,{fileID: 1522255538486519},1522255538486519,0,{fileID: 0},0,{fileID: 0},0,"{fileID: 479171897, guid: 5da1616026de94000df426d5852afab6, type: 3}",479171897,5da1616026de94000df426d5852afab6,Assets/Plugins/SodaLocalization.dll,{fileID: 0},0,{fileID: 114547933676120971},114547933676120971
LevelManager,Assets/GameObject/LevelManager.prefab,SodaLocalization,5da1616026de94000df426d5852afab6,479171897,UI_Interact_UnlockBlueprint,{fileID: 0},0,0,1,{fileID: 1242361881552540},1242361881552540,0,{fileID: 0},0,{fileID: 0},0,"{fileID: 479171897, guid: 5da1616026de94000df426d5852afab6, type: 3}",479171897,5da1616026de94000df426d5852afab6,Assets/Plugins/SodaLocalization.dll,{fileID: 0},0,{fileID: 114943891421719231},114943891421719231
LevelManager,Assets/GameObject/LevelManager.prefab,SodaLocalization,5da1616026de94000df426d5852afab6,479171897,UI_MasterKey_KeyExist,{fileID: 0},0,0,1,{fileID: 1065204014073204},1065204014073204,0,{fileID: 0},0,{fileID: 0},0,"{fileID: 479171897, guid: 5da1616026de94000df426d5852afab6, type: 3}",479171897,5da1616026de94000df426d5852afab6,Assets/Plugins/SodaLocalization.dll,{fileID: 0},0,{fileID: 114565245319504270},114565245319504270
LevelManager,Assets/GameObject/LevelManager.prefab,SodaLocalization,5da1616026de94000df426d5852afab6,479171897,UI_MasterKey_RegisterBtn,{fileID: 0},0,0,1,{fileID: 1325464590055306},1325464590055306,0,{fileID: 0},0,{fileID: 0},0,"{fileID: 479171897, guid: 5da1616026de94000df426d5852afab6, type: 3}",479171897,5da1616026de94000df426d5852afab6,Assets/Plugins/SodaLocalization.dll,{fileID: 0},0,{fileID: 114104125607273516},114104125607273516
LevelManager,Assets/GameObject/LevelManager.prefab,SodaLocalization,5da1616026de94000df426d5852afab6,479171897,UI_MasterKey_RegisterSuccess,{fileID: 0},0,0,1,{fileID: 1280266249658016},1280266249658016,0,{fileID: 0},0,{fileID: 0},0,"{fileID: 479171897, guid: 5da1616026de94000df426d5852afab6, type: 3}",479171897,5da1616026de94000df426d5852afab6,Assets/Plugins/SodaLocalization.dll,{fileID: 0},0,{fileID: 114423566731909930},114423566731909930
LevelManager,Assets/GameObject/LevelManager.prefab,SodaLocalization,5da1616026de94000df426d5852afab6,479171897,UI_Formulas,{fileID: 0},0,0,1,{fileID: 1903246519125703},1903246519125703,0,{fileID: 0},0,{fileID: 0},0,"{fileID: 479171897, guid: 5da1616026de94000df426d5852afab6, type: 3}",479171897,5da1616026de94000df426d5852afab6,Assets/Plugins/SodaLocalization.dll,{fileID: 0},0,{fileID: 114919249086127534},114919249086127534
LevelManager,Assets/GameObject/LevelManager.prefab,SodaLocalization,5da1616026de94000df426d5852afab6,479171897,UI_Sort,{fileID: 0},0,0,1,{fileID: 1949375724292328},1949375724292328,0,{fileID: 0},0,{fileID: 0},0,"{fileID: 479171897, guid: 5da1616026de94000df426d5852afab6, type: 3}",479171897,5da1616026de94000df426d5852afab6,Assets/Plugins/SodaLocalization.dll,{fileID: 0},0,{fileID: 114941906727206060},114941906727206060
LevelManager,Assets/GameObject/LevelManager.prefab,SodaLocalization,5da1616026de94000df426d5852afab6,479171897,Loading,{fileID: 0},0,0,1,{fileID: 1052206338987731},1052206338987731,0,{fileID: 0},0,{fileID: 0},0,"{fileID: 479171897, guid: 5da1616026de94000df426d5852afab6, type: 3}",479171897,5da1616026de94000df426d5852afab6,Assets/Plugins/SodaLocalization.dll,{fileID: 0},0,{fileID: 114599896964919437},114599896964919437
LevelManager,Assets/GameObject/LevelManager.prefab,SodaLocalization,5da1616026de94000df426d5852afab6,479171897,Loading,{fileID: 0},0,0,1,{fileID: 1167537935258172},1167537935258172,0,{fileID: 0},0,{fileID: 0},0,"{fileID: 479171897, guid: 5da1616026de94000df426d5852afab6, type: 3}",479171897,5da1616026de94000df426d5852afab6,Assets/Plugins/SodaLocalization.dll,{fileID: 0},0,{fileID: 114511086910197036},114511086910197036
LevelManager,Assets/GameObject/LevelManager.prefab,SodaLocalization,5da1616026de94000df426d5852afab6,479171897,Inventory_PlaceHolder,{fileID: 0},0,0,1,{fileID: 1976898665331172},1976898665331172,0,{fileID: 0},0,{fileID: 0},0,"{fileID: 479171897, guid: 5da1616026de94000df426d5852afab6, type: 3}",479171897,5da1616026de94000df426d5852afab6,Assets/Plugins/SodaLocalization.dll,{fileID: 0},0,{fileID: 114483149781941183},114483149781941183
LevelManager,Assets/GameObject/LevelManager.prefab,SodaLocalization,5da1616026de94000df426d5852afab6,479171897,UI_Sort,{fileID: 0},0,0,1,{fileID: 1010559621504748},1010559621504748,0,{fileID: 0},0,{fileID: 0},0,"{fileID: 479171897, guid: 5da1616026de94000df426d5852afab6, type: 3}",479171897,5da1616026de94000df426d5852afab6,Assets/Plugins/SodaLocalization.dll,{fileID: 0},0,{fileID: 114050286529984708},114050286529984708
LevelManager,Assets/GameObject/LevelManager.prefab,SodaLocalization,5da1616026de94000df426d5852afab6,479171897,Loading,{fileID: 0},0,0,1,{fileID: 1449224759170063},1449224759170063,0,{fileID: 0},0,{fileID: 0},0,"{fileID: 479171897, guid: 5da1616026de94000df426d5852afab6, type: 3}",479171897,5da1616026de94000df426d5852afab6,Assets/Plugins/SodaLocalization.dll,{fileID: 0},0,{fileID: 114681077787095448},114681077787095448
LevelManager,Assets/GameObject/LevelManager.prefab,SodaLocalization,5da1616026de94000df426d5852afab6,479171897,Loading,{fileID: 0},0,0,1,{fileID: 1415503769084889},1415503769084889,0,{fileID: 0},0,{fileID: 0},0,"{fileID: 479171897, guid: 5da1616026de94000df426d5852afab6, type: 3}",479171897,5da1616026de94000df426d5852afab6,Assets/Plugins/SodaLocalization.dll,{fileID: 0},0,{fileID: 114099411418943349},114099411418943349
LevelManager,Assets/GameObject/LevelManager.prefab,SodaLocalization,5da1616026de94000df426d5852afab6,479171897,Inventory_PlaceHolder,{fileID: 0},0,0,1,{fileID: 1220003869064978},1220003869064978,0,{fileID: 0},0,{fileID: 0},0,"{fileID: 479171897, guid: 5da1616026de94000df426d5852afab6, type: 3}",479171897,5da1616026de94000df426d5852afab6,Assets/Plugins/SodaLocalization.dll,{fileID: 0},0,{fileID: 114426747534294161},114426747534294161
LevelManager,Assets/GameObject/LevelManager.prefab,SodaLocalization,5da1616026de94000df426d5852afab6,479171897,UI_InventoryWeight,{fileID: 0},0,0,1,{fileID: 1067014312886263},1067014312886263,0,{fileID: 0},0,{fileID: 0},0,"{fileID: 479171897, guid: 5da1616026de94000df426d5852afab6, type: 3}",479171897,5da1616026de94000df426d5852afab6,Assets/Plugins/SodaLocalization.dll,{fileID: 0},0,{fileID: 114585091096621260},114585091096621260
LevelManager,Assets/GameObject/LevelManager.prefab,SodaLocalization,5da1616026de94000df426d5852afab6,479171897,Item_BitcoinMiner,{fileID: 0},0,0,1,{fileID: 1845417140280123},1845417140280123,0,{fileID: 0},0,{fileID: 0},0,"{fileID: 479171897, guid: 5da1616026de94000df426d5852afab6, type: 3}",479171897,5da1616026de94000df426d5852afab6,Assets/Plugins/SodaLocalization.dll,{fileID: 0},0,{fileID: 114679498450787716},114679498450787716
LevelManager,Assets/GameObject/LevelManager.prefab,SodaLocalization,5da1616026de94000df426d5852afab6,479171897,UI_Sort,{fileID: 0},0,0,1,{fileID: 1431069398699301},1431069398699301,0,{fileID: 0},0,{fileID: 0},0,"{fileID: 479171897, guid: 5da1616026de94000df426d5852afab6, type: 3}",479171897,5da1616026de94000df426d5852afab6,Assets/Plugins/SodaLocalization.dll,{fileID: 0},0,{fileID: 114439663034606991},114439663034606991
LevelManager,Assets/GameObject/LevelManager.prefab,SodaLocalization,5da1616026de94000df426d5852afab6,479171897,Loading,{fileID: 0},0,0,1,{fileID: 1771552933414772},1771552933414772,0,{fileID: 0},0,{fileID: 0},0,"{fileID: 479171897, guid: 5da1616026de94000df426d5852afab6, type: 3}",479171897,5da1616026de94000df426d5852afab6,Assets/Plugins/SodaLocalization.dll,{fileID: 0},0,{fileID: 114587389069950443},114587389069950443
LevelManager,Assets/GameObject/LevelManager.prefab,SodaLocalization,5da1616026de94000df426d5852afab6,479171897,Loading,{fileID: 0},0,0,1,{fileID: 1022126703691480},1022126703691480,0,{fileID: 0},0,{fileID: 0},0,"{fileID: 479171897, guid: 5da1616026de94000df426d5852afab6, type: 3}",479171897,5da1616026de94000df426d5852afab6,Assets/Plugins/SodaLocalization.dll,{fileID: 0},0,{fileID: 114497697878849216},114497697878849216
LevelManager,Assets/GameObject/LevelManager.prefab,SodaLocalization,5da1616026de94000df426d5852afab6,479171897,Inventory_PlaceHolder,{fileID: 0},0,0,1,{fileID: 1018748970808145},1018748970808145,0,{fileID: 0},0,{fileID: 0},0,"{fileID: 479171897, guid: 5da1616026de94000df426d5852afab6, type: 3}",479171897,5da1616026de94000df426d5852afab6,Assets/Plugins/SodaLocalization.dll,{fileID: 0},0,{fileID: 114597330977476357},114597330977476357
LevelManager,Assets/GameObject/LevelManager.prefab,SodaLocalization,5da1616026de94000df426d5852afab6,479171897,UI_BitcoinMiner_TimeEachCoin,{fileID: 0},0,0,1,{fileID: 1235392220330357},1235392220330357,0,{fileID: 0},0,{fileID: 0},0,"{fileID: 479171897, guid: 5da1616026de94000df426d5852afab6, type: 3}",479171897,5da1616026de94000df426d5852afab6,Assets/Plugins/SodaLocalization.dll,{fileID: 0},0,{fileID: 114919525448970000},114919525448970000
LevelManager,Assets/GameObject/LevelManager.prefab,SodaLocalization,5da1616026de94000df426d5852afab6,479171897,UI_BitcoinMiner_Performance,{fileID: 0},0,0,1,{fileID: 1982876448562542},1982876448562542,0,{fileID: 0},0,{fileID: 0},0,"{fileID: 479171897, guid: 5da1616026de94000df426d5852afab6, type: 3}",479171897,5da1616026de94000df426d5852afab6,Assets/Plugins/SodaLocalization.dll,{fileID: 0},0,{fileID: 114356710544715453},114356710544715453
LevelManager,Assets/GameObject/LevelManager.prefab,SodaLocalization,5da1616026de94000df426d5852afab6,479171897,UI_WorkbenchRequired,{fileID: 0},0,0,1,{fileID: 1097907044589931},1097907044589931,0,{fileID: 0},0,{fileID: 0},0,"{fileID: 479171897, guid: 5da1616026de94000df426d5852afab6, type: 3}",479171897,5da1616026de94000df426d5852afab6,Assets/Plugins/SodaLocalization.dll,{fileID: 0},0,{fileID: 114901313191499474},114901313191499474
LevelManager,Assets/GameObject/LevelManager.prefab,SodaLocalization,5da1616026de94000df426d5852afab6,479171897,Free,{fileID: 0},0,0,1,{fileID: 1279567851848851},1279567851848851,0,{fileID: 0},0,{fileID: 0},0,"{fileID: 479171897, guid: 5da1616026de94000df426d5852afab6, type: 3}",479171897,5da1616026de94000df426d5852afab6,Assets/Plugins/SodaLocalization.dll,{fileID: 0},0,{fileID: 114529780117564715},114529780117564715
LevelManager,Assets/GameObject/LevelManager.prefab,SodaLocalization,5da1616026de94000df426d5852afab6,479171897,Free,{fileID: 0},0,0,1,{fileID: 1469484916686024},1469484916686024,0,{fileID: 0},0,{fileID: 0},0,"{fileID: 479171897, guid: 5da1616026de94000df426d5852afab6, type: 3}",479171897,5da1616026de94000df426d5852afab6,Assets/Plugins/SodaLocalization.dll,{fileID: 0},0,{fileID: 114151244025857558},114151244025857558
LevelManager,Assets/GameObject/LevelManager.prefab,SodaLocalization,5da1616026de94000df426d5852afab6,479171897,Free,{fileID: 0},0,0,1,{fileID: 1808831472444667},1808831472444667,0,{fileID: 0},0,{fileID: 0},0,"{fileID: 479171897, guid: 5da1616026de94000df426d5852afab6, type: 3}",479171897,5da1616026de94000df426d5852afab6,Assets/Plugins/SodaLocalization.dll,{fileID: 0},0,{fileID: 114544918943194131},114544918943194131
LevelManager,Assets/GameObject/LevelManager.prefab,SodaLocalization,5da1616026de94000df426d5852afab6,479171897,Free,{fileID: 0},0,0,1,{fileID: 1037049441119969},1037049441119969,0,{fileID: 0},0,{fileID: 0},0,"{fileID: 479171897, guid: 5da1616026de94000df426d5852afab6, type: 3}",479171897,5da1616026de94000df426d5852afab6,Assets/Plugins/SodaLocalization.dll,{fileID: 0},0,{fileID: 114969741909341261},114969741909341261
LevelManager,Assets/GameObject/LevelManager.prefab,SodaLocalization,5da1616026de94000df426d5852afab6,479171897,Free,{fileID: 0},0,0,1,{fileID: 1344335945040062},1344335945040062,0,{fileID: 0},0,{fileID: 0},0,"{fileID: 479171897, guid: 5da1616026de94000df426d5852afab6, type: 3}",479171897,5da1616026de94000df426d5852afab6,Assets/Plugins/SodaLocalization.dll,{fileID: 0},0,{fileID: 114303717000657947},114303717000657947
LevelManager,Assets/GameObject/LevelManager.prefab,SodaLocalization,5da1616026de94000df426d5852afab6,479171897,Free,{fileID: 0},0,0,1,{fileID: 1290623964215018},1290623964215018,0,{fileID: 0},0,{fileID: 0},0,"{fileID: 479171897, guid: 5da1616026de94000df426d5852afab6, type: 3}",479171897,5da1616026de94000df426d5852afab6,Assets/Plugins/SodaLocalization.dll,{fileID: 0},0,{fileID: 114602890825308656},114602890825308656
LevelManager,Assets/GameObject/LevelManager.prefab,SodaLocalization,5da1616026de94000df426d5852afab6,479171897,Free,{fileID: 0},0,0,1,{fileID: 1357163581409787},1357163581409787,0,{fileID: 0},0,{fileID: 0},0,"{fileID: 479171897, guid: 5da1616026de94000df426d5852afab6, type: 3}",479171897,5da1616026de94000df426d5852afab6,Assets/Plugins/SodaLocalization.dll,{fileID: 0},0,{fileID: 114025214271567353},114025214271567353
LevelManager,Assets/GameObject/LevelManager.prefab,SodaLocalization,5da1616026de94000df426d5852afab6,479171897,Free,{fileID: 0},0,0,1,{fileID: 1090792063819916},1090792063819916,0,{fileID: 0},0,{fileID: 0},0,"{fileID: 479171897, guid: 5da1616026de94000df426d5852afab6, type: 3}",479171897,5da1616026de94000df426d5852afab6,Assets/Plugins/SodaLocalization.dll,{fileID: 0},0,{fileID: 114146972734967748},114146972734967748
LevelManager,Assets/GameObject/LevelManager.prefab,SodaLocalization,5da1616026de94000df426d5852afab6,479171897,DeathLottery,{fileID: 0},0,0,1,{fileID: 1546055079139340},1546055079139340,0,{fileID: 0},0,{fileID: 0},0,"{fileID: 479171897, guid: 5da1616026de94000df426d5852afab6, type: 3}",479171897,5da1616026de94000df426d5852afab6,Assets/Plugins/SodaLocalization.dll,{fileID: 0},0,{fileID: 114139821483783152},114139821483783152
LevelManager,Assets/GameObject/LevelManager.prefab,SodaLocalization,5da1616026de94000df426d5852afab6,479171897,UI_SelectDestination,{fileID: 0},0,0,1,{fileID: 1954978550266789},1954978550266789,0,{fileID: 0},0,{fileID: 0},0,"{fileID: 479171897, guid: 5da1616026de94000df426d5852afab6, type: 3}",479171897,5da1616026de94000df426d5852afab6,Assets/Plugins/SodaLocalization.dll,{fileID: 0},0,{fileID: 114297178819530019},114297178819530019
LevelManager,Assets/GameObject/LevelManager.prefab,SodaLocalization,5da1616026de94000df426d5852afab6,479171897,Level_GroundZero,{fileID: 0},0,0,1,{fileID: 1696562741359167},1696562741359167,0,{fileID: 0},0,{fileID: 0},0,"{fileID: 479171897, guid: 5da1616026de94000df426d5852afab6, type: 3}",479171897,5da1616026de94000df426d5852afab6,Assets/Plugins/SodaLocalization.dll,{fileID: 0},0,{fileID: 114759650541392700},114759650541392700
LevelManager,Assets/GameObject/LevelManager.prefab,SodaLocalization,5da1616026de94000df426d5852afab6,479171897,UI_Require,{fileID: 0},0,0,1,{fileID: 1490879980500317},1490879980500317,0,{fileID: 0},0,{fileID: 0},0,"{fileID: 479171897, guid: 5da1616026de94000df426d5852afab6, type: 3}",479171897,5da1616026de94000df426d5852afab6,Assets/Plugins/SodaLocalization.dll,{fileID: 0},0,{fileID: 114368490315859460},114368490315859460
LevelManager,Assets/GameObject/LevelManager.prefab,SodaLocalization,5da1616026de94000df426d5852afab6,479171897,UI_NeedBeacon,{fileID: 0},0,0,1,{fileID: 1678010302775989},1678010302775989,0,{fileID: 0},0,{fileID: 0},0,"{fileID: 479171897, guid: 5da1616026de94000df426d5852afab6, type: 3}",479171897,5da1616026de94000df426d5852afab6,Assets/Plugins/SodaLocalization.dll,{fileID: 0},0,{fileID: 114784306399050781},114784306399050781
LevelManager,Assets/GameObject/LevelManager.prefab,SodaLocalization,5da1616026de94000df426d5852afab6,479171897,UI_FullReleaseContent,{fileID: 0},0,0,1,{fileID: 1323318272346945},1323318272346945,0,{fileID: 0},0,{fileID: 0},0,"{fileID: 479171897, guid: 5da1616026de94000df426d5852afab6, type: 3}",479171897,5da1616026de94000df426d5852afab6,Assets/Plugins/SodaLocalization.dll,{fileID: 0},0,{fileID: 114655937477735835},114655937477735835
LevelManager,Assets/GameObject/LevelManager.prefab,SodaLocalization,5da1616026de94000df426d5852afab6,479171897,HiddenWarehouse,{fileID: 0},0,0,1,{fileID: 1560771346734660},1560771346734660,0,{fileID: 0},0,{fileID: 0},0,"{fileID: 479171897, guid: 5da1616026de94000df426d5852afab6, type: 3}",479171897,5da1616026de94000df426d5852afab6,Assets/Plugins/SodaLocalization.dll,{fileID: 0},0,{fileID: 114862359496039407},114862359496039407
LevelManager,Assets/GameObject/LevelManager.prefab,SodaLocalization,5da1616026de94000df426d5852afab6,479171897,UI_Require,{fileID: 0},0,0,1,{fileID: 1668972798412944},1668972798412944,0,{fileID: 0},0,{fileID: 0},0,"{fileID: 479171897, guid: 5da1616026de94000df426d5852afab6, type: 3}",479171897,5da1616026de94000df426d5852afab6,Assets/Plugins/SodaLocalization.dll,{fileID: 0},0,{fileID: 114040067685517157},114040067685517157
LevelManager,Assets/GameObject/LevelManager.prefab,SodaLocalization,5da1616026de94000df426d5852afab6,479171897,UI_NeedBeacon,{fileID: 0},0,0,1,{fileID: 1562656467252526},1562656467252526,0,{fileID: 0},0,{fileID: 0},0,"{fileID: 479171897, guid: 5da1616026de94000df426d5852afab6, type: 3}",479171897,5da1616026de94000df426d5852afab6,Assets/Plugins/SodaLocalization.dll,{fileID: 0},0,{fileID: 114078710952798129},114078710952798129
LevelManager,Assets/GameObject/LevelManager.prefab,SodaLocalization,5da1616026de94000df426d5852afab6,479171897,UI_FullReleaseContent,{fileID: 0},0,0,1,{fileID: 1208391466908043},1208391466908043,0,{fileID: 0},0,{fileID: 0},0,"{fileID: 479171897, guid: 5da1616026de94000df426d5852afab6, type: 3}",479171897,5da1616026de94000df426d5852afab6,Assets/Plugins/SodaLocalization.dll,{fileID: 0},0,{fileID: 114387430550243092},114387430550243092
LevelManager,Assets/GameObject/LevelManager.prefab,SodaLocalization,5da1616026de94000df426d5852afab6,479171897,Level_Farm,{fileID: 0},0,0,1,{fileID: 1558832927270914},1558832927270914,0,{fileID: 0},0,{fileID: 0},0,"{fileID: 479171897, guid: 5da1616026de94000df426d5852afab6, type: 3}",479171897,5da1616026de94000df426d5852afab6,Assets/Plugins/SodaLocalization.dll,{fileID: 0},0,{fileID: 114598474834562549},114598474834562549
LevelManager,Assets/GameObject/LevelManager.prefab,SodaLocalization,5da1616026de94000df426d5852afab6,479171897,UI_Require,{fileID: 0},0,0,1,{fileID: 1708203550206055},1708203550206055,0,{fileID: 0},0,{fileID: 0},0,"{fileID: 479171897, guid: 5da1616026de94000df426d5852afab6, type: 3}",479171897,5da1616026de94000df426d5852afab6,Assets/Plugins/SodaLocalization.dll,{fileID: 0},0,{fileID: 114145476581314534},114145476581314534
LevelManager,Assets/GameObject/LevelManager.prefab,SodaLocalization,5da1616026de94000df426d5852afab6,479171897,UI_NeedBeacon,{fileID: 0},0,0,1,{fileID: 1468235923130000},1468235923130000,0,{fileID: 0},0,{fileID: 0},0,"{fileID: 479171897, guid: 5da1616026de94000df426d5852afab6, type: 3}",479171897,5da1616026de94000df426d5852afab6,Assets/Plugins/SodaLocalization.dll,{fileID: 0},0,{fileID: 114459084889482137},114459084889482137
LevelManager,Assets/GameObject/LevelManager.prefab,SodaLocalization,5da1616026de94000df426d5852afab6,479171897,UI_FullReleaseContent,{fileID: 0},0,0,1,{fileID: 1704957751982043},1704957751982043,0,{fileID: 0},0,{fileID: 0},0,"{fileID: 479171897, guid: 5da1616026de94000df426d5852afab6, type: 3}",479171897,5da1616026de94000df426d5852afab6,Assets/Plugins/SodaLocalization.dll,{fileID: 0},0,{fileID: 114157048467873533},114157048467873533
LevelManager,Assets/GameObject/LevelManager.prefab,SodaLocalization,5da1616026de94000df426d5852afab6,479171897,Level_Farm_South,{fileID: 0},0,0,1,{fileID: 1669181901639804},1669181901639804,0,{fileID: 0},0,{fileID: 0},0,"{fileID: 479171897, guid: 5da1616026de94000df426d5852afab6, type: 3}",479171897,5da1616026de94000df426d5852afab6,Assets/Plugins/SodaLocalization.dll,{fileID: 0},0,{fileID: 114126585722303597},114126585722303597
LevelManager,Assets/GameObject/LevelManager.prefab,SodaLocalization,5da1616026de94000df426d5852afab6,479171897,UI_Require,{fileID: 0},0,0,1,{fileID: 1344789218080543},1344789218080543,0,{fileID: 0},0,{fileID: 0},0,"{fileID: 479171897, guid: 5da1616026de94000df426d5852afab6, type: 3}",479171897,5da1616026de94000df426d5852afab6,Assets/Plugins/SodaLocalization.dll,{fileID: 0},0,{fileID: 114223214917200897},114223214917200897
LevelManager,Assets/GameObject/LevelManager.prefab,SodaLocalization,5da1616026de94000df426d5852afab6,479171897,UI_NeedBeacon,{fileID: 0},0,0,1,{fileID: 1299619928043444},1299619928043444,0,{fileID: 0},0,{fileID: 0},0,"{fileID: 479171897, guid: 5da1616026de94000df426d5852afab6, type: 3}",479171897,5da1616026de94000df426d5852afab6,Assets/Plugins/SodaLocalization.dll,{fileID: 0},0,{fileID: 114435109674294998},114435109674294998
LevelManager,Assets/GameObject/LevelManager.prefab,SodaLocalization,5da1616026de94000df426d5852afab6,479171897,UI_FullReleaseContent,{fileID: 0},0,0,1,{fileID: 1883531164922006},1883531164922006,0,{fileID: 0},0,{fileID: 0},0,"{fileID: 479171897, guid: 5da1616026de94000df426d5852afab6, type: 3}",479171897,5da1616026de94000df426d5852afab6,Assets/Plugins/SodaLocalization.dll,{fileID: 0},0,{fileID: 114583096792981450},114583096792981450
LevelManager,Assets/GameObject/LevelManager.prefab,SodaLocalization,5da1616026de94000df426d5852afab6,479171897,Level_JLab,{fileID: 0},0,0,1,{fileID: 1545076316579063},1545076316579063,0,{fileID: 0},0,{fileID: 0},0,"{fileID: 479171897, guid: 5da1616026de94000df426d5852afab6, type: 3}",479171897,5da1616026de94000df426d5852afab6,Assets/Plugins/SodaLocalization.dll,{fileID: 0},0,{fileID: 114632522371947222},114632522371947222
LevelManager,Assets/GameObject/LevelManager.prefab,SodaLocalization,5da1616026de94000df426d5852afab6,479171897,UI_Require,{fileID: 0},0,0,1,{fileID: 1520714760754961},1520714760754961,0,{fileID: 0},0,{fileID: 0},0,"{fileID: 479171897, guid: 5da1616026de94000df426d5852afab6, type: 3}",479171897,5da1616026de94000df426d5852afab6,Assets/Plugins/SodaLocalization.dll,{fileID: 0},0,{fileID: 114764325703725310},114764325703725310
LevelManager,Assets/GameObject/LevelManager.prefab,SodaLocalization,5da1616026de94000df426d5852afab6,479171897,UI_NeedBeacon,{fileID: 0},0,0,1,{fileID: 1423466411598686},1423466411598686,0,{fileID: 0},0,{fileID: 0},0,"{fileID: 479171897, guid: 5da1616026de94000df426d5852afab6, type: 3}",479171897,5da1616026de94000df426d5852afab6,Assets/Plugins/SodaLocalization.dll,{fileID: 0},0,{fileID: 114017835598299594},114017835598299594
LevelManager,Assets/GameObject/LevelManager.prefab,SodaLocalization,5da1616026de94000df426d5852afab6,479171897,UI_FullReleaseContent,{fileID: 0},0,0,1,{fileID: 1407674681275300},1407674681275300,0,{fileID: 0},0,{fileID: 0},0,"{fileID: 479171897, guid: 5da1616026de94000df426d5852afab6, type: 3}",479171897,5da1616026de94000df426d5852afab6,Assets/Plugins/SodaLocalization.dll,{fileID: 0},0,{fileID: 114642973623725979},114642973623725979
LevelManager,Assets/GameObject/LevelManager.prefab,SodaLocalization,5da1616026de94000df426d5852afab6,479171897,Level_StormZone,{fileID: 0},0,0,1,{fileID: 1468581696562544},1468581696562544,0,{fileID: 0},0,{fileID: 0},0,"{fileID: 479171897, guid: 5da1616026de94000df426d5852afab6, type: 3}",479171897,5da1616026de94000df426d5852afab6,Assets/Plugins/SodaLocalization.dll,{fileID: 0},0,{fileID: 114019517272387667},114019517272387667
LevelManager,Assets/GameObject/LevelManager.prefab,SodaLocalization,5da1616026de94000df426d5852afab6,479171897,UI_Require,{fileID: 0},0,0,1,{fileID: 1963139430933257},1963139430933257,0,{fileID: 0},0,{fileID: 0},0,"{fileID: 479171897, guid: 5da1616026de94000df426d5852afab6, type: 3}",479171897,5da1616026de94000df426d5852afab6,Assets/Plugins/SodaLocalization.dll,{fileID: 0},0,{fileID: 114768199175404377},114768199175404377
LevelManager,Assets/GameObject/LevelManager.prefab,SodaLocalization,5da1616026de94000df426d5852afab6,479171897,UI_NeedBeacon,{fileID: 0},0,0,1,{fileID: 1712489795397106},1712489795397106,0,{fileID: 0},0,{fileID: 0},0,"{fileID: 479171897, guid: 5da1616026de94000df426d5852afab6, type: 3}",479171897,5da1616026de94000df426d5852afab6,Assets/Plugins/SodaLocalization.dll,{fileID: 0},0,{fileID: 114453196078534177},114453196078534177
LevelManager,Assets/GameObject/LevelManager.prefab,SodaLocalization,5da1616026de94000df426d5852afab6,479171897,UI_FullReleaseContent,{fileID: 0},0,0,1,{fileID: 1404833731648431},1404833731648431,0,{fileID: 0},0,{fileID: 0},0,"{fileID: 479171897, guid: 5da1616026de94000df426d5852afab6, type: 3}",479171897,5da1616026de94000df426d5852afab6,Assets/Plugins/SodaLocalization.dll,{fileID: 0},0,{fileID: 114002692823167788},114002692823167788
LevelManager,Assets/GameObject/LevelManager.prefab,SodaLocalization,5da1616026de94000df426d5852afab6,479171897,UI_MapSelection_Confirm,{fileID: 0},0,0,1,{fileID: 1008890916922974},1008890916922974,0,{fileID: 0},0,{fileID: 0},0,"{fileID: 479171897, guid: 5da1616026de94000df426d5852afab6, type: 3}",479171897,5da1616026de94000df426d5852afab6,Assets/Plugins/SodaLocalization.dll,{fileID: 0},0,{fileID: 114797493680180714},114797493680180714
LevelManager,Assets/GameObject/LevelManager.prefab,SodaLocalization,5da1616026de94000df426d5852afab6,479171897,UI_MapSelection_Cancel,{fileID: 0},0,0,1,{fileID: 1994369157055472},1994369157055472,0,{fileID: 0},0,{fileID: 0},0,"{fileID: 479171897, guid: 5da1616026de94000df426d5852afab6, type: 3}",479171897,5da1616026de94000df426d5852afab6,Assets/Plugins/SodaLocalization.dll,{fileID: 0},0,{fileID: 114979030580820044},114979030580820044
LevelManager,Assets/GameObject/LevelManager.prefab,SodaLocalization,5da1616026de94000df426d5852afab6,479171897,UI_MapSelection_SettingOffTo,{fileID: 0},0,0,1,{fileID: 1580951090607562},1580951090607562,0,{fileID: 0},0,{fileID: 0},0,"{fileID: 479171897, guid: 5da1616026de94000df426d5852afab6, type: 3}",479171897,5da1616026de94000df426d5852afab6,Assets/Plugins/SodaLocalization.dll,{fileID: 0},0,{fileID: 114521971485709654},114521971485709654
LevelManager,Assets/GameObject/LevelManager.prefab,SodaLocalization,5da1616026de94000df426d5852afab6,479171897,UI_Build,{fileID: 0},0,0,1,{fileID: 1801699068930005},1801699068930005,0,{fileID: 0},0,{fileID: 0},0,"{fileID: 479171897, guid: 5da1616026de94000df426d5852afab6, type: 3}",479171897,5da1616026de94000df426d5852afab6,Assets/Plugins/SodaLocalization.dll,{fileID: 0},0,{fileID: 114114870020335107},114114870020335107
LevelManager,Assets/GameObject/LevelManager.prefab,SodaLocalization,5da1616026de94000df426d5852afab6,479171897,ReachedLimit,{fileID: 0},0,0,1,{fileID: 1118770192277433},1118770192277433,0,{fileID: 0},0,{fileID: 0},0,"{fileID: 479171897, guid: 5da1616026de94000df426d5852afab6, type: 3}",479171897,5da1616026de94000df426d5852afab6,Assets/Plugins/SodaLocalization.dll,{fileID: 0},0,{fileID: 114241565133409982},114241565133409982
LevelManager,Assets/GameObject/LevelManager.prefab,SodaLocalization,5da1616026de94000df426d5852afab6,479171897,UI_Building_Recycle,{fileID: 0},0,0,1,{fileID: 1672417330620193},1672417330620193,0,{fileID: 0},0,{fileID: 0},0,"{fileID: 479171897, guid: 5da1616026de94000df426d5852afab6, type: 3}",479171897,5da1616026de94000df426d5852afab6,Assets/Plugins/SodaLocalization.dll,{fileID: 0},0,{fileID: 114817359069229522},114817359069229522
LevelManager,Assets/GameObject/LevelManager.prefab,SodaLocalization,5da1616026de94000df426d5852afab6,479171897,UI_RotateBuilding,{fileID: 0},0,0,1,{fileID: 1914708466964468},1914708466964468,0,{fileID: 0},0,{fileID: 0},0,"{fileID: 479171897, guid: 5da1616026de94000df426d5852afab6, type: 3}",479171897,5da1616026de94000df426d5852afab6,Assets/Plugins/SodaLocalization.dll,{fileID: 0},0,{fileID: 114845953558031569},114845953558031569
LevelManager,Assets/GameObject/LevelManager.prefab,SodaLocalization,5da1616026de94000df426d5852afab6,479171897,UI_Navigate,{fileID: 0},0,0,1,{fileID: 1533409349078478},1533409349078478,0,{fileID: 0},0,{fileID: 0},0,"{fileID: 479171897, guid: 5da1616026de94000df426d5852afab6, type: 3}",479171897,5da1616026de94000df426d5852afab6,Assets/Plugins/SodaLocalization.dll,{fileID: 0},0,{fileID: 114845438086506560},114845438086506560
LevelManager,Assets/GameObject/LevelManager.prefab,SodaLocalization,5da1616026de94000df426d5852afab6,479171897,UI_Operate,{fileID: 0},0,0,1,{fileID: 1864879997479214},1864879997479214,0,{fileID: 0},0,{fileID: 0},0,"{fileID: 479171897, guid: 5da1616026de94000df426d5852afab6, type: 3}",479171897,5da1616026de94000df426d5852afab6,Assets/Plugins/SodaLocalization.dll,{fileID: 0},0,{fileID: 114822914407160084},114822914407160084
LevelManager,Assets/GameObject/LevelManager.prefab,SodaLocalization,5da1616026de94000df426d5852afab6,479171897,BlackMarket,{fileID: 0},0,0,1,{fileID: 1120607655960651},1120607655960651,0,{fileID: 0},0,{fileID: 0},0,"{fileID: 479171897, guid: 5da1616026de94000df426d5852afab6, type: 3}",479171897,5da1616026de94000df426d5852afab6,Assets/Plugins/SodaLocalization.dll,{fileID: 0},0,{fileID: 114061890632449898},114061890632449898
LevelManager,Assets/GameObject/LevelManager.prefab,SodaLocalization,5da1616026de94000df426d5852afab6,479171897,BlackMarkest_Demand,{fileID: 0},0,0,1,{fileID: 1945912586518400},1945912586518400,0,{fileID: 0},0,{fileID: 0},0,"{fileID: 479171897, guid: 5da1616026de94000df426d5852afab6, type: 3}",479171897,5da1616026de94000df426d5852afab6,Assets/Plugins/SodaLocalization.dll,{fileID: 0},0,{fileID: 114466448921387967},114466448921387967
LevelManager,Assets/GameObject/LevelManager.prefab,SodaLocalization,5da1616026de94000df426d5852afab6,479171897,BlackMarkest_Supply,{fileID: 0},0,0,1,{fileID: 1033889833950889},1033889833950889,0,{fileID: 0},0,{fileID: 0},0,"{fileID: 479171897, guid: 5da1616026de94000df426d5852afab6, type: 3}",479171897,5da1616026de94000df426d5852afab6,Assets/Plugins/SodaLocalization.dll,{fileID: 0},0,{fileID: 114624661730567530},114624661730567530
LevelManager,Assets/GameObject/LevelManager.prefab,SodaLocalization,5da1616026de94000df426d5852afab6,479171897,BlackMarkest_Demand,{fileID: 0},0,0,1,{fileID: 1364669124508646},1364669124508646,0,{fileID: 0},0,{fileID: 0},0,"{fileID: 479171897, guid: 5da1616026de94000df426d5852afab6, type: 3}",479171897,5da1616026de94000df426d5852afab6,Assets/Plugins/SodaLocalization.dll,{fileID: 0},0,{fileID: 114230403827715860},114230403827715860
LevelManager,Assets/GameObject/LevelManager.prefab,SodaLocalization,5da1616026de94000df426d5852afab6,479171897,BlackMarket_Remaining,{fileID: 0},0,0,1,{fileID: 1525342837989062},1525342837989062,0,{fileID: 0},0,{fileID: 0},0,"{fileID: 479171897, guid: 5da1616026de94000df426d5852afab6, type: 3}",479171897,5da1616026de94000df426d5852afab6,Assets/Plugins/SodaLocalization.dll,{fileID: 0},0,{fileID: 114831445881649200},114831445881649200
LevelManager,Assets/GameObject/LevelManager.prefab,SodaLocalization,5da1616026de94000df426d5852afab6,479171897,UI_Sell,{fileID: 0},0,0,1,{fileID: 1562863165320963},1562863165320963,0,{fileID: 0},0,{fileID: 0},0,"{fileID: 479171897, guid: 5da1616026de94000df426d5852afab6, type: 3}",479171897,5da1616026de94000df426d5852afab6,Assets/Plugins/SodaLocalization.dll,{fileID: 0},0,{fileID: 114551857676329063},114551857676329063
LevelManager,Assets/GameObject/LevelManager.prefab,SodaLocalization,5da1616026de94000df426d5852afab6,479171897,BlackMarkest_Supply,{fileID: 0},0,0,1,{fileID: 1123632676472980},1123632676472980,0,{fileID: 0},0,{fileID: 0},0,"{fileID: 479171897, guid: 5da1616026de94000df426d5852afab6, type: 3}",479171897,5da1616026de94000df426d5852afab6,Assets/Plugins/SodaLocalization.dll,{fileID: 0},0,{fileID: 114814985218752250},114814985218752250
LevelManager,Assets/GameObject/LevelManager.prefab,SodaLocalization,5da1616026de94000df426d5852afab6,479171897,BlackMarket_Remaining,{fileID: 0},0,0,1,{fileID: 1898036555235287},1898036555235287,0,{fileID: 0},0,{fileID: 0},0,"{fileID: 479171897, guid: 5da1616026de94000df426d5852afab6, type: 3}",479171897,5da1616026de94000df426d5852afab6,Assets/Plugins/SodaLocalization.dll,{fileID: 0},0,{fileID: 114259028571051036},114259028571051036
LevelManager,Assets/GameObject/LevelManager.prefab,SodaLocalization,5da1616026de94000df426d5852afab6,479171897,UI_Purchase,{fileID: 0},0,0,1,{fileID: 1385042429169903},1385042429169903,0,{fileID: 0},0,{fileID: 0},0,"{fileID: 479171897, guid: 5da1616026de94000df426d5852afab6, type: 3}",479171897,5da1616026de94000df426d5852afab6,Assets/Plugins/SodaLocalization.dll,{fileID: 0},0,{fileID: 114574083990485993},114574083990485993
LevelManager,Assets/GameObject/LevelManager.prefab,SodaLocalization,5da1616026de94000df426d5852afab6,479171897,UI_Refresh,{fileID: 0},0,0,1,{fileID: 1742620202828332},1742620202828332,0,{fileID: 0},0,{fileID: 0},0,"{fileID: 479171897, guid: 5da1616026de94000df426d5852afab6, type: 3}",479171897,5da1616026de94000df426d5852afab6,Assets/Plugins/SodaLocalization.dll,{fileID: 0},0,{fileID: 114498656782584785},114498656782584785
LevelManager,Assets/GameObject/LevelManager.prefab,SodaLocalization,5da1616026de94000df426d5852afab6,479171897,BlackMarket_RefreshETA,{fileID: 0},0,0,1,{fileID: 1509151833833953},1509151833833953,0,{fileID: 0},0,{fileID: 0},0,"{fileID: 479171897, guid: 5da1616026de94000df426d5852afab6, type: 3}",479171897,5da1616026de94000df426d5852afab6,Assets/Plugins/SodaLocalization.dll,{fileID: 0},0,{fileID: 114065428496305364},114065428496305364
LevelManager,Assets/GameObject/LevelManager.prefab,SodaLocalization,5da1616026de94000df426d5852afab6,479171897,SleepView,{fileID: 0},0,0,1,{fileID: 1664565529141624},1664565529141624,0,{fileID: 0},0,{fileID: 0},0,"{fileID: 479171897, guid: 5da1616026de94000df426d5852afab6, type: 3}",479171897,5da1616026de94000df426d5852afab6,Assets/Plugins/SodaLocalization.dll,{fileID: 0},0,{fileID: 114647046800212058},114647046800212058
LevelManager,Assets/GameObject/LevelManager.prefab,SodaLocalization,5da1616026de94000df426d5852afab6,479171897,SleepView_Sleep,{fileID: 0},0,0,1,{fileID: 1184137264020794},1184137264020794,0,{fileID: 0},0,{fileID: 0},0,"{fileID: 479171897, guid: 5da1616026de94000df426d5852afab6, type: 3}",479171897,5da1616026de94000df426d5852afab6,Assets/Plugins/SodaLocalization.dll,{fileID: 0},0,{fileID: 114433214372112690},114433214372112690
LevelManager,Assets/GameObject/LevelManager.prefab,SodaLocalization,5da1616026de94000df426d5852afab6,479171897,UI_ATM_Title,{fileID: 0},0,0,1,{fileID: 1339405765882056},1339405765882056,0,{fileID: 0},0,{fileID: 0},0,"{fileID: 479171897, guid: 5da1616026de94000df426d5852afab6, type: 3}",479171897,5da1616026de94000df426d5852afab6,Assets/Plugins/SodaLocalization.dll,{fileID: 0},0,{fileID: 114970522397792854},114970522397792854
LevelManager,Assets/GameObject/LevelManager.prefab,SodaLocalization,5da1616026de94000df426d5852afab6,479171897,UI_ATM_Balance,{fileID: 0},0,0,1,{fileID: 1064322590393776},1064322590393776,0,{fileID: 0},0,{fileID: 0},0,"{fileID: 479171897, guid: 5da1616026de94000df426d5852afab6, type: 3}",479171897,5da1616026de94000df426d5852afab6,Assets/Plugins/SodaLocalization.dll,{fileID: 0},0,{fileID: 114888377211510893},114888377211510893
LevelManager,Assets/GameObject/LevelManager.prefab,SodaLocalization,5da1616026de94000df426d5852afab6,479171897,UI_ATM_Cash,{fileID: 0},0,0,1,{fileID: 1952420124182661},1952420124182661,0,{fileID: 0},0,{fileID: 0},0,"{fileID: 479171897, guid: 5da1616026de94000df426d5852afab6, type: 3}",479171897,5da1616026de94000df426d5852afab6,Assets/Plugins/SodaLocalization.dll,{fileID: 0},0,{fileID: 114352684424951759},114352684424951759
LevelManager,Assets/GameObject/LevelManager.prefab,SodaLocalization,5da1616026de94000df426d5852afab6,479171897,UI_ATM_Save,{fileID: 0},0,0,1,{fileID: 1691241391589698},1691241391589698,0,{fileID: 0},0,{fileID: 0},0,"{fileID: 479171897, guid: 5da1616026de94000df426d5852afab6, type: 3}",479171897,5da1616026de94000df426d5852afab6,Assets/Plugins/SodaLocalization.dll,{fileID: 0},0,{fileID: 114207333496772844},114207333496772844
LevelManager,Assets/GameObject/LevelManager.prefab,SodaLocalization,5da1616026de94000df426d5852afab6,479171897,UI_ATM_Draw,{fileID: 0},0,0,1,{fileID: 1543209302498820},1543209302498820,0,{fileID: 0},0,{fileID: 0},0,"{fileID: 479171897, guid: 5da1616026de94000df426d5852afab6, type: 3}",479171897,5da1616026de94000df426d5852afab6,Assets/Plugins/SodaLocalization.dll,{fileID: 0},0,{fileID: 114288089202864726},114288089202864726
LevelManager,Assets/GameObject/LevelManager.prefab,SodaLocalization,5da1616026de94000df426d5852afab6,479171897,UI_ATM_Save,{fileID: 0},0,0,1,{fileID: 1348122293076313},1348122293076313,0,{fileID: 0},0,{fileID: 0},0,"{fileID: 479171897, guid: 5da1616026de94000df426d5852afab6, type: 3}",479171897,5da1616026de94000df426d5852afab6,Assets/Plugins/SodaLocalization.dll,{fileID: 0},0,{fileID: 114600699236094043},114600699236094043
LevelManager,Assets/GameObject/LevelManager.prefab,SodaLocalization,5da1616026de94000df426d5852afab6,479171897,UI_DigitInput_Max,{fileID: 0},0,0,1,{fileID: 1486743441221987},1486743441221987,0,{fileID: 0},0,{fileID: 0},0,"{fileID: 479171897, guid: 5da1616026de94000df426d5852afab6, type: 3}",479171897,5da1616026de94000df426d5852afab6,Assets/Plugins/SodaLocalization.dll,{fileID: 0},0,{fileID: 114261473883451019},114261473883451019
LevelManager,Assets/GameObject/LevelManager.prefab,SodaLocalization,5da1616026de94000df426d5852afab6,479171897,UI_Confirm,{fileID: 0},0,0,1,{fileID: 1194646360646419},1194646360646419,0,{fileID: 0},0,{fileID: 0},0,"{fileID: 479171897, guid: 5da1616026de94000df426d5852afab6, type: 3}",479171897,5da1616026de94000df426d5852afab6,Assets/Plugins/SodaLocalization.dll,{fileID: 0},0,{fileID: 114207005277891936},114207005277891936
LevelManager,Assets/GameObject/LevelManager.prefab,SodaLocalization,5da1616026de94000df426d5852afab6,479171897,UI_ATM_InsufficientCash,{fileID: 0},0,0,1,{fileID: 1605747914551431},1605747914551431,0,{fileID: 0},0,{fileID: 0},0,"{fileID: 479171897, guid: 5da1616026de94000df426d5852afab6, type: 3}",479171897,5da1616026de94000df426d5852afab6,Assets/Plugins/SodaLocalization.dll,{fileID: 0},0,{fileID: 114222696870367822},114222696870367822
LevelManager,Assets/GameObject/LevelManager.prefab,SodaLocalization,5da1616026de94000df426d5852afab6,479171897,UI_ATM_Draw,{fileID: 0},0,0,1,{fileID: 1911548536419197},1911548536419197,0,{fileID: 0},0,{fileID: 0},0,"{fileID: 479171897, guid: 5da1616026de94000df426d5852afab6, type: 3}",479171897,5da1616026de94000df426d5852afab6,Assets/Plugins/SodaLocalization.dll,{fileID: 0},0,{fileID: 114995981971445575},114995981971445575
LevelManager,Assets/GameObject/LevelManager.prefab,SodaLocalization,5da1616026de94000df426d5852afab6,479171897,UI_DigitInput_Max,{fileID: 0},0,0,1,{fileID: 1328003800860591},1328003800860591,0,{fileID: 0},0,{fileID: 0},0,"{fileID: 479171897, guid: 5da1616026de94000df426d5852afab6, type: 3}",479171897,5da1616026de94000df426d5852afab6,Assets/Plugins/SodaLocalization.dll,{fileID: 0},0,{fileID: 114642816468316313},114642816468316313
LevelManager,Assets/GameObject/LevelManager.prefab,SodaLocalization,5da1616026de94000df426d5852afab6,479171897,UI_Confirm,{fileID: 0},0,0,1,{fileID: 1651638787978175},1651638787978175,0,{fileID: 0},0,{fileID: 0},0,"{fileID: 479171897, guid: 5da1616026de94000df426d5852afab6, type: 3}",479171897,5da1616026de94000df426d5852afab6,Assets/Plugins/SodaLocalization.dll,{fileID: 0},0,{fileID: 114138303789863332},114138303789863332
LevelManager,Assets/GameObject/LevelManager.prefab,SodaLocalization,5da1616026de94000df426d5852afab6,479171897,UI_ATM_InsufficientBalance,{fileID: 0},0,0,1,{fileID: 1940747741859269},1940747741859269,0,{fileID: 0},0,{fileID: 0},0,"{fileID: 479171897, guid: 5da1616026de94000df426d5852afab6, type: 3}",479171897,5da1616026de94000df426d5852afab6,Assets/Plugins/SodaLocalization.dll,{fileID: 0},0,{fileID: 114316967283736274},114316967283736274
LevelManager,Assets/GameObject/LevelManager.prefab,SodaLocalization,5da1616026de94000df426d5852afab6,479171897,UI_Sort,{fileID: 0},0,0,1,{fileID: 1305631176791846},1305631176791846,0,{fileID: 0},0,{fileID: 0},0,"{fileID: 479171897, guid: 5da1616026de94000df426d5852afab6, type: 3}",479171897,5da1616026de94000df426d5852afab6,Assets/Plugins/SodaLocalization.dll,{fileID: 0},0,{fileID: 114596034529478349},114596034529478349
LevelManager,Assets/GameObject/LevelManager.prefab,SodaLocalization,5da1616026de94000df426d5852afab6,479171897,Loading,{fileID: 0},0,0,1,{fileID: 1862233583338654},1862233583338654,0,{fileID: 0},0,{fileID: 0},0,"{fileID: 479171897, guid: 5da1616026de94000df426d5852afab6, type: 3}",479171897,5da1616026de94000df426d5852afab6,Assets/Plugins/SodaLocalization.dll,{fileID: 0},0,{fileID: 114991369769042741},114991369769042741
LevelManager,Assets/GameObject/LevelManager.prefab,SodaLocalization,5da1616026de94000df426d5852afab6,479171897,Loading,{fileID: 0},0,0,1,{fileID: 1193894368371343},1193894368371343,0,{fileID: 0},0,{fileID: 0},0,"{fileID: 479171897, guid: 5da1616026de94000df426d5852afab6, type: 3}",479171897,5da1616026de94000df426d5852afab6,Assets/Plugins/SodaLocalization.dll,{fileID: 0},0,{fileID: 114388413693205924},114388413693205924
LevelManager,Assets/GameObject/LevelManager.prefab,SodaLocalization,5da1616026de94000df426d5852afab6,479171897,Inventory_PlaceHolder,{fileID: 0},0,0,1,{fileID: 1042285048098346},1042285048098346,0,{fileID: 0},0,{fileID: 0},0,"{fileID: 479171897, guid: 5da1616026de94000df426d5852afab6, type: 3}",479171897,5da1616026de94000df426d5852afab6,Assets/Plugins/SodaLocalization.dll,{fileID: 0},0,{fileID: 114912288532665973},114912288532665973
LevelManager,Assets/GameObject/LevelManager.prefab,SodaLocalization,5da1616026de94000df426d5852afab6,479171897,UI_Sort,{fileID: 0},0,0,1,{fileID: 1623155075748267},1623155075748267,0,{fileID: 0},0,{fileID: 0},0,"{fileID: 479171897, guid: 5da1616026de94000df426d5852afab6, type: 3}",479171897,5da1616026de94000df426d5852afab6,Assets/Plugins/SodaLocalization.dll,{fileID: 0},0,{fileID: 114145943308002369},114145943308002369
LevelManager,Assets/GameObject/LevelManager.prefab,SodaLocalization,5da1616026de94000df426d5852afab6,479171897,Loading,{fileID: 0},0,0,1,{fileID: 1417146215952739},1417146215952739,0,{fileID: 0},0,{fileID: 0},0,"{fileID: 479171897, guid: 5da1616026de94000df426d5852afab6, type: 3}",479171897,5da1616026de94000df426d5852afab6,Assets/Plugins/SodaLocalization.dll,{fileID: 0},0,{fileID: 114791883768578597},114791883768578597
LevelManager,Assets/GameObject/LevelManager.prefab,SodaLocalization,5da1616026de94000df426d5852afab6,479171897,Loading,{fileID: 0},0,0,1,{fileID: 1394942646037314},1394942646037314,0,{fileID: 0},0,{fileID: 0},0,"{fileID: 479171897, guid: 5da1616026de94000df426d5852afab6, type: 3}",479171897,5da1616026de94000df426d5852afab6,Assets/Plugins/SodaLocalization.dll,{fileID: 0},0,{fileID: 114542991255444207},114542991255444207
LevelManager,Assets/GameObject/LevelManager.prefab,SodaLocalization,5da1616026de94000df426d5852afab6,479171897,Inventory_PlaceHolder,{fileID: 0},0,0,1,{fileID: 1377810962386133},1377810962386133,0,{fileID: 0},0,{fileID: 0},0,"{fileID: 479171897, guid: 5da1616026de94000df426d5852afab6, type: 3}",479171897,5da1616026de94000df426d5852afab6,Assets/Plugins/SodaLocalization.dll,{fileID: 0},0,{fileID: 114021444264378319},114021444264378319
LevelManager,Assets/GameObject/LevelManager.prefab,SodaLocalization,5da1616026de94000df426d5852afab6,479171897,UI_Sort,{fileID: 0},0,0,1,{fileID: 1397296515363530},1397296515363530,0,{fileID: 0},0,{fileID: 0},0,"{fileID: 479171897, guid: 5da1616026de94000df426d5852afab6, type: 3}",479171897,5da1616026de94000df426d5852afab6,Assets/Plugins/SodaLocalization.dll,{fileID: 0},0,{fileID: 114372898199316397},114372898199316397
LevelManager,Assets/GameObject/LevelManager.prefab,SodaLocalization,5da1616026de94000df426d5852afab6,479171897,Loading,{fileID: 0},0,0,1,{fileID: 1962693019065430},1962693019065430,0,{fileID: 0},0,{fileID: 0},0,"{fileID: 479171897, guid: 5da1616026de94000df426d5852afab6, type: 3}",479171897,5da1616026de94000df426d5852afab6,Assets/Plugins/SodaLocalization.dll,{fileID: 0},0,{fileID: 114000380848201843},114000380848201843
LevelManager,Assets/GameObject/LevelManager.prefab,SodaLocalization,5da1616026de94000df426d5852afab6,479171897,Loading,{fileID: 0},0,0,1,{fileID: 1725074589578934},1725074589578934,0,{fileID: 0},0,{fileID: 0},0,"{fileID: 479171897, guid: 5da1616026de94000df426d5852afab6, type: 3}",479171897,5da1616026de94000df426d5852afab6,Assets/Plugins/SodaLocalization.dll,{fileID: 0},0,{fileID: 114965508662320069},114965508662320069
LevelManager,Assets/GameObject/LevelManager.prefab,SodaLocalization,5da1616026de94000df426d5852afab6,479171897,Inventory_PlaceHolder,{fileID: 0},0,0,1,{fileID: 1799825302299891},1799825302299891,0,{fileID: 0},0,{fileID: 0},0,"{fileID: 479171897, guid: 5da1616026de94000df426d5852afab6, type: 3}",479171897,5da1616026de94000df426d5852afab6,Assets/Plugins/SodaLocalization.dll,{fileID: 0},0,{fileID: 114421316738158631},114421316738158631
LevelManager,Assets/GameObject/LevelManager.prefab,SodaLocalization,5da1616026de94000df426d5852afab6,479171897,UI_WorkbenchRequired,{fileID: 0},0,0,1,{fileID: 1731479225088361},1731479225088361,0,{fileID: 0},0,{fileID: 0},0,"{fileID: 479171897, guid: 5da1616026de94000df426d5852afab6, type: 3}",479171897,5da1616026de94000df426d5852afab6,Assets/Plugins/SodaLocalization.dll,{fileID: 0},0,{fileID: 114635625122185316},114635625122185316
LevelManager,Assets/GameObject/LevelManager.prefab,SodaLocalization,5da1616026de94000df426d5852afab6,479171897,Garden_NeedsWater,{fileID: 0},0,0,1,{fileID: 1217796324679430},1217796324679430,0,{fileID: 0},0,{fileID: 0},0,"{fileID: 479171897, guid: 5da1616026de94000df426d5852afab6, type: 3}",479171897,5da1616026de94000df426d5852afab6,Assets/Plugins/SodaLocalization.dll,{fileID: 0},0,{fileID: 114916967417055411},114916967417055411
LevelManager,Assets/GameObject/LevelManager.prefab,SodaLocalization,5da1616026de94000df426d5852afab6,479171897,Garden_Harvestable,{fileID: 0},0,0,1,{fileID: 1307194814526426},1307194814526426,0,{fileID: 0},0,{fileID: 0},0,"{fileID: 479171897, guid: 5da1616026de94000df426d5852afab6, type: 3}",479171897,5da1616026de94000df426d5852afab6,Assets/Plugins/SodaLocalization.dll,{fileID: 0},0,{fileID: 114331512328921695},114331512328921695
LevelManager,Assets/GameObject/LevelManager.prefab,SodaLocalization,5da1616026de94000df426d5852afab6,479171897,Garden_Plant,{fileID: 0},0,0,1,{fileID: 1741204735725568},1741204735725568,0,{fileID: 0},0,{fileID: 0},0,"{fileID: 479171897, guid: 5da1616026de94000df426d5852afab6, type: 3}",479171897,5da1616026de94000df426d5852afab6,Assets/Plugins/SodaLocalization.dll,{fileID: 0},0,{fileID: 114653273228238912},114653273228238912
LevelManager,Assets/GameObject/LevelManager.prefab,SodaLocalization,5da1616026de94000df426d5852afab6,479171897,Garden_SelectCrop,{fileID: 0},0,0,1,{fileID: 1829975416169919},1829975416169919,0,{fileID: 0},0,{fileID: 0},0,"{fileID: 479171897, guid: 5da1616026de94000df426d5852afab6, type: 3}",479171897,5da1616026de94000df426d5852afab6,Assets/Plugins/SodaLocalization.dll,{fileID: 0},0,{fileID: 114324997437365084},114324997437365084
LevelManager,Assets/GameObject/LevelManager.prefab,SodaLocalization,5da1616026de94000df426d5852afab6,479171897,Garden_Water,{fileID: 0},0,0,1,{fileID: 1536214254426097},1536214254426097,0,{fileID: 0},0,{fileID: 0},0,"{fileID: 479171897, guid: 5da1616026de94000df426d5852afab6, type: 3}",479171897,5da1616026de94000df426d5852afab6,Assets/Plugins/SodaLocalization.dll,{fileID: 0},0,{fileID: 114166148527756806},114166148527756806
LevelManager,Assets/GameObject/LevelManager.prefab,SodaLocalization,5da1616026de94000df426d5852afab6,479171897,Garden_Harvest,{fileID: 0},0,0,1,{fileID: 1462339061906376},1462339061906376,0,{fileID: 0},0,{fileID: 0},0,"{fileID: 479171897, guid: 5da1616026de94000df426d5852afab6, type: 3}",479171897,5da1616026de94000df426d5852afab6,Assets/Plugins/SodaLocalization.dll,{fileID: 0},0,{fileID: 114876224808892049},114876224808892049
LevelManager,Assets/GameObject/LevelManager.prefab,SodaLocalization,5da1616026de94000df426d5852afab6,479171897,Garden_Destroy,{fileID: 0},0,0,1,{fileID: 1190880322536363},1190880322536363,0,{fileID: 0},0,{fileID: 0},0,"{fileID: 479171897, guid: 5da1616026de94000df426d5852afab6, type: 3}",479171897,5da1616026de94000df426d5852afab6,Assets/Plugins/SodaLocalization.dll,{fileID: 0},0,{fileID: 114765062346642522},114765062346642522
LevelManager,Assets/GameObject/LevelManager.prefab,SodaLocalization,5da1616026de94000df426d5852afab6,479171897,UI_Sort,{fileID: 0},0,0,1,{fileID: 1182690163566502},1182690163566502,0,{fileID: 0},0,{fileID: 0},0,"{fileID: 479171897, guid: 5da1616026de94000df426d5852afab6, type: 3}",479171897,5da1616026de94000df426d5852afab6,Assets/Plugins/SodaLocalization.dll,{fileID: 0},0,{fileID: 114899774903728743},114899774903728743
LevelManager,Assets/GameObject/LevelManager.prefab,SodaLocalization,5da1616026de94000df426d5852afab6,479171897,Loading,{fileID: 0},0,0,1,{fileID: 1665298972977274},1665298972977274,0,{fileID: 0},0,{fileID: 0},0,"{fileID: 479171897, guid: 5da1616026de94000df426d5852afab6, type: 3}",479171897,5da1616026de94000df426d5852afab6,Assets/Plugins/SodaLocalization.dll,{fileID: 0},0,{fileID: 114334349151236618},114334349151236618
LevelManager,Assets/GameObject/LevelManager.prefab,SodaLocalization,5da1616026de94000df426d5852afab6,479171897,Loading,{fileID: 0},0,0,1,{fileID: 1301577441278467},1301577441278467,0,{fileID: 0},0,{fileID: 0},0,"{fileID: 479171897, guid: 5da1616026de94000df426d5852afab6, type: 3}",479171897,5da1616026de94000df426d5852afab6,Assets/Plugins/SodaLocalization.dll,{fileID: 0},0,{fileID: 114518614198004337},114518614198004337
LevelManager,Assets/GameObject/LevelManager.prefab,SodaLocalization,5da1616026de94000df426d5852afab6,479171897,Inventory_PlaceHolder,{fileID: 0},0,0,1,{fileID: 1554762487100086},1554762487100086,0,{fileID: 0},0,{fileID: 0},0,"{fileID: 479171897, guid: 5da1616026de94000df426d5852afab6, type: 3}",479171897,5da1616026de94000df426d5852afab6,Assets/Plugins/SodaLocalization.dll,{fileID: 0},0,{fileID: 114921438516212531},114921438516212531
LevelManager,Assets/GameObject/LevelManager.prefab,SodaLocalization,5da1616026de94000df426d5852afab6,479171897,UI_Sort,{fileID: 0},0,0,1,{fileID: 1047790532196367},1047790532196367,0,{fileID: 0},0,{fileID: 0},0,"{fileID: 479171897, guid: 5da1616026de94000df426d5852afab6, type: 3}",479171897,5da1616026de94000df426d5852afab6,Assets/Plugins/SodaLocalization.dll,{fileID: 0},0,{fileID: 114345667961911806},114345667961911806
LevelManager,Assets/GameObject/LevelManager.prefab,SodaLocalization,5da1616026de94000df426d5852afab6,479171897,Loading,{fileID: 0},0,0,1,{fileID: 1629054383410696},1629054383410696,0,{fileID: 0},0,{fileID: 0},0,"{fileID: 479171897, guid: 5da1616026de94000df426d5852afab6, type: 3}",479171897,5da1616026de94000df426d5852afab6,Assets/Plugins/SodaLocalization.dll,{fileID: 0},0,{fileID: 114584561455364312},114584561455364312
LevelManager,Assets/GameObject/LevelManager.prefab,SodaLocalization,5da1616026de94000df426d5852afab6,479171897,Loading,{fileID: 0},0,0,1,{fileID: 1220777720687235},1220777720687235,0,{fileID: 0},0,{fileID: 0},0,"{fileID: 479171897, guid: 5da1616026de94000df426d5852afab6, type: 3}",479171897,5da1616026de94000df426d5852afab6,Assets/Plugins/SodaLocalization.dll,{fileID: 0},0,{fileID: 114405377563193804},114405377563193804
LevelManager,Assets/GameObject/LevelManager.prefab,SodaLocalization,5da1616026de94000df426d5852afab6,479171897,Inventory_PlaceHolder,{fileID: 0},0,0,1,{fileID: 1671483239791884},1671483239791884,0,{fileID: 0},0,{fileID: 0},0,"{fileID: 479171897, guid: 5da1616026de94000df426d5852afab6, type: 3}",479171897,5da1616026de94000df426d5852afab6,Assets/Plugins/SodaLocalization.dll,{fileID: 0},0,{fileID: 114994631539440157},114994631539440157
LevelManager,Assets/GameObject/LevelManager.prefab,SodaLocalization,5da1616026de94000df426d5852afab6,479171897,UI_Confirm,{fileID: 0},0,0,1,{fileID: 1958554849912565},1958554849912565,0,{fileID: 0},0,{fileID: 0},0,"{fileID: 479171897, guid: 5da1616026de94000df426d5852afab6, type: 3}",479171897,5da1616026de94000df426d5852afab6,Assets/Plugins/SodaLocalization.dll,{fileID: 0},0,{fileID: 114560650745341077},114560650745341077
LevelManager,Assets/GameObject/LevelManager.prefab,SodaLocalization,5da1616026de94000df426d5852afab6,479171897,Endowment_Selection,{fileID: 0},0,0,1,{fileID: 1437850407563394},1437850407563394,0,{fileID: 0},0,{fileID: 0},0,"{fileID: 479171897, guid: 5da1616026de94000df426d5852afab6, type: 3}",479171897,5da1616026de94000df426d5852afab6,Assets/Plugins/SodaLocalization.dll,{fileID: 0},0,{fileID: 114193137403212465},114193137403212465
LevelManager,Assets/GameObject/LevelManager.prefab,SodaLocalization,5da1616026de94000df426d5852afab6,479171897,DEMO_Endowment_Locked,{fileID: 0},0,0,1,{fileID: 1371509852298230},1371509852298230,0,{fileID: 0},0,{fileID: 0},0,"{fileID: 479171897, guid: 5da1616026de94000df426d5852afab6, type: 3}",479171897,5da1616026de94000df426d5852afab6,Assets/Plugins/SodaLocalization.dll,{fileID: 0},0,{fileID: 114030039064800152},114030039064800152
LevelManager,Assets/GameObject/LevelManager.prefab,SodaLocalization,5da1616026de94000df426d5852afab6,479171897,UI_Confirm,{fileID: 0},0,0,1,{fileID: 1111359446614985},1111359446614985,0,{fileID: 0},0,{fileID: 0},0,"{fileID: 479171897, guid: 5da1616026de94000df426d5852afab6, type: 3}",479171897,5da1616026de94000df426d5852afab6,Assets/Plugins/SodaLocalization.dll,{fileID: 0},0,{fileID: 114404416173425826},114404416173425826
LevelManager,Assets/GameObject/LevelManager.prefab,SodaLocalization,5da1616026de94000df426d5852afab6,479171897,UI_Confirm,{fileID: 0},0,0,1,{fileID: 1049650070028549},1049650070028549,0,{fileID: 0},0,{fileID: 0},0,"{fileID: 479171897, guid: 5da1616026de94000df426d5852afab6, type: 3}",479171897,5da1616026de94000df426d5852afab6,Assets/Plugins/SodaLocalization.dll,{fileID: 0},0,{fileID: 114623963954995399},114623963954995399
LevelManager,Assets/GameObject/LevelManager.prefab,SodaLocalization,5da1616026de94000df426d5852afab6,479171897,UI_Cancel,{fileID: 0},0,0,1,{fileID: 1324805278318565},1324805278318565,0,{fileID: 0},0,{fileID: 0},0,"{fileID: 479171897, guid: 5da1616026de94000df426d5852afab6, type: 3}",479171897,5da1616026de94000df426d5852afab6,Assets/Plugins/SodaLocalization.dll,{fileID: 0},0,{fileID: 114009025266861883},114009025266861883
LevelManager,Assets/GameObject/LevelManager.prefab,SodaLocalization,5da1616026de94000df426d5852afab6,479171897,Usable,{fileID: 0},0,0,1,{fileID: 1936016956867675},1936016956867675,0,{fileID: 0},0,{fileID: 0},0,"{fileID: 479171897, guid: 5da1616026de94000df426d5852afab6, type: 3}",479171897,5da1616026de94000df426d5852afab6,Assets/Plugins/SodaLocalization.dll,{fileID: 0},0,{fileID: 114979918650823695},114979918650823695
LevelManager,Assets/GameObject/LevelManager.prefab,SodaLocalization,5da1616026de94000df426d5852afab6,479171897,UI_Registered,{fileID: 0},0,0,1,{fileID: 1681552843850034},1681552843850034,0,{fileID: 0},0,{fileID: 0},0,"{fileID: 479171897, guid: 5da1616026de94000df426d5852afab6, type: 3}",479171897,5da1616026de94000df426d5852afab6,Assets/Plugins/SodaLocalization.dll,{fileID: 0},0,{fileID: 114564374595009730},114564374595009730
LevelManager,Assets/GameObject/LevelManager.prefab,SodaLocalization,5da1616026de94000df426d5852afab6,479171897,UI_WorkbenchRequired,{fileID: 0},0,0,1,{fileID: 1327995432972811},1327995432972811,0,{fileID: 0},0,{fileID: 0},0,"{fileID: 479171897, guid: 5da1616026de94000df426d5852afab6, type: 3}",479171897,5da1616026de94000df426d5852afab6,Assets/Plugins/SodaLocalization.dll,{fileID: 0},0,{fileID: 114553967895976866},114553967895976866
LevelManager,Assets/GameObject/LevelManager.prefab,SodaLocalization,5da1616026de94000df426d5852afab6,479171897,UsageUtilities_Title,{fileID: 0},0,0,1,{fileID: 1604082843119220},1604082843119220,0,{fileID: 0},0,{fileID: 0},0,"{fileID: 479171897, guid: 5da1616026de94000df426d5852afab6, type: 3}",479171897,5da1616026de94000df426d5852afab6,Assets/Plugins/SodaLocalization.dll,{fileID: 0},0,{fileID: 114634283487605567},114634283487605567
LevelManager,Assets/GameObject/LevelManager.prefab,SodaLocalization,5da1616026de94000df426d5852afab6,479171897,UI_Continue,{fileID: 0},0,0,1,{fileID: 1503052796745619},1503052796745619,0,{fileID: 0},0,{fileID: 0},0,"{fileID: 479171897, guid: 5da1616026de94000df426d5852afab6, type: 3}",479171897,5da1616026de94000df426d5852afab6,Assets/Plugins/SodaLocalization.dll,{fileID: 0},0,{fileID: 114305450731388955},114305450731388955
LevelManager,Assets/GameObject/LevelManager.prefab,SodaLocalization,5da1616026de94000df426d5852afab6,479171897,UI_Quit,{fileID: 0},0,0,1,{fileID: 1167048614541685},1167048614541685,0,{fileID: 0},0,{fileID: 0},0,"{fileID: 479171897, guid: 5da1616026de94000df426d5852afab6, type: 3}",479171897,5da1616026de94000df426d5852afab6,Assets/Plugins/SodaLocalization.dll,{fileID: 0},0,{fileID: 114413493239743743},114413493239743743
LevelManager,Assets/GameObject/LevelManager.prefab,SodaLocalization,5da1616026de94000df426d5852afab6,479171897,UI_SplitItem,{fileID: 0},0,0,1,{fileID: 1489269786960842},1489269786960842,0,{fileID: 0},0,{fileID: 0},0,"{fileID: 479171897, guid: 5da1616026de94000df426d5852afab6, type: 3}",479171897,5da1616026de94000df426d5852afab6,Assets/Plugins/SodaLocalization.dll,{fileID: 0},0,{fileID: 114242058018332941},114242058018332941
LevelManager,Assets/GameObject/LevelManager.prefab,SodaLocalization,5da1616026de94000df426d5852afab6,479171897,UI_SplitItem_Btn,{fileID: 0},0,0,1,{fileID: 1121073007457530},1121073007457530,0,{fileID: 0},0,{fileID: 0},0,"{fileID: 479171897, guid: 5da1616026de94000df426d5852afab6, type: 3}",479171897,5da1616026de94000df426d5852afab6,Assets/Plugins/SodaLocalization.dll,{fileID: 0},0,{fileID: 114275099069151400},114275099069151400
LevelManager,Assets/GameObject/LevelManager.prefab,SodaLocalization,5da1616026de94000df426d5852afab6,479171897,UI_SplitItem_Succeed,{fileID: 0},0,0,1,{fileID: 1747454222345785},1747454222345785,0,{fileID: 0},0,{fileID: 0},0,"{fileID: 479171897, guid: 5da1616026de94000df426d5852afab6, type: 3}",479171897,5da1616026de94000df426d5852afab6,Assets/Plugins/SodaLocalization.dll,{fileID: 0},0,{fileID: 114675440234216398},114675440234216398
LevelManager,Assets/GameObject/LevelManager.prefab,SodaLocalization,5da1616026de94000df426d5852afab6,479171897,UI_Registered,{fileID: 0},0,0,1,{fileID: 1227843877735171},1227843877735171,0,{fileID: 0},0,{fileID: 0},0,"{fileID: 479171897, guid: 5da1616026de94000df426d5852afab6, type: 3}",479171897,5da1616026de94000df426d5852afab6,Assets/Plugins/SodaLocalization.dll,{fileID: 0},0,{fileID: 114111085454053847},114111085454053847
LevelManager,Assets/GameObject/LevelManager.prefab,SodaLocalization,5da1616026de94000df426d5852afab6,479171897,UI_Item_Wishlist,{fileID: 0},0,0,1,{fileID: 1450874777280028},1450874777280028,0,{fileID: 0},0,{fileID: 0},0,"{fileID: 479171897, guid: 5da1616026de94000df426d5852afab6, type: 3}",479171897,5da1616026de94000df426d5852afab6,Assets/Plugins/SodaLocalization.dll,{fileID: 0},0,{fileID: 114522480192674943},114522480192674943
LevelManager,Assets/GameObject/LevelManager.prefab,SodaLocalization,5da1616026de94000df426d5852afab6,479171897,UI_Item_BuildingAvaliable,{fileID: 0},0,0,1,{fileID: 1898169308897892},1898169308897892,0,{fileID: 0},0,{fileID: 0},0,"{fileID: 479171897, guid: 5da1616026de94000df426d5852afab6, type: 3}",479171897,5da1616026de94000df426d5852afab6,Assets/Plugins/SodaLocalization.dll,{fileID: 0},0,{fileID: 114140668466819932},114140668466819932
LevelManager,Assets/GameObject/LevelManager.prefab,SodaLocalization,5da1616026de94000df426d5852afab6,479171897,UI_Item_QuestRequired,{fileID: 0},0,0,1,{fileID: 1458946944353904},1458946944353904,0,{fileID: 0},0,{fileID: 0},0,"{fileID: 479171897, guid: 5da1616026de94000df426d5852afab6, type: 3}",479171897,5da1616026de94000df426d5852afab6,Assets/Plugins/SodaLocalization.dll,{fileID: 0},0,{fileID: 114936395307938236},114936395307938236
LevelManager,Assets/GameObject/LevelManager.prefab,SodaLocalization,5da1616026de94000df426d5852afab6,479171897,UsageUtilities_Title,{fileID: 0},0,0,1,{fileID: 1019285674155873},1019285674155873,0,{fileID: 0},0,{fileID: 0},0,"{fileID: 479171897, guid: 5da1616026de94000df426d5852afab6, type: 3}",479171897,5da1616026de94000df426d5852afab6,Assets/Plugins/SodaLocalization.dll,{fileID: 0},0,{fileID: 114992008471749987},114992008471749987
LevelManager,Assets/GameObject/LevelManager.prefab,SodaLocalization,5da1616026de94000df426d5852afab6,479171897,UI_Item_Move,{fileID: 0},0,0,1,{fileID: 1156781273692204},1156781273692204,0,{fileID: 0},0,{fileID: 0},0,"{fileID: 479171897, guid: 5da1616026de94000df426d5852afab6, type: 3}",479171897,5da1616026de94000df426d5852afab6,Assets/Plugins/SodaLocalization.dll,{fileID: 0},0,{fileID: 114025638627185487},114025638627185487
LevelManager,Assets/GameObject/LevelManager.prefab,SodaLocalization,5da1616026de94000df426d5852afab6,479171897,UI_Item_Use,{fileID: 0},0,0,1,{fileID: 1246955780854757},1246955780854757,0,{fileID: 0},0,{fileID: 0},0,"{fileID: 479171897, guid: 5da1616026de94000df426d5852afab6, type: 3}",479171897,5da1616026de94000df426d5852afab6,Assets/Plugins/SodaLocalization.dll,{fileID: 0},0,{fileID: 114486281122227809},114486281122227809
LevelManager,Assets/GameObject/LevelManager.prefab,SodaLocalization,5da1616026de94000df426d5852afab6,479171897,UI_Item_Dump,{fileID: 0},0,0,1,{fileID: 1252990258506495},1252990258506495,0,{fileID: 0},0,{fileID: 0},0,"{fileID: 479171897, guid: 5da1616026de94000df426d5852afab6, type: 3}",479171897,5da1616026de94000df426d5852afab6,Assets/Plugins/SodaLocalization.dll,{fileID: 0},0,{fileID: 114748609435437988},114748609435437988
LevelManager,Assets/GameObject/LevelManager.prefab,SodaLocalization,5da1616026de94000df426d5852afab6,479171897,UI_Drag,{fileID: 0},0,0,1,{fileID: 1721184137984441},1721184137984441,0,{fileID: 0},0,{fileID: 0},0,"{fileID: 479171897, guid: 5da1616026de94000df426d5852afab6, type: 3}",479171897,5da1616026de94000df426d5852afab6,Assets/Plugins/SodaLocalization.dll,{fileID: 0},0,{fileID: 114907113872429560},114907113872429560
LevelManager,Assets/GameObject/LevelManager.prefab,SodaLocalization,5da1616026de94000df426d5852afab6,479171897,UI_Item_Split,{fileID: 0},0,0,1,{fileID: 1617173921535459},1617173921535459,0,{fileID: 0},0,{fileID: 0},0,"{fileID: 479171897, guid: 5da1616026de94000df426d5852afab6, type: 3}",479171897,5da1616026de94000df426d5852afab6,Assets/Plugins/SodaLocalization.dll,{fileID: 0},0,{fileID: 114792757968713748},114792757968713748
LevelManager,Assets/GameObject/LevelManager.prefab,SodaLocalization,5da1616026de94000df426d5852afab6,479171897,UI_Item_Menu,{fileID: 0},0,0,1,{fileID: 1799300789484713},1799300789484713,0,{fileID: 0},0,{fileID: 0},0,"{fileID: 479171897, guid: 5da1616026de94000df426d5852afab6, type: 3}",479171897,5da1616026de94000df426d5852afab6,Assets/Plugins/SodaLocalization.dll,{fileID: 0},0,{fileID: 114174229007182826},114174229007182826
LevelManager,Assets/GameObject/LevelManager.prefab,SodaLocalization,5da1616026de94000df426d5852afab6,479171897,UI_ToggleSortLock,{fileID: 0},0,0,1,{fileID: 1290276988650181},1290276988650181,0,{fileID: 0},0,{fileID: 0},0,"{fileID: 479171897, guid: 5da1616026de94000df426d5852afab6, type: 3}",479171897,5da1616026de94000df426d5852afab6,Assets/Plugins/SodaLocalization.dll,{fileID: 0},0,{fileID: 114860048303891060},114860048303891060
LevelManager,Assets/GameObject/LevelManager.prefab,SodaLocalization,5da1616026de94000df426d5852afab6,479171897,UI_Item_Wishlist,{fileID: 0},0,0,1,{fileID: 1562602230147869},1562602230147869,0,{fileID: 0},0,{fileID: 0},0,"{fileID: 479171897, guid: 5da1616026de94000df426d5852afab6, type: 3}",479171897,5da1616026de94000df426d5852afab6,Assets/Plugins/SodaLocalization.dll,{fileID: 0},0,{fileID: 114006998914002968},114006998914002968
LevelManager,Assets/GameObject/LevelManager.prefab,SodaLocalization,5da1616026de94000df426d5852afab6,479171897,UI_Loot_QuickMenu,{fileID: 0},0,0,1,{fileID: 1731531861042721},1731531861042721,0,{fileID: 0},0,{fileID: 0},0,"{fileID: 479171897, guid: 5da1616026de94000df426d5852afab6, type: 3}",479171897,5da1616026de94000df426d5852afab6,Assets/Plugins/SodaLocalization.dll,{fileID: 0},0,{fileID: 114742245453661786},114742245453661786
LevelManager,Assets/GameObject/LevelManager.prefab,SodaLocalization,5da1616026de94000df426d5852afab6,479171897,UI_Item_Use,{fileID: 0},0,0,1,{fileID: 1558918573481828},1558918573481828,0,{fileID: 0},0,{fileID: 0},0,"{fileID: 479171897, guid: 5da1616026de94000df426d5852afab6, type: 3}",479171897,5da1616026de94000df426d5852afab6,Assets/Plugins/SodaLocalization.dll,{fileID: 0},0,{fileID: 114633552468968790},114633552468968790
LevelManager,Assets/GameObject/LevelManager.prefab,SodaLocalization,5da1616026de94000df426d5852afab6,479171897,UI_Item_Equip,{fileID: 0},0,0,1,{fileID: 1278290665524066},1278290665524066,0,{fileID: 0},0,{fileID: 0},0,"{fileID: 479171897, guid: 5da1616026de94000df426d5852afab6, type: 3}",479171897,5da1616026de94000df426d5852afab6,Assets/Plugins/SodaLocalization.dll,{fileID: 0},0,{fileID: 114505907325246863},114505907325246863
LevelManager,Assets/GameObject/LevelManager.prefab,SodaLocalization,5da1616026de94000df426d5852afab6,479171897,UI_Item_Modify,{fileID: 0},0,0,1,{fileID: 1002846894313854},1002846894313854,0,{fileID: 0},0,{fileID: 0},0,"{fileID: 479171897, guid: 5da1616026de94000df426d5852afab6, type: 3}",479171897,5da1616026de94000df426d5852afab6,Assets/Plugins/SodaLocalization.dll,{fileID: 0},0,{fileID: 114219911814027030},114219911814027030
LevelManager,Assets/GameObject/LevelManager.prefab,SodaLocalization,5da1616026de94000df426d5852afab6,479171897,UI_Item_Split,{fileID: 0},0,0,1,{fileID: 1911271224674772},1911271224674772,0,{fileID: 0},0,{fileID: 0},0,"{fileID: 479171897, guid: 5da1616026de94000df426d5852afab6, type: 3}",479171897,5da1616026de94000df426d5852afab6,Assets/Plugins/SodaLocalization.dll,{fileID: 0},0,{fileID: 114389073244848910},114389073244848910
LevelManager,Assets/GameObject/LevelManager.prefab,SodaLocalization,5da1616026de94000df426d5852afab6,479171897,UI_Item_Unload,{fileID: 0},0,0,1,{fileID: 1461590919280938},1461590919280938,0,{fileID: 0},0,{fileID: 0},0,"{fileID: 479171897, guid: 5da1616026de94000df426d5852afab6, type: 3}",479171897,5da1616026de94000df426d5852afab6,Assets/Plugins/SodaLocalization.dll,{fileID: 0},0,{fileID: 114248929401153009},114248929401153009
LevelManager,Assets/GameObject/LevelManager.prefab,SodaLocalization,5da1616026de94000df426d5852afab6,479171897,UI_Item_Dump,{fileID: 0},0,0,1,{fileID: 1406149985496402},1406149985496402,0,{fileID: 0},0,{fileID: 0},0,"{fileID: 479171897, guid: 5da1616026de94000df426d5852afab6, type: 3}",479171897,5da1616026de94000df426d5852afab6,Assets/Plugins/SodaLocalization.dll,{fileID: 0},0,{fileID: 114703861659582790},114703861659582790
LevelManager,Assets/GameObject/LevelManager.prefab,SodaLocalization,5da1616026de94000df426d5852afab6,479171897,UI_Item_Wishlist,{fileID: 0},0,0,1,{fileID: 1736208133824611},1736208133824611,0,{fileID: 0},0,{fileID: 0},0,"{fileID: 479171897, guid: 5da1616026de94000df426d5852afab6, type: 3}",479171897,5da1616026de94000df426d5852afab6,Assets/Plugins/SodaLocalization.dll,{fileID: 0},0,{fileID: 114237738637021903},114237738637021903
LevelManager,Assets/GameObject/LevelManager.prefab,SodaLocalization,5da1616026de94000df426d5852afab6,479171897,UI_DeathReason,{fileID: 0},0,0,1,{fileID: 1108984438797212},1108984438797212,0,{fileID: 0},0,{fileID: 0},0,"{fileID: 479171897, guid: 5da1616026de94000df426d5852afab6, type: 3}",479171897,5da1616026de94000df426d5852afab6,Assets/Plugins/SodaLocalization.dll,{fileID: 0},0,{fileID: 114201511871763737},114201511871763737
LevelManager,Assets/GameObject/LevelManager.prefab,SodaLocalization,5da1616026de94000df426d5852afab6,479171897,UI_Continue,{fileID: 0},0,0,1,{fileID: 1239386401829808},1239386401829808,0,{fileID: 0},0,{fileID: 0},0,"{fileID: 479171897, guid: 5da1616026de94000df426d5852afab6, type: 3}",479171897,5da1616026de94000df426d5852afab6,Assets/Plugins/SodaLocalization.dll,{fileID: 0},0,{fileID: 114162441631112619},114162441631112619
LevelManager,Assets/GameObject/LevelManager.prefab,SodaLocalization,5da1616026de94000df426d5852afab6,479171897,UI_Evacuating,{fileID: 0},0,0,1,{fileID: 1417372210085284},1417372210085284,0,{fileID: 0},0,{fileID: 0},0,"{fileID: 479171897, guid: 5da1616026de94000df426d5852afab6, type: 3}",479171897,5da1616026de94000df426d5852afab6,Assets/Plugins/SodaLocalization.dll,{fileID: 0},0,{fileID: 114024022571150685},114024022571150685
LevelManager,Assets/GameObject/LevelManager.prefab,SodaLocalization,5da1616026de94000df426d5852afab6,479171897,UI_Input_CancleAction,{fileID: 0},0,0,1,{fileID: 1252882711221624},1252882711221624,0,{fileID: 0},0,{fileID: 0},0,"{fileID: 479171897, guid: 5da1616026de94000df426d5852afab6, type: 3}",479171897,5da1616026de94000df426d5852afab6,Assets/Plugins/SodaLocalization.dll,{fileID: 0},0,{fileID: 114041867475638928},114041867475638928
LevelManager,Assets/GameObject/LevelManager.prefab,SodaLocalization,5da1616026de94000df426d5852afab6,479171897,Indicator_ToggleIndicatorHUD,{fileID: 0},0,0,1,{fileID: 1236027199015630},1236027199015630,0,{fileID: 0},0,{fileID: 0},0,"{fileID: 479171897, guid: 5da1616026de94000df426d5852afab6, type: 3}",479171897,5da1616026de94000df426d5852afab6,Assets/Plugins/SodaLocalization.dll,{fileID: 0},0,{fileID: 114705985080263395},114705985080263395
LevelManager,Assets/GameObject/LevelManager.prefab,SodaLocalization,5da1616026de94000df426d5852afab6,479171897,Indicator_Map,{fileID: 0},0,0,1,{fileID: 1078177679795416},1078177679795416,0,{fileID: 0},0,{fileID: 0},0,"{fileID: 479171897, guid: 5da1616026de94000df426d5852afab6, type: 3}",479171897,5da1616026de94000df426d5852afab6,Assets/Plugins/SodaLocalization.dll,{fileID: 0},0,{fileID: 114326376122653236},114326376122653236
LevelManager,Assets/GameObject/LevelManager.prefab,SodaLocalization,5da1616026de94000df426d5852afab6,479171897,Indicator_Inventory,{fileID: 0},0,0,1,{fileID: 1354023021045713},1354023021045713,0,{fileID: 0},0,{fileID: 0},0,"{fileID: 479171897, guid: 5da1616026de94000df426d5852afab6, type: 3}",479171897,5da1616026de94000df426d5852afab6,Assets/Plugins/SodaLocalization.dll,{fileID: 0},0,{fileID: 114110133852184262},114110133852184262
LevelManager,Assets/GameObject/LevelManager.prefab,SodaLocalization,5da1616026de94000df426d5852afab6,479171897,Indicator_Dodge,{fileID: 0},0,0,1,{fileID: 1065567318620011},1065567318620011,0,{fileID: 0},0,{fileID: 0},0,"{fileID: 479171897, guid: 5da1616026de94000df426d5852afab6, type: 3}",479171897,5da1616026de94000df426d5852afab6,Assets/Plugins/SodaLocalization.dll,{fileID: 0},0,{fileID: 114261458064136514},114261458064136514
LevelManager,Assets/GameObject/LevelManager.prefab,SodaLocalization,5da1616026de94000df426d5852afab6,479171897,Indicator_Run,{fileID: 0},0,0,1,{fileID: 1985993756557388},1985993756557388,0,{fileID: 0},0,{fileID: 0},0,"{fileID: 479171897, guid: 5da1616026de94000df426d5852afab6, type: 3}",479171897,5da1616026de94000df426d5852afab6,Assets/Plugins/SodaLocalization.dll,{fileID: 0},0,{fileID: 114877386811371198},114877386811371198
LevelManager,Assets/GameObject/LevelManager.prefab,SodaLocalization,5da1616026de94000df426d5852afab6,479171897,Indicator_Aim,{fileID: 0},0,0,1,{fileID: 1431037761320332},1431037761320332,0,{fileID: 0},0,{fileID: 0},0,"{fileID: 479171897, guid: 5da1616026de94000df426d5852afab6, type: 3}",479171897,5da1616026de94000df426d5852afab6,Assets/Plugins/SodaLocalization.dll,{fileID: 0},0,{fileID: 114866677788707605},114866677788707605
LevelManager,Assets/GameObject/LevelManager.prefab,SodaLocalization,5da1616026de94000df426d5852afab6,479171897,Indicator_Attack,{fileID: 0},0,0,1,{fileID: 1426819894941921},1426819894941921,0,{fileID: 0},0,{fileID: 0},0,"{fileID: 479171897, guid: 5da1616026de94000df426d5852afab6, type: 3}",479171897,5da1616026de94000df426d5852afab6,Assets/Plugins/SodaLocalization.dll,{fileID: 0},0,{fileID: 114069126303275072},114069126303275072
LevelManager,Assets/GameObject/LevelManager.prefab,SodaLocalization,5da1616026de94000df426d5852afab6,479171897,Indicator_Reload,{fileID: 0},0,0,1,{fileID: 1841992558587109},1841992558587109,0,{fileID: 0},0,{fileID: 0},0,"{fileID: 479171897, guid: 5da1616026de94000df426d5852afab6, type: 3}",479171897,5da1616026de94000df426d5852afab6,Assets/Plugins/SodaLocalization.dll,{fileID: 0},0,{fileID: 114876334270282607},114876334270282607
LevelManager,Assets/GameObject/LevelManager.prefab,SodaLocalization,5da1616026de94000df426d5852afab6,479171897,Input_ToggleView,{fileID: 0},0,0,1,{fileID: 1020792069428748},1020792069428748,0,{fileID: 0},0,{fileID: 0},0,"{fileID: 479171897, guid: 5da1616026de94000df426d5852afab6, type: 3}",479171897,5da1616026de94000df426d5852afab6,Assets/Plugins/SodaLocalization.dll,{fileID: 0},0,{fileID: 114804837107161750},114804837107161750
LevelManager,Assets/GameObject/LevelManager.prefab,SodaLocalization,5da1616026de94000df426d5852afab6,479171897,Indicator_PutAway,{fileID: 0},0,0,1,{fileID: 1374591505045631},1374591505045631,0,{fileID: 0},0,{fileID: 0},0,"{fileID: 479171897, guid: 5da1616026de94000df426d5852afab6, type: 3}",479171897,5da1616026de94000df426d5852afab6,Assets/Plugins/SodaLocalization.dll,{fileID: 0},0,{fileID: 114530484608793803},114530484608793803
LevelManager,Assets/GameObject/LevelManager.prefab,SodaLocalization,5da1616026de94000df426d5852afab6,479171897,Indicator_CameraMode,{fileID: 0},0,0,1,{fileID: 1539707221411500},1539707221411500,0,{fileID: 0},0,{fileID: 0},0,"{fileID: 479171897, guid: 5da1616026de94000df426d5852afab6, type: 3}",479171897,5da1616026de94000df426d5852afab6,Assets/Plugins/SodaLocalization.dll,{fileID: 0},0,{fileID: 114845271452946041},114845271452946041
LevelManager,Assets/GameObject/LevelManager.prefab,SodaLocalization,5da1616026de94000df426d5852afab6,479171897,UI_StormDesc,{fileID: 0},0,0,1,{fileID: 1352205430410122},1352205430410122,0,{fileID: 0},0,{fileID: 0},0,"{fileID: 479171897, guid: 5da1616026de94000df426d5852afab6, type: 3}",479171897,5da1616026de94000df426d5852afab6,Assets/Plugins/SodaLocalization.dll,{fileID: 0},0,{fileID: 114951359493920988},114951359493920988
LevelManager,Assets/GameObject/LevelManager.prefab,SodaLocalization,5da1616026de94000df426d5852afab6,479171897,Indicator_ToggleIndicatorHUD_CameraMode,{fileID: 0},0,0,1,{fileID: 1156448014257483},1156448014257483,0,{fileID: 0},0,{fileID: 0},0,"{fileID: 479171897, guid: 5da1616026de94000df426d5852afab6, type: 3}",479171897,5da1616026de94000df426d5852afab6,Assets/Plugins/SodaLocalization.dll,{fileID: 0},0,{fileID: 114848414774510851},114848414774510851
LevelManager,Assets/GameObject/LevelManager.prefab,SodaLocalization,5da1616026de94000df426d5852afab6,479171897,Indicator_CameraMode_Move,{fileID: 0},0,0,1,{fileID: 1117915906246333},1117915906246333,0,{fileID: 0},0,{fileID: 0},0,"{fileID: 479171897, guid: 5da1616026de94000df426d5852afab6, type: 3}",479171897,5da1616026de94000df426d5852afab6,Assets/Plugins/SodaLocalization.dll,{fileID: 0},0,{fileID: 114027625413642480},114027625413642480
LevelManager,Assets/GameObject/LevelManager.prefab,SodaLocalization,5da1616026de94000df426d5852afab6,479171897,Indicator_CameraMode_Faster,{fileID: 0},0,0,1,{fileID: 1049128534810805},1049128534810805,0,{fileID: 0},0,{fileID: 0},0,"{fileID: 479171897, guid: 5da1616026de94000df426d5852afab6, type: 3}",479171897,5da1616026de94000df426d5852afab6,Assets/Plugins/SodaLocalization.dll,{fileID: 0},0,{fileID: 114715609776135433},114715609776135433
LevelManager,Assets/GameObject/LevelManager.prefab,SodaLocalization,5da1616026de94000df426d5852afab6,479171897,Indicator_CameraMode_Up,{fileID: 0},0,0,1,{fileID: 1944660050519651},1944660050519651,0,{fileID: 0},0,{fileID: 0},0,"{fileID: 479171897, guid: 5da1616026de94000df426d5852afab6, type: 3}",479171897,5da1616026de94000df426d5852afab6,Assets/Plugins/SodaLocalization.dll,{fileID: 0},0,{fileID: 114781387467082170},114781387467082170
LevelManager,Assets/GameObject/LevelManager.prefab,SodaLocalization,5da1616026de94000df426d5852afab6,479171897,Indicator_CameraMode_Down,{fileID: 0},0,0,1,{fileID: 1491132015054250},1491132015054250,0,{fileID: 0},0,{fileID: 0},0,"{fileID: 479171897, guid: 5da1616026de94000df426d5852afab6, type: 3}",479171897,5da1616026de94000df426d5852afab6,Assets/Plugins/SodaLocalization.dll,{fileID: 0},0,{fileID: 114434773852972696},114434773852972696
LevelManager,Assets/GameObject/LevelManager.prefab,SodaLocalization,5da1616026de94000df426d5852afab6,479171897,Indicator_CameraMode_FOV,{fileID: 0},0,0,1,{fileID: 1993866653906822},1993866653906822,0,{fileID: 0},0,{fileID: 0},0,"{fileID: 479171897, guid: 5da1616026de94000df426d5852afab6, type: 3}",479171897,5da1616026de94000df426d5852afab6,Assets/Plugins/SodaLocalization.dll,{fileID: 0},0,{fileID: 114718524245110227},114718524245110227
LevelManager,Assets/GameObject/LevelManager.prefab,SodaLocalization,5da1616026de94000df426d5852afab6,479171897,Indicator_CameraMode_Focus,{fileID: 0},0,0,1,{fileID: 1326943159961509},1326943159961509,0,{fileID: 0},0,{fileID: 0},0,"{fileID: 479171897, guid: 5da1616026de94000df426d5852afab6, type: 3}",479171897,5da1616026de94000df426d5852afab6,Assets/Plugins/SodaLocalization.dll,{fileID: 0},0,{fileID: 114397327372977523},114397327372977523
LevelManager,Assets/GameObject/LevelManager.prefab,SodaLocalization,5da1616026de94000df426d5852afab6,479171897,Indicator_CameraMode_Capture,{fileID: 0},0,0,1,{fileID: 1055170262258516},1055170262258516,0,{fileID: 0},0,{fileID: 0},0,"{fileID: 479171897, guid: 5da1616026de94000df426d5852afab6, type: 3}",479171897,5da1616026de94000df426d5852afab6,Assets/Plugins/SodaLocalization.dll,{fileID: 0},0,{fileID: 114463008420152704},114463008420152704
LevelManager,Assets/GameObject/LevelManager.prefab,SodaLocalization,5da1616026de94000df426d5852afab6,479171897,Indicator_CameraMode_OpenFolder,{fileID: 0},0,0,1,{fileID: 1132612391504904},1132612391504904,0,{fileID: 0},0,{fileID: 0},0,"{fileID: 479171897, guid: 5da1616026de94000df426d5852afab6, type: 3}",479171897,5da1616026de94000df426d5852afab6,Assets/Plugins/SodaLocalization.dll,{fileID: 0},0,{fileID: 114146284338646049},114146284338646049
Snake,Assets/GameObject/Snake.prefab,SodaLocalization,5da1616026de94000df426d5852afab6,479171897,MiniGame_GameOver,{fileID: 0},0,0,1,{fileID: 1290696374909193},1290696374909193,0,{fileID: 0},0,{fileID: 0},0,"{fileID: 479171897, guid: 5da1616026de94000df426d5852afab6, type: 3}",479171897,5da1616026de94000df426d5852afab6,Assets/Plugins/SodaLocalization.dll,{fileID: 0},0,{fileID: 114952021981238229},114952021981238229
Snake,Assets/GameObject/Snake.prefab,SodaLocalization,5da1616026de94000df426d5852afab6,479171897,MiniGame_Clear,{fileID: 0},0,0,1,{fileID: 1464102550167577},1464102550167577,0,{fileID: 0},0,{fileID: 0},0,"{fileID: 479171897, guid: 5da1616026de94000df426d5852afab6, type: 3}",479171897,5da1616026de94000df426d5852afab6,Assets/Plugins/SodaLocalization.dll,{fileID: 0},0,{fileID: 114895964336004665},114895964336004665
Snake,Assets/GameObject/Snake.prefab,SodaLocalization,5da1616026de94000df426d5852afab6,479171897,MiniGame_Score,{fileID: 0},0,0,1,{fileID: 1259272749451723},1259272749451723,0,{fileID: 0},0,{fileID: 0},0,"{fileID: 479171897, guid: 5da1616026de94000df426d5852afab6, type: 3}",479171897,5da1616026de94000df426d5852afab6,Assets/Plugins/SodaLocalization.dll,{fileID: 0},0,{fileID: 114333469556720822},114333469556720822
Snake,Assets/GameObject/Snake.prefab,SodaLocalization,5da1616026de94000df426d5852afab6,479171897,MiniGame_NewRecord,{fileID: 0},0,0,1,{fileID: 1588194849017535},1588194849017535,0,{fileID: 0},0,{fileID: 0},0,"{fileID: 479171897, guid: 5da1616026de94000df426d5852afab6, type: 3}",479171897,5da1616026de94000df426d5852afab6,Assets/Plugins/SodaLocalization.dll,{fileID: 0},0,{fileID: 114933648190139625},114933648190139625
Snake,Assets/GameObject/Snake.prefab,SodaLocalization,5da1616026de94000df426d5852afab6,479171897,MiniGame_Score,{fileID: 0},0,0,1,{fileID: 1107560308860849},1107560308860849,0,{fileID: 0},0,{fileID: 0},0,"{fileID: 479171897, guid: 5da1616026de94000df426d5852afab6, type: 3}",479171897,5da1616026de94000df426d5852afab6,Assets/Plugins/SodaLocalization.dll,{fileID: 0},0,{fileID: 114660522890132043},114660522890132043
Snake,Assets/GameObject/Snake.prefab,SodaLocalization,5da1616026de94000df426d5852afab6,479171897,MiniGame_HighScore,{fileID: 0},0,0,1,{fileID: 1316735790162818},1316735790162818,0,{fileID: 0},0,{fileID: 0},0,"{fileID: 479171897, guid: 5da1616026de94000df426d5852afab6, type: 3}",479171897,5da1616026de94000df426d5852afab6,Assets/Plugins/SodaLocalization.dll,{fileID: 0},0,{fileID: 114998999429233800},114998999429233800
Snake,Assets/GameObject/Snake.prefab,SodaLocalization,5da1616026de94000df426d5852afab6,479171897,MiniGame_Snake,{fileID: 0},0,0,1,{fileID: 1819452872643302},1819452872643302,0,{fileID: 0},0,{fileID: 0},0,"{fileID: 479171897, guid: 5da1616026de94000df426d5852afab6, type: 3}",479171897,5da1616026de94000df426d5852afab6,Assets/Plugins/SodaLocalization.dll,{fileID: 0},0,{fileID: 114063413430554454},114063413430554454
BubblePopper,Assets/GameObject/BubblePopper.prefab,SodaLocalization,5da1616026de94000df426d5852afab6,479171897,MiniGame_BubblePopper,{fileID: 0},0,0,1,{fileID: 1798022517965344},1798022517965344,0,{fileID: 0},0,{fileID: 0},0,"{fileID: 479171897, guid: 5da1616026de94000df426d5852afab6, type: 3}",479171897,5da1616026de94000df426d5852afab6,Assets/Plugins/SodaLocalization.dll,{fileID: 0},0,{fileID: 114285314456719328},114285314456719328
BubblePopper,Assets/GameObject/BubblePopper.prefab,SodaLocalization,5da1616026de94000df426d5852afab6,479171897,MiniGame_Level,{fileID: 0},0,0,1,{fileID: 1196767168767120},1196767168767120,0,{fileID: 0},0,{fileID: 0},0,"{fileID: 479171897, guid: 5da1616026de94000df426d5852afab6, type: 3}",479171897,5da1616026de94000df426d5852afab6,Assets/Plugins/SodaLocalization.dll,{fileID: 0},0,{fileID: 114303660812326888},114303660812326888
BubblePopper,Assets/GameObject/BubblePopper.prefab,SodaLocalization,5da1616026de94000df426d5852afab6,479171897,MiniGame_Score,{fileID: 0},0,0,1,{fileID: 1714360525916318},1714360525916318,0,{fileID: 0},0,{fileID: 0},0,"{fileID: 479171897, guid: 5da1616026de94000df426d5852afab6, type: 3}",479171897,5da1616026de94000df426d5852afab6,Assets/Plugins/SodaLocalization.dll,{fileID: 0},0,{fileID: 114742059016445890},114742059016445890
BubblePopper,Assets/GameObject/BubblePopper.prefab,SodaLocalization,5da1616026de94000df426d5852afab6,479171897,MiniGame_HighScore,{fileID: 0},0,0,1,{fileID: 1612403473621963},1612403473621963,0,{fileID: 0},0,{fileID: 0},0,"{fileID: 479171897, guid: 5da1616026de94000df426d5852afab6, type: 3}",479171897,5da1616026de94000df426d5852afab6,Assets/Plugins/SodaLocalization.dll,{fileID: 0},0,{fileID: 114336241954936861},114336241954936861
BubblePopper,Assets/GameObject/BubblePopper.prefab,SodaLocalization,5da1616026de94000df426d5852afab6,479171897,MiniGame_Clear,{fileID: 0},0,0,1,{fileID: 1679585766842068},1679585766842068,0,{fileID: 0},0,{fileID: 0},0,"{fileID: 479171897, guid: 5da1616026de94000df426d5852afab6, type: 3}",479171897,5da1616026de94000df426d5852afab6,Assets/Plugins/SodaLocalization.dll,{fileID: 0},0,{fileID: 114898744943247226},114898744943247226
BubblePopper,Assets/GameObject/BubblePopper.prefab,SodaLocalization,5da1616026de94000df426d5852afab6,479171897,MiniGame_GameOver,{fileID: 0},0,0,1,{fileID: 1450944241916697},1450944241916697,0,{fileID: 0},0,{fileID: 0},0,"{fileID: 479171897, guid: 5da1616026de94000df426d5852afab6, type: 3}",479171897,5da1616026de94000df426d5852afab6,Assets/Plugins/SodaLocalization.dll,{fileID: 0},0,{fileID: 114028853661468023},114028853661468023
BubblePopper,Assets/GameObject/BubblePopper.prefab,SodaLocalization,5da1616026de94000df426d5852afab6,479171897,MiniGame_NewRecord,{fileID: 0},0,0,1,{fileID: 1558676037553481},1558676037553481,0,{fileID: 0},0,{fileID: 0},0,"{fileID: 479171897, guid: 5da1616026de94000df426d5852afab6, type: 3}",479171897,5da1616026de94000df426d5852afab6,Assets/Plugins/SodaLocalization.dll,{fileID: 0},0,{fileID: 114572766726973888},114572766726973888
BubblePopper,Assets/GameObject/BubblePopper.prefab,SodaLocalization,5da1616026de94000df426d5852afab6,479171897,MiniGame_AllClear,{fileID: 0},0,0,1,{fileID: 1685754270443460},1685754270443460,0,{fileID: 0},0,{fileID: 0},0,"{fileID: 479171897, guid: 5da1616026de94000df426d5852afab6, type: 3}",479171897,5da1616026de94000df426d5852afab6,Assets/Plugins/SodaLocalization.dll,{fileID: 0},0,{fileID: 114302776397890728},114302776397890728
BubblePopper,Assets/GameObject/BubblePopper.prefab,SodaLocalization,5da1616026de94000df426d5852afab6,479171897,MiniGame_Score,{fileID: 0},0,0,1,{fileID: 1113031493016522},1113031493016522,0,{fileID: 0},0,{fileID: 0},0,"{fileID: 479171897, guid: 5da1616026de94000df426d5852afab6, type: 3}",479171897,5da1616026de94000df426d5852afab6,Assets/Plugins/SodaLocalization.dll,{fileID: 0},0,{fileID: 114773114061341687},114773114061341687
BubblePopper,Assets/GameObject/BubblePopper.prefab,SodaLocalization,5da1616026de94000df426d5852afab6,479171897,MiniGame_BubblePopper,{fileID: 0},0,0,1,{fileID: 1258303476643066},1258303476643066,0,{fileID: 0},0,{fileID: 0},0,"{fileID: 479171897, guid: 5da1616026de94000df426d5852afab6, type: 3}",479171897,5da1616026de94000df426d5852afab6,Assets/Plugins/SodaLocalization.dll,{fileID: 0},0,{fileID: 114145683023945451},114145683023945451
PerkEntry,Assets/GameObject/PerkEntry.prefab,SodaLocalization,5da1616026de94000df426d5852afab6,479171897,UI_Perk_Pending,{fileID: 0},0,0,1,{fileID: 1824777743749987},1824777743749987,0,{fileID: 0},0,{fileID: 0},0,"{fileID: 479171897, guid: 5da1616026de94000df426d5852afab6, type: 3}",479171897,5da1616026de94000df426d5852afab6,Assets/Plugins/SodaLocalization.dll,{fileID: 0},0,{fileID: 114512292579873653},114512292579873653
PerkEntry,Assets/GameObject/PerkEntry.prefab,SodaLocalization,5da1616026de94000df426d5852afab6,479171897,UI_Perk_Avaliable,{fileID: 0},0,0,1,{fileID: 1525469905908062},1525469905908062,0,{fileID: 0},0,{fileID: 0},0,"{fileID: 479171897, guid: 5da1616026de94000df426d5852afab6, type: 3}",479171897,5da1616026de94000df426d5852afab6,Assets/Plugins/SodaLocalization.dll,{fileID: 0},0,{fileID: 114849689127218416},114849689127218416
PerkEntry,Assets/GameObject/PerkEntry.prefab,SodaLocalization,5da1616026de94000df426d5852afab6,479171897,UI_Perk_Complete,{fileID: 0},0,0,1,{fileID: 1178910758133359},1178910758133359,0,{fileID: 0},0,{fileID: 0},0,"{fileID: 479171897, guid: 5da1616026de94000df426d5852afab6, type: 3}",479171897,5da1616026de94000df426d5852afab6,Assets/Plugins/SodaLocalization.dll,{fileID: 0},0,{fileID: 114644114472429967},114644114472429967
